game_id,team_id,player_id,season,season_type,game_date,minutes_last_5,pts_last_5
0000000001,1610612747,2544,2023-24,Regular Season,2023-10-24,21.7,30.0
0000000002,1610612747,2544,2023-24,Regular Season,2023-10-26,23.7,26.0
0000000003,1610612747,2544,2023-24,Regular Season,2023-10-28,24.0,25.7
0000000004,1610612747,2544,2023-24,Regular Season,2023-10-30,23.4,24.5
0000000005,1610612747,2544,2023-24,Regular Season,2023-11-01,24.0,24.8
0000000006,1610612747,2544,2023-24,Regular Season,2023-11-03,25.5,22.2
0000000011,1610612747,2544,2023-24,Regular Season,2023-11-13,25.0,20.4
0000000016,1610612747,2544,2023-24,Regular Season,2023-11-23,25.8,18.8
0000000021,1610612747,2544,2023-24,Regular Season,2023-12-03,26.1,19.4
0000000026,1610612747,2544,2023-24,Regular Season,2023-12-13,26.0,18.4
0000000031,1610612747,2544,2023-24,Regular Season,2023-12-23,23.9,21.6
0000000032,1610612747,2544,2023-24,Regular Season,2023-12-25,26.4,24.8
0000000033,1610612747,2544,2023-24,Regular Season,2023-12-27,27.5,27.0
0000000034,1610612747,2544,2023-24,Regular Season,2023-12-29,28.0,28.4
0000000035,1610612747,2544,2023-24,Regular Season,2023-12-31,28.9,28.8
0000000036,1610612747,2544,2023-24,Regular Season,2024-01-02,31.0,29.0
0000000041,1610612747,2544,2023-24,Regular Season,2024-01-12,30.0,28.2
0000000046,1610612747,2544,2023-24,Regular Season,2024-01-22,28.4,27.6
0000000051,1610612747,2544,2023-24,Regular Season,2024-02-01,28.5,27.0
0000000056,1610612747,2544,2023-24,Regular Season,2024-02-11,29.5,25.6
0000000061,1610612747,2544,2023-24,Regular Season,2024-02-21,30.6,24.6
0000000062,1610612747,2544,2023-24,Regular Season,2024-02-23,28.2,26.0
0000000063,1610612747,2544,2023-24,Regular Season,2024-02-25,26.7,27.4
0000000064,1610612747,2544,2023-24,Regular Season,2024-02-27,26.3,26.6
0000000065,1610612747,2544,2023-24,Regular Season,2024-02-29,24.3,26.4
0000000066,1610612747,2544,2023-24,Regular Season,2024-03-02,24.7,26.0
0000000071,1610612747,2544,2023-24,Regular Season,2024-03-12,28.1,23.2
0000000076,1610612747,2544,2023-24,Regular Season,2024-03-22,28.8,21.6
0000000081,1610612747,2544,2023-24,Regular Season,2024-04-01,30.0,20.6
0000000086,1610612747,2544,2023-24,Regular Season,2024-04-11,28.8,22.2
0000000091,1610612747,2544,2023-24,Regular Season,2024-04-21,27.7,20.4
0000000092,1610612747,2544,2023-24,Regular Season,2024-04-23,27.7,21.4
0000000093,1610612747,2544,2023-24,Regular Season,2024-04-25,29.3,22.2
0000000094,1610612747,2544,2023-24,Regular Season,2024-04-27,27.2,23.4
0000000095,1610612747,2544,2023-24,Regular Season,2024-04-29,27.4,24.2
0000000096,1610612747,2544,2023-24,Regular Season,2024-05-01,25.3,27.6
0000000101,1610612747,2544,2023-24,Regular Season,2024-05-11,25.3,28.6
0000000106,1610612747,2544,2023-24,Regular Season,2024-05-21,24.1,27.8
0000000111,1610612747,2544,2023-24,Regular Season,2024-05-31,23.9,27.6
0000000116,1610612747,2544,2023-24,Regular Season,2024-06-10,23.4,25.4
0000000121,1610612747,2544,2023-24,Regular Season,2024-06-20,23.2,23.2
0000000122,1610612747,2544,2023-24,Regular Season,2024-06-22,19.8,22.4
0000000123,1610612747,2544,2023-24,Regular Season,2024-06-24,21.8,21.2
0000000124,1610612747,2544,2023-24,Regular Season,2024-06-26,25.2,20.0
0000000125,1610612747,2544,2023-24,Regular Season,2024-06-28,25.1,22.2
0000000126,1610612747,2544,2023-24,Regular Season,2024-06-30,28.2,21.8
0000000131,1610612747,2544,2023-24,Regular Season,2024-07-10,29.9,22.4
0000000136,1610612747,2544,2023-24,Regular Season,2024-07-20,29.1,21.6
0000000141,1610612747,2544,2023-24,Regular Season,2024-07-30,27.0,23.4
0000000146,1610612747,2544,2023-24,Regular Season,2024-08-09,30.5,24.0
0000000151,1610612747,2544,2023-24,Regular Season,2024-08-19,30.3,25.2
0000000152,1610612747,2544,2023-24,Regular Season,2024-08-21,30.0,26.8
0000000153,1610612747,2544,2023-24,Regular Season,2024-08-23,30.5,28.8
0000000154,1610612747,2544,2023-24,Regular Season,2024-08-25,31.8,27.4
0000000155,1610612747,2544,2023-24,Regular Season,2024-08-27,29.3,25.4
0000000156,1610612747,2544,2023-24,Regular Season,2024-08-29,27.9,23.6
0000000161,1610612747,2544,2023-24,Regular Season,2024-09-08,26.7,20.8
0000000166,1610612747,2544,2023-24,Regular Season,2024-09-18,27.6,19.4
0000000171,1610612747,2544,2023-24,Regular Season,2024-09-28,27.9,20.4
0000000176,1610612747,2544,2023-24,Regular Season,2024-10-08,28.6,20.0
0000000001,1610612747,1629029,2023-24,Regular Season,2023-10-24,23.6,31.0
0000000002,1610612747,1629029,2023-24,Regular Season,2023-10-26,23.4,27.0
0000000003,1610612747,1629029,2023-24,Regular Season,2023-10-28,26.2,27.3
0000000004,1610612747,1629029,2023-24,Regular Season,2023-10-30,28.1,30.5
0000000005,1610612747,1629029,2023-24,Regular Season,2023-11-01,28.4,29.8
0000000006,1610612747,1629029,2023-24,Regular Season,2023-11-03,28.2,28.4
0000000011,1610612747,1629029,2023-24,Regular Season,2023-11-13,30.3,29.6
0000000016,1610612747,1629029,2023-24,Regular Season,2023-11-23,29.0,28.2
0000000021,1610612747,1629029,2023-24,Regular Season,2023-12-03,25.9,25.2
0000000026,1610612747,1629029,2023-24,Regular Season,2023-12-13,26.5,25.2
0000000031,1610612747,1629029,2023-24,Regular Season,2023-12-23,25.6,23.6
0000000032,1610612747,1629029,2023-24,Regular Season,2023-12-25,25.9,25.4
0000000033,1610612747,1629029,2023-24,Regular Season,2023-12-27,25.3,27.6
0000000034,1610612747,1629029,2023-24,Regular Season,2023-12-29,28.0,26.2
0000000035,1610612747,1629029,2023-24,Regular Season,2023-12-31,27.1,26.8
0000000036,1610612747,1629029,2023-24,Regular Season,2024-01-02,27.7,29.8
0000000041,1610612747,1629029,2023-24,Regular Season,2024-01-12,25.7,27.4
0000000046,1610612747,1629029,2023-24,Regular Season,2024-01-22,27.6,26.8
0000000051,1610612747,1629029,2023-24,Regular Season,2024-02-01,26.4,30.2
0000000056,1610612747,1629029,2023-24,Regular Season,2024-02-11,27.1,29.0
0000000061,1610612747,1629029,2023-24,Regular Season,2024-02-21,29.7,30.4
0000000062,1610612747,1629029,2023-24,Regular Season,2024-02-23,30.7,32.0
0000000063,1610612747,1629029,2023-24,Regular Season,2024-02-25,28.8,31.4
0000000064,1610612747,1629029,2023-24,Regular Season,2024-02-27,30.2,31.0
0000000065,1610612747,1629029,2023-24,Regular Season,2024-02-29,30.3,33.0
0000000066,1610612747,1629029,2023-24,Regular Season,2024-03-02,27.1,30.0
0000000071,1610612747,1629029,2023-24,Regular Season,2024-03-12,27.7,28.0
0000000076,1610612747,1629029,2023-24,Regular Season,2024-03-22,28.2,27.0
0000000081,1610612747,1629029,2023-24,Regular Season,2024-04-01,26.9,23.4
0000000086,1610612747,1629029,2023-24,Regular Season,2024-04-11,26.7,22.2
0000000091,1610612747,1629029,2023-24,Regular Season,2024-04-21,27.8,23.6
0000000092,1610612747,1629029,2023-24,Regular Season,2024-04-23,28.5,25.6
0000000093,1610612747,1629029,2023-24,Regular Season,2024-04-25,29.8,25.2
0000000094,1610612747,1629029,2023-24,Regular Season,2024-04-27,28.9,26.2
0000000095,1610612747,1629029,2023-24,Regular Season,2024-04-29,29.7,26.4
0000000096,1610612747,1629029,2023-24,Regular Season,2024-05-01,30.9,25.8
0000000101,1610612747,1629029,2023-24,Regular Season,2024-05-11,30.7,23.8
0000000106,1610612747,1629029,2023-24,Regular Season,2024-05-21,30.1,26.8
0000000111,1610612747,1629029,2023-24,Regular Season,2024-05-31,31.3,26.6
0000000116,1610612747,1629029,2023-24,Regular Season,2024-06-10,28.9,27.0
0000000121,1610612747,1629029,2023-24,Regular Season,2024-06-20,29.2,25.2
0000000122,1610612747,1629029,2023-24,Regular Season,2024-06-22,25.7,25.8
0000000123,1610612747,1629029,2023-24,Regular Season,2024-06-24,24.0,22.8
0000000124,1610612747,1629029,2023-24,Regular Season,2024-06-26,23.7,24.0
0000000125,1610612747,1629029,2023-24,Regular Season,2024-06-28,24.4,25.2
0000000126,1610612747,1629029,2023-24,Regular Season,2024-06-30,24.3,28.6
0000000131,1610612747,1629029,2023-24,Regular Season,2024-07-10,24.7,25.8
0000000136,1610612747,1629029,2023-24,Regular Season,2024-07-20,24.6,28.4
0000000141,1610612747,1629029,2023-24,Regular Season,2024-07-30,24.7,29.2
0000000146,1610612747,1629029,2023-24,Regular Season,2024-08-09,23.9,29.4
0000000151,1610612747,1629029,2023-24,Regular Season,2024-08-19,23.4,29.0
0000000152,1610612747,1629029,2023-24,Regular Season,2024-08-21,26.4,32.4
0000000153,1610612747,1629029,2023-24,Regular Season,2024-08-23,28.0,32.0
0000000154,1610612747,1629029,2023-24,Regular Season,2024-08-25,28.5,31.0
0000000155,1610612747,1629029,2023-24,Regular Season,2024-08-27,30.7,28.6
0000000156,1610612747,1629029,2023-24,Regular Season,2024-08-29,30.1,27.8
0000000161,1610612747,1629029,2023-24,Regular Season,2024-09-08,27.2,27.8
0000000166,1610612747,1629029,2023-24,Regular Season,2024-09-18,27.8,24.6
0000000171,1610612747,1629029,2023-24,Regular Season,2024-09-28,29.5,24.8
0000000176,1610612747,1629029,2023-24,Regular Season,2024-10-08,29.1,24.6
0000000001,1610612747,203076,2023-24,Regular Season,2023-10-24,18.6,23.0
0000000002,1610612747,203076,2023-24,Regular Season,2023-10-26,22.0,20.0
0000000003,1610612747,203076,2023-24,Regular Season,2023-10-28,20.9,19.7
0000000004,1610612747,203076,2023-24,Regular Season,2023-10-30,23.5,18.5
0000000005,1610612747,203076,2023-24,Regular Season,2023-11-01,26.2,17.6
0000000006,1610612747,203076,2023-24,Regular Season,2023-11-03,26.8,17.6
0000000011,1610612747,203076,2023-24,Regular Season,2023-11-13,27.2,18.8
0000000016,1610612747,203076,2023-24,Regular Season,2023-11-23,28.7,20.2
0000000021,1610612747,203076,2023-24,Regular Season,2023-12-03,30.1,20.4
0000000026,1610612747,203076,2023-24,Regular Season,2023-12-13,28.8,24.8
0000000031,1610612747,203076,2023-24,Regular Season,2023-12-23,31.4,26.2
0000000032,1610612747,203076,2023-24,Regular Season,2023-12-25,30.1,26.4
0000000033,1610612747,203076,2023-24,Regular Season,2023-12-27,30.6,26.2
0000000034,1610612747,203076,2023-24,Regular Season,2023-12-29,28.9,26.4
0000000035,1610612747,203076,2023-24,Regular Season,2023-12-31,28.3,23.2
0000000036,1610612747,203076,2023-24,Regular Season,2024-01-02,25.9,22.2
0000000041,1610612747,203076,2023-24,Regular Season,2024-01-12,26.3,21.8
0000000046,1610612747,203076,2023-24,Regular Season,2024-01-22,27.9,19.4
0000000051,1610612747,203076,2023-24,Regular Season,2024-02-01,27.0,19.6
0000000056,1610612747,203076,2023-24,Regular Season,2024-02-11,27.6,21.2
0000000061,1610612747,203076,2023-24,Regular Season,2024-02-21,26.7,20.2
0000000062,1610612747,203076,2023-24,Regular Season,2024-02-23,27.0,20.8
0000000063,1610612747,203076,2023-24,Regular Season,2024-02-25,26.0,22.4
0000000064,1610612747,203076,2023-24,Regular Season,2024-02-27,27.0,23.4
0000000065,1610612747,203076,2023-24,Regular Season,2024-02-29,25.9,22.2
0000000066,1610612747,203076,2023-24,Regular Season,2024-03-02,28.7,23.6
0000000071,1610612747,203076,2023-24,Regular Season,2024-03-12,29.8,23.4
0000000076,1610612747,203076,2023-24,Regular Season,2024-03-22,28.3,22.4
0000000081,1610612747,203076,2023-24,Regular Season,2024-04-01,29.2,22.6
0000000086,1610612747,203076,2023-24,Regular Season,2024-04-11,31.4,22.8
0000000091,1610612747,203076,2023-24,Regular Season,2024-04-21,31.3,21.6
0000000092,1610612747,203076,2023-24,Regular Season,2024-04-23,30.6,23.0
0000000093,1610612747,203076,2023-24,Regular Season,2024-04-25,30.0,25.6
0000000094,1610612747,203076,2023-24,Regular Season,2024-04-27,30.5,26.0
0000000095,1610612747,203076,2023-24,Regular Season,2024-04-29,29.9,26.8
0000000096,1610612747,203076,2023-24,Regular Season,2024-05-01,30.1,28.2
0000000101,1610612747,203076,2023-24,Regular Season,2024-05-11,30.9,28.6
0000000106,1610612747,203076,2023-24,Regular Season,2024-05-21,33.7,28.4
0000000111,1610612747,203076,2023-24,Regular Season,2024-05-31,30.1,28.2
0000000116,1610612747,203076,2023-24,Regular Season,2024-06-10,30.6,28.6
0000000121,1610612747,203076,2023-24,Regular Season,2024-06-20,29.2,28.0
0000000122,1610612747,203076,2023-24,Regular Season,2024-06-22,29.7,27.2
0000000123,1610612747,203076,2023-24,Regular Season,2024-06-24,27.0,27.8
0000000124,1610612747,203076,2023-24,Regular Season,2024-06-26,27.2,28.4
0000000125,1610612747,203076,2023-24,Regular Season,2024-06-28,24.8,27.6
0000000126,1610612747,203076,2023-24,Regular Season,2024-06-30,25.6,27.0
0000000131,1610612747,203076,2023-24,Regular Season,2024-07-10,26.1,26.8
0000000136,1610612747,203076,2023-24,Regular Season,2024-07-20,25.9,25.2
0000000141,1610612747,203076,2023-24,Regular Season,2024-07-30,27.1,24.6
0000000146,1610612747,203076,2023-24,Regular Season,2024-08-09,29.3,23.0
0000000151,1610612747,203076,2023-24,Regular Season,2024-08-19,27.0,23.4
0000000152,1610612747,203076,2023-24,Regular Season,2024-08-21,26.3,23.4
0000000153,1610612747,203076,2023-24,Regular Season,2024-08-23,29.6,23.2
0000000154,1610612747,203076,2023-24,Regular Season,2024-08-25,31.5,22.6
0000000155,1610612747,203076,2023-24,Regular Season,2024-08-27,29.5,24.8
0000000156,1610612747,203076,2023-24,Regular Season,2024-08-29,32.4,25.6
0000000161,1610612747,203076,2023-24,Regular Season,2024-09-08,29.9,24.6
0000000166,1610612747,203076,2023-24,Regular Season,2024-09-18,28.7,24.8
0000000171,1610612747,203076,2023-24,Regular Season,2024-09-28,25.7,25.2
0000000176,1610612747,203076,2023-24,Regular Season,2024-10-08,25.6,24.0
0000000001,1610612747,1630559,2023-24,Regular Season,2023-10-24,30.6,16.0
0000000002,1610612747,1630559,2023-24,Regular Season,2023-10-26,26.6,13.0
0000000003,1610612747,1630559,2023-24,Regular Season,2023-10-28,26.1,13.0
0000000004,1610612747,1630559,2023-24,Regular Season,2023-10-30,28.0,14.5
0000000005,1610612747,1630559,2023-24,Regular Season,2023-11-01,28.1,15.2
0000000006,1610612747,1630559,2023-24,Regular Season,2023-11-03,27.7,15.0
0000000011,1610612747,1630559,2023-24,Regular Season,2023-11-13,27.9,16.6
0000000016,1610612747,1630559,2023-24,Regular Season,2023-11-23,30.2,17.4
0000000021,1610612747,1630559,2023-24,Regular Season,2023-12-03,28.1,17.4
0000000026,1610612747,1630559,2023-24,Regular Season,2023-12-13,28.3,17.6
0000000031,1610612747,1630559,2023-24,Regular Season,2023-12-23,26.9,17.8
0000000032,1610612747,1630559,2023-24,Regular Season,2023-12-25,27.5,16.0
0000000033,1610612747,1630559,2023-24,Regular Season,2023-12-27,24.7,14.2
0000000034,1610612747,1630559,2023-24,Regular Season,2023-12-29,25.9,14.0
0000000035,1610612747,1630559,2023-24,Regular Season,2023-12-31,25.4,12.0
0000000036,1610612747,1630559,2023-24,Regular Season,2024-01-02,25.4,10.2
0000000041,1610612747,1630559,2023-24,Regular Season,2024-01-12,25.8,9.4
0000000046,1610612747,1630559,2023-24,Regular Season,2024-01-22,25.4,12.6
0000000051,1610612747,1630559,2023-24,Regular Season,2024-02-01,25.2,11.8
0000000056,1610612747,1630559,2023-24,Regular Season,2024-02-11,25.4,12.0
0000000061,1610612747,1630559,2023-24,Regular Season,2024-02-21,24.8,13.8
0000000062,1610612747,1630559,2023-24,Regular Season,2024-02-23,26.5,15.8
0000000063,1610612747,1630559,2023-24,Regular Season,2024-02-25,28.3,12.0
0000000064,1610612747,1630559,2023-24,Regular Season,2024-02-27,29.2,10.4
0000000065,1610612747,1630559,2023-24,Regular Season,2024-02-29,27.1,11.6
0000000066,1610612747,1630559,2023-24,Regular Season,2024-03-02,29.0,11.8
0000000071,1610612747,1630559,2023-24,Regular Season,2024-03-12,25.4,12.8
0000000076,1610612747,1630559,2023-24,Regular Season,2024-03-22,25.9,16.0
0000000081,1610612747,1630559,2023-24,Regular Season,2024-04-01,26.3,17.0
0000000086,1610612747,1630559,2023-24,Regular Season,2024-04-11,27.7,15.2
0000000091,1610612747,1630559,2023-24,Regular Season,2024-04-21,28.2,16.0
0000000092,1610612747,1630559,2023-24,Regular Season,2024-04-23,30.1,16.0
0000000093,1610612747,1630559,2023-24,Regular Season,2024-04-25,28.6,15.2
0000000094,1610612747,1630559,2023-24,Regular Season,2024-04-27,27.0,14.6
0000000095,1610612747,1630559,2023-24,Regular Season,2024-04-29,26.6,16.8
0000000096,1610612747,1630559,2023-24,Regular Season,2024-05-01,25.0,16.0
0000000101,1610612747,1630559,2023-24,Regular Season,2024-05-11,23.9,16.0
0000000106,1610612747,1630559,2023-24,Regular Season,2024-05-21,25.3,14.4
0000000111,1610612747,1630559,2023-24,Regular Season,2024-05-31,26.7,16.4
0000000116,1610612747,1630559,2023-24,Regular Season,2024-06-10,27.9,16.4
0000000121,1610612747,1630559,2023-24,Regular Season,2024-06-20,27.3,16.6
0000000122,1610612747,1630559,2023-24,Regular Season,2024-06-22,28.8,16.0
0000000123,1610612747,1630559,2023-24,Regular Season,2024-06-24,28.5,16.4
0000000124,1610612747,1630559,2023-24,Regular Season,2024-06-26,27.3,16.4
0000000125,1610612747,1630559,2023-24,Regular Season,2024-06-28,27.1,14.4
0000000126,1610612747,1630559,2023-24,Regular Season,2024-06-30,27.4,13.8
0000000131,1610612747,1630559,2023-24,Regular Season,2024-07-10,28.9,14.0
0000000136,1610612747,1630559,2023-24,Regular Season,2024-07-20,28.9,14.4
0000000141,1610612747,1630559,2023-24,Regular Season,2024-07-30,30.4,13.6
0000000146,1610612747,1630559,2023-24,Regular Season,2024-08-09,29.2,16.8
0000000151,1610612747,1630559,2023-24,Regular Season,2024-08-19,31.4,15.8
0000000152,1610612747,1630559,2023-24,Regular Season,2024-08-21,28.1,15.8
0000000153,1610612747,1630559,2023-24,Regular Season,2024-08-23,27.8,14.2
0000000154,1610612747,1630559,2023-24,Regular Season,2024-08-25,25.9,12.0
0000000155,1610612747,1630559,2023-24,Regular Season,2024-08-27,26.6,10.4
0000000156,1610612747,1630559,2023-24,Regular Season,2024-08-29,23.8,11.0
0000000161,1610612747,1630559,2023-24,Regular Season,2024-09-08,27.1,9.2
0000000166,1610612747,1630559,2023-24,Regular Season,2024-09-18,26.1,12.8
0000000171,1610612747,1630559,2023-24,Regular Season,2024-09-28,27.1,15.8
0000000176,1610612747,1630559,2023-24,Regular Season,2024-10-08,27.3,15.2
0000000001,1610612747,1626156,2023-24,Regular Season,2023-10-24,30.7,15.0
0000000002,1610612747,1626156,2023-24,Regular Season,2023-10-26,27.3,11.5
0000000003,1610612747,1626156,2023-24,Regular Season,2023-10-28,24.3,12.3
0000000004,1610612747,1626156,2023-24,Regular Season,2023-10-30,24.4,11.0
0000000005,1610612747,1626156,2023-24,Regular Season,2023-11-01,23.8,10.2
0000000006,1610612747,1626156,2023-24,Regular Season,2023-11-03,24.9,9.4
0000000011,1610612747,1626156,2023-24,Regular Season,2023-11-13,27.4,10.4
0000000016,1610612747,1626156,2023-24,Regular Season,2023-11-23,28.2,7.6
0000000021,1610612747,1626156,2023-24,Regular Season,2023-12-03,27.5,7.2
0000000026,1610612747,1626156,2023-24,Regular Season,2023-12-13,27.8,8.0
0000000031,1610612747,1626156,2023-24,Regular Season,2023-12-23,27.6,6.6
0000000032,1610612747,1626156,2023-24,Regular Season,2023-12-25,26.7,5.4
0000000033,1610612747,1626156,2023-24,Regular Season,2023-12-27,26.7,7.2
0000000034,1610612747,1626156,2023-24,Regular Season,2023-12-29,27.8,6.2
0000000035,1610612747,1626156,2023-24,Regular Season,2023-12-31,27.2,4.6
0000000036,1610612747,1626156,2023-24,Regular Season,2024-01-02,25.8,6.0
0000000041,1610612747,1626156,2023-24,Regular Season,2024-01-12,25.6,6.8
0000000046,1610612747,1626156,2023-24,Regular Season,2024-01-22,27.8,6.8
0000000051,1610612747,1626156,2023-24,Regular Season,2024-02-01,27.1,9.0
0000000056,1610612747,1626156,2023-24,Regular Season,2024-02-11,28.0,13.6
0000000061,1610612747,1626156,2023-24,Regular Season,2024-02-21,27.9,12.6
0000000062,1610612747,1626156,2023-24,Regular Season,2024-02-23,27.7,12.6
0000000063,1610612747,1626156,2023-24,Regular Season,2024-02-25,26.3,13.2
0000000064,1610612747,1626156,2023-24,Regular Season,2024-02-27,27.0,13.0
0000000065,1610612747,1626156,2023-24,Regular Season,2024-02-29,25.7,9.0
0000000066,1610612747,1626156,2023-24,Regular Season,2024-03-02,25.4,8.0
0000000071,1610612747,1626156,2023-24,Regular Season,2024-03-12,23.6,8.0
0000000076,1610612747,1626156,2023-24,Regular Season,2024-03-22,25.5,7.0
0000000081,1610612747,1626156,2023-24,Regular Season,2024-04-01,23.9,6.0
0000000086,1610612747,1626156,2023-24,Regular Season,2024-04-11,26.2,6.0
0000000091,1610612747,1626156,2023-24,Regular Season,2024-04-21,24.6,7.6
0000000092,1610612747,1626156,2023-24,Regular Season,2024-04-23,26.1,5.4
0000000093,1610612747,1626156,2023-24,Regular Season,2024-04-25,24.9,5.8
0000000094,1610612747,1626156,2023-24,Regular Season,2024-04-27,26.1,7.6
0000000095,1610612747,1626156,2023-24,Regular Season,2024-04-29,25.6,8.2
0000000096,1610612747,1626156,2023-24,Regular Season,2024-05-01,26.8,8.6
0000000101,1610612747,1626156,2023-24,Regular Season,2024-05-11,26.0,8.6
0000000106,1610612747,1626156,2023-24,Regular Season,2024-05-21,24.5,7.0
0000000111,1610612747,1626156,2023-24,Regular Season,2024-05-31,23.9,5.6
0000000116,1610612747,1626156,2023-24,Regular Season,2024-06-10,23.2,5.4
0000000121,1610612747,1626156,2023-24,Regular Season,2024-06-20,23.4,4.2
0000000122,1610612747,1626156,2023-24,Regular Season,2024-06-22,24.3,4.6
0000000123,1610612747,1626156,2023-24,Regular Season,2024-06-24,27.2,5.6
0000000124,1610612747,1626156,2023-24,Regular Season,2024-06-26,26.7,7.0
0000000125,1610612747,1626156,2023-24,Regular Season,2024-06-28,27.1,6.2
0000000126,1610612747,1626156,2023-24,Regular Season,2024-06-30,26.1,8.4
0000000131,1610612747,1626156,2023-24,Regular Season,2024-07-10,26.8,10.2
0000000136,1610612747,1626156,2023-24,Regular Season,2024-07-20,26.3,11.0
0000000141,1610612747,1626156,2023-24,Regular Season,2024-07-30,28.7,11.8
0000000146,1610612747,1626156,2023-24,Regular Season,2024-08-09,28.7,13.2
0000000151,1610612747,1626156,2023-24,Regular Season,2024-08-19,31.6,11.0
0000000152,1610612747,1626156,2023-24,Regular Season,2024-08-21,32.8,11.0
0000000153,1610612747,1626156,2023-24,Regular Season,2024-08-23,30.5,10.2
0000000154,1610612747,1626156,2023-24,Regular Season,2024-08-25,29.2,7.6
0000000155,1610612747,1626156,2023-24,Regular Season,2024-08-27,28.3,8.6
0000000156,1610612747,1626156,2023-24,Regular Season,2024-08-29,26.8,7.8
0000000161,1610612747,1626156,2023-24,Regular Season,2024-09-08,23.4,8.0
0000000166,1610612747,1626156,2023-24,Regular Season,2024-09-18,24.3,8.2
0000000171,1610612747,1626156,2023-24,Regular Season,2024-09-28,23.9,7.8
0000000176,1610612747,1626156,2023-24,Regular Season,2024-10-08,23.4,4.6
0000000001,1610612747,1629020,2023-24,Regular Season,2023-10-24,27.1,2.0
0000000002,1610612747,1629020,2023-24,Regular Season,2023-10-26,27.9,7.5
0000000003,1610612747,1629020,2023-24,Regular Season,2023-10-28,27.7,11.0
0000000004,1610612747,1629020,2023-24,Regular Season,2023-10-30,28.2,9.0
0000000005,1610612747,1629020,2023-24,Regular Season,2023-11-01,28.4,9.8
0000000006,1610612747,1629020,2023-24,Regular Season,2023-11-03,27.5,11.0
0000000011,1610612747,1629020,2023-24,Regular Season,2023-11-13,25.7,8.4
0000000016,1610612747,1629020,2023-24,Regular Season,2023-11-23,26.6,6.4
0000000021,1610612747,1629020,2023-24,Regular Season,2023-12-03,25.3,7.4
0000000026,1610612747,1629020,2023-24,Regular Season,2023-12-13,26.9,8.6
0000000031,1610612747,1629020,2023-24,Regular Season,2023-12-23,29.5,8.6
0000000032,1610612747,1629020,2023-24,Regular Season,2023-12-25,31.2,11.2
0000000033,1610612747,1629020,2023-24,Regular Season,2023-12-27,28.7,13.8
0000000034,1610612747,1629020,2023-24,Regular Season,2023-12-29,28.9,17.0
0000000035,1610612747,1629020,2023-24,Regular Season,2023-12-31,27.2,16.6
0000000036,1610612747,1629020,2023-24,Regular Season,2024-01-02,27.5,16.8
0000000041,1610612747,1629020,2023-24,Regular Season,2024-01-12,25.6,15.2
0000000046,1610612747,1629020,2023-24,Regular Season,2024-01-22,28.9,12.2
0000000051,1610612747,1629020,2023-24,Regular Season,2024-02-01,27.8,11.0
0000000056,1610612747,1629020,2023-24,Regular Season,2024-02-11,25.9,11.8
0000000061,1610612747,1629020,2023-24,Regular Season,2024-02-21,22.9,11.8
0000000062,1610612747,1629020,2023-24,Regular Season,2024-02-23,24.8,12.6
0000000063,1610612747,1629020,2023-24,Regular Season,2024-02-25,24.8,15.8
0000000064,1610612747,1629020,2023-24,Regular Season,2024-02-27,26.8,13.6
0000000065,1610612747,1629020,2023-24,Regular Season,2024-02-29,28.8,12.4
0000000066,1610612747,1629020,2023-24,Regular Season,2024-03-02,28.0,13.0
0000000071,1610612747,1629020,2023-24,Regular Season,2024-03-12,28.4,13.2
0000000076,1610612747,1629020,2023-24,Regular Season,2024-03-22,26.9,10.2
0000000081,1610612747,1629020,2023-24,Regular Season,2024-04-01,25.1,11.0
0000000086,1610612747,1629020,2023-24,Regular Season,2024-04-11,26.0,9.4
0000000091,1610612747,1629020,2023-24,Regular Season,2024-04-21,25.9,8.4
0000000092,1610612747,1629020,2023-24,Regular Season,2024-04-23,24.4,9.0
0000000093,1610612747,1629020,2023-24,Regular Season,2024-04-25,25.8,12.0
0000000094,1610612747,1629020,2023-24,Regular Season,2024-04-27,25.7,11.4
0000000095,1610612747,1629020,2023-24,Regular Season,2024-04-29,26.1,11.8
0000000096,1610612747,1629020,2023-24,Regular Season,2024-05-01,28.8,11.4
0000000101,1610612747,1629020,2023-24,Regular Season,2024-05-11,30.9,11.6
0000000106,1610612747,1629020,2023-24,Regular Season,2024-05-21,27.5,9.0
0000000111,1610612747,1629020,2023-24,Regular Season,2024-05-31,27.9,9.0
0000000116,1610612747,1629020,2023-24,Regular Season,2024-06-10,27.4,10.2
0000000121,1610612747,1629020,2023-24,Regular Season,2024-06-20,26.9,11.6
0000000122,1610612747,1629020,2023-24,Regular Season,2024-06-22,25.8,11.8
0000000123,1610612747,1629020,2023-24,Regular Season,2024-06-24,26.2,12.4
0000000124,1610612747,1629020,2023-24,Regular Season,2024-06-26,28.4,11.2
0000000125,1610612747,1629020,2023-24,Regular Season,2024-06-28,26.9,8.2
0000000126,1610612747,1629020,2023-24,Regular Season,2024-06-30,27.9,8.4
0000000131,1610612747,1629020,2023-24,Regular Season,2024-07-10,26.1,8.2
0000000136,1610612747,1629020,2023-24,Regular Season,2024-07-20,29.4,7.6
0000000141,1610612747,1629020,2023-24,Regular Season,2024-07-30,26.9,10.8
0000000146,1610612747,1629020,2023-24,Regular Season,2024-08-09,28.6,13.4
0000000151,1610612747,1629020,2023-24,Regular Season,2024-08-19,28.7,10.8
0000000152,1610612747,1629020,2023-24,Regular Season,2024-08-21,30.3,11.6
0000000153,1610612747,1629020,2023-24,Regular Season,2024-08-23,29.9,11.0
0000000154,1610612747,1629020,2023-24,Regular Season,2024-08-25,30.3,9.6
0000000155,1610612747,1629020,2023-24,Regular Season,2024-08-27,29.1,7.4
0000000156,1610612747,1629020,2023-24,Regular Season,2024-08-29,26.1,9.0
0000000161,1610612747,1629020,2023-24,Regular Season,2024-09-08,24.7,7.6
0000000166,1610612747,1629020,2023-24,Regular Season,2024-09-18,21.5,8.2
0000000171,1610612747,1629020,2023-24,Regular Season,2024-09-28,24.3,9.0
0000000176,1610612747,1629020,2023-24,Regular Season,2024-10-08,24.8,12.6
0000000001,1610612744,201939,2023-24,Regular Season,2023-10-24,34.9,13.0
0000000006,1610612744,201939,2023-24,Regular Season,2023-11-03,31.3,14.0
0000000007,1610612744,201939,2023-24,Regular Season,2023-11-05,31.5,21.0
0000000008,1610612744,201939,2023-24,Regular Season,2023-11-07,29.2,24.8
0000000009,1610612744,201939,2023-24,Regular Season,2023-11-09,28.7,24.6
0000000010,1610612744,201939,2023-24,Regular Season,2023-11-11,26.1,26.0
0000000012,1610612744,201939,2023-24,Regular Season,2023-11-15,26.9,30.8
0000000017,1610612744,201939,2023-24,Regular Season,2023-11-25,25.7,28.2
0000000022,1610612744,201939,2023-24,Regular Season,2023-12-05,28.6,26.6
0000000027,1610612744,201939,2023-24,Regular Season,2023-12-15,27.7,25.8
0000000031,1610612744,201939,2023-24,Regular Season,2023-12-23,29.6,26.8
0000000036,1610612744,201939,2023-24,Regular Season,2024-01-02,29.1,25.0
0000000037,1610612744,201939,2023-24,Regular Season,2024-01-04,30.8,25.4
0000000038,1610612744,201939,2023-24,Regular Season,2024-01-06,27.1,23.8
0000000039,1610612744,201939,2023-24,Regular Season,2024-01-08,29.0,25.0
0000000040,1610612744,201939,2023-24,Regular Season,2024-01-10,28.7,27.4
0000000042,1610612744,201939,2023-24,Regular Season,2024-01-14,29.6,26.8
0000000047,1610612744,201939,2023-24,Regular Season,2024-01-24,29.9,28.0
0000000052,1610612744,201939,2023-24,Regular Season,2024-02-03,32.8,28.6
0000000057,1610612744,201939,2023-24,Regular Season,2024-02-13,32.9,27.2
0000000061,1610612744,201939,2023-24,Regular Season,2024-02-21,30.4,24.8
0000000066,1610612744,201939,2023-24,Regular Season,2024-03-02,27.6,26.2
0000000067,1610612744,201939,2023-24,Regular Season,2024-03-04,25.8,24.4
0000000068,1610612744,201939,2023-24,Regular Season,2024-03-06,23.9,25.2
0000000069,1610612744,201939,2023-24,Regular Season,2024-03-08,24.5,27.0
0000000070,1610612744,201939,2023-24,Regular Season,2024-03-10,27.4,27.6
0000000072,1610612744,201939,2023-24,Regular Season,2024-03-14,31.0,26.0
0000000077,1610612744,201939,2023-24,Regular Season,2024-03-24,31.0,27.4
0000000082,1610612744,201939,2023-24,Regular Season,2024-04-03,33.4,27.0
0000000087,1610612744,201939,2023-24,Regular Season,2024-04-13,32.7,26.4
0000000091,1610612744,201939,2023-24,Regular Season,2024-04-21,32.9,26.2
0000000096,1610612744,201939,2023-24,Regular Season,2024-05-01,32.3,26.6
0000000097,1610612744,201939,2023-24,Regular Season,2024-05-03,33.8,24.6
0000000098,1610612744,201939,2023-24,Regular Season,2024-05-05,31.4,26.4
0000000099,1610612744,201939,2023-24,Regular Season,2024-05-07,30.7,26.8
0000000100,1610612744,201939,2023-24,Regular Season,2024-05-09,29.7,28.0
0000000102,1610612744,201939,2023-24,Regular Season,2024-05-13,28.3,27.2
0000000107,1610612744,201939,2023-24,Regular Season,2024-05-23,27.1,28.6
0000000112,1610612744,201939,2023-24,Regular Season,2024-06-02,26.4,25.4
0000000117,1610612744,201939,2023-24,Regular Season,2024-06-12,25.9,25.2
0000000121,1610612744,201939,2023-24,Regular Season,2024-06-20,26.2,25.0
0000000126,1610612744,201939,2023-24,Regular Season,2024-06-30,25.7,24.2
0000000127,1610612744,201939,2023-24,Regular Season,2024-07-02,27.1,25.8
0000000128,1610612744,201939,2023-24,Regular Season,2024-07-04,30.5,27.0
0000000129,1610612744,201939,2023-24,Regular Season,2024-07-06,32.6,27.0
0000000130,1610612744,201939,2023-24,Regular Season,2024-07-08,34.1,26.4
0000000132,1610612744,201939,2023-24,Regular Season,2024-07-12,34.3,26.6
0000000137,1610612744,201939,2023-24,Regular Season,2024-07-22,31.7,25.0
0000000142,1610612744,201939,2023-24,Regular Season,2024-08-01,28.6,23.0
0000000147,1610612744,201939,2023-24,Regular Season,2024-08-11,26.7,24.2
0000000151,1610612744,201939,2023-24,Regular Season,2024-08-19,26.4,25.0
0000000156,1610612744,201939,2023-24,Regular Season,2024-08-29,28.3,26.8
0000000157,1610612744,201939,2023-24,Regular Season,2024-08-31,29.3,28.8
0000000158,1610612744,201939,2023-24,Regular Season,2024-09-02,30.3,31.4
0000000159,1610612744,201939,2023-24,Regular Season,2024-09-04,29.3,33.0
0000000160,1610612744,201939,2023-24,Regular Season,2024-09-06,26.2,32.4
0000000162,1610612744,201939,2023-24,Regular Season,2024-09-10,23.5,31.0
0000000167,1610612744,201939,2023-24,Regular Season,2024-09-20,23.0,30.2
0000000172,1610612744,201939,2023-24,Regular Season,2024-09-30,22.8,29.8
0000000177,1610612744,201939,2023-24,Regular Season,2024-10-10,23.8,28.4
0000000001,1610612744,202691,2023-24,Regular Season,2023-10-24,25.7,17.0
0000000006,1610612744,202691,2023-24,Regular Season,2023-11-03,30.5,18.5
0000000007,1610612744,202691,2023-24,Regular Season,2023-11-05,30.6,17.0
0000000008,1610612744,202691,2023-24,Regular Season,2023-11-07,29.8,18.8
0000000009,1610612744,202691,2023-24,Regular Season,2023-11-09,28.7,17.0
0000000010,1610612744,202691,2023-24,Regular Season,2023-11-11,31.1,18.2
0000000012,1610612744,202691,2023-24,Regular Season,2023-11-15,28.6,17.2
0000000017,1610612744,202691,2023-24,Regular Season,2023-11-25,29.3,16.6
0000000022,1610612744,202691,2023-24,Regular Season,2023-12-05,31.1,15.8
0000000027,1610612744,202691,2023-24,Regular Season,2023-12-15,32.8,15.8
0000000031,1610612744,202691,2023-24,Regular Season,2023-12-23,29.7,15.4
0000000036,1610612744,202691,2023-24,Regular Season,2024-01-02,29.3,16.0
0000000037,1610612744,202691,2023-24,Regular Season,2024-01-04,29.3,16.4
0000000038,1610612744,202691,2023-24,Regular Season,2024-01-06,26.1,15.2
0000000039,1610612744,202691,2023-24,Regular Season,2024-01-08,23.7,14.8
0000000040,1610612744,202691,2023-24,Regular Season,2024-01-10,24.5,13.8
0000000042,1610612744,202691,2023-24,Regular Season,2024-01-14,27.1,13.8
0000000047,1610612744,202691,2023-24,Regular Season,2024-01-24,25.4,14.0
0000000052,1610612744,202691,2023-24,Regular Season,2024-02-03,27.3,13.2
0000000057,1610612744,202691,2023-24,Regular Season,2024-02-13,30.3,16.2
0000000061,1610612744,202691,2023-24,Regular Season,2024-02-21,31.1,17.8
0000000066,1610612744,202691,2023-24,Regular Season,2024-03-02,30.6,17.2
0000000067,1610612744,202691,2023-24,Regular Season,2024-03-04,30.1,17.8
0000000068,1610612744,202691,2023-24,Regular Season,2024-03-06,31.4,20.4
0000000069,1610612744,202691,2023-24,Regular Season,2024-03-08,29.4,20.0
0000000070,1610612744,202691,2023-24,Regular Season,2024-03-10,29.1,18.6
0000000072,1610612744,202691,2023-24,Regular Season,2024-03-14,28.0,18.4
0000000077,1610612744,202691,2023-24,Regular Season,2024-03-24,28.3,16.2
0000000082,1610612744,202691,2023-24,Regular Season,2024-04-03,26.4,13.0
0000000087,1610612744,202691,2023-24,Regular Season,2024-04-13,27.5,12.6
0000000091,1610612744,202691,2023-24,Regular Season,2024-04-21,25.9,12.8
0000000096,1610612744,202691,2023-24,Regular Season,2024-05-01,26.4,12.0
0000000097,1610612744,202691,2023-24,Regular Season,2024-05-03,27.5,14.0
0000000098,1610612744,202691,2023-24,Regular Season,2024-05-05,26.9,15.8
0000000099,1610612744,202691,2023-24,Regular Season,2024-05-07,27.2,13.2
0000000100,1610612744,202691,2023-24,Regular Season,2024-05-09,30.0,12.4
0000000102,1610612744,202691,2023-24,Regular Season,2024-05-13,29.0,11.8
0000000107,1610612744,202691,2023-24,Regular Season,2024-05-23,27.2,11.6
0000000112,1610612744,202691,2023-24,Regular Season,2024-06-02,28.5,11.2
0000000117,1610612744,202691,2023-24,Regular Season,2024-06-12,26.8,15.6
0000000121,1610612744,202691,2023-24,Regular Season,2024-06-20,23.8,17.2
0000000126,1610612744,202691,2023-24,Regular Season,2024-06-30,24.7,20.0
0000000127,1610612744,202691,2023-24,Regular Season,2024-07-02,25.4,18.6
0000000128,1610612744,202691,2023-24,Regular Season,2024-07-04,24.7,19.0
0000000129,1610612744,202691,2023-24,Regular Season,2024-07-06,27.0,16.8
0000000130,1610612744,202691,2023-24,Regular Season,2024-07-08,29.0,16.2
0000000132,1610612744,202691,2023-24,Regular Season,2024-07-12,29.7,16.6
0000000137,1610612744,202691,2023-24,Regular Season,2024-07-22,29.0,17.4
0000000142,1610612744,202691,2023-24,Regular Season,2024-08-01,27.3,17.0
0000000147,1610612744,202691,2023-24,Regular Season,2024-08-11,26.6,15.6
0000000151,1610612744,202691,2023-24,Regular Season,2024-08-19,27.4,15.6
0000000156,1610612744,202691,2023-24,Regular Season,2024-08-29,28.3,13.6
0000000157,1610612744,202691,2023-24,Regular Season,2024-08-31,29.3,15.6
0000000158,1610612744,202691,2023-24,Regular Season,2024-09-02,31.3,15.4
0000000159,1610612744,202691,2023-24,Regular Season,2024-09-04,29.7,16.8
0000000160,1610612744,202691,2023-24,Regular Season,2024-09-06,28.5,13.6
0000000162,1610612744,202691,2023-24,Regular Season,2024-09-10,27.5,14.4
0000000167,1610612744,202691,2023-24,Regular Season,2024-09-20,29.2,14.0
0000000172,1610612744,202691,2023-24,Regular Season,2024-09-30,27.6,16.2
0000000177,1610612744,202691,2023-24,Regular Season,2024-10-10,26.8,18.2
0000000001,1610612744,203110,2023-24,Regular Season,2023-10-24,33.2,1.0
0000000006,1610612744,203110,2023-24,Regular Season,2023-11-03,31.7,4.0
0000000007,1610612744,203110,2023-24,Regular Season,2023-11-05,30.1,4.3
0000000008,1610612744,203110,2023-24,Regular Season,2023-11-07,29.3,5.3
0000000009,1610612744,203110,2023-24,Regular Season,2023-11-09,28.8,8.8
0000000010,1610612744,203110,2023-24,Regular Season,2023-11-11,29.1,12.8
0000000012,1610612744,203110,2023-24,Regular Season,2023-11-15,29.3,13.0
0000000017,1610612744,203110,2023-24,Regular Season,2023-11-25,30.8,13.2
0000000022,1610612744,203110,2023-24,Regular Season,2023-12-05,29.9,14.2
0000000027,1610612744,203110,2023-24,Regular Season,2023-12-15,31.3,10.6
0000000031,1610612744,203110,2023-24,Regular Season,2023-12-23,28.6,7.6
0000000036,1610612744,203110,2023-24,Regular Season,2024-01-02,26.1,7.8
0000000037,1610612744,203110,2023-24,Regular Season,2024-01-04,23.0,7.8
0000000038,1610612744,203110,2023-24,Regular Season,2024-01-06,25.6,6.0
0000000039,1610612744,203110,2023-24,Regular Season,2024-01-08,24.6,7.2
0000000040,1610612744,203110,2023-24,Regular Season,2024-01-10,25.7,8.4
0000000042,1610612744,203110,2023-24,Regular Season,2024-01-14,26.1,7.6
0000000047,1610612744,203110,2023-24,Regular Season,2024-01-24,26.6,8.6
0000000052,1610612744,203110,2023-24,Regular Season,2024-02-03,23.8,10.6
0000000057,1610612744,203110,2023-24,Regular Season,2024-02-13,23.0,11.2
0000000061,1610612744,203110,2023-24,Regular Season,2024-02-21,24.7,10.6
0000000066,1610612744,203110,2023-24,Regular Season,2024-03-02,26.3,12.4
0000000067,1610612744,203110,2023-24,Regular Season,2024-03-04,28.2,12.0
0000000068,1610612744,203110,2023-24,Regular Season,2024-03-06,29.1,9.4
0000000069,1610612744,203110,2023-24,Regular Season,2024-03-08,28.0,8.6
0000000070,1610612744,203110,2023-24,Regular Season,2024-03-10,25.1,8.0
0000000072,1610612744,203110,2023-24,Regular Season,2024-03-14,26.7,9.0
0000000077,1610612744,203110,2023-24,Regular Season,2024-03-24,26.5,8.8
0000000082,1610612744,203110,2023-24,Regular Season,2024-04-03,25.5,11.4
0000000087,1610612744,203110,2023-24,Regular Season,2024-04-13,28.0,12.8
0000000091,1610612744,203110,2023-24,Regular Season,2024-04-21,30.4,11.6
0000000096,1610612744,203110,2023-24,Regular Season,2024-05-01,26.9,10.0
0000000097,1610612744,203110,2023-24,Regular Season,2024-05-03,27.2,9.6
0000000098,1610612744,203110,2023-24,Regular Season,2024-05-05,28.7,7.4
0000000099,1610612744,203110,2023-24,Regular Season,2024-05-07,27.5,4.8
0000000100,1610612744,203110,2023-24,Regular Season,2024-05-09,27.7,5.0
0000000102,1610612744,203110,2023-24,Regular Season,2024-05-13,30.8,5.2
0000000107,1610612744,203110,2023-24,Regular Season,2024-05-23,30.7,6.0
0000000112,1610612744,203110,2023-24,Regular Season,2024-06-02,29.6,7.6
0000000117,1610612744,203110,2023-24,Regular Season,2024-06-12,30.3,7.8
0000000121,1610612744,203110,2023-24,Regular Season,2024-06-20,28.5,9.6
0000000126,1610612744,203110,2023-24,Regular Season,2024-06-30,27.6,9.0
0000000127,1610612744,203110,2023-24,Regular Season,2024-07-02,28.2,9.8
0000000128,1610612744,203110,2023-24,Regular Season,2024-07-04,30.1,8.0
0000000129,1610612744,203110,2023-24,Regular Season,2024-07-06,31.6,8.0
0000000130,1610612744,203110,2023-24,Regular Season,2024-07-08,31.4,9.4
0000000132,1610612744,203110,2023-24,Regular Season,2024-07-12,31.0,9.6
0000000137,1610612744,203110,2023-24,Regular Season,2024-07-22,30.9,8.6
0000000142,1610612744,203110,2023-24,Regular Season,2024-08-01,30.6,9.0
0000000147,1610612744,203110,2023-24,Regular Season,2024-08-11,29.5,10.2
0000000151,1610612744,203110,2023-24,Regular Season,2024-08-19,28.3,9.2
0000000156,1610612744,203110,2023-24,Regular Season,2024-08-29,29.2,7.6
0000000157,1610612744,203110,2023-24,Regular Season,2024-08-31,28.7,7.2
0000000158,1610612744,203110,2023-24,Regular Season,2024-09-02,29.0,6.4
0000000159,1610612744,203110,2023-24,Regular Season,2024-09-04,27.4,7.4
0000000160,1610612744,203110,2023-24,Regular Season,2024-09-06,29.1,6.4
0000000162,1610612744,203110,2023-24,Regular Season,2024-09-10,26.8,6.8
0000000167,1610612744,203110,2023-24,Regular Season,2024-09-20,28.0,6.8
0000000172,1610612744,203110,2023-24,Regular Season,2024-09-30,24.9,8.2
0000000177,1610612744,203110,2023-24,Regular Season,2024-10-10,24.3,8.0
0000000001,1610612744,1630228,2023-24,Regular Season,2023-10-24,35.7,11.0
0000000006,1610612744,1630228,2023-24,Regular Season,2023-11-03,32.8,16.0
0000000007,1610612744,1630228,2023-24,Regular Season,2023-11-05,28.6,16.7
0000000008,1610612744,1630228,2023-24,Regular Season,2023-11-07,26.1,18.5
0000000009,1610612744,1630228,2023-24,Regular Season,2023-11-09,26.7,17.6
0000000010,1610612744,1630228,2023-24,Regular Season,2023-11-11,26.8,19.8
0000000012,1610612744,1630228,2023-24,Regular Season,2023-11-15,28.3,18.4
0000000017,1610612744,1630228,2023-24,Regular Season,2023-11-25,28.5,16.8
0000000022,1610612744,1630228,2023-24,Regular Season,2023-12-05,28.8,16.6
0000000027,1610612744,1630228,2023-24,Regular Season,2023-12-15,28.3,18.0
0000000031,1610612744,1630228,2023-24,Regular Season,2023-12-23,26.5,15.8
0000000036,1610612744,1630228,2023-24,Regular Season,2024-01-02,24.2,16.4
0000000037,1610612744,1630228,2023-24,Regular Season,2024-01-04,24.1,16.6
0000000038,1610612744,1630228,2023-24,Regular Season,2024-01-06,26.6,16.2
0000000039,1610612744,1630228,2023-24,Regular Season,2024-01-08,28.8,16.0
0000000040,1610612744,1630228,2023-24,Regular Season,2024-01-10,28.0,16.6
0000000042,1610612744,1630228,2023-24,Regular Season,2024-01-14,26.6,17.6
0000000047,1610612744,1630228,2023-24,Regular Season,2024-01-24,29.7,17.2
0000000052,1610612744,1630228,2023-24,Regular Season,2024-02-03,27.8,15.0
0000000057,1610612744,1630228,2023-24,Regular Season,2024-02-13,27.9,14.2
0000000061,1610612744,1630228,2023-24,Regular Season,2024-02-21,29.9,15.8
0000000066,1610612744,1630228,2023-24,Regular Season,2024-03-02,33.8,14.8
0000000067,1610612744,1630228,2023-24,Regular Season,2024-03-04,32.3,19.2
0000000068,1610612744,1630228,2023-24,Regular Season,2024-03-06,32.9,22.0
0000000069,1610612744,1630228,2023-24,Regular Season,2024-03-08,31.1,22.0
0000000070,1610612744,1630228,2023-24,Regular Season,2024-03-10,29.7,23.0
0000000072,1610612744,1630228,2023-24,Regular Season,2024-03-14,26.5,19.8
0000000077,1610612744,1630228,2023-24,Regular Season,2024-03-24,28.0,17.2
0000000082,1610612744,1630228,2023-24,Regular Season,2024-04-03,27.7,17.0
0000000087,1610612744,1630228,2023-24,Regular Season,2024-04-13,27.2,16.0
0000000091,1610612744,1630228,2023-24,Regular Season,2024-04-21,27.7,13.6
0000000096,1610612744,1630228,2023-24,Regular Season,2024-05-01,27.2,18.0
0000000097,1610612744,1630228,2023-24,Regular Season,2024-05-03,25.9,18.6
0000000098,1610612744,1630228,2023-24,Regular Season,2024-05-05,26.9,15.6
0000000099,1610612744,1630228,2023-24,Regular Season,2024-05-07,25.8,16.0
0000000100,1610612744,1630228,2023-24,Regular Season,2024-05-09,26.3,16.6
0000000102,1610612744,1630228,2023-24,Regular Season,2024-05-13,29.2,15.8
0000000107,1610612744,1630228,2023-24,Regular Season,2024-05-23,29.9,14.2
0000000112,1610612744,1630228,2023-24,Regular Season,2024-06-02,29.5,17.8
0000000117,1610612744,1630228,2023-24,Regular Season,2024-06-12,30.1,18.0
0000000121,1610612744,1630228,2023-24,Regular Season,2024-06-20,30.6,18.0
0000000126,1610612744,1630228,2023-24,Regular Season,2024-06-30,31.5,18.0
0000000127,1610612744,1630228,2023-24,Regular Season,2024-07-02,29.7,20.0
0000000128,1610612744,1630228,2023-24,Regular Season,2024-07-04,29.4,19.6
0000000129,1610612744,1630228,2023-24,Regular Season,2024-07-06,29.6,18.8
0000000130,1610612744,1630228,2023-24,Regular Season,2024-07-08,28.9,19.4
0000000132,1610612744,1630228,2023-24,Regular Season,2024-07-12,25.0,18.4
0000000137,1610612744,1630228,2023-24,Regular Season,2024-07-22,24.5,17.4
0000000142,1610612744,1630228,2023-24,Regular Season,2024-08-01,26.3,17.0
0000000147,1610612744,1630228,2023-24,Regular Season,2024-08-11,26.4,18.4
0000000151,1610612744,1630228,2023-24,Regular Season,2024-08-19,26.3,17.0
0000000156,1610612744,1630228,2023-24,Regular Season,2024-08-29,28.3,16.0
0000000157,1610612744,1630228,2023-24,Regular Season,2024-08-31,27.8,15.0
0000000158,1610612744,1630228,2023-24,Regular Season,2024-09-02,25.0,15.6
0000000159,1610612744,1630228,2023-24,Regular Season,2024-09-04,25.5,15.6
0000000160,1610612744,1630228,2023-24,Regular Season,2024-09-06,25.6,16.0
0000000162,1610612744,1630228,2023-24,Regular Season,2024-09-10,27.2,17.4
0000000167,1610612744,1630228,2023-24,Regular Season,2024-09-20,29.2,19.4
0000000172,1610612744,1630228,2023-24,Regular Season,2024-09-30,30.0,16.0
0000000177,1610612744,1630228,2023-24,Regular Season,2024-10-10,31.4,15.8
0000000001,1610612744,1626172,2023-24,Regular Season,2023-10-24,34.8,7.0
0000000006,1610612744,1626172,2023-24,Regular Season,2023-11-03,31.8,8.0
0000000007,1610612744,1626172,2023-24,Regular Season,2023-11-05,32.3,10.3
0000000008,1610612744,1626172,2023-24,Regular Season,2023-11-07,32.2,7.8
0000000009,1610612744,1626172,2023-24,Regular Season,2023-11-09,30.4,7.8
0000000010,1610612744,1626172,2023-24,Regular Season,2023-11-11,30.7,6.4
0000000012,1610612744,1626172,2023-24,Regular Season,2023-11-15,30.6,4.6
0000000017,1610612744,1626172,2023-24,Regular Season,2023-11-25,31.2,3.6
0000000022,1610612744,1626172,2023-24,Regular Season,2023-12-05,28.6,6.0
0000000027,1610612744,1626172,2023-24,Regular Season,2023-12-15,31.5,5.8
0000000031,1610612744,1626172,2023-24,Regular Season,2023-12-23,30.1,9.0
0000000036,1610612744,1626172,2023-24,Regular Season,2024-01-02,28.5,9.0
0000000037,1610612744,1626172,2023-24,Regular Season,2024-01-04,26.3,7.0
0000000038,1610612744,1626172,2023-24,Regular Season,2024-01-06,26.3,7.2
0000000039,1610612744,1626172,2023-24,Regular Season,2024-01-08,22.9,7.4
0000000040,1610612744,1626172,2023-24,Regular Season,2024-01-10,24.1,5.8
0000000042,1610612744,1626172,2023-24,Regular Season,2024-01-14,26.0,8.0
0000000047,1610612744,1626172,2023-24,Regular Season,2024-01-24,25.1,9.4
0000000052,1610612744,1626172,2023-24,Regular Season,2024-02-03,24.9,7.8
0000000057,1610612744,1626172,2023-24,Regular Season,2024-02-13,26.1,7.2
0000000061,1610612744,1626172,2023-24,Regular Season,2024-02-21,25.5,8.6
0000000066,1610612744,1626172,2023-24,Regular Season,2024-03-02,23.3,8.2
0000000067,1610612744,1626172,2023-24,Regular Season,2024-03-04,23.0,7.6
0000000068,1610612744,1626172,2023-24,Regular Season,2024-03-06,25.4,10.4
0000000069,1610612744,1626172,2023-24,Regular Season,2024-03-08,26.1,9.4
0000000070,1610612744,1626172,2023-24,Regular Season,2024-03-10,25.7,9.6
0000000072,1610612744,1626172,2023-24,Regular Season,2024-03-14,26.7,7.8
0000000077,1610612744,1626172,2023-24,Regular Season,2024-03-24,27.7,8.0
0000000082,1610612744,1626172,2023-24,Regular Season,2024-04-03,26.2,5.8
0000000087,1610612744,1626172,2023-24,Regular Season,2024-04-13,26.0,9.4
0000000091,1610612744,1626172,2023-24,Regular Season,2024-04-21,27.0,8.4
0000000096,1610612744,1626172,2023-24,Regular Season,2024-05-01,27.9,8.8
0000000097,1610612744,1626172,2023-24,Regular Season,2024-05-03,29.7,7.8
0000000098,1610612744,1626172,2023-24,Regular Season,2024-05-05,28.7,7.2
0000000099,1610612744,1626172,2023-24,Regular Season,2024-05-07,29.6,4.4
0000000100,1610612744,1626172,2023-24,Regular Season,2024-05-09,28.1,2.2
0000000102,1610612744,1626172,2023-24,Regular Season,2024-05-13,26.6,1.8
0000000107,1610612744,1626172,2023-24,Regular Season,2024-05-23,24.2,1.8
0000000112,1610612744,1626172,2023-24,Regular Season,2024-06-02,25.2,2.2
0000000117,1610612744,1626172,2023-24,Regular Season,2024-06-12,23.1,1.8
0000000121,1610612744,1626172,2023-24,Regular Season,2024-06-20,23.9,4.0
0000000126,1610612744,1626172,2023-24,Regular Season,2024-06-30,27.1,4.0
0000000127,1610612744,1626172,2023-24,Regular Season,2024-07-02,29.5,4.6
0000000128,1610612744,1626172,2023-24,Regular Season,2024-07-04,29.3,4.2
0000000129,1610612744,1626172,2023-24,Regular Season,2024-07-06,31.8,5.2
0000000130,1610612744,1626172,2023-24,Regular Season,2024-07-08,31.7,3.8
0000000132,1610612744,1626172,2023-24,Regular Season,2024-07-12,30.0,6.6
0000000137,1610612744,1626172,2023-24,Regular Season,2024-07-22,27.4,6.0
0000000142,1610612744,1626172,2023-24,Regular Season,2024-08-01,29.6,5.0
0000000147,1610612744,1626172,2023-24,Regular Season,2024-08-11,26.6,3.6
0000000151,1610612744,1626172,2023-24,Regular Season,2024-08-19,27.5,6.2
0000000156,1610612744,1626172,2023-24,Regular Season,2024-08-29,26.0,4.2
0000000157,1610612744,1626172,2023-24,Regular Season,2024-08-31,28.0,5.6
0000000158,1610612744,1626172,2023-24,Regular Season,2024-09-02,26.0,6.2
0000000159,1610612744,1626172,2023-24,Regular Season,2024-09-04,27.6,8.0
0000000160,1610612744,1626172,2023-24,Regular Season,2024-09-06,26.9,4.6
0000000162,1610612744,1626172,2023-24,Regular Season,2024-09-10,28.0,7.2
0000000167,1610612744,1626172,2023-24,Regular Season,2024-09-20,27.8,5.8
0000000172,1610612744,1626172,2023-24,Regular Season,2024-09-30,29.5,5.2
0000000177,1610612744,1626172,2023-24,Regular Season,2024-10-10,30.1,3.8
0000000001,1610612744,1630541,2023-24,Regular Season,2023-10-24,22.9,0.0
0000000006,1610612744,1630541,2023-24,Regular Season,2023-11-03,20.8,3.5
0000000007,1610612744,1630541,2023-24,Regular Season,2023-11-05,21.9,4.7
0000000008,1610612744,1630541,2023-24,Regular Season,2023-11-07,22.1,6.5
0000000009,1610612744,1630541,2023-24,Regular Season,2023-11-09,24.7,7.4
0000000010,1610612744,1630541,2023-24,Regular Season,2023-11-11,25.6,9.8
0000000012,1610612744,1630541,2023-24,Regular Season,2023-11-15,25.8,12.0
0000000017,1610612744,1630541,2023-24,Regular Season,2023-11-25,27.6,12.6
0000000022,1610612744,1630541,2023-24,Regular Season,2023-12-05,27.0,12.0
0000000027,1610612744,1630541,2023-24,Regular Season,2023-12-15,26.5,12.2
0000000031,1610612744,1630541,2023-24,Regular Season,2023-12-23,28.0,11.4
0000000036,1610612744,1630541,2023-24,Regular Season,2024-01-02,29.0,10.4
0000000037,1610612744,1630541,2023-24,Regular Season,2024-01-04,27.0,11.6
0000000038,1610612744,1630541,2023-24,Regular Season,2024-01-06,28.2,12.6
0000000039,1610612744,1630541,2023-24,Regular Season,2024-01-08,25.4,11.6
0000000040,1610612744,1630541,2023-24,Regular Season,2024-01-10,23.6,11.0
0000000042,1610612744,1630541,2023-24,Regular Season,2024-01-14,22.9,10.6
0000000047,1610612744,1630541,2023-24,Regular Season,2024-01-24,24.2,10.2
0000000052,1610612744,1630541,2023-24,Regular Season,2024-02-03,24.1,9.0
0000000057,1610612744,1630541,2023-24,Regular Season,2024-02-13,25.1,10.2
0000000061,1610612744,1630541,2023-24,Regular Season,2024-02-21,26.7,13.0
0000000066,1610612744,1630541,2023-24,Regular Season,2024-03-02,26.2,12.6
0000000067,1610612744,1630541,2023-24,Regular Season,2024-03-04,25.5,11.2
0000000068,1610612744,1630541,2023-24,Regular Season,2024-03-06,24.2,11.2
0000000069,1610612744,1630541,2023-24,Regular Season,2024-03-08,24.8,10.2
0000000070,1610612744,1630541,2023-24,Regular Season,2024-03-10,23.4,7.0
0000000072,1610612744,1630541,2023-24,Regular Season,2024-03-14,25.2,5.2
0000000077,1610612744,1630541,2023-24,Regular Season,2024-03-24,24.3,6.6
0000000082,1610612744,1630541,2023-24,Regular Season,2024-04-03,27.2,5.8
0000000087,1610612744,1630541,2023-24,Regular Season,2024-04-13,29.4,5.6
0000000091,1610612744,1630541,2023-24,Regular Season,2024-04-21,30.3,6.0
0000000096,1610612744,1630541,2023-24,Regular Season,2024-05-01,30.9,7.0
0000000097,1610612744,1630541,2023-24,Regular Season,2024-05-03,32.7,7.4
0000000098,1610612744,1630541,2023-24,Regular Season,2024-05-05,32.3,6.8
0000000099,1610612744,1630541,2023-24,Regular Season,2024-05-07,31.7,6.8
0000000100,1610612744,1630541,2023-24,Regular Season,2024-05-09,32.1,6.6
0000000102,1610612744,1630541,2023-24,Regular Season,2024-05-13,31.8,8.4
0000000107,1610612744,1630541,2023-24,Regular Season,2024-05-23,29.3,5.8
0000000112,1610612744,1630541,2023-24,Regular Season,2024-06-02,29.7,7.0
0000000117,1610612744,1630541,2023-24,Regular Season,2024-06-12,29.2,7.4
0000000121,1610612744,1630541,2023-24,Regular Season,2024-06-20,28.1,8.8
0000000126,1610612744,1630541,2023-24,Regular Season,2024-06-30,29.1,8.2
0000000127,1610612744,1630541,2023-24,Regular Season,2024-07-02,29.5,10.8
0000000128,1610612744,1630541,2023-24,Regular Season,2024-07-04,27.1,10.6
0000000129,1610612744,1630541,2023-24,Regular Season,2024-07-06,27.8,10.2
0000000130,1610612744,1630541,2023-24,Regular Season,2024-07-08,28.0,10.4
0000000132,1610612744,1630541,2023-24,Regular Season,2024-07-12,26.5,11.6
0000000137,1610612744,1630541,2023-24,Regular Season,2024-07-22,29.4,10.2
0000000142,1610612744,1630541,2023-24,Regular Season,2024-08-01,29.2,11.6
0000000147,1610612744,1630541,2023-24,Regular Season,2024-08-11,28.2,10.6
0000000151,1610612744,1630541,2023-24,Regular Season,2024-08-19,28.0,10.6
0000000156,1610612744,1630541,2023-24,Regular Season,2024-08-29,26.5,11.8
0000000157,1610612744,1630541,2023-24,Regular Season,2024-08-31,25.2,13.2
0000000158,1610612744,1630541,2023-24,Regular Season,2024-09-02,26.4,12.2
0000000159,1610612744,1630541,2023-24,Regular Season,2024-09-04,24.3,11.8
0000000160,1610612744,1630541,2023-24,Regular Season,2024-09-06,25.3,10.8
0000000162,1610612744,1630541,2023-24,Regular Season,2024-09-10,26.3,8.2
0000000167,1610612744,1630541,2023-24,Regular Season,2024-09-20,24.2,7.8
0000000172,1610612744,1630541,2023-24,Regular Season,2024-09-30,22.8,8.8
0000000177,1610612744,1630541,2023-24,Regular Season,2024-10-10,25.2,9.2
0000000002,1610612743,203999,2023-24,Regular Season,2023-10-26,30.0,27.0
0000000007,1610612743,203999,2023-24,Regular Season,2023-11-05,33.7,26.5
0000000011,1610612743,203999,2023-24,Regular Season,2023-11-13,30.4,24.0
0000000012,1610612743,203999,2023-24,Regular Season,2023-11-15,31.9,24.0
0000000013,1610612743,203999,2023-24,Regular Season,2023-11-17,29.2,25.2
0000000014,1610612743,203999,2023-24,Regular Season,2023-11-19,26.8,25.4
0000000015,1610612743,203999,2023-24,Regular Season,2023-11-21,26.4,27.0
0000000018,1610612743,203999,2023-24,Regular Season,2023-11-27,28.8,25.8
0000000023,1610612743,203999,2023-24,Regular Season,2023-12-07,28.6,24.4
0000000028,1610612743,203999,2023-24,Regular Season,2023-12-17,31.0,21.2
0000000032,1610612743,203999,2023-24,Regular Season,2023-12-25,33.7,21.2
0000000037,1610612743,203999,2023-24,Regular Season,2024-01-04,32.6,20.0
0000000041,1610612743,203999,2023-24,Regular Season,2024-01-12,31.8,23.2
0000000042,1610612743,203999,2023-24,Regular Season,2024-01-14,29.8,24.4
0000000043,1610612743,203999,2023-24,Regular Season,2024-01-16,28.1,27.4
0000000044,1610612743,203999,2023-24,Regular Season,2024-01-18,27.0,26.8
0000000045,1610612743,203999,2023-24,Regular Season,2024-01-20,27.4,25.4
0000000048,1610612743,203999,2023-24,Regular Season,2024-01-26,26.2,25.8
0000000053,1610612743,203999,2023-24,Regular Season,2024-02-05,28.1,25.8
0000000058,1610612743,203999,2023-24,Regular Season,2024-02-15,27.7,27.4
0000000062,1610612743,203999,2023-24,Regular Season,2024-02-23,26.4,27.2
0000000067,1610612743,203999,2023-24,Regular Season,2024-03-04,26.6,30.0
0000000071,1610612743,203999,2023-24,Regular Season,2024-03-12,28.6,30.6
0000000072,1610612743,203999,2023-24,Regular Season,2024-03-14,28.4,32.2
0000000073,1610612743,203999,2023-24,Regular Season,2024-03-16,31.3,32.2
0000000074,1610612743,203999,2023-24,Regular Season,2024-03-18,33.3,32.8
0000000075,1610612743,203999,2023-24,Regular Season,2024-03-20,30.9,31.6
0000000078,1610612743,203999,2023-24,Regular Season,2024-03-26,31.1,30.8
0000000083,1610612743,203999,2023-24,Regular Season,2024-04-05,29.3,29.4
0000000088,1610612743,203999,2023-24,Regular Season,2024-04-15,27.0,27.2
0000000092,1610612743,203999,2023-24,Regular Season,2024-04-23,27.8,26.8
0000000097,1610612743,203999,2023-24,Regular Season,2024-05-03,28.7,26.4
0000000101,1610612743,203999,2023-24,Regular Season,2024-05-11,27.2,25.0
0000000102,1610612743,203999,2023-24,Regular Season,2024-05-13,27.1,24.0
0000000103,1610612743,203999,2023-24,Regular Season,2024-05-15,28.5,21.8
0000000104,1610612743,203999,2023-24,Regular Season,2024-05-17,27.6,23.6
0000000105,1610612743,203999,2023-24,Regular Season,2024-05-19,29.6,25.8
0000000108,1610612743,203999,2023-24,Regular Season,2024-05-25,27.5,27.6
0000000113,1610612743,203999,2023-24,Regular Season,2024-06-04,27.2,28.0
0000000118,1610612743,203999,2023-24,Regular Season,2024-06-14,25.7,31.8
0000000122,1610612743,203999,2023-24,Regular Season,2024-06-22,27.0,32.2
0000000127,1610612743,203999,2023-24,Regular Season,2024-07-02,25.6,28.4
0000000131,1610612743,203999,2023-24,Regular Season,2024-07-10,26.2,26.8
0000000132,1610612743,203999,2023-24,Regular Season,2024-07-12,26.4,29.0
0000000133,1610612743,203999,2023-24,Regular Season,2024-07-14,26.5,27.2
0000000134,1610612743,203999,2023-24,Regular Season,2024-07-16,24.2,26.0
0000000135,1610612743,203999,2023-24,Regular Season,2024-07-18,24.9,28.6
0000000138,1610612743,203999,2023-24,Regular Season,2024-07-24,25.9,29.4
0000000143,1610612743,203999,2023-24,Regular Season,2024-08-03,26.3,29.0
0000000148,1610612743,203999,2023-24,Regular Season,2024-08-13,26.5,31.2
0000000152,1610612743,203999,2023-24,Regular Season,2024-08-21,29.2,30.2
0000000157,1610612743,203999,2023-24,Regular Season,2024-08-31,28.7,29.8
0000000161,1610612743,203999,2023-24,Regular Season,2024-09-08,29.6,30.4
0000000162,1610612743,203999,2023-24,Regular Season,2024-09-10,29.4,30.2
0000000163,1610612743,203999,2023-24,Regular Season,2024-09-12,29.6,28.2
0000000164,1610612743,203999,2023-24,Regular Season,2024-09-14,29.6,27.6
0000000165,1610612743,203999,2023-24,Regular Season,2024-09-16,27.7,27.6
0000000168,1610612743,203999,2023-24,Regular Season,2024-09-22,27.0,28.4
0000000173,1610612743,203999,2023-24,Regular Season,2024-10-02,29.0,28.2
0000000178,1610612743,203999,2023-24,Regular Season,2024-10-12,31.2,29.2
0000000002,1610612743,1627750,2023-24,Regular Season,2023-10-26,35.4,26.0
0000000007,1610612743,1627750,2023-24,Regular Season,2023-11-05,27.6,20.5
0000000011,1610612743,1627750,2023-24,Regular Season,2023-11-13,26.8,23.0
0000000012,1610612743,1627750,2023-24,Regular Season,2023-11-15,26.3,21.8
0000000013,1610612743,1627750,2023-24,Regular Season,2023-11-17,28.6,21.6
0000000014,1610612743,1627750,2023-24,Regular Season,2023-11-19,26.9,20.6
0000000015,1610612743,1627750,2023-24,Regular Season,2023-11-21,28.8,22.4
0000000018,1610612743,1627750,2023-24,Regular Season,2023-11-27,31.0,20.4
0000000023,1610612743,1627750,2023-24,Regular Season,2023-12-07,31.0,20.4
0000000028,1610612743,1627750,2023-24,Regular Season,2023-12-17,28.2,21.2
0000000032,1610612743,1627750,2023-24,Regular Season,2023-12-25,27.5,22.6
0000000037,1610612743,1627750,2023-24,Regular Season,2024-01-04,28.8,23.6
0000000041,1610612743,1627750,2023-24,Regular Season,2024-01-12,27.5,23.2
0000000042,1610612743,1627750,2023-24,Regular Season,2024-01-14,26.4,23.4
0000000043,1610612743,1627750,2023-24,Regular Season,2024-01-16,29.3,21.6
0000000044,1610612743,1627750,2023-24,Regular Season,2024-01-18,30.9,21.4
0000000045,1610612743,1627750,2023-24,Regular Season,2024-01-20,31.3,19.0
0000000048,1610612743,1627750,2023-24,Regular Season,2024-01-26,32.0,19.8
0000000053,1610612743,1627750,2023-24,Regular Season,2024-02-05,35.0,18.4
0000000058,1610612743,1627750,2023-24,Regular Season,2024-02-15,34.2,18.4
0000000062,1610612743,1627750,2023-24,Regular Season,2024-02-23,35.5,15.2
0000000067,1610612743,1627750,2023-24,Regular Season,2024-03-04,33.0,16.0
0000000071,1610612743,1627750,2023-24,Regular Season,2024-03-12,32.2,16.6
0000000072,1610612743,1627750,2023-24,Regular Season,2024-03-14,32.8,18.2
0000000073,1610612743,1627750,2023-24,Regular Season,2024-03-16,30.5,20.2
0000000074,1610612743,1627750,2023-24,Regular Season,2024-03-18,29.0,23.0
0000000075,1610612743,1627750,2023-24,Regular Season,2024-03-20,28.8,22.0
0000000078,1610612743,1627750,2023-24,Regular Season,2024-03-26,29.1,21.6
0000000083,1610612743,1627750,2023-24,Regular Season,2024-04-05,28.6,20.6
0000000088,1610612743,1627750,2023-24,Regular Season,2024-04-15,28.5,20.8
0000000092,1610612743,1627750,2023-24,Regular Season,2024-04-23,28.5,20.2
0000000097,1610612743,1627750,2023-24,Regular Season,2024-05-03,27.8,21.0
0000000101,1610612743,1627750,2023-24,Regular Season,2024-05-11,28.0,21.4
0000000102,1610612743,1627750,2023-24,Regular Season,2024-05-13,26.6,21.0
0000000103,1610612743,1627750,2023-24,Regular Season,2024-05-15,26.4,19.2
0000000104,1610612743,1627750,2023-24,Regular Season,2024-05-17,24.9,18.8
0000000105,1610612743,1627750,2023-24,Regular Season,2024-05-19,26.7,19.4
0000000108,1610612743,1627750,2023-24,Regular Season,2024-05-25,24.8,18.4
0000000113,1610612743,1627750,2023-24,Regular Season,2024-06-04,26.4,19.6
0000000118,1610612743,1627750,2023-24,Regular Season,2024-06-14,26.6,20.8
0000000122,1610612743,1627750,2023-24,Regular Season,2024-06-22,29.3,19.4
0000000127,1610612743,1627750,2023-24,Regular Season,2024-07-02,30.1,15.4
0000000131,1610612743,1627750,2023-24,Regular Season,2024-07-10,33.1,16.0
0000000132,1610612743,1627750,2023-24,Regular Season,2024-07-12,32.8,15.6
0000000133,1610612743,1627750,2023-24,Regular Season,2024-07-14,33.0,15.4
0000000134,1610612743,1627750,2023-24,Regular Season,2024-07-16,32.0,17.0
0000000135,1610612743,1627750,2023-24,Regular Season,2024-07-18,32.2,19.8
0000000138,1610612743,1627750,2023-24,Regular Season,2024-07-24,30.7,21.8
0000000143,1610612743,1627750,2023-24,Regular Season,2024-08-03,28.2,23.0
0000000148,1610612743,1627750,2023-24,Regular Season,2024-08-13,31.1,22.6
0000000152,1610612743,1627750,2023-24,Regular Season,2024-08-21,30.9,22.8
0000000157,1610612743,1627750,2023-24,Regular Season,2024-08-31,31.0,24.4
0000000161,1610612743,1627750,2023-24,Regular Season,2024-09-08,32.2,23.2
0000000162,1610612743,1627750,2023-24,Regular Season,2024-09-10,33.2,20.2
0000000163,1610612743,1627750,2023-24,Regular Season,2024-09-12,29.6,20.4
0000000164,1610612743,1627750,2023-24,Regular Season,2024-09-14,28.9,20.2
0000000165,1610612743,1627750,2023-24,Regular Season,2024-09-16,28.2,18.8
0000000168,1610612743,1627750,2023-24,Regular Season,2024-09-22,25.0,18.2
0000000173,1610612743,1627750,2023-24,Regular Season,2024-10-02,26.5,22.8
0000000178,1610612743,1627750,2023-24,Regular Season,2024-10-12,27.3,21.8
0000000002,1610612743,1628420,2023-24,Regular Season,2023-10-26,34.1,13.0
0000000007,1610612743,1628420,2023-24,Regular Season,2023-11-05,32.5,10.0
0000000011,1610612743,1628420,2023-24,Regular Season,2023-11-13,33.1,10.3
0000000012,1610612743,1628420,2023-24,Regular Season,2023-11-15,30.4,12.3
0000000013,1610612743,1628420,2023-24,Regular Season,2023-11-17,28.7,10.8
0000000014,1610612743,1628420,2023-24,Regular Season,2023-11-19,27.1,10.6
0000000015,1610612743,1628420,2023-24,Regular Season,2023-11-21,27.8,12.8
0000000018,1610612743,1628420,2023-24,Regular Season,2023-11-27,25.2,10.6
0000000023,1610612743,1628420,2023-24,Regular Season,2023-12-07,27.5,8.0
0000000028,1610612743,1628420,2023-24,Regular Season,2023-12-17,28.2,10.4
0000000032,1610612743,1628420,2023-24,Regular Season,2023-12-25,30.3,12.2
0000000037,1610612743,1628420,2023-24,Regular Season,2024-01-04,27.0,11.6
0000000041,1610612743,1628420,2023-24,Regular Season,2024-01-12,29.5,13.6
0000000042,1610612743,1628420,2023-24,Regular Season,2024-01-14,27.6,15.6
0000000043,1610612743,1628420,2023-24,Regular Season,2024-01-16,27.1,13.0
0000000044,1610612743,1628420,2023-24,Regular Season,2024-01-18,25.0,10.6
0000000045,1610612743,1628420,2023-24,Regular Season,2024-01-20,26.2,10.4
0000000048,1610612743,1628420,2023-24,Regular Season,2024-01-26,26.3,11.0
0000000053,1610612743,1628420,2023-24,Regular Season,2024-02-05,27.9,11.0
0000000058,1610612743,1628420,2023-24,Regular Season,2024-02-15,29.0,13.6
0000000062,1610612743,1628420,2023-24,Regular Season,2024-02-23,28.6,16.4
0000000067,1610612743,1628420,2023-24,Regular Season,2024-03-04,27.4,16.6
0000000071,1610612743,1628420,2023-24,Regular Season,2024-03-12,24.7,15.8
0000000072,1610612743,1628420,2023-24,Regular Season,2024-03-14,21.9,15.4
0000000073,1610612743,1628420,2023-24,Regular Season,2024-03-16,20.0,14.8
0000000074,1610612743,1628420,2023-24,Regular Season,2024-03-18,21.5,13.0
0000000075,1610612743,1628420,2023-24,Regular Season,2024-03-20,25.4,12.0
0000000078,1610612743,1628420,2023-24,Regular Season,2024-03-26,27.9,10.6
0000000083,1610612743,1628420,2023-24,Regular Season,2024-04-05,27.8,11.2
0000000088,1610612743,1628420,2023-24,Regular Season,2024-04-15,29.1,11.4
0000000092,1610612743,1628420,2023-24,Regular Season,2024-04-23,29.1,11.0
0000000097,1610612743,1628420,2023-24,Regular Season,2024-05-03,25.5,12.0
0000000101,1610612743,1628420,2023-24,Regular Season,2024-05-11,24.3,14.6
0000000102,1610612743,1628420,2023-24,Regular Season,2024-05-13,27.1,13.4
0000000103,1610612743,1628420,2023-24,Regular Season,2024-05-15,28.5,14.0
0000000104,1610612743,1628420,2023-24,Regular Season,2024-05-17,27.2,12.4
0000000105,1610612743,1628420,2023-24,Regular Season,2024-05-19,29.7,12.4
0000000108,1610612743,1628420,2023-24,Regular Season,2024-05-25,29.1,11.2
0000000113,1610612743,1628420,2023-24,Regular Season,2024-06-04,27.4,11.2
0000000118,1610612743,1628420,2023-24,Regular Season,2024-06-14,27.9,10.4
0000000122,1610612743,1628420,2023-24,Regular Season,2024-06-22,30.3,12.0
0000000127,1610612743,1628420,2023-24,Regular Season,2024-07-02,28.5,10.2
0000000131,1610612743,1628420,2023-24,Regular Season,2024-07-10,27.4,9.2
0000000132,1610612743,1628420,2023-24,Regular Season,2024-07-12,29.2,9.6
0000000133,1610612743,1628420,2023-24,Regular Season,2024-07-14,26.5,11.2
0000000134,1610612743,1628420,2023-24,Regular Season,2024-07-16,22.9,11.2
0000000135,1610612743,1628420,2023-24,Regular Season,2024-07-18,24.5,13.0
0000000138,1610612743,1628420,2023-24,Regular Season,2024-07-24,25.7,16.2
0000000143,1610612743,1628420,2023-24,Regular Season,2024-08-03,25.7,18.6
0000000148,1610612743,1628420,2023-24,Regular Season,2024-08-13,27.1,16.0
0000000152,1610612743,1628420,2023-24,Regular Season,2024-08-21,29.7,16.2
0000000157,1610612743,1628420,2023-24,Regular Season,2024-08-31,28.0,16.4
0000000161,1610612743,1628420,2023-24,Regular Season,2024-09-08,27.8,15.8
0000000162,1610612743,1628420,2023-24,Regular Season,2024-09-10,27.4,16.0
0000000163,1610612743,1628420,2023-24,Regular Season,2024-09-12,28.0,16.6
0000000164,1610612743,1628420,2023-24,Regular Season,2024-09-14,28.2,14.8
0000000165,1610612743,1628420,2023-24,Regular Season,2024-09-16,30.8,15.2
0000000168,1610612743,1628420,2023-24,Regular Season,2024-09-22,31.4,14.0
0000000173,1610612743,1628420,2023-24,Regular Season,2024-10-02,29.2,11.2
0000000178,1610612743,1628420,2023-24,Regular Season,2024-10-12,28.0,12.2
0000000002,1610612743,1630166,2023-24,Regular Season,2023-10-26,31.6,7.0
0000000007,1610612743,1630166,2023-24,Regular Season,2023-11-05,33.8,5.5
0000000011,1610612743,1630166,2023-24,Regular Season,2023-11-13,30.0,4.7
0000000012,1610612743,1630166,2023-24,Regular Season,2023-11-15,28.9,6.5
0000000013,1610612743,1630166,2023-24,Regular Season,2023-11-17,29.3,5.4
0000000014,1610612743,1630166,2023-24,Regular Season,2023-11-19,28.3,6.2
0000000015,1610612743,1630166,2023-24,Regular Season,2023-11-21,26.0,6.0
0000000018,1610612743,1630166,2023-24,Regular Season,2023-11-27,28.4,7.4
0000000023,1610612743,1630166,2023-24,Regular Season,2023-12-07,29.4,8.0
0000000028,1610612743,1630166,2023-24,Regular Season,2023-12-17,30.7,9.0
0000000032,1610612743,1630166,2023-24,Regular Season,2023-12-25,30.8,8.4
0000000037,1610612743,1630166,2023-24,Regular Season,2024-01-04,30.6,9.6
0000000041,1610612743,1630166,2023-24,Regular Season,2024-01-12,30.6,10.8
0000000042,1610612743,1630166,2023-24,Regular Season,2024-01-14,29.1,9.2
0000000043,1610612743,1630166,2023-24,Regular Season,2024-01-16,25.5,8.2
0000000044,1610612743,1630166,2023-24,Regular Season,2024-01-18,25.3,7.8
0000000045,1610612743,1630166,2023-24,Regular Season,2024-01-20,27.0,7.8
0000000048,1610612743,1630166,2023-24,Regular Season,2024-01-26,23.9,8.6
0000000053,1610612743,1630166,2023-24,Regular Season,2024-02-05,24.6,8.8
0000000058,1610612743,1630166,2023-24,Regular Season,2024-02-15,27.9,10.6
0000000062,1610612743,1630166,2023-24,Regular Season,2024-02-23,29.2,11.4
0000000067,1610612743,1630166,2023-24,Regular Season,2024-03-04,26.9,10.2
0000000071,1610612743,1630166,2023-24,Regular Season,2024-03-12,27.2,8.8
0000000072,1610612743,1630166,2023-24,Regular Season,2024-03-14,29.2,8.6
0000000073,1610612743,1630166,2023-24,Regular Season,2024-03-16,25.8,9.4
0000000074,1610612743,1630166,2023-24,Regular Season,2024-03-18,26.7,8.0
0000000075,1610612743,1630166,2023-24,Regular Season,2024-03-20,27.8,8.0
0000000078,1610612743,1630166,2023-24,Regular Season,2024-03-26,30.8,7.8
0000000083,1610612743,1630166,2023-24,Regular Season,2024-04-05,30.3,7.4
0000000088,1610612743,1630166,2023-24,Regular Season,2024-04-15,30.7,6.4
0000000092,1610612743,1630166,2023-24,Regular Season,2024-04-23,30.5,5.8
0000000097,1610612743,1630166,2023-24,Regular Season,2024-05-03,32.7,6.8
0000000101,1610612743,1630166,2023-24,Regular Season,2024-05-11,29.5,6.2
0000000102,1610612743,1630166,2023-24,Regular Season,2024-05-13,27.5,6.2
0000000103,1610612743,1630166,2023-24,Regular Season,2024-05-15,28.4,7.2
0000000104,1610612743,1630166,2023-24,Regular Season,2024-05-17,25.5,8.6
0000000105,1610612743,1630166,2023-24,Regular Season,2024-05-19,23.5,8.4
0000000108,1610612743,1630166,2023-24,Regular Season,2024-05-25,25.9,8.8
0000000113,1610612743,1630166,2023-24,Regular Season,2024-06-04,27.8,8.6
0000000118,1610612743,1630166,2023-24,Regular Season,2024-06-14,28.8,6.4
0000000122,1610612743,1630166,2023-24,Regular Season,2024-06-22,31.5,6.0
0000000127,1610612743,1630166,2023-24,Regular Season,2024-07-02,31.9,5.6
0000000131,1610612743,1630166,2023-24,Regular Season,2024-07-10,29.2,4.0
0000000132,1610612743,1630166,2023-24,Regular Season,2024-07-12,27.8,5.6
0000000133,1610612743,1630166,2023-24,Regular Season,2024-07-14,28.0,6.8
0000000134,1610612743,1630166,2023-24,Regular Season,2024-07-16,26.7,8.8
0000000135,1610612743,1630166,2023-24,Regular Season,2024-07-18,27.5,11.8
0000000138,1610612743,1630166,2023-24,Regular Season,2024-07-24,27.5,15.0
0000000143,1610612743,1630166,2023-24,Regular Season,2024-08-03,26.9,12.6
0000000148,1610612743,1630166,2023-24,Regular Season,2024-08-13,27.6,13.0
0000000152,1610612743,1630166,2023-24,Regular Season,2024-08-21,28.7,10.8
0000000157,1610612743,1630166,2023-24,Regular Season,2024-08-31,27.8,8.4
0000000161,1610612743,1630166,2023-24,Regular Season,2024-09-08,31.5,5.0
0000000162,1610612743,1630166,2023-24,Regular Season,2024-09-10,32.1,8.0
0000000163,1610612743,1630166,2023-24,Regular Season,2024-09-12,32.1,10.2
0000000164,1610612743,1630166,2023-24,Regular Season,2024-09-14,32.2,10.6
0000000165,1610612743,1630166,2023-24,Regular Season,2024-09-16,32.6,11.0
0000000168,1610612743,1630166,2023-24,Regular Season,2024-09-22,29.5,12.6
0000000173,1610612743,1630166,2023-24,Regular Season,2024-10-02,31.3,10.6
0000000178,1610612743,1630166,2023-24,Regular Season,2024-10-12,29.2,9.2
0000000002,1610612743,203914,2023-24,Regular Season,2023-10-26,22.5,3.0
0000000007,1610612743,203914,2023-24,Regular Season,2023-11-05,25.2,7.5
0000000011,1610612743,203914,2023-24,Regular Season,2023-11-13,27.9,6.7
0000000012,1610612743,203914,2023-24,Regular Season,2023-11-15,29.7,8.3
0000000013,1610612743,203914,2023-24,Regular Season,2023-11-17,29.6,10.6
0000000014,1610612743,203914,2023-24,Regular Season,2023-11-19,32.1,10.0
0000000015,1610612743,203914,2023-24,Regular Season,2023-11-21,32.9,11.2
0000000018,1610612743,203914,2023-24,Regular Season,2023-11-27,32.4,11.8
0000000023,1610612743,203914,2023-24,Regular Season,2023-12-07,31.2,10.2
0000000028,1610612743,203914,2023-24,Regular Season,2023-12-17,32.2,11.6
0000000032,1610612743,203914,2023-24,Regular Season,2023-12-25,32.8,14.0
0000000037,1610612743,203914,2023-24,Regular Season,2024-01-04,30.4,14.2
0000000041,1610612743,203914,2023-24,Regular Season,2024-01-12,29.9,14.6
0000000042,1610612743,203914,2023-24,Regular Season,2024-01-14,30.5,17.6
0000000043,1610612743,203914,2023-24,Regular Season,2024-01-16,28.6,12.8
0000000044,1610612743,203914,2023-24,Regular Season,2024-01-18,27.1,11.0
0000000045,1610612743,203914,2023-24,Regular Season,2024-01-20,28.6,10.8
0000000048,1610612743,203914,2023-24,Regular Season,2024-01-26,29.0,9.4
0000000053,1610612743,203914,2023-24,Regular Season,2024-02-05,27.6,6.2
0000000058,1610612743,203914,2023-24,Regular Season,2024-02-15,28.4,7.6
0000000062,1610612743,203914,2023-24,Regular Season,2024-02-23,26.1,8.8
0000000067,1610612743,203914,2023-24,Regular Season,2024-03-04,26.4,6.2
0000000071,1610612743,203914,2023-24,Regular Season,2024-03-12,24.4,7.0
0000000072,1610612743,203914,2023-24,Regular Season,2024-03-14,24.6,7.6
0000000073,1610612743,203914,2023-24,Regular Season,2024-03-16,24.1,8.6
0000000074,1610612743,203914,2023-24,Regular Season,2024-03-18,27.4,9.8
0000000075,1610612743,203914,2023-24,Regular Season,2024-03-20,25.1,12.8
0000000078,1610612743,203914,2023-24,Regular Season,2024-03-26,26.9,13.6
0000000083,1610612743,203914,2023-24,Regular Season,2024-04-05,26.2,14.4
0000000088,1610612743,203914,2023-24,Regular Season,2024-04-15,25.8,14.6
0000000092,1610612743,203914,2023-24,Regular Season,2024-04-23,24.3,12.8
0000000097,1610612743,203914,2023-24,Regular Season,2024-05-03,28.0,10.8
0000000101,1610612743,203914,2023-24,Regular Season,2024-05-11,27.9,10.6
0000000102,1610612743,203914,2023-24,Regular Season,2024-05-13,27.3,11.0
0000000103,1610612743,203914,2023-24,Regular Season,2024-05-15,27.1,8.8
0000000104,1610612743,203914,2023-24,Regular Season,2024-05-17,26.8,10.2
0000000105,1610612743,203914,2023-24,Regular Season,2024-05-19,25.9,10.6
0000000108,1610612743,203914,2023-24,Regular Season,2024-05-25,24.4,10.2
0000000113,1610612743,203914,2023-24,Regular Season,2024-06-04,27.1,10.0
0000000118,1610612743,203914,2023-24,Regular Season,2024-06-14,27.6,12.6
0000000122,1610612743,203914,2023-24,Regular Season,2024-06-22,28.8,13.2
0000000127,1610612743,203914,2023-24,Regular Season,2024-07-02,26.2,11.8
0000000131,1610612743,203914,2023-24,Regular Season,2024-07-10,29.0,12.8
0000000132,1610612743,203914,2023-24,Regular Season,2024-07-12,26.2,12.2
0000000133,1610612743,203914,2023-24,Regular Season,2024-07-14,27.4,13.0
0000000134,1610612743,203914,2023-24,Regular Season,2024-07-16,27.5,11.4
0000000135,1610612743,203914,2023-24,Regular Season,2024-07-18,28.6,10.4
0000000138,1610612743,203914,2023-24,Regular Season,2024-07-24,27.2,8.2
0000000143,1610612743,203914,2023-24,Regular Season,2024-08-03,28.9,6.4
0000000148,1610612743,203914,2023-24,Regular Season,2024-08-13,27.5,4.8
0000000152,1610612743,203914,2023-24,Regular Season,2024-08-21,26.1,4.4
0000000157,1610612743,203914,2023-24,Regular Season,2024-08-31,25.0,6.2
0000000161,1610612743,203914,2023-24,Regular Season,2024-09-08,25.6,8.8
0000000162,1610612743,203914,2023-24,Regular Season,2024-09-10,24.6,10.4
0000000163,1610612743,203914,2023-24,Regular Season,2024-09-12,25.2,8.8
0000000164,1610612743,203914,2023-24,Regular Season,2024-09-14,24.9,9.2
0000000165,1610612743,203914,2023-24,Regular Season,2024-09-16,26.2,9.6
0000000168,1610612743,203914,2023-24,Regular Season,2024-09-22,23.6,10.6
0000000173,1610612743,203914,2023-24,Regular Season,2024-10-02,23.0,10.2
0000000178,1610612743,203914,2023-24,Regular Season,2024-10-12,21.5,11.8
0000000002,1610612743,1631128,2023-24,Regular Season,2023-10-26,36.8,6.0
0000000007,1610612743,1631128,2023-24,Regular Season,2023-11-05,30.6,3.5
0000000011,1610612743,1631128,2023-24,Regular Season,2023-11-13,30.0,4.7
0000000012,1610612743,1631128,2023-24,Regular Season,2023-11-15,27.6,5.5
0000000013,1610612743,1631128,2023-24,Regular Season,2023-11-17,26.7,5.2
0000000014,1610612743,1631128,2023-24,Regular Season,2023-11-19,24.0,5.0
0000000015,1610612743,1631128,2023-24,Regular Season,2023-11-21,25.3,5.4
0000000018,1610612743,1631128,2023-24,Regular Season,2023-11-27,25.1,6.0
0000000023,1610612743,1631128,2023-24,Regular Season,2023-12-07,26.2,6.2
0000000028,1610612743,1631128,2023-24,Regular Season,2023-12-17,27.4,6.8
0000000032,1610612743,1631128,2023-24,Regular Season,2023-12-25,26.9,8.0
0000000037,1610612743,1631128,2023-24,Regular Season,2024-01-04,27.8,7.4
0000000041,1610612743,1631128,2023-24,Regular Season,2024-01-12,26.2,7.0
0000000042,1610612743,1631128,2023-24,Regular Season,2024-01-14,26.2,7.8
0000000043,1610612743,1631128,2023-24,Regular Season,2024-01-16,24.6,8.0
0000000044,1610612743,1631128,2023-24,Regular Season,2024-01-18,25.3,9.2
0000000045,1610612743,1631128,2023-24,Regular Season,2024-01-20,23.2,10.8
0000000048,1610612743,1631128,2023-24,Regular Season,2024-01-26,25.2,9.2
0000000053,1610612743,1631128,2023-24,Regular Season,2024-02-05,25.9,6.6
0000000058,1610612743,1631128,2023-24,Regular Season,2024-02-15,26.5,7.8
0000000062,1610612743,1631128,2023-24,Regular Season,2024-02-23,25.4,7.4
0000000067,1610612743,1631128,2023-24,Regular Season,2024-03-04,25.2,7.6
0000000071,1610612743,1631128,2023-24,Regular Season,2024-03-12,24.0,7.6
0000000072,1610612743,1631128,2023-24,Regular Season,2024-03-14,24.5,9.8
0000000073,1610612743,1631128,2023-24,Regular Season,2024-03-16,23.4,8.2
0000000074,1610612743,1631128,2023-24,Regular Season,2024-03-18,25.5,5.8
0000000075,1610612743,1631128,2023-24,Regular Season,2024-03-20,24.7,4.0
0000000078,1610612743,1631128,2023-24,Regular Season,2024-03-26,27.0,6.2
0000000083,1610612743,1631128,2023-24,Regular Season,2024-04-05,24.8,6.0
0000000088,1610612743,1631128,2023-24,Regular Season,2024-04-15,25.7,4.8
0000000092,1610612743,1631128,2023-24,Regular Season,2024-04-23,26.5,4.6
0000000097,1610612743,1631128,2023-24,Regular Season,2024-05-03,29.4,7.0
0000000101,1610612743,1631128,2023-24,Regular Season,2024-05-11,28.7,7.4
0000000102,1610612743,1631128,2023-24,Regular Season,2024-05-13,31.1,6.2
0000000103,1610612743,1631128,2023-24,Regular Season,2024-05-15,32.6,6.6
0000000104,1610612743,1631128,2023-24,Regular Season,2024-05-17,31.6,7.8
0000000105,1610612743,1631128,2023-24,Regular Season,2024-05-19,29.5,6.2
0000000108,1610612743,1631128,2023-24,Regular Season,2024-05-25,26.8,3.6
0000000113,1610612743,1631128,2023-24,Regular Season,2024-06-04,24.8,4.8
0000000118,1610612743,1631128,2023-24,Regular Season,2024-06-14,23.6,5.2
0000000122,1610612743,1631128,2023-24,Regular Season,2024-06-22,23.4,3.6
0000000127,1610612743,1631128,2023-24,Regular Season,2024-07-02,25.4,3.4
0000000131,1610612743,1631128,2023-24,Regular Season,2024-07-10,26.4,5.2
0000000132,1610612743,1631128,2023-24,Regular Season,2024-07-12,27.8,5.2
0000000133,1610612743,1631128,2023-24,Regular Season,2024-07-14,29.0,4.4
0000000134,1610612743,1631128,2023-24,Regular Season,2024-07-16,28.7,5.8
0000000135,1610612743,1631128,2023-24,Regular Season,2024-07-18,27.1,7.8
0000000138,1610612743,1631128,2023-24,Regular Season,2024-07-24,27.9,7.4
0000000143,1610612743,1631128,2023-24,Regular Season,2024-08-03,25.5,9.8
0000000148,1610612743,1631128,2023-24,Regular Season,2024-08-13,24.3,11.0
0000000152,1610612743,1631128,2023-24,Regular Season,2024-08-21,26.0,12.2
0000000157,1610612743,1631128,2023-24,Regular Season,2024-08-31,26.7,11.8
0000000161,1610612743,1631128,2023-24,Regular Season,2024-09-08,26.3,11.2
0000000162,1610612743,1631128,2023-24,Regular Season,2024-09-10,29.9,9.2
0000000163,1610612743,1631128,2023-24,Regular Season,2024-09-12,30.5,9.6
0000000164,1610612743,1631128,2023-24,Regular Season,2024-09-14,29.6,8.6
0000000165,1610612743,1631128,2023-24,Regular Season,2024-09-16,29.8,6.4
0000000168,1610612743,1631128,2023-24,Regular Season,2024-09-22,30.8,7.2
0000000173,1610612743,1631128,2023-24,Regular Season,2024-10-02,29.2,7.6
0000000178,1610612743,1631128,2023-24,Regular Season,2024-10-12,28.0,7.2
0000000003,1610612738,1628369,2023-24,Regular Season,2023-10-28,19.5,31.0
0000000008,1610612738,1628369,2023-24,Regular Season,2023-11-07,23.1,22.0
0000000013,1610612738,1628369,2023-24,Regular Season,2023-11-17,25.8,27.3
0000000016,1610612738,1628369,2023-24,Regular Season,2023-11-23,25.3,28.5
0000000017,1610612738,1628369,2023-24,Regular Season,2023-11-25,27.6,28.8
0000000018,1610612738,1628369,2023-24,Regular Season,2023-11-27,30.0,27.2
0000000019,1610612738,1628369,2023-24,Regular Season,2023-11-29,29.8,31.4
0000000020,1610612738,1628369,2023-24,Regular Season,2023-12-01,29.8,30.4
0000000024,1610612738,1628369,2023-24,Regular Season,2023-12-09,32.5,32.0
0000000029,1610612738,1628369,2023-24,Regular Season,2023-12-19,29.3,30.6
0000000033,1610612738,1628369,2023-24,Regular Season,2023-12-27,30.1,32.0
0000000038,1610612738,1628369,2023-24,Regular Season,2024-01-06,29.7,30.6
0000000043,1610612738,1628369,2023-24,Regular Season,2024-01-16,28.4,27.4
0000000046,1610612738,1628369,2023-24,Regular Season,2024-01-22,27.9,22.6
0000000047,1610612738,1628369,2023-24,Regular Season,2024-01-24,29.4,23.2
0000000048,1610612738,1628369,2023-24,Regular Season,2024-01-26,29.1,24.0
0000000049,1610612738,1628369,2023-24,Regular Season,2024-01-28,29.4,24.0
0000000050,1610612738,1628369,2023-24,Regular Season,2024-01-30,31.8,26.8
0000000054,1610612738,1628369,2023-24,Regular Season,2024-02-07,31.5,27.6
0000000059,1610612738,1628369,2023-24,Regular Season,2024-02-17,31.2,30.4
0000000063,1610612738,1628369,2023-24,Regular Season,2024-02-25,30.5,27.8
0000000068,1610612738,1628369,2023-24,Regular Season,2024-03-06,29.5,28.0
0000000073,1610612738,1628369,2023-24,Regular Season,2024-03-16,27.7,28.0
0000000076,1610612738,1628369,2023-24,Regular Season,2024-03-22,28.1,31.6
0000000077,1610612738,1628369,2023-24,Regular Season,2024-03-24,26.8,29.0
0000000078,1610612738,1628369,2023-24,Regular Season,2024-03-26,24.5,30.4
0000000079,1610612738,1628369,2023-24,Regular Season,2024-03-28,27.6,31.6
0000000080,1610612738,1628369,2023-24,Regular Season,2024-03-30,25.9,30.4
0000000084,1610612738,1628369,2023-24,Regular Season,2024-04-07,23.7,27.8
0000000089,1610612738,1628369,2023-24,Regular Season,2024-04-17,24.1,28.0
0000000093,1610612738,1628369,2023-24,Regular Season,2024-04-25,27.7,28.8
0000000098,1610612738,1628369,2023-24,Regular Season,2024-05-05,27.1,26.0
0000000103,1610612738,1628369,2023-24,Regular Season,2024-05-15,28.0,26.6
0000000106,1610612738,1628369,2023-24,Regular Season,2024-05-21,28.3,27.8
0000000107,1610612738,1628369,2023-24,Regular Season,2024-05-23,30.7,27.0
0000000108,1610612738,1628369,2023-24,Regular Season,2024-05-25,26.9,23.6
0000000109,1610612738,1628369,2023-24,Regular Season,2024-05-27,24.4,25.4
0000000110,1610612738,1628369,2023-24,Regular Season,2024-05-29,23.5,25.2
0000000114,1610612738,1628369,2023-24,Regular Season,2024-06-06,25.7,22.2
0000000119,1610612738,1628369,2023-24,Regular Season,2024-06-16,22.5,21.6
0000000123,1610612738,1628369,2023-24,Regular Season,2024-06-24,22.5,26.4
0000000128,1610612738,1628369,2023-24,Regular Season,2024-07-04,24.7,26.0
0000000133,1610612738,1628369,2023-24,Regular Season,2024-07-14,24.9,25.0
0000000136,1610612738,1628369,2023-24,Regular Season,2024-07-20,23.5,29.0
0000000137,1610612738,1628369,2023-24,Regular Season,2024-07-22,24.8,29.2
0000000138,1610612738,1628369,2023-24,Regular Season,2024-07-24,28.1,24.4
0000000139,1610612738,1628369,2023-24,Regular Season,2024-07-26,26.7,22.8
0000000140,1610612738,1628369,2023-24,Regular Season,2024-07-28,29.2,24.8
0000000144,1610612738,1628369,2023-24,Regular Season,2024-08-05,30.9,22.4
0000000149,1610612738,1628369,2023-24,Regular Season,2024-08-15,31.3,24.4
0000000153,1610612738,1628369,2023-24,Regular Season,2024-08-23,31.0,24.2
0000000158,1610612738,1628369,2023-24,Regular Season,2024-09-02,31.1,25.0
0000000163,1610612738,1628369,2023-24,Regular Season,2024-09-12,32.0,23.2
0000000166,1610612738,1628369,2023-24,Regular Season,2024-09-18,29.7,21.8
0000000167,1610612738,1628369,2023-24,Regular Season,2024-09-20,31.1,19.8
0000000168,1610612738,1628369,2023-24,Regular Season,2024-09-22,30.0,22.2
0000000169,1610612738,1628369,2023-24,Regular Season,2024-09-24,32.1,23.8
0000000170,1610612738,1628369,2023-24,Regular Season,2024-09-26,31.9,26.4
0000000174,1610612738,1628369,2023-24,Regular Season,2024-10-04,31.1,26.8
0000000179,1610612738,1628369,2023-24,Regular Season,2024-10-14,28.5,26.2
0000000003,1610612738,1627759,2023-24,Regular Season,2023-10-28,31.0,26.0
0000000008,1610612738,1627759,2023-24,Regular Season,2023-11-07,27.2,28.0
0000000013,1610612738,1627759,2023-24,Regular Season,2023-11-17,29.8,20.7
0000000016,1610612738,1627759,2023-24,Regular Season,2023-11-23,29.0,23.5
0000000017,1610612738,1627759,2023-24,Regular Season,2023-11-25,29.2,24.2
0000000018,1610612738,1627759,2023-24,Regular Season,2023-11-27,30.4,22.6
0000000019,1610612738,1627759,2023-24,Regular Season,2023-11-29,32.7,21.2
0000000020,1610612738,1627759,2023-24,Regular Season,2023-12-01,29.6,23.8
0000000024,1610612738,1627759,2023-24,Regular Season,2023-12-09,30.8,21.8
0000000029,1610612738,1627759,2023-24,Regular Season,2023-12-19,29.8,20.0
0000000033,1610612738,1627759,2023-24,Regular Season,2023-12-27,26.1,18.6
0000000038,1610612738,1627759,2023-24,Regular Season,2024-01-06,25.4,18.4
0000000043,1610612738,1627759,2023-24,Regular Season,2024-01-16,25.6,19.0
0000000046,1610612738,1627759,2023-24,Regular Season,2024-01-22,25.4,20.4
0000000047,1610612738,1627759,2023-24,Regular Season,2024-01-24,26.4,19.4
0000000048,1610612738,1627759,2023-24,Regular Season,2024-01-26,26.3,21.4
0000000049,1610612738,1627759,2023-24,Regular Season,2024-01-28,27.3,23.2
0000000050,1610612738,1627759,2023-24,Regular Season,2024-01-30,30.2,22.2
0000000054,1610612738,1627759,2023-24,Regular Season,2024-02-07,27.7,22.2
0000000059,1610612738,1627759,2023-24,Regular Season,2024-02-17,28.8,24.8
0000000063,1610612738,1627759,2023-24,Regular Season,2024-02-25,29.0,28.0
0000000068,1610612738,1627759,2023-24,Regular Season,2024-03-06,27.2,26.2
0000000073,1610612738,1627759,2023-24,Regular Season,2024-03-16,24.1,27.8
0000000076,1610612738,1627759,2023-24,Regular Season,2024-03-22,26.6,26.8
0000000077,1610612738,1627759,2023-24,Regular Season,2024-03-24,26.5,26.8
0000000078,1610612738,1627759,2023-24,Regular Season,2024-03-26,29.7,21.8
0000000079,1610612738,1627759,2023-24,Regular Season,2024-03-28,29.4,20.8
0000000080,1610612738,1627759,2023-24,Regular Season,2024-03-30,31.8,20.6
0000000084,1610612738,1627759,2023-24,Regular Season,2024-04-07,32.8,20.2
0000000089,1610612738,1627759,2023-24,Regular Season,2024-04-17,32.6,19.4
0000000093,1610612738,1627759,2023-24,Regular Season,2024-04-25,33.0,21.0
0000000098,1610612738,1627759,2023-24,Regular Season,2024-05-05,35.5,20.4
0000000103,1610612738,1627759,2023-24,Regular Season,2024-05-15,35.9,21.6
0000000106,1610612738,1627759,2023-24,Regular Season,2024-05-21,32.7,20.0
0000000107,1610612738,1627759,2023-24,Regular Season,2024-05-23,33.5,18.8
0000000108,1610612738,1627759,2023-24,Regular Season,2024-05-25,32.9,19.0
0000000109,1610612738,1627759,2023-24,Regular Season,2024-05-27,32.9,19.6
0000000110,1610612738,1627759,2023-24,Regular Season,2024-05-29,30.2,18.4
0000000114,1610612738,1627759,2023-24,Regular Season,2024-06-06,29.8,21.0
0000000119,1610612738,1627759,2023-24,Regular Season,2024-06-16,29.6,22.8
0000000123,1610612738,1627759,2023-24,Regular Season,2024-06-24,29.6,23.2
0000000128,1610612738,1627759,2023-24,Regular Season,2024-07-04,28.3,24.0
0000000133,1610612738,1627759,2023-24,Regular Season,2024-07-14,29.6,25.2
0000000136,1610612738,1627759,2023-24,Regular Season,2024-07-20,32.8,25.0
0000000137,1610612738,1627759,2023-24,Regular Season,2024-07-22,30.1,22.4
0000000138,1610612738,1627759,2023-24,Regular Season,2024-07-24,30.0,21.0
0000000139,1610612738,1627759,2023-24,Regular Season,2024-07-26,30.5,22.6
0000000140,1610612738,1627759,2023-24,Regular Season,2024-07-28,32.1,20.0
0000000144,1610612738,1627759,2023-24,Regular Season,2024-08-05,30.9,20.2
0000000149,1610612738,1627759,2023-24,Regular Season,2024-08-15,33.7,20.4
0000000153,1610612738,1627759,2023-24,Regular Season,2024-08-23,32.8,21.4
0000000158,1610612738,1627759,2023-24,Regular Season,2024-09-02,31.7,20.6
0000000163,1610612738,1627759,2023-24,Regular Season,2024-09-12,30.8,21.6
0000000166,1610612738,1627759,2023-24,Regular Season,2024-09-18,29.9,19.8
0000000167,1610612738,1627759,2023-24,Regular Season,2024-09-20,28.2,19.8
0000000168,1610612738,1627759,2023-24,Regular Season,2024-09-22,28.3,21.0
0000000169,1610612738,1627759,2023-24,Regular Season,2024-09-24,26.5,20.6
0000000170,1610612738,1627759,2023-24,Regular Season,2024-09-26,28.1,21.4
0000000174,1610612738,1627759,2023-24,Regular Season,2024-10-04,27.3,23.4
0000000179,1610612738,1627759,2023-24,Regular Season,2024-10-14,28.6,26.2
0000000003,1610612738,201950,2023-24,Regular Season,2023-10-28,24.6,5.0
0000000008,1610612738,201950,2023-24,Regular Season,2023-11-07,26.2,2.5
0000000013,1610612738,201950,2023-24,Regular Season,2023-11-17,23.6,3.7
0000000016,1610612738,201950,2023-24,Regular Season,2023-11-23,24.6,6.0
0000000017,1610612738,201950,2023-24,Regular Season,2023-11-25,26.8,7.8
0000000018,1610612738,201950,2023-24,Regular Season,2023-11-27,26.1,10.4
0000000019,1610612738,201950,2023-24,Regular Season,2023-11-29,27.7,11.8
0000000020,1610612738,201950,2023-24,Regular Season,2023-12-01,28.1,13.6
0000000024,1610612738,201950,2023-24,Regular Season,2023-12-09,28.1,13.8
0000000029,1610612738,201950,2023-24,Regular Season,2023-12-19,25.8,12.8
0000000033,1610612738,201950,2023-24,Regular Season,2023-12-27,25.6,10.2
0000000038,1610612738,201950,2023-24,Regular Season,2024-01-06,23.5,13.2
0000000043,1610612738,201950,2023-24,Regular Season,2024-01-16,26.8,12.0
0000000046,1610612738,201950,2023-24,Regular Season,2024-01-22,28.2,15.0
0000000047,1610612738,201950,2023-24,Regular Season,2024-01-24,29.9,16.0
0000000048,1610612738,201950,2023-24,Regular Season,2024-01-26,31.2,17.0
0000000049,1610612738,201950,2023-24,Regular Season,2024-01-28,33.2,16.6
0000000050,1610612738,201950,2023-24,Regular Season,2024-01-30,31.6,16.6
0000000054,1610612738,201950,2023-24,Regular Season,2024-02-07,31.0,11.8
0000000059,1610612738,201950,2023-24,Regular Season,2024-02-17,29.6,9.0
0000000063,1610612738,201950,2023-24,Regular Season,2024-02-25,27.9,10.4
0000000068,1610612738,201950,2023-24,Regular Season,2024-03-06,28.3,7.4
0000000073,1610612738,201950,2023-24,Regular Season,2024-03-16,27.5,7.0
0000000076,1610612738,201950,2023-24,Regular Season,2024-03-22,27.7,9.2
0000000077,1610612738,201950,2023-24,Regular Season,2024-03-24,29.9,13.2
0000000078,1610612738,201950,2023-24,Regular Season,2024-03-26,32.3,12.6
0000000079,1610612738,201950,2023-24,Regular Season,2024-03-28,31.5,13.2
0000000080,1610612738,201950,2023-24,Regular Season,2024-03-30,33.0,14.6
0000000084,1610612738,201950,2023-24,Regular Season,2024-04-07,30.3,15.2
0000000089,1610612738,201950,2023-24,Regular Season,2024-04-17,28.6,12.0
0000000093,1610612738,201950,2023-24,Regular Season,2024-04-25,26.8,11.2
0000000098,1610612738,201950,2023-24,Regular Season,2024-05-05,25.4,11.4
0000000103,1610612738,201950,2023-24,Regular Season,2024-05-15,25.1,9.0
0000000106,1610612738,201950,2023-24,Regular Season,2024-05-21,27.0,8.4
0000000107,1610612738,201950,2023-24,Regular Season,2024-05-23,25.1,11.4
0000000108,1610612738,201950,2023-24,Regular Season,2024-05-25,26.5,10.2
0000000109,1610612738,201950,2023-24,Regular Season,2024-05-27,27.1,12.2
0000000110,1610612738,201950,2023-24,Regular Season,2024-05-29,27.3,13.8
0000000114,1610612738,201950,2023-24,Regular Season,2024-06-06,29.2,12.6
0000000119,1610612738,201950,2023-24,Regular Season,2024-06-16,32.7,10.6
0000000123,1610612738,201950,2023-24,Regular Season,2024-06-24,31.0,12.8
0000000128,1610612738,201950,2023-24,Regular Season,2024-07-04,29.0,10.6
0000000133,1610612738,201950,2023-24,Regular Season,2024-07-14,27.7,13.8
0000000136,1610612738,201950,2023-24,Regular Season,2024-07-20,25.4,13.0
0000000137,1610612738,201950,2023-24,Regular Season,2024-07-22,23.9,14.0
0000000138,1610612738,201950,2023-24,Regular Season,2024-07-24,24.5,15.2
0000000139,1610612738,201950,2023-24,Regular Season,2024-07-26,26.8,16.0
0000000140,1610612738,201950,2023-24,Regular Season,2024-07-28,29.0,12.6
0000000144,1610612738,201950,2023-24,Regular Season,2024-08-05,30.2,14.6
0000000149,1610612738,201950,2023-24,Regular Season,2024-08-15,30.9,13.0
0000000153,1610612738,201950,2023-24,Regular Season,2024-08-23,32.5,12.2
0000000158,1610612738,201950,2023-24,Regular Season,2024-09-02,31.1,9.8
0000000163,1610612738,201950,2023-24,Regular Season,2024-09-12,30.0,9.6
0000000166,1610612738,201950,2023-24,Regular Season,2024-09-18,30.0,8.4
0000000167,1610612738,201950,2023-24,Regular Season,2024-09-20,28.4,7.6
0000000168,1610612738,201950,2023-24,Regular Season,2024-09-22,26.4,6.6
0000000169,1610612738,201950,2023-24,Regular Season,2024-09-24,27.0,8.4
0000000170,1610612738,201950,2023-24,Regular Season,2024-09-26,24.6,11.2
0000000174,1610612738,201950,2023-24,Regular Season,2024-10-04,23.9,13.2
0000000179,1610612738,201950,2023-24,Regular Season,2024-10-14,23.5,13.6
0000000003,1610612738,1628464,2023-24,Regular Season,2023-10-28,34.9,9.0
0000000008,1610612738,1628464,2023-24,Regular Season,2023-11-07,28.0,15.0
0000000013,1610612738,1628464,2023-24,Regular Season,2023-11-17,27.5,12.7
0000000016,1610612738,1628464,2023-24,Regular Season,2023-11-23,26.5,12.8
0000000017,1610612738,1628464,2023-24,Regular Season,2023-11-25,25.6,13.0
0000000018,1610612738,1628464,2023-24,Regular Season,2023-11-27,22.5,13.4
0000000019,1610612738,1628464,2023-24,Regular Season,2023-11-29,22.0,12.4
0000000020,1610612738,1628464,2023-24,Regular Season,2023-12-01,20.6,14.6
0000000024,1610612738,1628464,2023-24,Regular Season,2023-12-09,22.0,14.8
0000000029,1610612738,1628464,2023-24,Regular Season,2023-12-19,22.6,14.2
0000000033,1610612738,1628464,2023-24,Regular Season,2023-12-27,23.1,14.2
0000000038,1610612738,1628464,2023-24,Regular Season,2024-01-06,25.0,13.0
0000000043,1610612738,1628464,2023-24,Regular Season,2024-01-16,28.5,11.6
0000000046,1610612738,1628464,2023-24,Regular Season,2024-01-22,27.3,12.6
0000000047,1610612738,1628464,2023-24,Regular Season,2024-01-24,29.5,14.6
0000000048,1610612738,1628464,2023-24,Regular Season,2024-01-26,32.4,14.2
0000000049,1610612738,1628464,2023-24,Regular Season,2024-01-28,30.5,14.4
0000000050,1610612738,1628464,2023-24,Regular Season,2024-01-30,29.3,15.0
0000000054,1610612738,1628464,2023-24,Regular Season,2024-02-07,28.7,14.2
0000000059,1610612738,1628464,2023-24,Regular Season,2024-02-17,26.2,12.2
0000000063,1610612738,1628464,2023-24,Regular Season,2024-02-25,25.3,14.6
0000000068,1610612738,1628464,2023-24,Regular Season,2024-03-06,29.2,16.6
0000000073,1610612738,1628464,2023-24,Regular Season,2024-03-16,30.5,17.8
0000000076,1610612738,1628464,2023-24,Regular Season,2024-03-22,33.7,20.0
0000000077,1610612738,1628464,2023-24,Regular Season,2024-03-24,32.8,19.2
0000000078,1610612738,1628464,2023-24,Regular Season,2024-03-26,33.5,17.2
0000000079,1610612738,1628464,2023-24,Regular Season,2024-03-28,31.2,17.8
0000000080,1610612738,1628464,2023-24,Regular Season,2024-03-30,28.7,17.8
0000000084,1610612738,1628464,2023-24,Regular Season,2024-04-07,26.5,16.0
0000000089,1610612738,1628464,2023-24,Regular Season,2024-04-17,29.8,16.8
0000000093,1610612738,1628464,2023-24,Regular Season,2024-04-25,26.9,16.8
0000000098,1610612738,1628464,2023-24,Regular Season,2024-05-05,25.9,16.6
0000000103,1610612738,1628464,2023-24,Regular Season,2024-05-15,25.6,16.6
0000000106,1610612738,1628464,2023-24,Regular Season,2024-05-21,26.6,16.2
0000000107,1610612738,1628464,2023-24,Regular Season,2024-05-23,24.6,17.0
0000000108,1610612738,1628464,2023-24,Regular Season,2024-05-25,27.7,18.4
0000000109,1610612738,1628464,2023-24,Regular Season,2024-05-27,27.6,17.4
0000000110,1610612738,1628464,2023-24,Regular Season,2024-05-29,26.5,16.2
0000000114,1610612738,1628464,2023-24,Regular Season,2024-06-06,24.4,16.4
0000000119,1610612738,1628464,2023-24,Regular Season,2024-06-16,23.2,16.8
0000000123,1610612738,1628464,2023-24,Regular Season,2024-06-24,21.1,16.6
0000000128,1610612738,1628464,2023-24,Regular Season,2024-07-04,22.4,17.4
0000000133,1610612738,1628464,2023-24,Regular Season,2024-07-14,23.4,19.6
0000000136,1610612738,1628464,2023-24,Regular Season,2024-07-20,25.7,21.8
0000000137,1610612738,1628464,2023-24,Regular Season,2024-07-22,26.1,20.0
0000000138,1610612738,1628464,2023-24,Regular Season,2024-07-24,28.5,20.6
0000000139,1610612738,1628464,2023-24,Regular Season,2024-07-26,28.2,20.2
0000000140,1610612738,1628464,2023-24,Regular Season,2024-07-28,29.6,18.4
0000000144,1610612738,1628464,2023-24,Regular Season,2024-08-05,29.3,17.0
0000000149,1610612738,1628464,2023-24,Regular Season,2024-08-15,30.5,16.6
0000000153,1610612738,1628464,2023-24,Regular Season,2024-08-23,29.1,15.8
0000000158,1610612738,1628464,2023-24,Regular Season,2024-09-02,28.6,14.8
0000000163,1610612738,1628464,2023-24,Regular Season,2024-09-12,29.5,14.2
0000000166,1610612738,1628464,2023-24,Regular Season,2024-09-18,28.8,15.6
0000000167,1610612738,1628464,2023-24,Regular Season,2024-09-20,26.8,15.8
0000000168,1610612738,1628464,2023-24,Regular Season,2024-09-22,26.8,14.2
0000000169,1610612738,1628464,2023-24,Regular Season,2024-09-24,27.6,13.8
0000000170,1610612738,1628464,2023-24,Regular Season,2024-09-26,24.2,12.2
0000000174,1610612738,1628464,2023-24,Regular Season,2024-10-04,26.3,9.2
0000000179,1610612738,1628464,2023-24,Regular Season,2024-10-14,27.7,8.0
0000000003,1610612738,203935,2023-24,Regular Season,2023-10-28,29.4,23.0
0000000008,1610612738,203935,2023-24,Regular Season,2023-11-07,26.0,25.0
0000000013,1610612738,203935,2023-24,Regular Season,2023-11-17,28.2,20.7
0000000016,1610612738,203935,2023-24,Regular Season,2023-11-23,29.8,19.8
0000000017,1610612738,203935,2023-24,Regular Season,2023-11-25,30.2,19.0
0000000018,1610612738,203935,2023-24,Regular Season,2023-11-27,29.6,18.2
0000000019,1610612738,203935,2023-24,Regular Season,2023-11-29,31.6,18.0
0000000020,1610612738,203935,2023-24,Regular Season,2023-12-01,30.8,20.0
0000000024,1610612738,203935,2023-24,Regular Season,2023-12-09,28.2,19.6
0000000029,1610612738,203935,2023-24,Regular Season,2023-12-19,28.4,22.6
0000000033,1610612738,203935,2023-24,Regular Season,2023-12-27,30.5,22.6
0000000038,1610612738,203935,2023-24,Regular Season,2024-01-06,29.4,18.2
0000000043,1610612738,203935,2023-24,Regular Season,2024-01-16,29.4,18.6
0000000046,1610612738,203935,2023-24,Regular Season,2024-01-22,32.4,20.6
0000000047,1610612738,203935,2023-24,Regular Season,2024-01-24,31.3,18.8
0000000048,1610612738,203935,2023-24,Regular Season,2024-01-26,29.7,18.8
0000000049,1610612738,203935,2023-24,Regular Season,2024-01-28,31.7,19.8
0000000050,1610612738,203935,2023-24,Regular Season,2024-01-30,29.7,17.2
0000000054,1610612738,203935,2023-24,Regular Season,2024-02-07,27.8,18.8
0000000059,1610612738,203935,2023-24,Regular Season,2024-02-17,26.6,17.2
0000000063,1610612738,203935,2023-24,Regular Season,2024-02-25,26.9,18.2
0000000068,1610612738,203935,2023-24,Regular Season,2024-03-06,23.6,22.4
0000000073,1610612738,203935,2023-24,Regular Season,2024-03-16,23.7,22.8
0000000076,1610612738,203935,2023-24,Regular Season,2024-03-22,24.8,19.2
0000000077,1610612738,203935,2023-24,Regular Season,2024-03-24,25.0,21.0
0000000078,1610612738,203935,2023-24,Regular Season,2024-03-26,22.6,20.0
0000000079,1610612738,203935,2023-24,Regular Season,2024-03-28,23.8,18.0
0000000080,1610612738,203935,2023-24,Regular Season,2024-03-30,23.6,20.2
0000000084,1610612738,203935,2023-24,Regular Season,2024-04-07,24.5,22.2
0000000089,1610612738,203935,2023-24,Regular Season,2024-04-17,27.2,22.8
0000000093,1610612738,203935,2023-24,Regular Season,2024-04-25,29.5,22.0
0000000098,1610612738,203935,2023-24,Regular Season,2024-05-05,30.1,21.8
0000000103,1610612738,203935,2023-24,Regular Season,2024-05-15,32.1,21.2
0000000106,1610612738,203935,2023-24,Regular Season,2024-05-21,29.8,20.0
0000000107,1610612738,203935,2023-24,Regular Season,2024-05-23,29.4,20.0
0000000108,1610612738,203935,2023-24,Regular Season,2024-05-25,28.6,19.2
0000000109,1610612738,203935,2023-24,Regular Season,2024-05-27,28.7,17.4
0000000110,1610612738,203935,2023-24,Regular Season,2024-05-29,26.9,17.8
0000000114,1610612738,203935,2023-24,Regular Season,2024-06-06,26.9,17.8
0000000119,1610612738,203935,2023-24,Regular Season,2024-06-16,25.0,14.8
0000000123,1610612738,203935,2023-24,Regular Season,2024-06-24,26.4,17.6
0000000128,1610612738,203935,2023-24,Regular Season,2024-07-04,27.5,19.0
0000000133,1610612738,203935,2023-24,Regular Season,2024-07-14,30.3,17.2
0000000136,1610612738,203935,2023-24,Regular Season,2024-07-20,29.7,16.6
0000000137,1610612738,203935,2023-24,Regular Season,2024-07-22,29.3,16.4
0000000138,1610612738,203935,2023-24,Regular Season,2024-07-24,29.4,15.4
0000000139,1610612738,203935,2023-24,Regular Season,2024-07-26,27.5,15.4
0000000140,1610612738,203935,2023-24,Regular Season,2024-07-28,24.6,14.8
0000000144,1610612738,203935,2023-24,Regular Season,2024-08-05,26.9,17.4
0000000149,1610612738,203935,2023-24,Regular Season,2024-08-15,26.5,19.2
0000000153,1610612738,203935,2023-24,Regular Season,2024-08-23,27.1,19.8
0000000158,1610612738,203935,2023-24,Regular Season,2024-09-02,28.1,20.0
0000000163,1610612738,203935,2023-24,Regular Season,2024-09-12,28.7,21.6
0000000166,1610612738,203935,2023-24,Regular Season,2024-09-18,26.5,19.6
0000000167,1610612738,203935,2023-24,Regular Season,2024-09-20,28.4,20.0
0000000168,1610612738,203935,2023-24,Regular Season,2024-09-22,24.8,18.2
0000000169,1610612738,203935,2023-24,Regular Season,2024-09-24,22.7,18.0
0000000170,1610612738,203935,2023-24,Regular Season,2024-09-26,22.7,17.2
0000000174,1610612738,203935,2023-24,Regular Season,2024-10-04,23.1,18.4
0000000179,1610612738,203935,2023-24,Regular Season,2024-10-14,21.2,19.0
0000000003,1610612738,1629057,2023-24,Regular Season,2023-10-28,23.5,0.0
0000000008,1610612738,1629057,2023-24,Regular Season,2023-11-07,23.4,0.0
0000000013,1610612738,1629057,2023-24,Regular Season,2023-11-17,27.5,0.0
0000000016,1610612738,1629057,2023-24,Regular Season,2023-11-23,29.0,2.0
0000000017,1610612738,1629057,2023-24,Regular Season,2023-11-25,29.9,3.4
0000000018,1610612738,1629057,2023-24,Regular Season,2023-11-27,31.4,3.6
0000000019,1610612738,1629057,2023-24,Regular Season,2023-11-29,32.8,6.0
0000000020,1610612738,1629057,2023-24,Regular Season,2023-12-01,31.6,7.8
0000000024,1610612738,1629057,2023-24,Regular Season,2023-12-09,29.3,6.2
0000000029,1610612738,1629057,2023-24,Regular Season,2023-12-19,27.0,6.0
0000000033,1610612738,1629057,2023-24,Regular Season,2023-12-27,26.8,6.4
0000000038,1610612738,1629057,2023-24,Regular Season,2024-01-06,27.3,4.0
0000000043,1610612738,1629057,2023-24,Regular Season,2024-01-16,26.4,3.8
0000000046,1610612738,1629057,2023-24,Regular Season,2024-01-22,28.2,5.8
0000000047,1610612738,1629057,2023-24,Regular Season,2024-01-24,28.9,5.4
0000000048,1610612738,1629057,2023-24,Regular Season,2024-01-26,29.5,6.4
0000000049,1610612738,1629057,2023-24,Regular Season,2024-01-28,26.8,9.4
0000000050,1610612738,1629057,2023-24,Regular Season,2024-01-30,27.5,8.8
0000000054,1610612738,1629057,2023-24,Regular Season,2024-02-07,27.6,7.6
0000000059,1610612738,1629057,2023-24,Regular Season,2024-02-17,28.1,8.4
0000000063,1610612738,1629057,2023-24,Regular Season,2024-02-25,26.1,7.2
0000000068,1610612738,1629057,2023-24,Regular Season,2024-03-06,28.0,5.4
0000000073,1610612738,1629057,2023-24,Regular Season,2024-03-16,27.8,7.2
0000000076,1610612738,1629057,2023-24,Regular Season,2024-03-22,25.2,6.8
0000000077,1610612738,1629057,2023-24,Regular Season,2024-03-24,26.5,4.8
0000000078,1610612738,1629057,2023-24,Regular Season,2024-03-26,27.2,4.8
0000000079,1610612738,1629057,2023-24,Regular Season,2024-03-28,25.2,4.4
0000000080,1610612738,1629057,2023-24,Regular Season,2024-03-30,26.9,1.6
0000000084,1610612738,1629057,2023-24,Regular Season,2024-04-07,29.0,2.2
0000000089,1610612738,1629057,2023-24,Regular Season,2024-04-17,27.5,4.0
0000000093,1610612738,1629057,2023-24,Regular Season,2024-04-25,26.3,5.8
0000000098,1610612738,1629057,2023-24,Regular Season,2024-05-05,29.5,5.2
0000000103,1610612738,1629057,2023-24,Regular Season,2024-05-15,27.0,6.0
0000000106,1610612738,1629057,2023-24,Regular Season,2024-05-21,26.8,7.6
0000000107,1610612738,1629057,2023-24,Regular Season,2024-05-23,28.6,8.2
0000000108,1610612738,1629057,2023-24,Regular Season,2024-05-25,28.6,6.0
0000000109,1610612738,1629057,2023-24,Regular Season,2024-05-27,26.4,5.8
0000000110,1610612738,1629057,2023-24,Regular Season,2024-05-29,26.9,7.6
0000000114,1610612738,1629057,2023-24,Regular Season,2024-06-06,28.9,7.4
0000000119,1610612738,1629057,2023-24,Regular Season,2024-06-16,27.0,8.8
0000000123,1610612738,1629057,2023-24,Regular Season,2024-06-24,26.5,8.8
0000000128,1610612738,1629057,2023-24,Regular Season,2024-07-04,29.1,10.4
0000000133,1610612738,1629057,2023-24,Regular Season,2024-07-14,27.9,10.6
0000000136,1610612738,1629057,2023-24,Regular Season,2024-07-20,27.4,8.2
0000000137,1610612738,1629057,2023-24,Regular Season,2024-07-22,25.9,8.2
0000000138,1610612738,1629057,2023-24,Regular Season,2024-07-24,28.1,9.8
0000000139,1610612738,1629057,2023-24,Regular Season,2024-07-26,27.5,11.0
0000000140,1610612738,1629057,2023-24,Regular Season,2024-07-28,28.3,11.2
0000000144,1610612738,1629057,2023-24,Regular Season,2024-08-05,28.8,11.6
0000000149,1610612738,1629057,2023-24,Regular Season,2024-08-15,32.3,8.2
0000000153,1610612738,1629057,2023-24,Regular Season,2024-08-23,31.1,9.0
0000000158,1610612738,1629057,2023-24,Regular Season,2024-09-02,29.1,9.4
0000000163,1610612738,1629057,2023-24,Regular Season,2024-09-12,29.3,9.2
0000000166,1610612738,1629057,2023-24,Regular Season,2024-09-18,28.8,11.2
0000000167,1610612738,1629057,2023-24,Regular Season,2024-09-20,28.1,11.2
0000000168,1610612738,1629057,2023-24,Regular Season,2024-09-22,28.0,9.0
0000000169,1610612738,1629057,2023-24,Regular Season,2024-09-24,28.0,9.6
0000000170,1610612738,1629057,2023-24,Regular Season,2024-09-26,29.0,7.4
0000000174,1610612738,1629057,2023-24,Regular Season,2024-10-04,27.6,6.2
0000000179,1610612738,1629057,2023-24,Regular Season,2024-10-14,26.5,6.6
0000000004,1610612752,1628973,2023-24,Regular Season,2023-10-30,36.4,24.0
0000000009,1610612752,1628973,2023-24,Regular Season,2023-11-09,29.3,22.0
0000000014,1610612752,1628973,2023-24,Regular Season,2023-11-19,27.3,21.7
0000000019,1610612752,1628973,2023-24,Regular Season,2023-11-29,28.2,23.3
0000000021,1610612752,1628973,2023-24,Regular Season,2023-12-03,29.9,23.0
0000000022,1610612752,1628973,2023-24,Regular Season,2023-12-05,27.8,23.8
0000000023,1610612752,1628973,2023-24,Regular Season,2023-12-07,27.1,26.2
0000000024,1610612752,1628973,2023-24,Regular Season,2023-12-09,26.9,26.6
0000000025,1610612752,1628973,2023-24,Regular Season,2023-12-11,28.2,25.8
0000000030,1610612752,1628973,2023-24,Regular Season,2023-12-21,25.9,26.4
0000000034,1610612752,1628973,2023-24,Regular Season,2023-12-29,26.3,25.4
0000000039,1610612752,1628973,2023-24,Regular Season,2024-01-08,28.3,22.2
0000000044,1610612752,1628973,2023-24,Regular Season,2024-01-18,28.6,25.4
0000000049,1610612752,1628973,2023-24,Regular Season,2024-01-28,25.8,25.0
0000000051,1610612752,1628973,2023-24,Regular Season,2024-02-01,25.1,24.0
0000000052,1610612752,1628973,2023-24,Regular Season,2024-02-03,26.3,23.4
0000000053,1610612752,1628973,2023-24,Regular Season,2024-02-05,27.2,24.4
0000000054,1610612752,1628973,2023-24,Regular Season,2024-02-07,26.1,23.2
0000000055,1610612752,1628973,2023-24,Regular Season,2024-02-09,27.3,23.2
0000000060,1610612752,1628973,2023-24,Regular Season,2024-02-19,28.0,23.2
0000000064,1610612752,1628973,2023-24,Regular Season,2024-02-27,26.8,23.6
0000000069,1610612752,1628973,2023-24,Regular Season,2024-03-08,26.6,23.8
0000000074,1610612752,1628973,2023-24,Regular Season,2024-03-18,27.7,22.2
0000000079,1610612752,1628973,2023-24,Regular Season,2024-03-28,26.8,19.8
0000000081,1610612752,1628973,2023-24,Regular Season,2024-04-01,28.0,20.0
0000000082,1610612752,1628973,2023-24,Regular Season,2024-04-03,27.9,23.0
0000000083,1610612752,1628973,2023-24,Regular Season,2024-04-05,27.6,25.2
0000000084,1610612752,1628973,2023-24,Regular Season,2024-04-07,28.3,26.6
0000000085,1610612752,1628973,2023-24,Regular Season,2024-04-09,29.3,29.8
0000000090,1610612752,1628973,2023-24,Regular Season,2024-04-19,29.1,32.6
0000000094,1610612752,1628973,2023-24,Regular Season,2024-04-27,27.7,28.6
0000000099,1610612752,1628973,2023-24,Regular Season,2024-05-07,27.2,28.4
0000000104,1610612752,1628973,2023-24,Regular Season,2024-05-17,27.7,26.6
0000000109,1610612752,1628973,2023-24,Regular Season,2024-05-27,28.3,26.4
0000000111,1610612752,1628973,2023-24,Regular Season,2024-05-31,28.7,25.0
0000000112,1610612752,1628973,2023-24,Regular Season,2024-06-02,31.0,23.6
0000000113,1610612752,1628973,2023-24,Regular Season,2024-06-04,31.8,22.0
0000000114,1610612752,1628973,2023-24,Regular Season,2024-06-06,31.1,24.8
0000000115,1610612752,1628973,2023-24,Regular Season,2024-06-08,30.5,26.2
0000000120,1610612752,1628973,2023-24,Regular Season,2024-06-18,29.3,25.8
0000000124,1610612752,1628973,2023-24,Regular Season,2024-06-26,30.5,29.4
0000000129,1610612752,1628973,2023-24,Regular Season,2024-07-06,30.2,28.8
0000000134,1610612752,1628973,2023-24,Regular Season,2024-07-16,31.3,26.2
0000000139,1610612752,1628973,2023-24,Regular Season,2024-07-26,32.5,25.0
0000000141,1610612752,1628973,2023-24,Regular Season,2024-07-30,31.2,25.6
0000000142,1610612752,1628973,2023-24,Regular Season,2024-08-01,27.5,23.2
0000000143,1610612752,1628973,2023-24,Regular Season,2024-08-03,25.2,22.4
0000000144,1610612752,1628973,2023-24,Regular Season,2024-08-05,22.8,21.6
0000000145,1610612752,1628973,2023-24,Regular Season,2024-08-07,22.6,21.0
0000000150,1610612752,1628973,2023-24,Regular Season,2024-08-17,23.2,21.6
0000000154,1610612752,1628973,2023-24,Regular Season,2024-08-25,26.0,23.6
0000000159,1610612752,1628973,2023-24,Regular Season,2024-09-04,26.8,23.8
0000000164,1610612752,1628973,2023-24,Regular Season,2024-09-14,29.1,24.8
0000000169,1610612752,1628973,2023-24,Regular Season,2024-09-24,27.3,26.2
0000000171,1610612752,1628973,2023-24,Regular Season,2024-09-28,30.0,26.2
0000000172,1610612752,1628973,2023-24,Regular Season,2024-09-30,30.9,26.2
0000000173,1610612752,1628973,2023-24,Regular Season,2024-10-02,32.9,28.0
0000000174,1610612752,1628973,2023-24,Regular Season,2024-10-04,30.8,27.0
0000000175,1610612752,1628973,2023-24,Regular Season,2024-10-06,32.5,25.0
0000000180,1610612752,1628973,2023-24,Regular Season,2024-10-16,31.0,24.2
0000000004,1610612752,1626157,2023-24,Regular Season,2023-10-30,26.8,16.0
0000000009,1610612752,1626157,2023-24,Regular Season,2023-11-09,28.1,16.5
0000000014,1610612752,1626157,2023-24,Regular Season,2023-11-19,25.3,17.3
0000000019,1610612752,1626157,2023-24,Regular Season,2023-11-29,27.3,18.3
0000000021,1610612752,1626157,2023-24,Regular Season,2023-12-03,29.4,18.2
0000000022,1610612752,1626157,2023-24,Regular Season,2023-12-05,28.0,20.2
0000000023,1610612752,1626157,2023-24,Regular Season,2023-12-07,28.5,20.8
0000000024,1610612752,1626157,2023-24,Regular Season,2023-12-09,28.6,23.0
0000000025,1610612752,1626157,2023-24,Regular Season,2023-12-11,27.3,24.6
0000000030,1610612752,1626157,2023-24,Regular Season,2023-12-21,24.5,28.0
0000000034,1610612752,1626157,2023-24,Regular Season,2023-12-29,27.3,26.0
0000000039,1610612752,1626157,2023-24,Regular Season,2024-01-08,25.1,26.6
0000000044,1610612752,1626157,2023-24,Regular Season,2024-01-18,24.7,24.0
0000000049,1610612752,1626157,2023-24,Regular Season,2024-01-28,22.9,22.4
0000000051,1610612752,1626157,2023-24,Regular Season,2024-02-01,22.7,17.2
0000000052,1610612752,1626157,2023-24,Regular Season,2024-02-03,21.6,17.2
0000000053,1610612752,1626157,2023-24,Regular Season,2024-02-05,21.3,14.8
0000000054,1610612752,1626157,2023-24,Regular Season,2024-02-07,22.1,16.0
0000000055,1610612752,1626157,2023-24,Regular Season,2024-02-09,25.6,16.6
0000000060,1610612752,1626157,2023-24,Regular Season,2024-02-19,27.0,17.0
0000000064,1610612752,1626157,2023-24,Regular Season,2024-02-27,27.4,18.6
0000000069,1610612752,1626157,2023-24,Regular Season,2024-03-08,30.6,21.0
0000000074,1610612752,1626157,2023-24,Regular Season,2024-03-18,31.9,19.8
0000000079,1610612752,1626157,2023-24,Regular Season,2024-03-28,30.0,19.8
0000000081,1610612752,1626157,2023-24,Regular Season,2024-04-01,28.4,22.6
0000000082,1610612752,1626157,2023-24,Regular Season,2024-04-03,28.9,21.8
0000000083,1610612752,1626157,2023-24,Regular Season,2024-04-05,28.7,22.4
0000000084,1610612752,1626157,2023-24,Regular Season,2024-04-07,29.7,24.0
0000000085,1610612752,1626157,2023-24,Regular Season,2024-04-09,30.3,23.4
0000000090,1610612752,1626157,2023-24,Regular Season,2024-04-19,30.3,24.6
0000000094,1610612752,1626157,2023-24,Regular Season,2024-04-27,28.2,24.8
0000000099,1610612752,1626157,2023-24,Regular Season,2024-05-07,28.0,24.8
0000000104,1610612752,1626157,2023-24,Regular Season,2024-05-17,26.0,22.2
0000000109,1610612752,1626157,2023-24,Regular Season,2024-05-27,25.0,21.2
0000000111,1610612752,1626157,2023-24,Regular Season,2024-05-31,24.9,21.0
0000000112,1610612752,1626157,2023-24,Regular Season,2024-06-02,24.9,21.4
0000000113,1610612752,1626157,2023-24,Regular Season,2024-06-04,22.2,21.8
0000000114,1610612752,1626157,2023-24,Regular Season,2024-06-06,23.7,24.0
0000000115,1610612752,1626157,2023-24,Regular Season,2024-06-08,23.3,25.2
0000000120,1610612752,1626157,2023-24,Regular Season,2024-06-18,24.7,22.8
0000000124,1610612752,1626157,2023-24,Regular Season,2024-06-26,27.3,21.4
0000000129,1610612752,1626157,2023-24,Regular Season,2024-07-06,27.2,20.2
0000000134,1610612752,1626157,2023-24,Regular Season,2024-07-16,26.4,20.0
0000000139,1610612752,1626157,2023-24,Regular Season,2024-07-26,26.6,21.2
0000000141,1610612752,1626157,2023-24,Regular Season,2024-07-30,25.4,23.0
0000000142,1610612752,1626157,2023-24,Regular Season,2024-08-01,25.9,25.6
0000000143,1610612752,1626157,2023-24,Regular Season,2024-08-03,26.7,24.2
0000000144,1610612752,1626157,2023-24,Regular Season,2024-08-05,25.2,26.0
0000000145,1610612752,1626157,2023-24,Regular Season,2024-08-07,25.6,24.6
0000000150,1610612752,1626157,2023-24,Regular Season,2024-08-17,28.0,25.2
0000000154,1610612752,1626157,2023-24,Regular Season,2024-08-25,26.3,22.4
0000000159,1610612752,1626157,2023-24,Regular Season,2024-09-04,25.4,24.8
0000000164,1610612752,1626157,2023-24,Regular Season,2024-09-14,27.8,21.8
0000000169,1610612752,1626157,2023-24,Regular Season,2024-09-24,27.1,24.6
0000000171,1610612752,1626157,2023-24,Regular Season,2024-09-28,27.0,22.0
0000000172,1610612752,1626157,2023-24,Regular Season,2024-09-30,26.7,21.8
0000000173,1610612752,1626157,2023-24,Regular Season,2024-10-02,29.5,21.8
0000000174,1610612752,1626157,2023-24,Regular Season,2024-10-04,27.7,24.8
0000000175,1610612752,1626157,2023-24,Regular Season,2024-10-06,29.0,20.4
0000000180,1610612752,1626157,2023-24,Regular Season,2024-10-16,28.7,20.6
0000000004,1610612752,1629628,2023-24,Regular Season,2023-10-30,27.6,3.0
0000000009,1610612752,1629628,2023-24,Regular Season,2023-11-09,23.7,14.0
0000000014,1610612752,1629628,2023-24,Regular Season,2023-11-19,24.9,17.0
0000000019,1610612752,1629628,2023-24,Regular Season,2023-11-29,26.7,17.0
0000000021,1610612752,1629628,2023-24,Regular Season,2023-12-03,26.2,17.8
0000000022,1610612752,1629628,2023-24,Regular Season,2023-12-05,25.4,20.2
0000000023,1610612752,1629628,2023-24,Regular Season,2023-12-07,26.5,19.4
0000000024,1610612752,1629628,2023-24,Regular Season,2023-12-09,27.4,17.4
0000000025,1610612752,1629628,2023-24,Regular Season,2023-12-11,28.1,17.2
0000000030,1610612752,1629628,2023-24,Regular Season,2023-12-21,30.3,16.8
0000000034,1610612752,1629628,2023-24,Regular Season,2023-12-29,32.1,16.6
0000000039,1610612752,1629628,2023-24,Regular Season,2024-01-08,33.1,17.2
0000000044,1610612752,1629628,2023-24,Regular Season,2024-01-18,34.3,18.8
0000000049,1610612752,1629628,2023-24,Regular Season,2024-01-28,33.0,16.8
0000000051,1610612752,1629628,2023-24,Regular Season,2024-02-01,32.6,17.2
0000000052,1610612752,1629628,2023-24,Regular Season,2024-02-03,31.1,17.8
0000000053,1610612752,1629628,2023-24,Regular Season,2024-02-05,31.0,16.0
0000000054,1610612752,1629628,2023-24,Regular Season,2024-02-07,30.4,18.6
0000000055,1610612752,1629628,2023-24,Regular Season,2024-02-09,31.8,20.2
0000000060,1610612752,1629628,2023-24,Regular Season,2024-02-19,31.7,22.0
0000000064,1610612752,1629628,2023-24,Regular Season,2024-02-27,31.0,21.6
0000000069,1610612752,1629628,2023-24,Regular Season,2024-03-08,32.0,22.2
0000000074,1610612752,1629628,2023-24,Regular Season,2024-03-18,31.3,18.0
0000000079,1610612752,1629628,2023-24,Regular Season,2024-03-28,31.8,18.8
0000000081,1610612752,1629628,2023-24,Regular Season,2024-04-01,32.5,18.8
0000000082,1610612752,1629628,2023-24,Regular Season,2024-04-03,33.1,18.0
0000000083,1610612752,1629628,2023-24,Regular Season,2024-04-05,31.7,18.8
0000000084,1610612752,1629628,2023-24,Regular Season,2024-04-07,29.9,21.8
0000000085,1610612752,1629628,2023-24,Regular Season,2024-04-09,26.8,21.6
0000000090,1610612752,1629628,2023-24,Regular Season,2024-04-19,26.9,17.4
0000000094,1610612752,1629628,2023-24,Regular Season,2024-04-27,26.7,19.6
0000000099,1610612752,1629628,2023-24,Regular Season,2024-05-07,27.3,20.4
0000000104,1610612752,1629628,2023-24,Regular Season,2024-05-17,29.2,17.4
0000000109,1610612752,1629628,2023-24,Regular Season,2024-05-27,31.8,19.4
0000000111,1610612752,1629628,2023-24,Regular Season,2024-05-31,31.4,19.4
0000000112,1610612752,1629628,2023-24,Regular Season,2024-06-02,34.3,16.0
0000000113,1610612752,1629628,2023-24,Regular Season,2024-06-04,35.1,15.8
0000000114,1610612752,1629628,2023-24,Regular Season,2024-06-06,36.3,16.6
0000000115,1610612752,1629628,2023-24,Regular Season,2024-06-08,35.2,15.2
0000000120,1610612752,1629628,2023-24,Regular Season,2024-06-18,34.7,17.0
0000000124,1610612752,1629628,2023-24,Regular Season,2024-06-26,31.6,20.0
0000000129,1610612752,1629628,2023-24,Regular Season,2024-07-06,32.0,18.8
0000000134,1610612752,1629628,2023-24,Regular Season,2024-07-16,31.7,18.8
0000000139,1610612752,1629628,2023-24,Regular Season,2024-07-26,32.8,17.8
0000000141,1610612752,1629628,2023-24,Regular Season,2024-07-30,32.8,19.0
0000000142,1610612752,1629628,2023-24,Regular Season,2024-08-01,34.7,19.2
0000000143,1610612752,1629628,2023-24,Regular Season,2024-08-03,32.5,18.6
0000000144,1610612752,1629628,2023-24,Regular Season,2024-08-05,32.7,17.6
0000000145,1610612752,1629628,2023-24,Regular Season,2024-08-07,29.5,18.2
0000000150,1610612752,1629628,2023-24,Regular Season,2024-08-17,29.1,16.8
0000000154,1610612752,1629628,2023-24,Regular Season,2024-08-25,26.6,18.6
0000000159,1610612752,1629628,2023-24,Regular Season,2024-09-04,27.9,19.6
0000000164,1610612752,1629628,2023-24,Regular Season,2024-09-14,27.7,21.6
0000000169,1610612752,1629628,2023-24,Regular Season,2024-09-24,28.4,21.0
0000000171,1610612752,1629628,2023-24,Regular Season,2024-09-28,27.0,21.2
0000000172,1610612752,1629628,2023-24,Regular Season,2024-09-30,29.9,22.2
0000000173,1610612752,1629628,2023-24,Regular Season,2024-10-02,28.6,22.2
0000000174,1610612752,1629628,2023-24,Regular Season,2024-10-04,27.0,20.6
0000000175,1610612752,1629628,2023-24,Regular Season,2024-10-06,29.3,23.0
0000000180,1610612752,1629628,2023-24,Regular Season,2024-10-16,30.4,20.6
0000000004,1610612752,1630193,2023-24,Regular Season,2023-10-30,22.6,8.0
0000000009,1610612752,1630193,2023-24,Regular Season,2023-11-09,25.7,7.5
0000000014,1610612752,1630193,2023-24,Regular Season,2023-11-19,28.4,7.7
0000000019,1610612752,1630193,2023-24,Regular Season,2023-11-29,30.7,8.5
0000000021,1610612752,1630193,2023-24,Regular Season,2023-12-03,29.7,8.6
0000000022,1610612752,1630193,2023-24,Regular Season,2023-12-05,32.2,10.6
0000000023,1610612752,1630193,2023-24,Regular Season,2023-12-07,30.4,14.2
0000000024,1610612752,1630193,2023-24,Regular Season,2023-12-09,30.9,14.0
0000000025,1610612752,1630193,2023-24,Regular Season,2023-12-11,30.5,14.0
0000000030,1610612752,1630193,2023-24,Regular Season,2023-12-21,32.5,15.6
0000000034,1610612752,1630193,2023-24,Regular Season,2023-12-29,30.4,17.0
0000000039,1610612752,1630193,2023-24,Regular Season,2024-01-08,32.4,12.2
0000000044,1610612752,1630193,2023-24,Regular Season,2024-01-18,29.8,13.4
0000000049,1610612752,1630193,2023-24,Regular Season,2024-01-28,28.3,11.2
0000000051,1610612752,1630193,2023-24,Regular Season,2024-02-01,28.4,9.0
0000000052,1610612752,1630193,2023-24,Regular Season,2024-02-03,30.7,4.6
0000000053,1610612752,1630193,2023-24,Regular Season,2024-02-05,31.4,8.4
0000000054,1610612752,1630193,2023-24,Regular Season,2024-02-07,33.3,7.8
0000000055,1610612752,1630193,2023-24,Regular Season,2024-02-09,33.6,10.4
0000000060,1610612752,1630193,2023-24,Regular Season,2024-02-19,30.9,12.2
0000000064,1610612752,1630193,2023-24,Regular Season,2024-02-27,29.2,14.6
0000000069,1610612752,1630193,2023-24,Regular Season,2024-03-08,30.0,12.2
0000000074,1610612752,1630193,2023-24,Regular Season,2024-03-18,29.8,10.2
0000000079,1610612752,1630193,2023-24,Regular Season,2024-03-28,31.1,11.8
0000000081,1610612752,1630193,2023-24,Regular Season,2024-04-01,32.3,10.6
0000000082,1610612752,1630193,2023-24,Regular Season,2024-04-03,33.9,9.4
0000000083,1610612752,1630193,2023-24,Regular Season,2024-04-05,33.2,9.8
0000000084,1610612752,1630193,2023-24,Regular Season,2024-04-07,33.8,12.0
0000000085,1610612752,1630193,2023-24,Regular Season,2024-04-09,31.2,11.8
0000000090,1610612752,1630193,2023-24,Regular Season,2024-04-19,31.2,11.4
0000000094,1610612752,1630193,2023-24,Regular Season,2024-04-27,28.6,11.4
0000000099,1610612752,1630193,2023-24,Regular Season,2024-05-07,29.3,11.4
0000000104,1610612752,1630193,2023-24,Regular Season,2024-05-17,29.7,12.8
0000000109,1610612752,1630193,2023-24,Regular Season,2024-05-27,30.8,14.8
0000000111,1610612752,1630193,2023-24,Regular Season,2024-05-31,30.1,16.6
0000000112,1610612752,1630193,2023-24,Regular Season,2024-06-02,30.3,17.2
0000000113,1610612752,1630193,2023-24,Regular Season,2024-06-04,29.5,18.2
0000000114,1610612752,1630193,2023-24,Regular Season,2024-06-06,28.4,16.0
0000000115,1610612752,1630193,2023-24,Regular Season,2024-06-08,27.0,13.2
0000000120,1610612752,1630193,2023-24,Regular Season,2024-06-18,27.0,12.8
0000000124,1610612752,1630193,2023-24,Regular Season,2024-06-26,28.3,14.0
0000000129,1610612752,1630193,2023-24,Regular Season,2024-07-06,28.2,14.6
0000000134,1610612752,1630193,2023-24,Regular Season,2024-07-16,26.5,14.0
0000000139,1610612752,1630193,2023-24,Regular Season,2024-07-26,26.4,13.0
0000000141,1610612752,1630193,2023-24,Regular Season,2024-07-30,25.7,10.6
0000000142,1610612752,1630193,2023-24,Regular Season,2024-08-01,26.4,8.4
0000000143,1610612752,1630193,2023-24,Regular Season,2024-08-03,27.0,6.4
0000000144,1610612752,1630193,2023-24,Regular Season,2024-08-05,29.4,9.4
0000000145,1610612752,1630193,2023-24,Regular Season,2024-08-07,29.0,9.2
0000000150,1610612752,1630193,2023-24,Regular Season,2024-08-17,30.0,10.2
0000000154,1610612752,1630193,2023-24,Regular Season,2024-08-25,26.8,10.6
0000000159,1610612752,1630193,2023-24,Regular Season,2024-09-04,25.2,11.0
0000000164,1610612752,1630193,2023-24,Regular Season,2024-09-14,23.0,8.4
0000000169,1610612752,1630193,2023-24,Regular Season,2024-09-24,23.3,8.0
0000000171,1610612752,1630193,2023-24,Regular Season,2024-09-28,23.5,9.4
0000000172,1610612752,1630193,2023-24,Regular Season,2024-09-30,23.9,8.0
0000000173,1610612752,1630193,2023-24,Regular Season,2024-10-02,24.2,8.0
0000000174,1610612752,1630193,2023-24,Regular Season,2024-10-04,23.3,10.2
0000000175,1610612752,1630193,2023-24,Regular Season,2024-10-06,24.5,11.6
0000000180,1610612752,1630193,2023-24,Regular Season,2024-10-16,23.5,9.8
0000000004,1610612752,203944,2023-24,Regular Season,2023-10-30,36.9,17.0
0000000009,1610612752,203944,2023-24,Regular Season,2023-11-09,31.8,25.5
0000000014,1610612752,203944,2023-24,Regular Season,2023-11-19,30.1,26.3
0000000019,1610612752,203944,2023-24,Regular Season,2023-11-29,27.2,24.3
0000000021,1610612752,203944,2023-24,Regular Season,2023-12-03,27.4,25.0
0000000022,1610612752,203944,2023-24,Regular Season,2023-12-05,26.4,26.6
0000000023,1610612752,203944,2023-24,Regular Season,2023-12-07,25.4,24.4
0000000024,1610612752,203944,2023-24,Regular Season,2023-12-09,25.2,24.0
0000000025,1610612752,203944,2023-24,Regular Season,2023-12-11,26.4,26.2
0000000030,1610612752,203944,2023-24,Regular Season,2023-12-21,26.9,25.8
0000000034,1610612752,203944,2023-24,Regular Season,2023-12-29,27.3,22.6
0000000039,1610612752,203944,2023-24,Regular Season,2024-01-08,28.3,20.2
0000000044,1610612752,203944,2023-24,Regular Season,2024-01-18,28.6,19.0
0000000049,1610612752,203944,2023-24,Regular Season,2024-01-28,29.5,18.6
0000000051,1610612752,203944,2023-24,Regular Season,2024-02-01,28.9,17.2
0000000052,1610612752,203944,2023-24,Regular Season,2024-02-03,28.7,19.8
0000000053,1610612752,203944,2023-24,Regular Season,2024-02-05,28.8,20.4
0000000054,1610612752,203944,2023-24,Regular Season,2024-02-07,30.9,23.2
0000000055,1610612752,203944,2023-24,Regular Season,2024-02-09,31.6,21.8
0000000060,1610612752,203944,2023-24,Regular Season,2024-02-19,32.9,21.8
0000000064,1610612752,203944,2023-24,Regular Season,2024-02-27,30.4,20.8
0000000069,1610612752,203944,2023-24,Regular Season,2024-03-08,29.6,22.6
0000000074,1610612752,203944,2023-24,Regular Season,2024-03-18,28.6,19.0
0000000079,1610612752,203944,2023-24,Regular Season,2024-03-28,27.9,20.0
0000000081,1610612752,203944,2023-24,Regular Season,2024-04-01,27.9,18.4
0000000082,1610612752,203944,2023-24,Regular Season,2024-04-03,27.3,22.0
0000000083,1610612752,203944,2023-24,Regular Season,2024-04-05,28.9,20.2
0000000084,1610612752,203944,2023-24,Regular Season,2024-04-07,29.5,22.2
0000000085,1610612752,203944,2023-24,Regular Season,2024-04-09,29.2,22.2
0000000090,1610612752,203944,2023-24,Regular Season,2024-04-19,26.7,24.0
0000000094,1610612752,203944,2023-24,Regular Season,2024-04-27,28.6,21.2
0000000099,1610612752,203944,2023-24,Regular Season,2024-05-07,26.3,21.8
0000000104,1610612752,203944,2023-24,Regular Season,2024-05-17,23.3,20.6
0000000109,1610612752,203944,2023-24,Regular Season,2024-05-27,24.6,19.2
0000000111,1610612752,203944,2023-24,Regular Season,2024-05-31,27.1,19.2
0000000112,1610612752,203944,2023-24,Regular Season,2024-06-02,25.7,20.4
0000000113,1610612752,203944,2023-24,Regular Season,2024-06-04,26.5,21.0
0000000114,1610612752,203944,2023-24,Regular Season,2024-06-06,29.0,23.2
0000000115,1610612752,203944,2023-24,Regular Season,2024-06-08,28.2,21.8
0000000120,1610612752,203944,2023-24,Regular Season,2024-06-18,27.0,23.6
0000000124,1610612752,203944,2023-24,Regular Season,2024-06-26,28.7,22.2
0000000129,1610612752,203944,2023-24,Regular Season,2024-07-06,31.6,22.0
0000000134,1610612752,203944,2023-24,Regular Season,2024-07-16,32.3,20.4
0000000139,1610612752,203944,2023-24,Regular Season,2024-07-26,32.2,20.2
0000000141,1610612752,203944,2023-24,Regular Season,2024-07-30,32.0,18.0
0000000142,1610612752,203944,2023-24,Regular Season,2024-08-01,33.6,17.6
0000000143,1610612752,203944,2023-24,Regular Season,2024-08-03,33.1,18.8
0000000144,1610612752,203944,2023-24,Regular Season,2024-08-05,29.3,18.6
0000000145,1610612752,203944,2023-24,Regular Season,2024-08-07,29.1,22.2
0000000150,1610612752,203944,2023-24,Regular Season,2024-08-17,31.0,22.8
0000000154,1610612752,203944,2023-24,Regular Season,2024-08-25,27.3,22.8
0000000159,1610612752,203944,2023-24,Regular Season,2024-09-04,25.4,23.2
0000000164,1610612752,203944,2023-24,Regular Season,2024-09-14,27.5,22.8
0000000169,1610612752,203944,2023-24,Regular Season,2024-09-24,25.6,20.8
0000000171,1610612752,203944,2023-24,Regular Season,2024-09-28,23.5,20.8
0000000172,1610612752,203944,2023-24,Regular Season,2024-09-30,27.0,21.6
0000000173,1610612752,203944,2023-24,Regular Season,2024-10-02,28.6,18.6
0000000174,1610612752,203944,2023-24,Regular Season,2024-10-04,27.0,17.4
0000000175,1610612752,203944,2023-24,Regular Season,2024-10-06,26.9,16.6
0000000180,1610612752,203944,2023-24,Regular Season,2024-10-16,27.5,16.8
0000000004,1610612752,1631216,2023-24,Regular Season,2023-10-30,18.9,0.0
0000000009,1610612752,1631216,2023-24,Regular Season,2023-11-09,19.2,4.5
0000000014,1610612752,1631216,2023-24,Regular Season,2023-11-19,22.1,3.0
0000000019,1610612752,1631216,2023-24,Regular Season,2023-11-29,22.3,4.8
0000000021,1610612752,1631216,2023-24,Regular Season,2023-12-03,22.9,4.8
0000000022,1610612752,1631216,2023-24,Regular Season,2023-12-05,26.7,4.8
0000000023,1610612752,1631216,2023-24,Regular Season,2023-12-07,27.9,3.8
0000000024,1610612752,1631216,2023-24,Regular Season,2023-12-09,28.1,6.8
0000000025,1610612752,1631216,2023-24,Regular Season,2023-12-11,28.5,5.8
0000000030,1610612752,1631216,2023-24,Regular Season,2023-12-21,28.3,5.6
0000000034,1610612752,1631216,2023-24,Regular Season,2023-12-29,27.3,7.0
0000000039,1610612752,1631216,2023-24,Regular Season,2024-01-08,26.7,7.0
0000000044,1610612752,1631216,2023-24,Regular Season,2024-01-18,27.1,6.0
0000000049,1610612752,1631216,2023-24,Regular Season,2024-01-28,29.4,5.0
0000000051,1610612752,1631216,2023-24,Regular Season,2024-02-01,29.9,4.2
0000000052,1610612752,1631216,2023-24,Regular Season,2024-02-03,29.6,6.0
0000000053,1610612752,1631216,2023-24,Regular Season,2024-02-05,31.8,7.8
0000000054,1610612752,1631216,2023-24,Regular Season,2024-02-07,30.4,6.4
0000000055,1610612752,1631216,2023-24,Regular Season,2024-02-09,29.0,7.6
0000000060,1610612752,1631216,2023-24,Regular Season,2024-02-19,30.9,8.6
0000000064,1610612752,1631216,2023-24,Regular Season,2024-02-27,32.3,6.8
0000000069,1610612752,1631216,2023-24,Regular Season,2024-03-08,29.9,4.2
0000000074,1610612752,1631216,2023-24,Regular Season,2024-03-18,32.0,6.6
0000000079,1610612752,1631216,2023-24,Regular Season,2024-03-28,31.6,8.0
0000000081,1610612752,1631216,2023-24,Regular Season,2024-04-01,31.2,8.2
0000000082,1610612752,1631216,2023-24,Regular Season,2024-04-03,27.6,7.2
0000000083,1610612752,1631216,2023-24,Regular Season,2024-04-05,26.9,9.4
0000000084,1610612752,1631216,2023-24,Regular Season,2024-04-07,26.3,6.4
0000000085,1610612752,1631216,2023-24,Regular Season,2024-04-09,25.0,4.4
0000000090,1610612752,1631216,2023-24,Regular Season,2024-04-19,24.2,5.8
0000000094,1610612752,1631216,2023-24,Regular Season,2024-04-27,25.3,7.2
0000000099,1610612752,1631216,2023-24,Regular Season,2024-05-07,25.7,6.0
0000000104,1610612752,1631216,2023-24,Regular Season,2024-05-17,23.7,7.6
0000000109,1610612752,1631216,2023-24,Regular Season,2024-05-27,25.6,8.6
0000000111,1610612752,1631216,2023-24,Regular Season,2024-05-31,24.9,6.0
0000000112,1610612752,1631216,2023-24,Regular Season,2024-06-02,24.5,5.6
0000000113,1610612752,1631216,2023-24,Regular Season,2024-06-04,24.7,6.0
0000000114,1610612752,1631216,2023-24,Regular Season,2024-06-06,24.0,5.0
0000000115,1610612752,1631216,2023-24,Regular Season,2024-06-08,22.7,5.6
0000000120,1610612752,1631216,2023-24,Regular Season,2024-06-18,22.6,7.0
0000000124,1610612752,1631216,2023-24,Regular Season,2024-06-26,21.9,5.6
0000000129,1610612752,1631216,2023-24,Regular Season,2024-07-06,21.9,4.4
0000000134,1610612752,1631216,2023-24,Regular Season,2024-07-16,23.2,5.2
0000000139,1610612752,1631216,2023-24,Regular Season,2024-07-26,24.1,3.4
0000000141,1610612752,1631216,2023-24,Regular Season,2024-07-30,23.7,4.0
0000000142,1610612752,1631216,2023-24,Regular Season,2024-08-01,24.6,5.0
0000000143,1610612752,1631216,2023-24,Regular Season,2024-08-03,25.0,6.2
0000000144,1610612752,1631216,2023-24,Regular Season,2024-08-05,25.8,6.8
0000000145,1610612752,1631216,2023-24,Regular Season,2024-08-07,26.9,9.0
0000000150,1610612752,1631216,2023-24,Regular Season,2024-08-17,26.8,7.8
0000000154,1610612752,1631216,2023-24,Regular Season,2024-08-25,28.6,9.0
0000000159,1610612752,1631216,2023-24,Regular Season,2024-09-04,28.2,9.0
0000000164,1610612752,1631216,2023-24,Regular Season,2024-09-14,26.6,7.0
0000000169,1610612752,1631216,2023-24,Regular Season,2024-09-24,25.1,6.8
0000000171,1610612752,1631216,2023-24,Regular Season,2024-09-28,25.1,8.4
0000000172,1610612752,1631216,2023-24,Regular Season,2024-09-30,23.6,9.4
0000000173,1610612752,1631216,2023-24,Regular Season,2024-10-02,26.0,9.2
0000000174,1610612752,1631216,2023-24,Regular Season,2024-10-04,27.6,10.8
0000000175,1610612752,1631216,2023-24,Regular Season,2024-10-06,27.3,9.8
0000000180,1610612752,1631216,2023-24,Regular Season,2024-10-16,29.8,7.8
0000000005,1610612748,202710,2023-24,Regular Season,2023-11-01,37.3,17.0
0000000010,1610612748,202710,2023-24,Regular Season,2023-11-11,35.6,23.0
0000000015,1610612748,202710,2023-24,Regular Season,2023-11-21,36.0,22.3
0000000020,1610612748,202710,2023-24,Regular Season,2023-12-01,36.2,19.3
0000000025,1610612748,202710,2023-24,Regular Season,2023-12-11,33.7,17.4
0000000026,1610612748,202710,2023-24,Regular Season,2023-12-13,32.5,17.6
0000000027,1610612748,202710,2023-24,Regular Season,2023-12-15,30.0,14.8
0000000028,1610612748,202710,2023-24,Regular Season,2023-12-17,29.9,16.0
0000000029,1610612748,202710,2023-24,Regular Season,2023-12-19,27.5,19.0
0000000030,1610612748,202710,2023-24,Regular Season,2023-12-21,28.1,21.6
0000000035,1610612748,202710,2023-24,Regular Season,2023-12-31,28.8,21.4
0000000040,1610612748,202710,2023-24,Regular Season,2024-01-10,31.9,21.8
0000000045,1610612748,202710,2023-24,Regular Season,2024-01-20,29.5,20.8
0000000050,1610612748,202710,2023-24,Regular Season,2024-01-30,30.7,19.4
0000000055,1610612748,202710,2023-24,Regular Season,2024-02-09,32.9,18.2
0000000056,1610612748,202710,2023-24,Regular Season,2024-02-11,29.7,19.2
0000000057,1610612748,202710,2023-24,Regular Season,2024-02-13,28.9,19.8
0000000058,1610612748,202710,2023-24,Regular Season,2024-02-15,31.2,18.4
0000000059,1610612748,202710,2023-24,Regular Season,2024-02-17,29.7,21.2
0000000060,1610612748,202710,2023-24,Regular Season,2024-02-19,26.7,21.8
0000000065,1610612748,202710,2023-24,Regular Season,2024-02-29,29.0,21.0
0000000070,1610612748,202710,2023-24,Regular Season,2024-03-10,29.9,20.6
0000000075,1610612748,202710,2023-24,Regular Season,2024-03-20,28.6,22.2
0000000080,1610612748,202710,2023-24,Regular Season,2024-03-30,30.4,22.2
0000000085,1610612748,202710,2023-24,Regular Season,2024-04-09,31.4,23.4
0000000086,1610612748,202710,2023-24,Regular Season,2024-04-11,30.4,23.4
0000000087,1610612748,202710,2023-24,Regular Season,2024-04-13,27.4,24.8
0000000088,1610612748,202710,2023-24,Regular Season,2024-04-15,25.2,23.0
0000000089,1610612748,202710,2023-24,Regular Season,2024-04-17,25.5,19.8
0000000090,1610612748,202710,2023-24,Regular Season,2024-04-19,27.0,19.2
0000000095,1610612748,202710,2023-24,Regular Season,2024-04-29,28.9,19.8
0000000100,1610612748,202710,2023-24,Regular Season,2024-05-09,30.0,19.0
0000000105,1610612748,202710,2023-24,Regular Season,2024-05-19,30.3,20.2
0000000110,1610612748,202710,2023-24,Regular Season,2024-05-29,30.8,21.0
0000000115,1610612748,202710,2023-24,Regular Season,2024-06-08,27.8,20.4
0000000116,1610612748,202710,2023-24,Regular Season,2024-06-10,26.2,20.4
0000000117,1610612748,202710,2023-24,Regular Season,2024-06-12,25.6,20.4
0000000118,1610612748,202710,2023-24,Regular Season,2024-06-14,25.5,20.6
0000000119,1610612748,202710,2023-24,Regular Season,2024-06-16,24.3,21.6
0000000120,1610612748,202710,2023-24,Regular Season,2024-06-18,24.1,22.6
0000000125,1610612748,202710,2023-24,Regular Season,2024-06-28,26.2,23.2
0000000130,1610612748,202710,2023-24,Regular Season,2024-07-08,27.3,23.8
0000000135,1610612748,202710,2023-24,Regular Season,2024-07-18,29.7,23.4
0000000140,1610612748,202710,2023-24,Regular Season,2024-07-28,30.7,22.6
0000000145,1610612748,202710,2023-24,Regular Season,2024-08-07,34.3,19.4
0000000146,1610612748,202710,2023-24,Regular Season,2024-08-09,34.0,21.0
0000000147,1610612748,202710,2023-24,Regular Season,2024-08-11,33.5,19.2
0000000148,1610612748,202710,2023-24,Regular Season,2024-08-13,34.2,19.8
0000000149,1610612748,202710,2023-24,Regular Season,2024-08-15,31.3,20.8
0000000150,1610612748,202710,2023-24,Regular Season,2024-08-17,29.7,22.2
0000000155,1610612748,202710,2023-24,Regular Season,2024-08-27,28.3,19.0
0000000160,1610612748,202710,2023-24,Regular Season,2024-09-06,26.9,19.2
0000000165,1610612748,202710,2023-24,Regular Season,2024-09-16,24.9,21.4
0000000170,1610612748,202710,2023-24,Regular Season,2024-09-26,28.3,20.8
0000000175,1610612748,202710,2023-24,Regular Season,2024-10-06,28.8,19.2
0000000176,1610612748,202710,2023-24,Regular Season,2024-10-08,27.9,20.6
0000000177,1610612748,202710,2023-24,Regular Season,2024-10-10,30.1,22.6
0000000178,1610612748,202710,2023-24,Regular Season,2024-10-12,30.6,19.0
0000000179,1610612748,202710,2023-24,Regular Season,2024-10-14,27.1,20.4
0000000180,1610612748,202710,2023-24,Regular Season,2024-10-16,25.0,21.4
0000000005,1610612748,1629639,2023-24,Regular Season,2023-11-01,19.4,21.0
0000000010,1610612748,1629639,2023-24,Regular Season,2023-11-11,25.3,18.5
0000000015,1610612748,1629639,2023-24,Regular Season,2023-11-21,23.0,23.7
0000000020,1610612748,1629639,2023-24,Regular Season,2023-12-01,25.4,23.3
0000000025,1610612748,1629639,2023-24,Regular Season,2023-12-11,26.6,24.4
0000000026,1610612748,1629639,2023-24,Regular Season,2023-12-13,27.9,23.6
0000000027,1610612748,1629639,2023-24,Regular Season,2023-12-15,28.7,24.0
0000000028,1610612748,1629639,2023-24,Regular Season,2023-12-17,31.8,21.4
0000000029,1610612748,1629639,2023-24,Regular Season,2023-12-19,30.9,20.4
0000000030,1610612748,1629639,2023-24,Regular Season,2023-12-21,28.7,18.6
0000000035,1610612748,1629639,2023-24,Regular Season,2023-12-31,28.9,20.0
0000000040,1610612748,1629639,2023-24,Regular Season,2024-01-10,26.6,20.4
0000000045,1610612748,1629639,2023-24,Regular Season,2024-01-20,23.8,20.4
0000000050,1610612748,1629639,2023-24,Regular Season,2024-01-30,22.9,19.0
0000000055,1610612748,1629639,2023-24,Regular Season,2024-02-09,24.3,16.6
0000000056,1610612748,1629639,2023-24,Regular Season,2024-02-11,24.4,15.2
0000000057,1610612748,1629639,2023-24,Regular Season,2024-02-13,26.7,14.4
0000000058,1610612748,1629639,2023-24,Regular Season,2024-02-15,28.0,13.8
0000000059,1610612748,1629639,2023-24,Regular Season,2024-02-17,28.9,16.4
0000000060,1610612748,1629639,2023-24,Regular Season,2024-02-19,28.5,19.4
0000000065,1610612748,1629639,2023-24,Regular Season,2024-02-29,28.5,17.4
0000000070,1610612748,1629639,2023-24,Regular Season,2024-03-10,25.8,19.6
0000000075,1610612748,1629639,2023-24,Regular Season,2024-03-20,24.7,20.0
0000000080,1610612748,1629639,2023-24,Regular Season,2024-03-30,23.8,19.0
0000000085,1610612748,1629639,2023-24,Regular Season,2024-04-09,24.0,19.2
0000000086,1610612748,1629639,2023-24,Regular Season,2024-04-11,24.5,20.0
0000000087,1610612748,1629639,2023-24,Regular Season,2024-04-13,27.1,17.8
0000000088,1610612748,1629639,2023-24,Regular Season,2024-04-15,29.3,18.4
0000000089,1610612748,1629639,2023-24,Regular Season,2024-04-17,30.2,20.8
0000000090,1610612748,1629639,2023-24,Regular Season,2024-04-19,30.9,20.8
0000000095,1610612748,1629639,2023-24,Regular Season,2024-04-29,28.6,24.2
0000000100,1610612748,1629639,2023-24,Regular Season,2024-05-09,27.0,24.4
0000000105,1610612748,1629639,2023-24,Regular Season,2024-05-19,25.6,24.0
0000000110,1610612748,1629639,2023-24,Regular Season,2024-05-29,24.8,22.8
0000000115,1610612748,1629639,2023-24,Regular Season,2024-06-08,25.2,22.0
0000000116,1610612748,1629639,2023-24,Regular Season,2024-06-10,27.0,19.8
0000000117,1610612748,1629639,2023-24,Regular Season,2024-06-12,26.8,19.0
0000000118,1610612748,1629639,2023-24,Regular Season,2024-06-14,28.2,17.6
0000000119,1610612748,1629639,2023-24,Regular Season,2024-06-16,30.7,17.0
0000000120,1610612748,1629639,2023-24,Regular Season,2024-06-18,30.4,16.4
0000000125,1610612748,1629639,2023-24,Regular Season,2024-06-28,29.2,16.2
0000000130,1610612748,1629639,2023-24,Regular Season,2024-07-08,29.4,17.2
0000000135,1610612748,1629639,2023-24,Regular Season,2024-07-18,30.4,20.4
0000000140,1610612748,1629639,2023-24,Regular Season,2024-07-28,29.0,19.8
0000000145,1610612748,1629639,2023-24,Regular Season,2024-08-07,27.0,18.4
0000000146,1610612748,1629639,2023-24,Regular Season,2024-08-09,30.1,18.4
0000000147,1610612748,1629639,2023-24,Regular Season,2024-08-11,28.9,18.2
0000000148,1610612748,1629639,2023-24,Regular Season,2024-08-13,25.5,16.0
0000000149,1610612748,1629639,2023-24,Regular Season,2024-08-15,26.3,14.2
0000000150,1610612748,1629639,2023-24,Regular Season,2024-08-17,26.7,17.6
0000000155,1610612748,1629639,2023-24,Regular Season,2024-08-27,22.9,19.4
0000000160,1610612748,1629639,2023-24,Regular Season,2024-09-06,26.6,18.0
0000000165,1610612748,1629639,2023-24,Regular Season,2024-09-16,26.2,18.6
0000000170,1610612748,1629639,2023-24,Regular Season,2024-09-26,26.8,21.0
0000000175,1610612748,1629639,2023-24,Regular Season,2024-10-06,26.1,21.0
0000000176,1610612748,1629639,2023-24,Regular Season,2024-10-08,27.2,21.8
0000000177,1610612748,1629639,2023-24,Regular Season,2024-10-10,26.5,24.6
0000000178,1610612748,1629639,2023-24,Regular Season,2024-10-12,27.1,24.8
0000000179,1610612748,1629639,2023-24,Regular Season,2024-10-14,26.0,26.2
0000000180,1610612748,1629639,2023-24,Regular Season,2024-10-16,28.6,23.8
0000000005,1610612748,202355,2023-24,Regular Season,2023-11-01,36.5,20.0
0000000010,1610612748,202355,2023-24,Regular Season,2023-11-11,31.5,20.5
0000000015,1610612748,202355,2023-24,Regular Season,2023-11-21,30.7,22.7
0000000020,1610612748,202355,2023-24,Regular Season,2023-12-01,32.2,26.5
0000000025,1610612748,202355,2023-24,Regular Season,2023-12-11,29.3,24.4
0000000026,1610612748,202355,2023-24,Regular Season,2023-12-13,28.2,21.2
0000000027,1610612748,202355,2023-24,Regular Season,2023-12-15,29.5,21.2
0000000028,1610612748,202355,2023-24,Regular Season,2023-12-17,31.0,18.4
0000000029,1610612748,202355,2023-24,Regular Season,2023-12-19,30.1,14.6
0000000030,1610612748,202355,2023-24,Regular Season,2023-12-21,32.9,14.4
0000000035,1610612748,202355,2023-24,Regular Season,2023-12-31,32.8,17.6
0000000040,1610612748,202355,2023-24,Regular Season,2024-01-10,32.7,16.0
0000000045,1610612748,202355,2023-24,Regular Season,2024-01-20,30.5,17.2
0000000050,1610612748,202355,2023-24,Regular Season,2024-01-30,27.7,15.8
0000000055,1610612748,202355,2023-24,Regular Season,2024-02-09,27.9,15.2
0000000056,1610612748,202355,2023-24,Regular Season,2024-02-11,25.7,13.4
0000000057,1610612748,202355,2023-24,Regular Season,2024-02-13,23.6,14.2
0000000058,1610612748,202355,2023-24,Regular Season,2024-02-15,25.5,13.4
0000000059,1610612748,202355,2023-24,Regular Season,2024-02-17,25.5,13.6
0000000060,1610612748,202355,2023-24,Regular Season,2024-02-19,23.8,15.8
0000000065,1610612748,202355,2023-24,Regular Season,2024-02-29,24.1,18.6
0000000070,1610612748,202355,2023-24,Regular Season,2024-03-10,25.0,18.0
0000000075,1610612748,202355,2023-24,Regular Season,2024-03-20,23.3,21.0
0000000080,1610612748,202355,2023-24,Regular Season,2024-03-30,26.7,22.4
0000000085,1610612748,202355,2023-24,Regular Season,2024-04-09,26.2,22.0
0000000086,1610612748,202355,2023-24,Regular Season,2024-04-11,29.5,21.0
0000000087,1610612748,202355,2023-24,Regular Season,2024-04-13,28.5,20.2
0000000088,1610612748,202355,2023-24,Regular Season,2024-04-15,27.1,17.8
0000000089,1610612748,202355,2023-24,Regular Season,2024-04-17,24.1,18.0
0000000090,1610612748,202355,2023-24,Regular Season,2024-04-19,24.5,17.0
0000000095,1610612748,202355,2023-24,Regular Season,2024-04-29,24.6,16.0
0000000100,1610612748,202355,2023-24,Regular Season,2024-05-09,24.9,17.2
0000000105,1610612748,202355,2023-24,Regular Season,2024-05-19,26.8,16.8
0000000110,1610612748,202355,2023-24,Regular Season,2024-05-29,27.9,16.0
0000000115,1610612748,202355,2023-24,Regular Season,2024-06-08,27.2,17.2
0000000116,1610612748,202355,2023-24,Regular Season,2024-06-10,26.6,20.0
0000000117,1610612748,202355,2023-24,Regular Season,2024-06-12,27.4,19.2
0000000118,1610612748,202355,2023-24,Regular Season,2024-06-14,26.7,19.4
0000000119,1610612748,202355,2023-24,Regular Season,2024-06-16,25.6,19.2
0000000120,1610612748,202355,2023-24,Regular Season,2024-06-18,28.5,19.4
0000000125,1610612748,202355,2023-24,Regular Season,2024-06-28,27.7,16.6
0000000130,1610612748,202355,2023-24,Regular Season,2024-07-08,27.0,17.4
0000000135,1610612748,202355,2023-24,Regular Season,2024-07-18,25.6,17.8
0000000140,1610612748,202355,2023-24,Regular Season,2024-07-28,29.0,17.8
0000000145,1610612748,202355,2023-24,Regular Season,2024-08-07,28.0,16.8
0000000146,1610612748,202355,2023-24,Regular Season,2024-08-09,28.0,17.4
0000000147,1610612748,202355,2023-24,Regular Season,2024-08-11,28.9,15.0
0000000148,1610612748,202355,2023-24,Regular Season,2024-08-13,30.4,15.6
0000000149,1610612748,202355,2023-24,Regular Season,2024-08-15,29.5,17.8
0000000150,1610612748,202355,2023-24,Regular Season,2024-08-17,30.1,19.0
0000000155,1610612748,202355,2023-24,Regular Season,2024-08-27,31.6,18.2
0000000160,1610612748,202355,2023-24,Regular Season,2024-09-06,31.5,20.2
0000000165,1610612748,202355,2023-24,Regular Season,2024-09-16,32.6,20.6
0000000170,1610612748,202355,2023-24,Regular Season,2024-09-26,33.5,19.4
0000000175,1610612748,202355,2023-24,Regular Season,2024-10-06,31.3,17.8
0000000176,1610612748,202355,2023-24,Regular Season,2024-10-08,27.4,20.2
0000000177,1610612748,202355,2023-24,Regular Season,2024-10-10,27.9,22.6
0000000178,1610612748,202355,2023-24,Regular Season,2024-10-12,28.0,23.0
0000000179,1610612748,202355,2023-24,Regular Season,2024-10-14,25.2,22.0
0000000180,1610612748,202355,2023-24,Regular Season,2024-10-16,24.9,21.4
0000000005,1610612748,1631170,2023-24,Regular Season,2023-11-01,22.9,16.0
0000000010,1610612748,1631170,2023-24,Regular Season,2023-11-11,30.2,13.0
0000000015,1610612748,1631170,2023-24,Regular Season,2023-11-21,31.9,14.0
0000000020,1610612748,1631170,2023-24,Regular Season,2023-12-01,32.2,12.3
0000000025,1610612748,1631170,2023-24,Regular Season,2023-12-11,30.6,10.0
0000000026,1610612748,1631170,2023-24,Regular Season,2023-12-13,31.5,9.0
0000000027,1610612748,1631170,2023-24,Regular Season,2023-12-15,28.9,7.0
0000000028,1610612748,1631170,2023-24,Regular Season,2023-12-17,26.5,4.4
0000000029,1610612748,1631170,2023-24,Regular Season,2023-12-19,27.2,4.6
0000000030,1610612748,1631170,2023-24,Regular Season,2023-12-21,26.5,6.8
0000000035,1610612748,1631170,2023-24,Regular Season,2023-12-31,28.4,6.2
0000000040,1610612748,1631170,2023-24,Regular Season,2024-01-10,27.2,8.0
0000000045,1610612748,1631170,2023-24,Regular Season,2024-01-20,28.1,10.0
0000000050,1610612748,1631170,2023-24,Regular Season,2024-01-30,25.4,12.6
0000000055,1610612748,1631170,2023-24,Regular Season,2024-02-09,26.1,14.0
0000000056,1610612748,1631170,2023-24,Regular Season,2024-02-11,25.4,15.4
0000000057,1610612748,1631170,2023-24,Regular Season,2024-02-13,27.9,17.8
0000000058,1610612748,1631170,2023-24,Regular Season,2024-02-15,28.7,15.6
0000000059,1610612748,1631170,2023-24,Regular Season,2024-02-17,31.1,15.0
0000000060,1610612748,1631170,2023-24,Regular Season,2024-02-19,30.3,11.6
0000000065,1610612748,1631170,2023-24,Regular Season,2024-02-29,28.5,9.8
0000000070,1610612748,1631170,2023-24,Regular Season,2024-03-10,29.7,10.0
0000000075,1610612748,1631170,2023-24,Regular Season,2024-03-20,29.9,12.2
0000000080,1610612748,1631170,2023-24,Regular Season,2024-03-30,27.4,10.0
0000000085,1610612748,1631170,2023-24,Regular Season,2024-04-09,29.6,11.6
0000000086,1610612748,1631170,2023-24,Regular Season,2024-04-11,28.6,11.6
0000000087,1610612748,1631170,2023-24,Regular Season,2024-04-13,27.4,8.4
0000000088,1610612748,1631170,2023-24,Regular Season,2024-04-15,25.4,5.8
0000000089,1610612748,1631170,2023-24,Regular Season,2024-04-17,26.3,8.8
0000000090,1610612748,1631170,2023-24,Regular Season,2024-04-19,24.6,8.6
0000000095,1610612748,1631170,2023-24,Regular Season,2024-04-29,25.7,10.4
0000000100,1610612748,1631170,2023-24,Regular Season,2024-05-09,24.1,10.0
0000000105,1610612748,1631170,2023-24,Regular Season,2024-05-19,25.5,12.4
0000000110,1610612748,1631170,2023-24,Regular Season,2024-05-29,24.2,8.2
0000000115,1610612748,1631170,2023-24,Regular Season,2024-06-08,26.7,9.2
0000000116,1610612748,1631170,2023-24,Regular Season,2024-06-10,28.1,7.6
0000000117,1610612748,1631170,2023-24,Regular Season,2024-06-12,29.9,11.4
0000000118,1610612748,1631170,2023-24,Regular Season,2024-06-14,30.3,12.6
0000000119,1610612748,1631170,2023-24,Regular Season,2024-06-16,31.3,12.6
0000000120,1610612748,1631170,2023-24,Regular Season,2024-06-18,29.8,12.6
0000000125,1610612748,1631170,2023-24,Regular Season,2024-06-28,28.7,11.4
0000000130,1610612748,1631170,2023-24,Regular Season,2024-07-08,26.5,9.0
0000000135,1610612748,1631170,2023-24,Regular Season,2024-07-18,24.8,5.4
0000000140,1610612748,1631170,2023-24,Regular Season,2024-07-28,25.6,8.6
0000000145,1610612748,1631170,2023-24,Regular Season,2024-08-07,26.8,7.8
0000000146,1610612748,1631170,2023-24,Regular Season,2024-08-09,27.9,10.2
0000000147,1610612748,1631170,2023-24,Regular Season,2024-08-11,27.5,10.6
0000000148,1610612748,1631170,2023-24,Regular Season,2024-08-13,27.1,12.0
0000000149,1610612748,1631170,2023-24,Regular Season,2024-08-15,28.5,12.2
0000000150,1610612748,1631170,2023-24,Regular Season,2024-08-17,27.0,13.2
0000000155,1610612748,1631170,2023-24,Regular Season,2024-08-27,27.6,13.6
0000000160,1610612748,1631170,2023-24,Regular Season,2024-09-06,29.9,12.6
0000000165,1610612748,1631170,2023-24,Regular Season,2024-09-16,30.5,12.8
0000000170,1610612748,1631170,2023-24,Regular Season,2024-09-26,30.7,11.6
0000000175,1610612748,1631170,2023-24,Regular Season,2024-10-06,29.6,10.4
0000000176,1610612748,1631170,2023-24,Regular Season,2024-10-08,29.9,8.8
0000000177,1610612748,1631170,2023-24,Regular Season,2024-10-10,29.2,9.4
0000000178,1610612748,1631170,2023-24,Regular Season,2024-10-12,31.0,10.2
0000000179,1610612748,1631170,2023-24,Regular Season,2024-10-14,31.3,11.0
0000000180,1610612748,1631170,2023-24,Regular Season,2024-10-16,33.6,10.4
0000000005,1610612748,203482,2023-24,Regular Season,2023-11-01,35.9,3.0
0000000010,1610612748,203482,2023-24,Regular Season,2023-11-11,27.4,7.5
0000000015,1610612748,203482,2023-24,Regular Season,2023-11-21,25.9,7.3
0000000020,1610612748,203482,2023-24,Regular Season,2023-12-01,26.7,7.8
0000000025,1610612748,203482,2023-24,Regular Season,2023-12-11,27.8,8.6
0000000026,1610612748,203482,2023-24,Regular Season,2023-12-13,27.7,10.0
0000000027,1610612748,203482,2023-24,Regular Season,2023-12-15,29.6,8.4
0000000028,1610612748,203482,2023-24,Regular Season,2023-12-17,30.7,7.6
0000000029,1610612748,203482,2023-24,Regular Season,2023-12-19,31.9,8.2
0000000030,1610612748,203482,2023-24,Regular Season,2023-12-21,32.0,8.6
0000000035,1610612748,203482,2023-24,Regular Season,2023-12-31,32.4,8.4
0000000040,1610612748,203482,2023-24,Regular Season,2024-01-10,32.5,9.2
0000000045,1610612748,203482,2023-24,Regular Season,2024-01-20,33.6,10.2
0000000050,1610612748,203482,2023-24,Regular Season,2024-01-30,30.8,9.4
0000000055,1610612748,203482,2023-24,Regular Season,2024-02-09,28.9,7.6
0000000056,1610612748,203482,2023-24,Regular Season,2024-02-11,27.9,7.4
0000000057,1610612748,203482,2023-24,Regular Season,2024-02-13,28.8,7.2
0000000058,1610612748,203482,2023-24,Regular Season,2024-02-15,26.8,8.0
0000000059,1610612748,203482,2023-24,Regular Season,2024-02-17,29.3,10.2
0000000060,1610612748,203482,2023-24,Regular Season,2024-02-19,28.7,9.2
0000000065,1610612748,203482,2023-24,Regular Season,2024-02-29,29.0,9.4
0000000070,1610612748,203482,2023-24,Regular Season,2024-03-10,27.1,9.8
0000000075,1610612748,203482,2023-24,Regular Season,2024-03-20,28.1,7.4
0000000080,1610612748,203482,2023-24,Regular Season,2024-03-30,27.7,7.6
0000000085,1610612748,203482,2023-24,Regular Season,2024-04-09,28.8,12.4
0000000086,1610612748,203482,2023-24,Regular Season,2024-04-11,28.7,11.8
0000000087,1610612748,203482,2023-24,Regular Season,2024-04-13,31.1,12.0
0000000088,1610612748,203482,2023-24,Regular Season,2024-04-15,31.5,13.2
0000000089,1610612748,203482,2023-24,Regular Season,2024-04-17,32.6,11.8
0000000090,1610612748,203482,2023-24,Regular Season,2024-04-19,31.6,7.0
0000000095,1610612748,203482,2023-24,Regular Season,2024-04-29,31.2,7.8
0000000100,1610612748,203482,2023-24,Regular Season,2024-05-09,27.8,7.2
0000000105,1610612748,203482,2023-24,Regular Season,2024-05-19,26.6,9.6
0000000110,1610612748,203482,2023-24,Regular Season,2024-05-29,25.0,8.6
0000000115,1610612748,203482,2023-24,Regular Season,2024-06-08,28.0,10.2
0000000116,1610612748,203482,2023-24,Regular Season,2024-06-10,26.9,8.2
0000000117,1610612748,203482,2023-24,Regular Season,2024-06-12,29.3,7.4
0000000118,1610612748,203482,2023-24,Regular Season,2024-06-14,31.5,5.4
0000000119,1610612748,203482,2023-24,Regular Season,2024-06-16,31.8,5.2
0000000120,1610612748,203482,2023-24,Regular Season,2024-06-18,29.1,4.0
0000000125,1610612748,203482,2023-24,Regular Season,2024-06-28,31.6,4.2
0000000130,1610612748,203482,2023-24,Regular Season,2024-07-08,32.0,6.8
0000000135,1610612748,203482,2023-24,Regular Season,2024-07-18,31.1,6.6
0000000140,1610612748,203482,2023-24,Regular Season,2024-07-28,31.5,8.2
0000000145,1610612748,203482,2023-24,Regular Season,2024-08-07,31.5,7.8
0000000146,1610612748,203482,2023-24,Regular Season,2024-08-09,31.2,9.2
0000000147,1610612748,203482,2023-24,Regular Season,2024-08-11,30.7,7.0
0000000148,1610612748,203482,2023-24,Regular Season,2024-08-13,30.8,8.6
0000000149,1610612748,203482,2023-24,Regular Season,2024-08-15,28.5,8.0
0000000150,1610612748,203482,2023-24,Regular Season,2024-08-17,28.7,11.2
0000000155,1610612748,203482,2023-24,Regular Season,2024-08-27,25.3,13.2
0000000160,1610612748,203482,2023-24,Regular Season,2024-09-06,25.6,15.6
0000000165,1610612748,203482,2023-24,Regular Season,2024-09-16,26.2,12.6
0000000170,1610612748,203482,2023-24,Regular Season,2024-09-26,27.0,10.2
0000000175,1610612748,203482,2023-24,Regular Season,2024-10-06,27.2,7.0
0000000176,1610612748,203482,2023-24,Regular Season,2024-10-08,29.7,5.0
0000000177,1610612748,203482,2023-24,Regular Season,2024-10-10,28.1,2.0
0000000178,1610612748,203482,2023-24,Regular Season,2024-10-12,26.5,7.2
0000000179,1610612748,203482,2023-24,Regular Season,2024-10-14,26.1,9.6
0000000180,1610612748,203482,2023-24,Regular Season,2024-10-16,27.1,11.8
0000000005,1610612748,1631107,2023-24,Regular Season,2023-11-01,30.6,7.0
0000000010,1610612748,1631107,2023-24,Regular Season,2023-11-11,24.5,11.0
0000000015,1610612748,1631107,2023-24,Regular Season,2023-11-21,25.5,9.7
0000000020,1610612748,1631107,2023-24,Regular Season,2023-12-01,27.1,10.3
0000000025,1610612748,1631107,2023-24,Regular Season,2023-12-11,27.9,10.2
0000000026,1610612748,1631107,2023-24,Regular Season,2023-12-13,28.3,9.6
0000000027,1610612748,1631107,2023-24,Regular Season,2023-12-15,30.6,9.0
0000000028,1610612748,1631107,2023-24,Regular Season,2023-12-17,32.6,9.8
0000000029,1610612748,1631107,2023-24,Regular Season,2023-12-19,33.4,8.6
0000000030,1610612748,1631107,2023-24,Regular Season,2023-12-21,32.7,8.8
0000000035,1610612748,1631107,2023-24,Regular Season,2023-12-31,32.8,9.2
0000000040,1610612748,1631107,2023-24,Regular Season,2024-01-10,30.7,8.8
0000000045,1610612748,1631107,2023-24,Regular Season,2024-01-20,28.8,8.4
0000000050,1610612748,1631107,2023-24,Regular Season,2024-01-30,26.7,7.6
0000000055,1610612748,1631107,2023-24,Regular Season,2024-02-09,28.0,7.0
0000000056,1610612748,1631107,2023-24,Regular Season,2024-02-11,25.5,7.4
0000000057,1610612748,1631107,2023-24,Regular Season,2024-02-13,25.6,5.4
0000000058,1610612748,1631107,2023-24,Regular Season,2024-02-15,24.3,4.4
0000000059,1610612748,1631107,2023-24,Regular Season,2024-02-17,26.3,5.8
0000000060,1610612748,1631107,2023-24,Regular Season,2024-02-19,23.7,4.4
0000000065,1610612748,1631107,2023-24,Regular Season,2024-02-29,23.5,4.4
0000000070,1610612748,1631107,2023-24,Regular Season,2024-03-10,27.0,6.4
0000000075,1610612748,1631107,2023-24,Regular Season,2024-03-20,29.7,8.0
0000000080,1610612748,1631107,2023-24,Regular Season,2024-03-30,26.3,8.2
0000000085,1610612748,1631107,2023-24,Regular Season,2024-04-09,29.2,9.2
0000000086,1610612748,1631107,2023-24,Regular Season,2024-04-11,32.2,10.0
0000000087,1610612748,1631107,2023-24,Regular Season,2024-04-13,31.7,9.8
0000000088,1610612748,1631107,2023-24,Regular Season,2024-04-15,30.3,9.2
0000000089,1610612748,1631107,2023-24,Regular Season,2024-04-17,30.6,8.0
0000000090,1610612748,1631107,2023-24,Regular Season,2024-04-19,30.6,8.0
0000000095,1610612748,1631107,2023-24,Regular Season,2024-04-29,30.8,8.4
0000000100,1610612748,1631107,2023-24,Regular Season,2024-05-09,31.0,8.8
0000000105,1610612748,1631107,2023-24,Regular Season,2024-05-19,30.1,9.0
0000000110,1610612748,1631107,2023-24,Regular Season,2024-05-29,31.1,9.0
0000000115,1610612748,1631107,2023-24,Regular Season,2024-06-08,28.5,10.2
0000000116,1610612748,1631107,2023-24,Regular Season,2024-06-10,25.3,7.6
0000000117,1610612748,1631107,2023-24,Regular Season,2024-06-12,22.9,6.6
0000000118,1610612748,1631107,2023-24,Regular Season,2024-06-14,24.4,6.0
0000000119,1610612748,1631107,2023-24,Regular Season,2024-06-16,23.7,6.6
0000000120,1610612748,1631107,2023-24,Regular Season,2024-06-18,26.8,5.0
0000000125,1610612748,1631107,2023-24,Regular Season,2024-06-28,26.5,4.8
0000000130,1610612748,1631107,2023-24,Regular Season,2024-07-08,25.8,4.6
0000000135,1610612748,1631107,2023-24,Regular Season,2024-07-18,27.0,5.0
0000000140,1610612748,1631107,2023-24,Regular Season,2024-07-28,29.6,5.4
0000000145,1610612748,1631107,2023-24,Regular Season,2024-08-07,26.8,5.0
0000000146,1610612748,1631107,2023-24,Regular Season,2024-08-09,30.4,6.6
0000000147,1610612748,1631107,2023-24,Regular Season,2024-08-11,33.2,6.8
0000000148,1610612748,1631107,2023-24,Regular Season,2024-08-13,30.5,6.4
0000000149,1610612748,1631107,2023-24,Regular Season,2024-08-15,29.2,4.6
0000000150,1610612748,1631107,2023-24,Regular Season,2024-08-17,32.1,6.0
0000000155,1610612748,1631107,2023-24,Regular Season,2024-08-27,31.9,6.4
0000000160,1610612748,1631107,2023-24,Regular Season,2024-09-06,28.6,6.4
0000000165,1610612748,1631107,2023-24,Regular Season,2024-09-16,31.0,6.4
0000000170,1610612748,1631107,2023-24,Regular Season,2024-09-26,31.7,9.6
0000000175,1610612748,1631107,2023-24,Regular Season,2024-10-06,30.5,10.2
0000000176,1610612748,1631107,2023-24,Regular Season,2024-10-08,30.3,12.8
0000000177,1610612748,1631107,2023-24,Regular Season,2024-10-10,33.9,13.0
0000000178,1610612748,1631107,2023-24,Regular Season,2024-10-12,31.3,13.8
0000000179,1610612748,1631107,2023-24,Regular Season,2024-10-14,29.5,13.6
0000000180,1610612748,1631107,2023-24,Regular Season,2024-10-16,29.8,13.0
