game_id,team_id,player_id,season,season_type,game_date,minutes_last_5,pts_last_5
0000000181,1610612747,2544,2024-25,Regular Season,2024-10-22,37.3,30.0
0000000182,1610612747,2544,2024-25,Regular Season,2024-10-24,34.9,26.5
0000000183,1610612747,2544,2024-25,Regular Season,2024-10-26,34.2,26.3
0000000184,1610612747,2544,2024-25,Regular Season,2024-10-28,34.1,26.2
0000000185,1610612747,2544,2024-25,Regular Season,2024-10-30,32.0,26.4
0000000186,1610612747,2544,2024-25,Regular Season,2024-11-01,28.8,25.4
0000000191,1610612747,2544,2024-25,Regular Season,2024-11-11,26.5,24.6
0000000196,1610612747,2544,2024-25,Regular Season,2024-11-21,24.2,23.8
0000000201,1610612747,2544,2024-25,Regular Season,2024-12-01,22.3,23.0
0000000206,1610612747,2544,2024-25,Regular Season,2024-12-11,24.4,20.6
0000000211,1610612747,2544,2024-25,Regular Season,2024-12-21,26.0,21.2
0000000212,1610612747,2544,2024-25,Regular Season,2024-12-23,28.9,20.6
0000000213,1610612747,2544,2024-25,Regular Season,2024-12-25,29.2,24.4
0000000214,1610612747,2544,2024-25,Regular Season,2024-12-27,29.3,27.8
0000000215,1610612747,2544,2024-25,Regular Season,2024-12-29,28.0,28.4
0000000216,1610612747,2544,2024-25,Regular Season,2024-12-31,27.6,27.6
0000000221,1610612747,2544,2024-25,Regular Season,2025-01-10,24.8,31.0
0000000226,1610612747,2544,2024-25,Regular Season,2025-01-20,24.0,27.6
0000000231,1610612747,2544,2024-25,Regular Season,2025-01-30,23.9,23.2
0000000236,1610612747,2544,2024-25,Regular Season,2025-02-09,23.5,24.4
0000000241,1610612747,2544,2024-25,Regular Season,2025-02-19,25.0,23.2
0000000242,1610612747,2544,2024-25,Regular Season,2025-02-21,26.7,22.0
0000000243,1610612747,2544,2024-25,Regular Season,2025-02-23,28.2,22.4
0000000244,1610612747,2544,2024-25,Regular Season,2025-02-25,30.6,24.4
0000000245,1610612747,2544,2024-25,Regular Season,2025-02-27,32.5,26.6
0000000246,1610612747,2544,2024-25,Regular Season,2025-03-01,29.3,26.6
0000000251,1610612747,2544,2024-25,Regular Season,2025-03-11,30.0,23.4
0000000256,1610612747,2544,2024-25,Regular Season,2025-03-21,30.6,21.4
0000000261,1610612747,2544,2024-25,Regular Season,2025-03-31,30.5,23.4
0000000266,1610612747,2544,2024-25,Regular Season,2025-04-10,28.4,19.0
0000000271,1610612747,2544,2024-25,Regular Season,2025-04-20,28.5,18.8
0000000272,1610612747,2544,2024-25,Regular Season,2025-04-22,27.9,24.0
0000000273,1610612747,2544,2024-25,Regular Season,2025-04-24,27.7,24.4
0000000274,1610612747,2544,2024-25,Regular Season,2025-04-26,25.6,22.4
0000000275,1610612747,2544,2024-25,Regular Season,2025-04-28,24.6,22.8
0000000276,1610612747,2544,2024-25,Regular Season,2025-04-30,28.2,22.2
0000000281,1610612747,2544,2024-25,Regular Season,2025-05-10,26.8,18.2
0000000286,1610612747,2544,2024-25,Regular Season,2025-05-20,25.4,18.8
0000000291,1610612747,2544,2024-25,Regular Season,2025-05-30,24.8,16.8
0000000296,1610612747,2544,2024-25,Regular Season,2025-06-09,26.0,19.0
0000000301,1610612747,2544,2024-25,Regular Season,2025-06-19,23.7,22.4
0000000302,1610612747,2544,2024-25,Regular Season,2025-06-21,23.5,22.6
0000000303,1610612747,2544,2024-25,Regular Season,2025-06-23,23.7,24.0
0000000304,1610612747,2544,2024-25,Regular Season,2025-06-25,23.1,24.6
0000000305,1610612747,2544,2024-25,Regular Season,2025-06-27,25.6,23.2
0000000306,1610612747,2544,2024-25,Regular Season,2025-06-29,27.9,23.8
0000000311,1610612747,2544,2024-25,Regular Season,2025-07-09,29.5,25.8
0000000316,1610612747,2544,2024-25,Regular Season,2025-07-19,30.7,23.8
0000000321,1610612747,2544,2024-25,Regular Season,2025-07-29,31.6,24.2
0000000326,1610612747,2544,2024-25,Regular Season,2025-08-08,27.9,25.8
0000000331,1610612747,2544,2024-25,Regular Season,2025-08-18,25.7,23.6
0000000332,1610612747,2544,2024-25,Regular Season,2025-08-20,26.0,24.6
0000000333,1610612747,2544,2024-25,Regular Season,2025-08-22,25.5,26.8
0000000334,1610612747,2544,2024-25,Regular Season,2025-08-24,27.0,27.6
0000000335,1610612747,2544,2024-25,Regular Season,2025-08-26,27.2,29.4
0000000336,1610612747,2544,2024-25,Regular Season,2025-08-28,27.9,28.4
0000000341,1610612747,2544,2024-25,Regular Season,2025-09-07,27.6,28.4
0000000346,1610612747,2544,2024-25,Regular Season,2025-09-17,28.0,28.4
0000000351,1610612747,2544,2024-25,Regular Season,2025-09-27,29.3,28.0
0000000356,1610612747,2544,2024-25,Regular Season,2025-10-07,29.4,25.0
0000000181,1610612747,1629029,2024-25,Regular Season,2024-10-22,23.6,26.0
0000000182,1610612747,1629029,2024-25,Regular Season,2024-10-24,25.8,25.5
0000000183,1610612747,1629029,2024-25,Regular Season,2024-10-26,24.8,29.7
0000000184,1610612747,1629029,2024-25,Regular Season,2024-10-28,26.9,29.2
0000000185,1610612747,1629029,2024-25,Regular Season,2024-10-30,27.3,28.4
0000000186,1610612747,1629029,2024-25,Regular Season,2024-11-01,26.9,27.0
0000000191,1610612747,1629029,2024-25,Regular Season,2024-11-11,25.9,27.8
0000000196,1610612747,1629029,2024-25,Regular Season,2024-11-21,25.4,26.6
0000000201,1610612747,1629029,2024-25,Regular Season,2024-12-01,24.1,24.4
0000000206,1610612747,1629029,2024-25,Regular Season,2024-12-11,24.6,25.0
0000000211,1610612747,1629029,2024-25,Regular Season,2024-12-21,25.5,23.4
0000000212,1610612747,1629029,2024-25,Regular Season,2024-12-23,28.2,21.2
0000000213,1610612747,1629029,2024-25,Regular Season,2024-12-25,29.7,20.8
0000000214,1610612747,1629029,2024-25,Regular Season,2024-12-27,30.6,24.0
0000000215,1610612747,1629029,2024-25,Regular Season,2024-12-29,31.0,22.8
0000000216,1610612747,1629029,2024-25,Regular Season,2024-12-31,29.7,27.4
0000000221,1610612747,1629029,2024-25,Regular Season,2025-01-10,26.2,30.6
0000000226,1610612747,1629029,2024-25,Regular Season,2025-01-20,26.9,29.2
0000000231,1610612747,1629029,2024-25,Regular Season,2025-01-30,25.6,28.0
0000000236,1610612747,1629029,2024-25,Regular Season,2025-02-09,26.3,29.2
0000000241,1610612747,1629029,2024-25,Regular Season,2025-02-19,26.8,27.0
0000000242,1610612747,1629029,2024-25,Regular Season,2025-02-21,30.0,26.2
0000000243,1610612747,1629029,2024-25,Regular Season,2025-02-23,29.4,28.2
0000000244,1610612747,1629029,2024-25,Regular Season,2025-02-25,30.1,29.0
0000000245,1610612747,1629029,2024-25,Regular Season,2025-02-27,27.5,31.4
0000000246,1610612747,1629029,2024-25,Regular Season,2025-03-01,27.6,32.4
0000000251,1610612747,1629029,2024-25,Regular Season,2025-03-11,25.4,32.2
0000000256,1610612747,1629029,2024-25,Regular Season,2025-03-21,24.9,31.4
0000000261,1610612747,1629029,2024-25,Regular Season,2025-03-31,26.4,29.4
0000000266,1610612747,1629029,2024-25,Regular Season,2025-04-10,29.0,28.8
0000000271,1610612747,1629029,2024-25,Regular Season,2025-04-20,31.3,29.8
0000000272,1610612747,1629029,2024-25,Regular Season,2025-04-22,31.5,31.0
0000000273,1610612747,1629029,2024-25,Regular Season,2025-04-24,30.2,32.4
0000000274,1610612747,1629029,2024-25,Regular Season,2025-04-26,29.9,32.2
0000000275,1610612747,1629029,2024-25,Regular Season,2025-04-28,26.5,29.6
0000000276,1610612747,1629029,2024-25,Regular Season,2025-04-30,26.3,31.4
0000000281,1610612747,1629029,2024-25,Regular Season,2025-05-10,27.8,29.4
0000000286,1610612747,1629029,2024-25,Regular Season,2025-05-20,30.8,27.6
0000000291,1610612747,1629029,2024-25,Regular Season,2025-05-30,30.2,30.2
0000000296,1610612747,1629029,2024-25,Regular Season,2025-06-09,32.9,29.2
0000000301,1610612747,1629029,2024-25,Regular Season,2025-06-19,29.9,28.4
0000000302,1610612747,1629029,2024-25,Regular Season,2025-06-21,28.9,28.0
0000000303,1610612747,1629029,2024-25,Regular Season,2025-06-23,28.6,27.2
0000000304,1610612747,1629029,2024-25,Regular Season,2025-06-25,27.1,25.2
0000000305,1610612747,1629029,2024-25,Regular Season,2025-06-27,25.7,26.6
0000000306,1610612747,1629029,2024-25,Regular Season,2025-06-29,28.3,23.0
0000000311,1610612747,1629029,2024-25,Regular Season,2025-07-09,28.9,23.6
0000000316,1610612747,1629029,2024-25,Regular Season,2025-07-19,28.0,25.0
0000000321,1610612747,1629029,2024-25,Regular Season,2025-07-29,30.0,25.0
0000000326,1610612747,1629029,2024-25,Regular Season,2025-08-08,29.6,26.2
0000000331,1610612747,1629029,2024-25,Regular Season,2025-08-18,28.8,28.2
0000000332,1610612747,1629029,2024-25,Regular Season,2025-08-20,28.0,28.0
0000000333,1610612747,1629029,2024-25,Regular Season,2025-08-22,27.3,29.0
0000000334,1610612747,1629029,2024-25,Regular Season,2025-08-24,27.3,30.4
0000000335,1610612747,1629029,2024-25,Regular Season,2025-08-26,26.3,31.0
0000000336,1610612747,1629029,2024-25,Regular Season,2025-08-28,26.6,30.6
0000000341,1610612747,1629029,2024-25,Regular Season,2025-09-07,26.8,30.0
0000000346,1610612747,1629029,2024-25,Regular Season,2025-09-17,26.7,31.6
0000000351,1610612747,1629029,2024-25,Regular Season,2025-09-27,27.0,29.8
0000000356,1610612747,1629029,2024-25,Regular Season,2025-10-07,29.5,30.0
0000000181,1610612747,203076,2024-25,Regular Season,2024-10-22,21.2,26.0
0000000182,1610612747,203076,2024-25,Regular Season,2024-10-24,28.5,25.0
0000000183,1610612747,203076,2024-25,Regular Season,2024-10-26,26.3,26.7
0000000184,1610612747,203076,2024-25,Regular Season,2024-10-28,27.9,27.8
0000000185,1610612747,203076,2024-25,Regular Season,2024-10-30,28.8,28.0
0000000186,1610612747,203076,2024-25,Regular Season,2024-11-01,29.8,28.6
0000000191,1610612747,203076,2024-25,Regular Season,2024-11-11,30.0,29.2
0000000196,1610612747,203076,2024-25,Regular Season,2024-11-21,30.4,28.6
0000000201,1610612747,203076,2024-25,Regular Season,2024-12-01,30.2,27.2
0000000206,1610612747,203076,2024-25,Regular Season,2024-12-11,30.2,27.8
0000000211,1610612747,203076,2024-25,Regular Season,2024-12-21,31.1,26.4
0000000212,1610612747,203076,2024-25,Regular Season,2024-12-23,30.5,25.2
0000000213,1610612747,203076,2024-25,Regular Season,2024-12-25,32.6,25.2
0000000214,1610612747,203076,2024-25,Regular Season,2024-12-27,32.9,22.8
0000000215,1610612747,203076,2024-25,Regular Season,2024-12-29,30.5,20.2
0000000216,1610612747,203076,2024-25,Regular Season,2024-12-31,30.6,20.2
0000000221,1610612747,203076,2024-25,Regular Season,2025-01-10,27.7,18.6
0000000226,1610612747,203076,2024-25,Regular Season,2025-01-20,28.3,18.0
0000000231,1610612747,203076,2024-25,Regular Season,2025-01-30,28.0,20.8
0000000236,1610612747,203076,2024-25,Regular Season,2025-02-09,30.3,23.4
0000000241,1610612747,203076,2024-25,Regular Season,2025-02-19,28.8,22.0
0000000242,1610612747,203076,2024-25,Regular Season,2025-02-21,28.6,25.2
0000000243,1610612747,203076,2024-25,Regular Season,2025-02-23,25.6,25.4
0000000244,1610612747,203076,2024-25,Regular Season,2025-02-25,25.6,24.8
0000000245,1610612747,203076,2024-25,Regular Season,2025-02-27,24.5,24.2
0000000246,1610612747,203076,2024-25,Regular Season,2025-03-01,24.3,26.8
0000000251,1610612747,203076,2024-25,Regular Season,2025-03-11,27.8,25.4
0000000256,1610612747,203076,2024-25,Regular Season,2025-03-21,27.4,25.8
0000000261,1610612747,203076,2024-25,Regular Season,2025-03-31,27.0,26.8
0000000266,1610612747,203076,2024-25,Regular Season,2025-04-10,28.8,24.6
0000000271,1610612747,203076,2024-25,Regular Season,2025-04-20,28.2,21.2
0000000272,1610612747,203076,2024-25,Regular Season,2025-04-22,27.8,22.8
0000000273,1610612747,203076,2024-25,Regular Season,2025-04-24,29.2,21.2
0000000274,1610612747,203076,2024-25,Regular Season,2025-04-26,30.4,20.2
0000000275,1610612747,203076,2024-25,Regular Season,2025-04-28,27.6,21.2
0000000276,1610612747,203076,2024-25,Regular Season,2025-04-30,27.7,25.8
0000000281,1610612747,203076,2024-25,Regular Season,2025-05-10,25.0,22.8
0000000286,1610612747,203076,2024-25,Regular Season,2025-05-20,25.7,24.4
0000000291,1610612747,203076,2024-25,Regular Season,2025-05-30,22.6,21.8
0000000296,1610612747,203076,2024-25,Regular Season,2025-06-09,21.9,21.0
0000000301,1610612747,203076,2024-25,Regular Season,2025-06-19,23.9,17.6
0000000302,1610612747,203076,2024-25,Regular Season,2025-06-21,23.5,17.6
0000000303,1610612747,203076,2024-25,Regular Season,2025-06-23,23.4,16.0
0000000304,1610612747,203076,2024-25,Regular Season,2025-06-25,25.4,17.6
0000000305,1610612747,203076,2024-25,Regular Season,2025-06-27,26.2,19.6
0000000306,1610612747,203076,2024-25,Regular Season,2025-06-29,26.5,22.0
0000000311,1610612747,203076,2024-25,Regular Season,2025-07-09,26.5,24.0
0000000316,1610612747,203076,2024-25,Regular Season,2025-07-19,26.5,24.8
0000000321,1610612747,203076,2024-25,Regular Season,2025-07-29,25.7,26.8
0000000326,1610612747,203076,2024-25,Regular Season,2025-08-08,27.6,25.2
0000000331,1610612747,203076,2024-25,Regular Season,2025-08-18,27.5,24.6
0000000332,1610612747,203076,2024-25,Regular Season,2025-08-20,29.3,21.4
0000000333,1610612747,203076,2024-25,Regular Season,2025-08-22,29.7,20.8
0000000334,1610612747,203076,2024-25,Regular Season,2025-08-24,29.5,19.2
0000000335,1610612747,203076,2024-25,Regular Season,2025-08-26,29.4,20.0
0000000336,1610612747,203076,2024-25,Regular Season,2025-08-28,28.0,18.0
0000000341,1610612747,203076,2024-25,Regular Season,2025-09-07,26.2,20.4
0000000346,1610612747,203076,2024-25,Regular Season,2025-09-17,24.5,20.4
0000000351,1610612747,203076,2024-25,Regular Season,2025-09-27,23.9,21.6
0000000356,1610612747,203076,2024-25,Regular Season,2025-10-07,22.3,19.4
0000000181,1610612747,1630559,2024-25,Regular Season,2024-10-22,30.2,24.0
0000000182,1610612747,1630559,2024-25,Regular Season,2024-10-24,31.9,17.5
0000000183,1610612747,1630559,2024-25,Regular Season,2024-10-26,33.5,16.7
0000000184,1610612747,1630559,2024-25,Regular Season,2024-10-28,32.5,14.8
0000000185,1610612747,1630559,2024-25,Regular Season,2024-10-30,30.8,13.0
0000000186,1610612747,1630559,2024-25,Regular Season,2024-11-01,32.2,11.4
0000000191,1610612747,1630559,2024-25,Regular Season,2024-11-11,33.0,11.4
0000000196,1610612747,1630559,2024-25,Regular Season,2024-11-21,29.6,10.2
0000000201,1610612747,1630559,2024-25,Regular Season,2024-12-01,30.5,11.2
0000000206,1610612747,1630559,2024-25,Regular Season,2024-12-11,30.0,14.0
0000000211,1610612747,1630559,2024-25,Regular Season,2024-12-21,28.0,12.0
0000000212,1610612747,1630559,2024-25,Regular Season,2024-12-23,24.2,15.0
0000000213,1610612747,1630559,2024-25,Regular Season,2024-12-25,26.5,17.4
0000000214,1610612747,1630559,2024-25,Regular Season,2024-12-27,25.1,19.4
0000000215,1610612747,1630559,2024-25,Regular Season,2024-12-29,26.6,20.0
0000000216,1610612747,1630559,2024-25,Regular Season,2024-12-31,25.7,23.0
0000000221,1610612747,1630559,2024-25,Regular Season,2025-01-10,26.8,21.0
0000000226,1610612747,1630559,2024-25,Regular Season,2025-01-20,24.8,18.6
0000000231,1610612747,1630559,2024-25,Regular Season,2025-01-30,24.1,16.4
0000000236,1610612747,1630559,2024-25,Regular Season,2025-02-09,25.5,15.8
0000000241,1610612747,1630559,2024-25,Regular Season,2025-02-19,26.6,13.8
0000000242,1610612747,1630559,2024-25,Regular Season,2025-02-21,26.4,15.0
0000000243,1610612747,1630559,2024-25,Regular Season,2025-02-23,26.3,16.4
0000000244,1610612747,1630559,2024-25,Regular Season,2025-02-25,27.8,15.4
0000000245,1610612747,1630559,2024-25,Regular Season,2025-02-27,25.2,13.6
0000000246,1610612747,1630559,2024-25,Regular Season,2025-03-01,24.2,15.0
0000000251,1610612747,1630559,2024-25,Regular Season,2025-03-11,23.6,13.6
0000000256,1610612747,1630559,2024-25,Regular Season,2025-03-21,25.5,13.2
0000000261,1610612747,1630559,2024-25,Regular Season,2025-03-31,23.1,15.6
0000000266,1610612747,1630559,2024-25,Regular Season,2025-04-10,23.5,14.0
0000000271,1610612747,1630559,2024-25,Regular Season,2025-04-20,22.7,10.8
0000000272,1610612747,1630559,2024-25,Regular Season,2025-04-22,23.8,9.8
0000000273,1610612747,1630559,2024-25,Regular Season,2025-04-24,24.8,10.2
0000000274,1610612747,1630559,2024-25,Regular Season,2025-04-26,24.9,7.6
0000000275,1610612747,1630559,2024-25,Regular Season,2025-04-28,24.2,9.2
0000000276,1610612747,1630559,2024-25,Regular Season,2025-04-30,27.7,11.6
0000000281,1610612747,1630559,2024-25,Regular Season,2025-05-10,27.6,11.6
0000000286,1610612747,1630559,2024-25,Regular Season,2025-05-20,26.0,10.0
0000000291,1610612747,1630559,2024-25,Regular Season,2025-05-30,29.5,12.2
0000000296,1610612747,1630559,2024-25,Regular Season,2025-06-09,31.4,14.8
0000000301,1610612747,1630559,2024-25,Regular Season,2025-06-19,30.4,14.6
0000000302,1610612747,1630559,2024-25,Regular Season,2025-06-21,32.0,14.6
0000000303,1610612747,1630559,2024-25,Regular Season,2025-06-23,33.6,15.2
0000000304,1610612747,1630559,2024-25,Regular Season,2025-06-25,32.9,11.6
0000000305,1610612747,1630559,2024-25,Regular Season,2025-06-27,32.7,8.6
0000000306,1610612747,1630559,2024-25,Regular Season,2025-06-29,31.4,9.8
0000000311,1610612747,1630559,2024-25,Regular Season,2025-07-09,32.3,8.0
0000000316,1610612747,1630559,2024-25,Regular Season,2025-07-19,29.8,10.0
0000000321,1610612747,1630559,2024-25,Regular Season,2025-07-29,29.7,13.8
0000000326,1610612747,1630559,2024-25,Regular Season,2025-08-08,28.8,14.4
0000000331,1610612747,1630559,2024-25,Regular Season,2025-08-18,29.1,15.0
0000000332,1610612747,1630559,2024-25,Regular Season,2025-08-20,29.1,18.0
0000000333,1610612747,1630559,2024-25,Regular Season,2025-08-22,29.8,18.4
0000000334,1610612747,1630559,2024-25,Regular Season,2025-08-24,28.4,16.6
0000000335,1610612747,1630559,2024-25,Regular Season,2025-08-26,28.9,17.8
0000000336,1610612747,1630559,2024-25,Regular Season,2025-08-28,30.8,15.0
0000000341,1610612747,1630559,2024-25,Regular Season,2025-09-07,28.4,14.4
0000000346,1610612747,1630559,2024-25,Regular Season,2025-09-17,28.6,13.6
0000000351,1610612747,1630559,2024-25,Regular Season,2025-09-27,29.4,13.4
0000000356,1610612747,1630559,2024-25,Regular Season,2025-10-07,30.1,13.2
0000000181,1610612747,1626156,2024-25,Regular Season,2024-10-22,33.3,12.0
0000000182,1610612747,1626156,2024-25,Regular Season,2024-10-24,28.5,10.5
0000000183,1610612747,1626156,2024-25,Regular Season,2024-10-26,30.6,8.7
0000000184,1610612747,1626156,2024-25,Regular Season,2024-10-28,28.8,8.5
0000000185,1610612747,1626156,2024-25,Regular Season,2024-10-30,29.7,9.8
0000000186,1610612747,1626156,2024-25,Regular Season,2024-11-01,26.8,9.2
0000000191,1610612747,1626156,2024-25,Regular Season,2024-11-11,28.1,11.2
0000000196,1610612747,1626156,2024-25,Regular Season,2024-11-21,25.8,11.8
0000000201,1610612747,1626156,2024-25,Regular Season,2024-12-01,27.6,11.4
0000000206,1610612747,1626156,2024-25,Regular Season,2024-12-11,26.3,13.2
0000000211,1610612747,1626156,2024-25,Regular Season,2024-12-21,26.6,14.0
0000000212,1610612747,1626156,2024-25,Regular Season,2024-12-23,25.7,13.4
0000000213,1610612747,1626156,2024-25,Regular Season,2024-12-25,27.4,12.6
0000000214,1610612747,1626156,2024-25,Regular Season,2024-12-27,27.7,13.4
0000000215,1610612747,1626156,2024-25,Regular Season,2024-12-29,26.7,11.6
0000000216,1610612747,1626156,2024-25,Regular Season,2024-12-31,29.0,9.0
0000000221,1610612747,1626156,2024-25,Regular Season,2025-01-10,30.5,6.0
0000000226,1610612747,1626156,2024-25,Regular Season,2025-01-20,28.9,5.2
0000000231,1610612747,1626156,2024-25,Regular Season,2025-01-30,26.2,4.6
0000000236,1610612747,1626156,2024-25,Regular Season,2025-02-09,26.5,1.6
0000000241,1610612747,1626156,2024-25,Regular Season,2025-02-19,24.4,4.4
0000000242,1610612747,1626156,2024-25,Regular Season,2025-02-21,23.3,7.2
0000000243,1610612747,1626156,2024-25,Regular Season,2025-02-23,25.9,8.6
0000000244,1610612747,1626156,2024-25,Regular Season,2025-02-25,28.4,8.2
0000000245,1610612747,1626156,2024-25,Regular Season,2025-02-27,28.8,9.6
0000000246,1610612747,1626156,2024-25,Regular Season,2025-03-01,30.2,8.4
0000000251,1610612747,1626156,2024-25,Regular Season,2025-03-11,29.9,7.6
0000000256,1610612747,1626156,2024-25,Regular Season,2025-03-21,28.0,7.6
0000000261,1610612747,1626156,2024-25,Regular Season,2025-03-31,27.3,8.4
0000000266,1610612747,1626156,2024-25,Regular Season,2025-04-10,26.1,11.2
0000000271,1610612747,1626156,2024-25,Regular Season,2025-04-20,24.0,12.2
0000000272,1610612747,1626156,2024-25,Regular Season,2025-04-22,23.5,10.0
0000000273,1610612747,1626156,2024-25,Regular Season,2025-04-24,24.7,10.2
0000000274,1610612747,1626156,2024-25,Regular Season,2025-04-26,23.8,12.6
0000000275,1610612747,1626156,2024-25,Regular Season,2025-04-28,25.4,9.2
0000000276,1610612747,1626156,2024-25,Regular Season,2025-04-30,28.7,8.4
0000000281,1610612747,1626156,2024-25,Regular Season,2025-05-10,29.9,10.6
0000000286,1610612747,1626156,2024-25,Regular Season,2025-05-20,26.8,12.8
0000000291,1610612747,1626156,2024-25,Regular Season,2025-05-30,28.3,9.0
0000000296,1610612747,1626156,2024-25,Regular Season,2025-06-09,30.0,10.6
0000000301,1610612747,1626156,2024-25,Regular Season,2025-06-19,27.9,11.0
0000000302,1610612747,1626156,2024-25,Regular Season,2025-06-21,26.1,10.8
0000000303,1610612747,1626156,2024-25,Regular Season,2025-06-23,27.8,7.2
0000000304,1610612747,1626156,2024-25,Regular Season,2025-06-25,29.0,7.8
0000000305,1610612747,1626156,2024-25,Regular Season,2025-06-27,28.2,5.8
0000000306,1610612747,1626156,2024-25,Regular Season,2025-06-29,27.6,5.4
0000000311,1610612747,1626156,2024-25,Regular Season,2025-07-09,28.9,5.4
0000000316,1610612747,1626156,2024-25,Regular Season,2025-07-19,27.9,5.2
0000000321,1610612747,1626156,2024-25,Regular Season,2025-07-29,26.7,6.4
0000000326,1610612747,1626156,2024-25,Regular Season,2025-08-08,24.1,8.6
0000000331,1610612747,1626156,2024-25,Regular Season,2025-08-18,25.5,7.6
0000000332,1610612747,1626156,2024-25,Regular Season,2025-08-20,24.1,6.2
0000000333,1610612747,1626156,2024-25,Regular Season,2025-08-22,23.4,9.0
0000000334,1610612747,1626156,2024-25,Regular Season,2025-08-24,21.6,7.0
0000000335,1610612747,1626156,2024-25,Regular Season,2025-08-26,21.7,6.0
0000000336,1610612747,1626156,2024-25,Regular Season,2025-08-28,22.4,7.6
0000000341,1610612747,1626156,2024-25,Regular Season,2025-09-07,24.7,9.0
0000000346,1610612747,1626156,2024-25,Regular Season,2025-09-17,25.1,8.0
0000000351,1610612747,1626156,2024-25,Regular Season,2025-09-27,26.9,11.2
0000000356,1610612747,1626156,2024-25,Regular Season,2025-10-07,28.2,11.4
0000000181,1610612747,1629020,2024-25,Regular Season,2024-10-22,30.0,8.0
0000000182,1610612747,1629020,2024-25,Regular Season,2024-10-24,28.9,9.5
0000000183,1610612747,1629020,2024-25,Regular Season,2024-10-26,29.2,10.0
0000000184,1610612747,1629020,2024-25,Regular Season,2024-10-28,28.5,11.8
0000000185,1610612747,1629020,2024-25,Regular Season,2024-10-30,28.4,11.2
0000000186,1610612747,1629020,2024-25,Regular Season,2024-11-01,27.9,10.8
0000000191,1610612747,1629020,2024-25,Regular Season,2024-11-11,27.8,12.6
0000000196,1610612747,1629020,2024-25,Regular Season,2024-11-21,29.1,12.4
0000000201,1610612747,1629020,2024-25,Regular Season,2024-12-01,27.8,11.4
0000000206,1610612747,1629020,2024-25,Regular Season,2024-12-11,27.9,10.8
0000000211,1610612747,1629020,2024-25,Regular Season,2024-12-21,29.3,12.6
0000000212,1610612747,1629020,2024-25,Regular Season,2024-12-23,31.0,9.6
0000000213,1610612747,1629020,2024-25,Regular Season,2024-12-25,29.2,10.4
0000000214,1610612747,1629020,2024-25,Regular Season,2024-12-27,32.1,11.2
0000000215,1610612747,1629020,2024-25,Regular Season,2024-12-29,32.6,13.4
0000000216,1610612747,1629020,2024-25,Regular Season,2024-12-31,32.2,12.4
0000000221,1610612747,1629020,2024-25,Regular Season,2025-01-10,31.5,13.8
0000000226,1610612747,1629020,2024-25,Regular Season,2025-01-20,32.9,15.2
0000000231,1610612747,1629020,2024-25,Regular Season,2025-01-30,32.0,14.0
0000000236,1610612747,1629020,2024-25,Regular Season,2025-02-09,33.3,14.0
0000000241,1610612747,1629020,2024-25,Regular Season,2025-02-19,33.8,13.6
0000000242,1610612747,1629020,2024-25,Regular Season,2025-02-21,32.0,11.8
0000000243,1610612747,1629020,2024-25,Regular Season,2025-02-23,31.0,11.2
0000000244,1610612747,1629020,2024-25,Regular Season,2025-02-25,29.0,9.2
0000000245,1610612747,1629020,2024-25,Regular Season,2025-02-27,26.3,8.0
0000000246,1610612747,1629020,2024-25,Regular Season,2025-03-01,22.8,9.2
0000000251,1610612747,1629020,2024-25,Regular Season,2025-03-11,22.8,9.6
0000000256,1610612747,1629020,2024-25,Regular Season,2025-03-21,21.2,7.2
0000000261,1610612747,1629020,2024-25,Regular Season,2025-03-31,21.2,8.0
0000000266,1610612747,1629020,2024-25,Regular Season,2025-04-10,23.2,8.0
0000000271,1610612747,1629020,2024-25,Regular Season,2025-04-20,25.4,7.0
0000000272,1610612747,1629020,2024-25,Regular Season,2025-04-22,27.4,9.8
0000000273,1610612747,1629020,2024-25,Regular Season,2025-04-24,27.9,10.8
0000000274,1610612747,1629020,2024-25,Regular Season,2025-04-26,28.2,14.4
0000000275,1610612747,1629020,2024-25,Regular Season,2025-04-28,28.3,15.6
0000000276,1610612747,1629020,2024-25,Regular Season,2025-04-30,28.8,15.6
0000000281,1610612747,1629020,2024-25,Regular Season,2025-05-10,27.7,16.4
0000000286,1610612747,1629020,2024-25,Regular Season,2025-05-20,26.5,17.0
0000000291,1610612747,1629020,2024-25,Regular Season,2025-05-30,27.7,16.6
0000000296,1610612747,1629020,2024-25,Regular Season,2025-06-09,27.3,16.8
0000000301,1610612747,1629020,2024-25,Regular Season,2025-06-19,25.7,16.0
0000000302,1610612747,1629020,2024-25,Regular Season,2025-06-21,24.7,14.6
0000000303,1610612747,1629020,2024-25,Regular Season,2025-06-23,27.5,16.2
0000000304,1610612747,1629020,2024-25,Regular Season,2025-06-25,28.6,16.8
0000000305,1610612747,1629020,2024-25,Regular Season,2025-06-27,27.3,14.2
0000000306,1610612747,1629020,2024-25,Regular Season,2025-06-29,27.5,16.4
0000000311,1610612747,1629020,2024-25,Regular Season,2025-07-09,30.3,16.2
0000000316,1610612747,1629020,2024-25,Regular Season,2025-07-19,29.4,12.8
0000000321,1610612747,1629020,2024-25,Regular Season,2025-07-29,27.6,10.8
0000000326,1610612747,1629020,2024-25,Regular Season,2025-08-08,25.8,11.4
0000000331,1610612747,1629020,2024-25,Regular Season,2025-08-18,25.1,9.4
0000000332,1610612747,1629020,2024-25,Regular Season,2025-08-20,22.2,10.8
0000000333,1610612747,1629020,2024-25,Regular Season,2025-08-22,22.8,11.4
0000000334,1610612747,1629020,2024-25,Regular Season,2025-08-24,24.5,11.8
0000000335,1610612747,1629020,2024-25,Regular Season,2025-08-26,27.7,13.8
0000000336,1610612747,1629020,2024-25,Regular Season,2025-08-28,30.4,12.6
0000000341,1610612747,1629020,2024-25,Regular Season,2025-09-07,30.1,11.8
0000000346,1610612747,1629020,2024-25,Regular Season,2025-09-17,29.3,11.8
0000000351,1610612747,1629020,2024-25,Regular Season,2025-09-27,30.1,10.6
0000000356,1610612747,1629020,2024-25,Regular Season,2025-10-07,28.9,9.8
0000000181,1610612744,201939,2024-25,Regular Season,2024-10-22,27.9,31.0
0000000186,1610612744,201939,2024-25,Regular Season,2024-11-01,32.2,30.5
0000000187,1610612744,201939,2024-25,Regular Season,2024-11-03,30.8,28.7
0000000188,1610612744,201939,2024-25,Regular Season,2024-11-05,30.9,29.2
0000000189,1610612744,201939,2024-25,Regular Season,2024-11-07,29.9,27.6
0000000190,1610612744,201939,2024-25,Regular Season,2024-11-09,28.7,25.4
0000000192,1610612744,201939,2024-25,Regular Season,2024-11-13,27.4,25.0
0000000197,1610612744,201939,2024-25,Regular Season,2024-11-23,26.8,27.2
0000000202,1610612744,201939,2024-25,Regular Season,2024-12-03,28.1,26.8
0000000207,1610612744,201939,2024-25,Regular Season,2024-12-13,28.9,29.4
0000000211,1610612744,201939,2024-25,Regular Season,2024-12-21,30.7,30.2
0000000216,1610612744,201939,2024-25,Regular Season,2024-12-31,32.0,30.8
0000000217,1610612744,201939,2024-25,Regular Season,2025-01-02,34.2,29.0
0000000218,1610612744,201939,2024-25,Regular Season,2025-01-04,34.0,29.0
0000000219,1610612744,201939,2024-25,Regular Season,2025-01-06,31.9,27.6
0000000220,1610612744,201939,2024-25,Regular Season,2025-01-08,32.9,28.4
0000000222,1610612744,201939,2024-25,Regular Season,2025-01-12,29.4,28.0
0000000227,1610612744,201939,2024-25,Regular Season,2025-01-22,28.6,28.2
0000000232,1610612744,201939,2024-25,Regular Season,2025-02-01,27.2,25.8
0000000237,1610612744,201939,2024-25,Regular Season,2025-02-11,29.7,26.8
0000000241,1610612744,201939,2024-25,Regular Season,2025-02-19,29.4,27.8
0000000246,1610612744,201939,2024-25,Regular Season,2025-03-01,32.1,28.0
0000000247,1610612744,201939,2024-25,Regular Season,2025-03-03,32.5,27.8
0000000248,1610612744,201939,2024-25,Regular Season,2025-03-05,31.7,30.4
0000000249,1610612744,201939,2024-25,Regular Season,2025-03-07,30.1,30.8
0000000250,1610612744,201939,2024-25,Regular Season,2025-03-09,28.8,29.6
0000000252,1610612744,201939,2024-25,Regular Season,2025-03-13,26.5,27.8
0000000257,1610612744,201939,2024-25,Regular Season,2025-03-23,27.2,29.0
0000000262,1610612744,201939,2024-25,Regular Season,2025-04-02,27.3,27.8
0000000267,1610612744,201939,2024-25,Regular Season,2025-04-12,27.1,27.0
0000000271,1610612744,201939,2024-25,Regular Season,2025-04-20,26.2,26.4
0000000276,1610612744,201939,2024-25,Regular Season,2025-04-30,28.4,29.2
0000000277,1610612744,201939,2024-25,Regular Season,2025-05-02,25.7,26.6
0000000278,1610612744,201939,2024-25,Regular Season,2025-05-04,27.8,26.2
0000000279,1610612744,201939,2024-25,Regular Season,2025-05-06,28.3,25.6
0000000280,1610612744,201939,2024-25,Regular Season,2025-05-08,31.2,26.0
0000000282,1610612744,201939,2024-25,Regular Season,2025-05-12,28.8,25.2
0000000287,1610612744,201939,2024-25,Regular Season,2025-05-22,30.5,27.4
0000000292,1610612744,201939,2024-25,Regular Season,2025-06-01,29.1,28.4
0000000297,1610612744,201939,2024-25,Regular Season,2025-06-11,28.1,28.2
0000000301,1610612744,201939,2024-25,Regular Season,2025-06-19,28.1,28.2
0000000306,1610612744,201939,2024-25,Regular Season,2025-06-29,31.4,29.2
0000000307,1610612744,201939,2024-25,Regular Season,2025-07-01,30.7,29.4
0000000308,1610612744,201939,2024-25,Regular Season,2025-07-03,29.6,29.2
0000000309,1610612744,201939,2024-25,Regular Season,2025-07-05,29.9,27.8
0000000310,1610612744,201939,2024-25,Regular Season,2025-07-07,29.3,28.2
0000000312,1610612744,201939,2024-25,Regular Season,2025-07-11,29.0,26.8
0000000317,1610612744,201939,2024-25,Regular Season,2025-07-21,29.1,24.2
0000000322,1610612744,201939,2024-25,Regular Season,2025-07-31,28.3,25.6
0000000327,1610612744,201939,2024-25,Regular Season,2025-08-10,30.8,25.6
0000000331,1610612744,201939,2024-25,Regular Season,2025-08-18,28.5,25.8
0000000336,1610612744,201939,2024-25,Regular Season,2025-08-28,27.5,26.6
0000000337,1610612744,201939,2024-25,Regular Season,2025-08-30,28.5,29.2
0000000338,1610612744,201939,2024-25,Regular Season,2025-09-01,29.2,26.8
0000000339,1610612744,201939,2024-25,Regular Season,2025-09-03,29.7,27.6
0000000340,1610612744,201939,2024-25,Regular Season,2025-09-05,29.4,27.6
0000000342,1610612744,201939,2024-25,Regular Season,2025-09-09,29.0,26.2
0000000347,1610612744,201939,2024-25,Regular Season,2025-09-19,26.6,25.8
0000000352,1610612744,201939,2024-25,Regular Season,2025-09-29,28.6,28.4
0000000357,1610612744,201939,2024-25,Regular Season,2025-10-09,27.8,31.0
0000000181,1610612744,202691,2024-25,Regular Season,2024-10-22,20.0,20.0
0000000186,1610612744,202691,2024-25,Regular Season,2024-11-01,23.7,19.0
0000000187,1610612744,202691,2024-25,Regular Season,2024-11-03,22.2,19.3
0000000188,1610612744,202691,2024-25,Regular Season,2024-11-05,25.6,20.0
0000000189,1610612744,202691,2024-25,Regular Season,2024-11-07,25.8,17.8
0000000190,1610612744,202691,2024-25,Regular Season,2024-11-09,25.8,18.4
0000000192,1610612744,202691,2024-25,Regular Season,2024-11-13,27.3,18.4
0000000197,1610612744,202691,2024-25,Regular Season,2024-11-23,30.4,20.0
0000000202,1610612744,202691,2024-25,Regular Season,2024-12-03,27.4,16.4
0000000207,1610612744,202691,2024-25,Regular Season,2024-12-13,27.0,19.2
0000000211,1610612744,202691,2024-25,Regular Season,2024-12-21,28.4,18.2
0000000216,1610612744,202691,2024-25,Regular Season,2024-12-31,25.1,16.4
0000000217,1610612744,202691,2024-25,Regular Season,2025-01-02,24.6,12.6
0000000218,1610612744,202691,2024-25,Regular Season,2025-01-04,28.1,14.4
0000000219,1610612744,202691,2024-25,Regular Season,2025-01-06,28.4,10.8
0000000220,1610612744,202691,2024-25,Regular Season,2025-01-08,27.2,10.6
0000000222,1610612744,202691,2024-25,Regular Season,2025-01-12,29.8,14.4
0000000227,1610612744,202691,2024-25,Regular Season,2025-01-22,29.1,13.6
0000000232,1610612744,202691,2024-25,Regular Season,2025-02-01,26.0,14.4
0000000237,1610612744,202691,2024-25,Regular Season,2025-02-11,25.9,16.2
0000000241,1610612744,202691,2024-25,Regular Season,2025-02-19,25.9,17.2
0000000246,1610612744,202691,2024-25,Regular Season,2025-03-01,23.4,14.6
0000000247,1610612744,202691,2024-25,Regular Season,2025-03-03,22.4,18.0
0000000248,1610612744,202691,2024-25,Regular Season,2025-03-05,22.2,18.6
0000000249,1610612744,202691,2024-25,Regular Season,2025-03-07,22.0,18.0
0000000250,1610612744,202691,2024-25,Regular Season,2025-03-09,21.3,19.0
0000000252,1610612744,202691,2024-25,Regular Season,2025-03-13,22.8,18.6
0000000257,1610612744,202691,2024-25,Regular Season,2025-03-23,24.2,16.6
0000000262,1610612744,202691,2024-25,Regular Season,2025-04-02,25.9,13.2
0000000267,1610612744,202691,2024-25,Regular Season,2025-04-12,28.4,13.6
0000000271,1610612744,202691,2024-25,Regular Season,2025-04-20,31.5,11.8
0000000276,1610612744,202691,2024-25,Regular Season,2025-04-30,31.0,12.2
0000000277,1610612744,202691,2024-25,Regular Season,2025-05-02,31.4,12.0
0000000278,1610612744,202691,2024-25,Regular Season,2025-05-04,29.4,15.4
0000000279,1610612744,202691,2024-25,Regular Season,2025-05-06,29.5,16.6
0000000280,1610612744,202691,2024-25,Regular Season,2025-05-08,28.5,18.0
0000000282,1610612744,202691,2024-25,Regular Season,2025-05-12,30.9,17.6
0000000287,1610612744,202691,2024-25,Regular Season,2025-05-22,29.4,16.4
0000000292,1610612744,202691,2024-25,Regular Season,2025-06-01,31.5,15.4
0000000297,1610612744,202691,2024-25,Regular Season,2025-06-11,27.9,16.2
0000000301,1610612744,202691,2024-25,Regular Season,2025-06-19,26.6,14.2
0000000306,1610612744,202691,2024-25,Regular Season,2025-06-29,26.6,13.8
0000000307,1610612744,202691,2024-25,Regular Season,2025-07-01,29.1,16.6
0000000308,1610612744,202691,2024-25,Regular Season,2025-07-03,27.0,18.0
0000000309,1610612744,202691,2024-25,Regular Season,2025-07-05,29.6,17.2
0000000310,1610612744,202691,2024-25,Regular Season,2025-07-07,32.7,16.2
0000000312,1610612744,202691,2024-25,Regular Season,2025-07-11,29.7,16.8
0000000317,1610612744,202691,2024-25,Regular Season,2025-07-21,26.2,16.6
0000000322,1610612744,202691,2024-25,Regular Season,2025-07-31,29.4,15.0
0000000327,1610612744,202691,2024-25,Regular Season,2025-08-10,27.6,14.2
0000000331,1610612744,202691,2024-25,Regular Season,2025-08-18,24.0,14.6
0000000336,1610612744,202691,2024-25,Regular Season,2025-08-28,26.4,14.2
0000000337,1610612744,202691,2024-25,Regular Season,2025-08-30,28.5,17.2
0000000338,1610612744,202691,2024-25,Regular Season,2025-09-01,26.7,17.2
0000000339,1610612744,202691,2024-25,Regular Season,2025-09-03,25.6,19.0
0000000340,1610612744,202691,2024-25,Regular Season,2025-09-05,25.3,20.6
0000000342,1610612744,202691,2024-25,Regular Season,2025-09-09,25.8,20.8
0000000347,1610612744,202691,2024-25,Regular Season,2025-09-19,27.1,17.6
0000000352,1610612744,202691,2024-25,Regular Season,2025-09-29,25.4,17.2
0000000357,1610612744,202691,2024-25,Regular Season,2025-10-09,27.5,17.8
0000000181,1610612744,203110,2024-25,Regular Season,2024-10-22,31.0,14.0
0000000186,1610612744,203110,2024-25,Regular Season,2024-11-01,26.9,7.5
0000000187,1610612744,203110,2024-25,Regular Season,2024-11-03,30.0,5.7
0000000188,1610612744,203110,2024-25,Regular Season,2024-11-05,29.2,5.0
0000000189,1610612744,203110,2024-25,Regular Season,2024-11-07,27.3,6.6
0000000190,1610612744,203110,2024-25,Regular Season,2024-11-09,27.4,6.2
0000000192,1610612744,203110,2024-25,Regular Season,2024-11-13,27.9,7.2
0000000197,1610612744,203110,2024-25,Regular Season,2024-11-23,24.2,7.0
0000000202,1610612744,203110,2024-25,Regular Season,2024-12-03,25.5,6.6
0000000207,1610612744,203110,2024-25,Regular Season,2024-12-13,26.9,5.4
0000000211,1610612744,203110,2024-25,Regular Season,2024-12-21,27.2,6.8
0000000216,1610612744,203110,2024-25,Regular Season,2024-12-31,27.2,5.6
0000000217,1610612744,203110,2024-25,Regular Season,2025-01-02,29.3,7.4
0000000218,1610612744,203110,2024-25,Regular Season,2025-01-04,26.3,8.6
0000000219,1610612744,203110,2024-25,Regular Season,2025-01-06,28.5,10.0
0000000220,1610612744,203110,2024-25,Regular Season,2025-01-08,28.6,6.8
0000000222,1610612744,203110,2024-25,Regular Season,2025-01-12,28.0,6.8
0000000227,1610612744,203110,2024-25,Regular Season,2025-01-22,28.8,8.4
0000000232,1610612744,203110,2024-25,Regular Season,2025-02-01,30.6,8.6
0000000237,1610612744,203110,2024-25,Regular Season,2025-02-11,29.5,9.0
0000000241,1610612744,203110,2024-25,Regular Season,2025-02-19,30.2,11.6
0000000246,1610612744,203110,2024-25,Regular Season,2025-03-01,29.9,14.8
0000000247,1610612744,203110,2024-25,Regular Season,2025-03-03,27.8,11.2
0000000248,1610612744,203110,2024-25,Regular Season,2025-03-05,27.6,12.2
0000000249,1610612744,203110,2024-25,Regular Season,2025-03-07,27.2,12.4
0000000250,1610612744,203110,2024-25,Regular Season,2025-03-09,26.5,12.4
0000000252,1610612744,203110,2024-25,Regular Season,2025-03-13,26.8,9.2
0000000257,1610612744,203110,2024-25,Regular Season,2025-03-23,29.7,10.6
0000000262,1610612744,203110,2024-25,Regular Season,2025-04-02,30.0,10.4
0000000267,1610612744,203110,2024-25,Regular Season,2025-04-12,28.4,8.6
0000000271,1610612744,203110,2024-25,Regular Season,2025-04-20,26.2,8.4
0000000276,1610612744,203110,2024-25,Regular Season,2025-04-30,26.6,10.0
0000000277,1610612744,203110,2024-25,Regular Season,2025-05-02,24.8,10.2
0000000278,1610612744,203110,2024-25,Regular Season,2025-05-04,24.8,7.8
0000000279,1610612744,203110,2024-25,Regular Season,2025-05-06,27.1,6.8
0000000280,1610612744,203110,2024-25,Regular Season,2025-05-08,27.5,5.2
0000000282,1610612744,203110,2024-25,Regular Season,2025-05-12,27.4,6.2
0000000287,1610612744,203110,2024-25,Regular Season,2025-05-22,25.5,7.4
0000000292,1610612744,203110,2024-25,Regular Season,2025-06-01,24.1,10.8
0000000297,1610612744,203110,2024-25,Regular Season,2025-06-11,23.9,13.2
0000000301,1610612744,203110,2024-25,Regular Season,2025-06-19,22.8,13.2
0000000306,1610612744,203110,2024-25,Regular Season,2025-06-29,25.4,11.6
0000000307,1610612744,203110,2024-25,Regular Season,2025-07-01,26.8,9.2
0000000308,1610612744,203110,2024-25,Regular Season,2025-07-03,29.5,7.0
0000000309,1610612744,203110,2024-25,Regular Season,2025-07-05,26.8,6.8
0000000310,1610612744,203110,2024-25,Regular Season,2025-07-07,28.5,6.2
0000000312,1610612744,203110,2024-25,Regular Season,2025-07-11,25.1,7.0
0000000317,1610612744,203110,2024-25,Regular Season,2025-07-21,23.7,9.4
0000000322,1610612744,203110,2024-25,Regular Season,2025-07-31,21.0,10.8
0000000327,1610612744,203110,2024-25,Regular Season,2025-08-10,22.0,8.4
0000000331,1610612744,203110,2024-25,Regular Season,2025-08-18,21.1,10.0
0000000336,1610612744,203110,2024-25,Regular Season,2025-08-28,24.8,10.4
0000000337,1610612744,203110,2024-25,Regular Season,2025-08-30,25.1,10.0
0000000338,1610612744,203110,2024-25,Regular Season,2025-09-01,25.8,10.2
0000000339,1610612744,203110,2024-25,Regular Season,2025-09-03,24.7,10.6
0000000340,1610612744,203110,2024-25,Regular Season,2025-09-05,25.1,9.2
0000000342,1610612744,203110,2024-25,Regular Season,2025-09-09,21.7,7.8
0000000347,1610612744,203110,2024-25,Regular Season,2025-09-19,21.5,5.6
0000000352,1610612744,203110,2024-25,Regular Season,2025-09-29,24.0,6.8
0000000357,1610612744,203110,2024-25,Regular Season,2025-10-09,26.1,6.8
0000000181,1610612744,1630228,2024-25,Regular Season,2024-10-22,23.5,8.0
0000000186,1610612744,1630228,2024-25,Regular Season,2024-11-01,27.0,15.0
0000000187,1610612744,1630228,2024-25,Regular Season,2024-11-03,27.0,17.0
0000000188,1610612744,1630228,2024-25,Regular Season,2024-11-05,26.1,15.8
0000000189,1610612744,1630228,2024-25,Regular Season,2024-11-07,26.5,15.6
0000000190,1610612744,1630228,2024-25,Regular Season,2024-11-09,27.5,17.2
0000000192,1610612744,1630228,2024-25,Regular Season,2024-11-13,25.7,15.6
0000000197,1610612744,1630228,2024-25,Regular Season,2024-11-23,24.4,16.4
0000000202,1610612744,1630228,2024-25,Regular Season,2024-12-03,26.1,17.0
0000000207,1610612744,1630228,2024-25,Regular Season,2024-12-13,25.7,17.8
0000000211,1610612744,1630228,2024-25,Regular Season,2024-12-21,24.9,17.8
0000000216,1610612744,1630228,2024-25,Regular Season,2024-12-31,28.1,18.2
0000000217,1610612744,1630228,2024-25,Regular Season,2025-01-02,29.6,15.4
0000000218,1610612744,1630228,2024-25,Regular Season,2025-01-04,29.7,12.4
0000000219,1610612744,1630228,2024-25,Regular Season,2025-01-06,30.3,11.0
0000000220,1610612744,1630228,2024-25,Regular Season,2025-01-08,30.9,11.6
0000000222,1610612744,1630228,2024-25,Regular Season,2025-01-12,30.0,11.4
0000000227,1610612744,1630228,2024-25,Regular Season,2025-01-22,30.1,12.0
0000000232,1610612744,1630228,2024-25,Regular Season,2025-02-01,30.8,16.6
0000000237,1610612744,1630228,2024-25,Regular Season,2025-02-11,29.8,19.0
0000000241,1610612744,1630228,2024-25,Regular Season,2025-02-19,30.8,17.2
0000000246,1610612744,1630228,2024-25,Regular Season,2025-03-01,28.6,17.0
0000000247,1610612744,1630228,2024-25,Regular Season,2025-03-03,29.2,17.0
0000000248,1610612744,1630228,2024-25,Regular Season,2025-03-05,26.8,14.2
0000000249,1610612744,1630228,2024-25,Regular Season,2025-03-07,26.7,12.8
0000000250,1610612744,1630228,2024-25,Regular Season,2025-03-09,27.2,13.0
0000000252,1610612744,1630228,2024-25,Regular Season,2025-03-13,27.4,12.6
0000000257,1610612744,1630228,2024-25,Regular Season,2025-03-23,28.6,13.6
0000000262,1610612744,1630228,2024-25,Regular Season,2025-04-02,30.7,14.2
0000000267,1610612744,1630228,2024-25,Regular Season,2025-04-12,31.6,14.4
0000000271,1610612744,1630228,2024-25,Regular Season,2025-04-20,29.2,17.0
0000000276,1610612744,1630228,2024-25,Regular Season,2025-04-30,30.9,15.8
0000000277,1610612744,1630228,2024-25,Regular Season,2025-05-02,27.6,15.4
0000000278,1610612744,1630228,2024-25,Regular Season,2025-05-04,26.9,14.0
0000000279,1610612744,1630228,2024-25,Regular Season,2025-05-06,25.8,12.0
0000000280,1610612744,1630228,2024-25,Regular Season,2025-05-08,25.9,10.2
0000000282,1610612744,1630228,2024-25,Regular Season,2025-05-12,23.4,12.4
0000000287,1610612744,1630228,2024-25,Regular Season,2025-05-22,24.5,12.2
0000000292,1610612744,1630228,2024-25,Regular Season,2025-06-01,22.1,14.6
0000000297,1610612744,1630228,2024-25,Regular Season,2025-06-11,24.4,16.6
0000000301,1610612744,1630228,2024-25,Regular Season,2025-06-19,24.9,16.6
0000000306,1610612744,1630228,2024-25,Regular Season,2025-06-29,26.5,17.6
0000000307,1610612744,1630228,2024-25,Regular Season,2025-07-01,25.1,15.8
0000000308,1610612744,1630228,2024-25,Regular Season,2025-07-03,28.8,17.6
0000000309,1610612744,1630228,2024-25,Regular Season,2025-07-05,25.8,18.4
0000000310,1610612744,1630228,2024-25,Regular Season,2025-07-07,24.5,19.4
0000000312,1610612744,1630228,2024-25,Regular Season,2025-07-11,23.7,18.2
0000000317,1610612744,1630228,2024-25,Regular Season,2025-07-21,26.3,22.4
0000000322,1610612744,1630228,2024-25,Regular Season,2025-07-31,24.8,21.2
0000000327,1610612744,1630228,2024-25,Regular Season,2025-08-10,26.6,20.4
0000000331,1610612744,1630228,2024-25,Regular Season,2025-08-18,27.4,21.0
0000000336,1610612744,1630228,2024-25,Regular Season,2025-08-28,27.1,19.8
0000000337,1610612744,1630228,2024-25,Regular Season,2025-08-30,24.6,17.6
0000000338,1610612744,1630228,2024-25,Regular Season,2025-09-01,24.4,16.8
0000000339,1610612744,1630228,2024-25,Regular Season,2025-09-03,24.6,13.6
0000000340,1610612744,1630228,2024-25,Regular Season,2025-09-05,27.5,12.4
0000000342,1610612744,1630228,2024-25,Regular Season,2025-09-09,28.0,11.8
0000000347,1610612744,1630228,2024-25,Regular Season,2025-09-19,30.4,12.8
0000000352,1610612744,1630228,2024-25,Regular Season,2025-09-29,29.6,10.6
0000000357,1610612744,1630228,2024-25,Regular Season,2025-10-09,28.1,13.2
0000000181,1610612744,1626172,2024-25,Regular Season,2024-10-22,26.9,0.0
0000000186,1610612744,1626172,2024-25,Regular Season,2024-11-01,32.5,5.5
0000000187,1610612744,1626172,2024-25,Regular Season,2024-11-03,28.1,7.7
0000000188,1610612744,1626172,2024-25,Regular Season,2024-11-05,27.9,9.0
0000000189,1610612744,1626172,2024-25,Regular Season,2024-11-07,26.0,8.2
0000000190,1610612744,1626172,2024-25,Regular Season,2024-11-09,27.3,10.0
0000000192,1610612744,1626172,2024-25,Regular Season,2024-11-13,23.7,10.8
0000000197,1610612744,1626172,2024-25,Regular Season,2024-11-23,24.7,9.0
0000000202,1610612744,1626172,2024-25,Regular Season,2024-12-03,23.3,6.4
0000000207,1610612744,1626172,2024-25,Regular Season,2024-12-13,25.7,6.6
0000000211,1610612744,1626172,2024-25,Regular Season,2024-12-21,24.7,6.0
0000000216,1610612744,1626172,2024-25,Regular Season,2024-12-31,27.4,4.4
0000000217,1610612744,1626172,2024-25,Regular Season,2025-01-02,27.3,3.8
0000000218,1610612744,1626172,2024-25,Regular Season,2025-01-04,29.8,5.8
0000000219,1610612744,1626172,2024-25,Regular Season,2025-01-06,31.1,4.6
0000000220,1610612744,1626172,2024-25,Regular Season,2025-01-08,32.3,6.8
0000000222,1610612744,1626172,2024-25,Regular Season,2025-01-12,33.3,6.8
0000000227,1610612744,1626172,2024-25,Regular Season,2025-01-22,32.9,7.2
0000000232,1610612744,1626172,2024-25,Regular Season,2025-02-01,32.1,5.2
0000000237,1610612744,1626172,2024-25,Regular Season,2025-02-11,28.4,6.8
0000000241,1610612744,1626172,2024-25,Regular Season,2025-02-19,26.9,4.2
0000000246,1610612744,1626172,2024-25,Regular Season,2025-03-01,26.7,4.4
0000000247,1610612744,1626172,2024-25,Regular Season,2025-03-03,29.0,5.8
0000000248,1610612744,1626172,2024-25,Regular Season,2025-03-05,30.6,8.0
0000000249,1610612744,1626172,2024-25,Regular Season,2025-03-07,34.4,7.0
0000000250,1610612744,1626172,2024-25,Regular Season,2025-03-09,33.8,8.2
0000000252,1610612744,1626172,2024-25,Regular Season,2025-03-13,32.9,6.6
0000000257,1610612744,1626172,2024-25,Regular Season,2025-03-23,30.7,6.2
0000000262,1610612744,1626172,2024-25,Regular Season,2025-04-02,27.3,5.8
0000000267,1610612744,1626172,2024-25,Regular Season,2025-04-12,23.6,5.2
0000000271,1610612744,1626172,2024-25,Regular Season,2025-04-20,23.5,4.2
0000000276,1610612744,1626172,2024-25,Regular Season,2025-04-30,23.6,5.2
0000000277,1610612744,1626172,2024-25,Regular Season,2025-05-02,24.6,6.4
0000000278,1610612744,1626172,2024-25,Regular Season,2025-05-04,26.8,5.4
0000000279,1610612744,1626172,2024-25,Regular Season,2025-05-06,26.7,5.4
0000000280,1610612744,1626172,2024-25,Regular Season,2025-05-08,27.8,5.4
0000000282,1610612744,1626172,2024-25,Regular Season,2025-05-12,25.5,4.4
0000000287,1610612744,1626172,2024-25,Regular Season,2025-05-22,24.8,1.8
0000000292,1610612744,1626172,2024-25,Regular Season,2025-06-01,22.7,2.4
0000000297,1610612744,1626172,2024-25,Regular Season,2025-06-11,26.4,2.8
0000000301,1610612744,1626172,2024-25,Regular Season,2025-06-19,27.4,3.6
0000000306,1610612744,1626172,2024-25,Regular Season,2025-06-29,30.6,6.6
0000000307,1610612744,1626172,2024-25,Regular Season,2025-07-01,31.6,6.8
0000000308,1610612744,1626172,2024-25,Regular Season,2025-07-03,31.8,7.8
0000000309,1610612744,1626172,2024-25,Regular Season,2025-07-05,30.6,8.6
0000000310,1610612744,1626172,2024-25,Regular Season,2025-07-07,29.4,8.2
0000000312,1610612744,1626172,2024-25,Regular Season,2025-07-11,27.0,7.6
0000000317,1610612744,1626172,2024-25,Regular Season,2025-07-21,26.1,9.8
0000000322,1610612744,1626172,2024-25,Regular Season,2025-07-31,28.2,10.4
0000000327,1610612744,1626172,2024-25,Regular Season,2025-08-10,29.2,11.0
0000000331,1610612744,1626172,2024-25,Regular Season,2025-08-18,28.3,9.8
0000000336,1610612744,1626172,2024-25,Regular Season,2025-08-28,28.0,7.4
0000000337,1610612744,1626172,2024-25,Regular Season,2025-08-30,30.2,5.6
0000000338,1610612744,1626172,2024-25,Regular Season,2025-09-01,31.1,3.2
0000000339,1610612744,1626172,2024-25,Regular Season,2025-09-03,28.3,3.4
0000000340,1610612744,1626172,2024-25,Regular Season,2025-09-05,28.6,3.2
0000000342,1610612744,1626172,2024-25,Regular Season,2025-09-09,28.3,5.8
0000000347,1610612744,1626172,2024-25,Regular Season,2025-09-19,27.8,5.2
0000000352,1610612744,1626172,2024-25,Regular Season,2025-09-29,25.2,6.2
0000000357,1610612744,1626172,2024-25,Regular Season,2025-10-09,24.5,4.2
0000000181,1610612744,1630541,2024-25,Regular Season,2024-10-22,23.0,10.0
0000000186,1610612744,1630541,2024-25,Regular Season,2024-11-01,28.1,5.0
0000000187,1610612744,1630541,2024-25,Regular Season,2024-11-03,30.0,8.3
0000000188,1610612744,1630541,2024-25,Regular Season,2024-11-05,28.2,11.2
0000000189,1610612744,1630541,2024-25,Regular Season,2024-11-07,29.3,11.0
0000000190,1610612744,1630541,2024-25,Regular Season,2024-11-09,29.1,10.8
0000000192,1610612744,1630541,2024-25,Regular Season,2024-11-13,29.5,11.2
0000000197,1610612744,1630541,2024-25,Regular Season,2024-11-23,27.2,9.8
0000000202,1610612744,1630541,2024-25,Regular Season,2024-12-03,27.2,6.4
0000000207,1610612744,1630541,2024-25,Regular Season,2024-12-13,27.4,6.6
0000000211,1610612744,1630541,2024-25,Regular Season,2024-12-21,27.2,8.8
0000000216,1610612744,1630541,2024-25,Regular Season,2024-12-31,25.8,11.4
0000000217,1610612744,1630541,2024-25,Regular Season,2025-01-02,25.5,12.0
0000000218,1610612744,1630541,2024-25,Regular Season,2025-01-04,25.9,13.4
0000000219,1610612744,1630541,2024-25,Regular Season,2025-01-06,23.9,13.8
0000000220,1610612744,1630541,2024-25,Regular Season,2025-01-08,25.6,11.4
0000000222,1610612744,1630541,2024-25,Regular Season,2025-01-12,26.6,10.4
0000000227,1610612744,1630541,2024-25,Regular Season,2025-01-22,29.1,10.2
0000000232,1610612744,1630541,2024-25,Regular Season,2025-02-01,30.2,10.0
0000000237,1610612744,1630541,2024-25,Regular Season,2025-02-11,32.3,10.4
0000000241,1610612744,1630541,2024-25,Regular Season,2025-02-19,31.0,12.0
0000000246,1610612744,1630541,2024-25,Regular Season,2025-03-01,30.8,12.0
0000000247,1610612744,1630541,2024-25,Regular Season,2025-03-03,30.7,11.6
0000000248,1610612744,1630541,2024-25,Regular Season,2025-03-05,31.3,10.6
0000000249,1610612744,1630541,2024-25,Regular Season,2025-03-07,31.6,7.6
0000000250,1610612744,1630541,2024-25,Regular Season,2025-03-09,32.7,7.2
0000000252,1610612744,1630541,2024-25,Regular Season,2025-03-13,33.3,8.0
0000000257,1610612744,1630541,2024-25,Regular Season,2025-03-23,31.0,9.0
0000000262,1610612744,1630541,2024-25,Regular Season,2025-04-02,31.2,10.0
0000000267,1610612744,1630541,2024-25,Regular Season,2025-04-12,27.8,12.4
0000000271,1610612744,1630541,2024-25,Regular Season,2025-04-20,25.9,10.2
0000000276,1610612744,1630541,2024-25,Regular Season,2025-04-30,24.8,8.0
0000000277,1610612744,1630541,2024-25,Regular Season,2025-05-02,27.8,7.8
0000000278,1610612744,1630541,2024-25,Regular Season,2025-05-04,25.2,6.6
0000000279,1610612744,1630541,2024-25,Regular Season,2025-05-06,26.4,8.0
0000000280,1610612744,1630541,2024-25,Regular Season,2025-05-08,27.6,11.0
0000000282,1610612744,1630541,2024-25,Regular Season,2025-05-12,26.3,12.4
0000000287,1610612744,1630541,2024-25,Regular Season,2025-05-22,26.5,12.4
0000000292,1610612744,1630541,2024-25,Regular Season,2025-06-01,28.0,11.8
0000000297,1610612744,1630541,2024-25,Regular Season,2025-06-11,28.4,10.6
0000000301,1610612744,1630541,2024-25,Regular Season,2025-06-19,27.8,7.0
0000000306,1610612744,1630541,2024-25,Regular Season,2025-06-29,30.6,8.0
0000000307,1610612744,1630541,2024-25,Regular Season,2025-07-01,28.1,8.8
0000000308,1610612744,1630541,2024-25,Regular Season,2025-07-03,27.5,10.6
0000000309,1610612744,1630541,2024-25,Regular Season,2025-07-05,29.3,9.6
0000000310,1610612744,1630541,2024-25,Regular Season,2025-07-07,29.3,11.4
0000000312,1610612744,1630541,2024-25,Regular Season,2025-07-11,28.9,9.6
0000000317,1610612744,1630541,2024-25,Regular Season,2025-07-21,29.9,9.2
0000000322,1610612744,1630541,2024-25,Regular Season,2025-07-31,30.0,10.8
0000000327,1610612744,1630541,2024-25,Regular Season,2025-08-10,27.5,11.6
0000000331,1610612744,1630541,2024-25,Regular Season,2025-08-18,27.7,13.2
0000000336,1610612744,1630541,2024-25,Regular Season,2025-08-28,25.0,16.6
0000000337,1610612744,1630541,2024-25,Regular Season,2025-08-30,23.6,14.6
0000000338,1610612744,1630541,2024-25,Regular Season,2025-09-01,22.1,13.0
0000000339,1610612744,1630541,2024-25,Regular Season,2025-09-03,24.2,13.4
0000000340,1610612744,1630541,2024-25,Regular Season,2025-09-05,24.0,12.4
0000000342,1610612744,1630541,2024-25,Regular Season,2025-09-09,25.1,9.8
0000000347,1610612744,1630541,2024-25,Regular Season,2025-09-19,26.1,12.0
0000000352,1610612744,1630541,2024-25,Regular Season,2025-09-29,29.3,12.2
0000000357,1610612744,1630541,2024-25,Regular Season,2025-10-09,27.6,11.4
0000000182,1610612743,203999,2024-25,Regular Season,2024-10-24,21.7,19.0
0000000187,1610612743,203999,2024-25,Regular Season,2024-11-03,22.9,23.0
0000000191,1610612743,203999,2024-25,Regular Season,2024-11-11,25.2,24.7
0000000192,1610612743,203999,2024-25,Regular Season,2024-11-13,27.8,26.2
0000000193,1610612743,203999,2024-25,Regular Season,2024-11-15,26.9,26.2
0000000194,1610612743,203999,2024-25,Regular Season,2024-11-17,26.4,29.0
0000000195,1610612743,203999,2024-25,Regular Season,2024-11-19,28.8,29.0
0000000198,1610612743,203999,2024-25,Regular Season,2024-11-25,26.5,27.4
0000000203,1610612743,203999,2024-25,Regular Season,2024-12-05,24.6,25.2
0000000208,1610612743,203999,2024-25,Regular Season,2024-12-15,23.6,23.6
0000000212,1610612743,203999,2024-25,Regular Season,2024-12-23,25.2,22.6
0000000217,1610612743,203999,2024-25,Regular Season,2025-01-02,24.9,22.4
0000000221,1610612743,203999,2024-25,Regular Season,2025-01-10,27.4,22.4
0000000222,1610612743,203999,2024-25,Regular Season,2025-01-12,27.4,23.8
0000000223,1610612743,203999,2024-25,Regular Season,2025-01-14,27.3,27.2
0000000224,1610612743,203999,2024-25,Regular Season,2025-01-16,25.8,27.2
0000000225,1610612743,203999,2024-25,Regular Season,2025-01-18,22.6,24.8
0000000228,1610612743,203999,2024-25,Regular Season,2025-01-24,21.4,26.2
0000000233,1610612743,203999,2024-25,Regular Season,2025-02-03,21.1,28.4
0000000238,1610612743,203999,2024-25,Regular Season,2025-02-13,22.9,28.2
0000000242,1610612743,203999,2024-25,Regular Season,2025-02-21,23.4,29.2
0000000247,1610612743,203999,2024-25,Regular Season,2025-03-03,24.5,33.4
0000000251,1610612743,203999,2024-25,Regular Season,2025-03-11,24.2,33.4
0000000252,1610612743,203999,2024-25,Regular Season,2025-03-13,25.6,29.6
0000000253,1610612743,203999,2024-25,Regular Season,2025-03-15,25.3,28.8
0000000254,1610612743,203999,2024-25,Regular Season,2025-03-17,25.1,28.8
0000000255,1610612743,203999,2024-25,Regular Season,2025-03-19,24.1,28.8
0000000258,1610612743,203999,2024-25,Regular Season,2025-03-25,25.8,27.6
0000000263,1610612743,203999,2024-25,Regular Season,2025-04-04,25.4,29.0
0000000268,1610612743,203999,2024-25,Regular Season,2025-04-14,27.7,30.2
0000000272,1610612743,203999,2024-25,Regular Season,2025-04-22,28.4,29.0
0000000277,1610612743,203999,2024-25,Regular Season,2025-05-02,30.0,27.6
0000000281,1610612743,203999,2024-25,Regular Season,2025-05-10,30.1,29.0
0000000282,1610612743,203999,2024-25,Regular Season,2025-05-12,28.0,29.4
0000000283,1610612743,203999,2024-25,Regular Season,2025-05-14,24.3,28.2
0000000284,1610612743,203999,2024-25,Regular Season,2025-05-16,23.4,26.8
0000000285,1610612743,203999,2024-25,Regular Season,2025-05-18,24.4,25.4
0000000288,1610612743,203999,2024-25,Regular Season,2025-05-24,21.6,25.0
0000000293,1610612743,203999,2024-25,Regular Season,2025-06-03,22.8,23.6
0000000298,1610612743,203999,2024-25,Regular Season,2025-06-13,23.1,22.6
0000000302,1610612743,203999,2024-25,Regular Season,2025-06-21,26.6,24.0
0000000307,1610612743,203999,2024-25,Regular Season,2025-07-01,27.0,28.0
0000000311,1610612743,203999,2024-25,Regular Season,2025-07-09,28.9,27.6
0000000312,1610612743,203999,2024-25,Regular Season,2025-07-11,29.0,28.0
0000000313,1610612743,203999,2024-25,Regular Season,2025-07-13,29.2,27.4
0000000314,1610612743,203999,2024-25,Regular Season,2025-07-15,27.5,28.6
0000000315,1610612743,203999,2024-25,Regular Season,2025-07-17,26.4,25.6
0000000318,1610612743,203999,2024-25,Regular Season,2025-07-23,27.0,25.6
0000000323,1610612743,203999,2024-25,Regular Season,2025-08-02,27.2,25.6
0000000328,1610612743,203999,2024-25,Regular Season,2025-08-12,26.4,26.2
0000000332,1610612743,203999,2024-25,Regular Season,2025-08-20,25.3,26.2
0000000337,1610612743,203999,2024-25,Regular Season,2025-08-30,23.4,26.6
0000000341,1610612743,203999,2024-25,Regular Season,2025-09-07,22.2,27.6
0000000342,1610612743,203999,2024-25,Regular Season,2025-09-09,21.6,30.0
0000000343,1610612743,203999,2024-25,Regular Season,2025-09-11,22.8,28.6
0000000344,1610612743,203999,2024-25,Regular Season,2025-09-13,25.2,28.2
0000000345,1610612743,203999,2024-25,Regular Season,2025-09-15,26.4,29.6
0000000348,1610612743,203999,2024-25,Regular Season,2025-09-21,27.0,28.0
0000000353,1610612743,203999,2024-25,Regular Season,2025-10-01,26.4,27.2
0000000358,1610612743,203999,2024-25,Regular Season,2025-10-11,27.3,28.4
0000000182,1610612743,1627750,2024-25,Regular Season,2024-10-24,27.8,18.0
0000000187,1610612743,1627750,2024-25,Regular Season,2024-11-03,23.2,21.5
0000000191,1610612743,1627750,2024-25,Regular Season,2024-11-11,24.4,18.3
0000000192,1610612743,1627750,2024-25,Regular Season,2024-11-13,27.1,18.2
0000000193,1610612743,1627750,2024-25,Regular Season,2024-11-15,28.7,18.8
0000000194,1610612743,1627750,2024-25,Regular Season,2024-11-17,29.3,18.6
0000000195,1610612743,1627750,2024-25,Regular Season,2024-11-19,32.5,17.0
0000000198,1610612743,1627750,2024-25,Regular Season,2024-11-25,32.2,17.6
0000000203,1610612743,1627750,2024-25,Regular Season,2024-12-05,29.3,18.0
0000000208,1610612743,1627750,2024-25,Regular Season,2024-12-15,27.5,16.2
0000000212,1610612743,1627750,2024-25,Regular Season,2024-12-23,27.6,17.4
0000000217,1610612743,1627750,2024-25,Regular Season,2025-01-02,24.4,19.6
0000000221,1610612743,1627750,2024-25,Regular Season,2025-01-10,26.7,22.0
0000000222,1610612743,1627750,2024-25,Regular Season,2025-01-12,29.3,21.0
0000000223,1610612743,1627750,2024-25,Regular Season,2025-01-14,27.8,22.8
0000000224,1610612743,1627750,2024-25,Regular Season,2025-01-16,27.3,22.0
0000000225,1610612743,1627750,2024-25,Regular Season,2025-01-18,30.1,20.8
0000000228,1610612743,1627750,2024-25,Regular Season,2025-01-24,29.5,17.8
0000000233,1610612743,1627750,2024-25,Regular Season,2025-02-03,28.3,18.8
0000000238,1610612743,1627750,2024-25,Regular Season,2025-02-13,30.9,20.6
0000000242,1610612743,1627750,2024-25,Regular Season,2025-02-21,29.3,20.4
0000000247,1610612743,1627750,2024-25,Regular Season,2025-03-03,29.2,20.4
0000000251,1610612743,1627750,2024-25,Regular Season,2025-03-11,28.7,21.0
0000000252,1610612743,1627750,2024-25,Regular Season,2025-03-13,29.5,19.6
0000000253,1610612743,1627750,2024-25,Regular Season,2025-03-15,27.1,18.2
0000000254,1610612743,1627750,2024-25,Regular Season,2025-03-17,28.2,19.2
0000000255,1610612743,1627750,2024-25,Regular Season,2025-03-19,29.3,16.6
0000000258,1610612743,1627750,2024-25,Regular Season,2025-03-25,26.9,18.0
0000000263,1610612743,1627750,2024-25,Regular Season,2025-04-04,24.7,19.2
0000000268,1610612743,1627750,2024-25,Regular Season,2025-04-14,27.5,17.2
0000000272,1610612743,1627750,2024-25,Regular Season,2025-04-22,28.8,16.6
0000000277,1610612743,1627750,2024-25,Regular Season,2025-05-02,27.5,19.8
0000000281,1610612743,1627750,2024-25,Regular Season,2025-05-10,28.9,18.4
0000000282,1610612743,1627750,2024-25,Regular Season,2025-05-12,32.1,18.2
0000000283,1610612743,1627750,2024-25,Regular Season,2025-05-14,29.1,19.8
0000000284,1610612743,1627750,2024-25,Regular Season,2025-05-16,26.5,19.8
0000000285,1610612743,1627750,2024-25,Regular Season,2025-05-18,27.3,20.0
0000000288,1610612743,1627750,2024-25,Regular Season,2025-05-24,27.1,21.2
0000000293,1610612743,1627750,2024-25,Regular Season,2025-06-03,26.0,20.6
0000000298,1610612743,1627750,2024-25,Regular Season,2025-06-13,29.7,21.6
0000000302,1610612743,1627750,2024-25,Regular Season,2025-06-21,33.1,22.6
0000000307,1610612743,1627750,2024-25,Regular Season,2025-07-01,31.6,21.2
0000000311,1610612743,1627750,2024-25,Regular Season,2025-07-09,33.9,20.2
0000000312,1610612743,1627750,2024-25,Regular Season,2025-07-11,33.9,20.8
0000000313,1610612743,1627750,2024-25,Regular Season,2025-07-13,32.3,20.8
0000000314,1610612743,1627750,2024-25,Regular Season,2025-07-15,30.5,18.6
0000000315,1610612743,1627750,2024-25,Regular Season,2025-07-17,29.2,19.6
0000000318,1610612743,1627750,2024-25,Regular Season,2025-07-23,26.0,20.8
0000000323,1610612743,1627750,2024-25,Regular Season,2025-08-02,27.2,22.4
0000000328,1610612743,1627750,2024-25,Regular Season,2025-08-12,25.8,20.6
0000000332,1610612743,1627750,2024-25,Regular Season,2025-08-20,24.0,22.2
0000000337,1610612743,1627750,2024-25,Regular Season,2025-08-30,25.3,18.4
0000000341,1610612743,1627750,2024-25,Regular Season,2025-09-07,25.7,19.4
0000000342,1610612743,1627750,2024-25,Regular Season,2025-09-09,24.0,18.2
0000000343,1610612743,1627750,2024-25,Regular Season,2025-09-11,23.4,18.0
0000000344,1610612743,1627750,2024-25,Regular Season,2025-09-13,24.0,16.8
0000000345,1610612743,1627750,2024-25,Regular Season,2025-09-15,23.1,21.2
0000000348,1610612743,1627750,2024-25,Regular Season,2025-09-21,26.1,20.0
0000000353,1610612743,1627750,2024-25,Regular Season,2025-10-01,24.7,18.0
0000000358,1610612743,1627750,2024-25,Regular Season,2025-10-11,27.5,16.2
0000000182,1610612743,1628420,2024-25,Regular Season,2024-10-24,37.4,13.0
0000000187,1610612743,1628420,2024-25,Regular Season,2024-11-03,31.9,11.0
0000000191,1610612743,1628420,2024-25,Regular Season,2024-11-11,33.2,11.7
0000000192,1610612743,1628420,2024-25,Regular Season,2024-11-13,32.3,14.0
0000000193,1610612743,1628420,2024-25,Regular Season,2024-11-15,29.4,12.6
0000000194,1610612743,1628420,2024-25,Regular Season,2024-11-17,28.5,11.6
0000000195,1610612743,1628420,2024-25,Regular Season,2024-11-19,30.0,13.8
0000000198,1610612743,1628420,2024-25,Regular Season,2024-11-25,26.6,14.4
0000000203,1610612743,1628420,2024-25,Regular Season,2024-12-05,24.6,12.6
0000000208,1610612743,1628420,2024-25,Regular Season,2024-12-15,26.4,12.6
0000000212,1610612743,1628420,2024-25,Regular Season,2024-12-23,25.7,15.2
0000000217,1610612743,1628420,2024-25,Regular Season,2025-01-02,25.3,14.8
0000000221,1610612743,1628420,2024-25,Regular Season,2025-01-10,26.6,15.4
0000000222,1610612743,1628420,2024-25,Regular Season,2025-01-12,27.2,14.2
0000000223,1610612743,1628420,2024-25,Regular Season,2025-01-14,27.2,13.8
0000000224,1610612743,1628420,2024-25,Regular Season,2025-01-16,27.1,13.6
0000000225,1610612743,1628420,2024-25,Regular Season,2025-01-18,26.4,11.6
0000000228,1610612743,1628420,2024-25,Regular Season,2025-01-24,28.5,10.0
0000000233,1610612743,1628420,2024-25,Regular Season,2025-02-03,31.6,10.0
0000000238,1610612743,1628420,2024-25,Regular Season,2025-02-13,30.5,12.4
0000000242,1610612743,1628420,2024-25,Regular Season,2025-02-21,30.2,10.6
0000000247,1610612743,1628420,2024-25,Regular Season,2025-03-03,29.3,11.0
0000000251,1610612743,1628420,2024-25,Regular Season,2025-03-11,29.2,11.2
0000000252,1610612743,1628420,2024-25,Regular Season,2025-03-13,27.9,13.6
0000000253,1610612743,1628420,2024-25,Regular Season,2025-03-15,27.2,12.2
0000000254,1610612743,1628420,2024-25,Regular Season,2025-03-17,27.3,13.8
0000000255,1610612743,1628420,2024-25,Regular Season,2025-03-19,27.4,11.8
0000000258,1610612743,1628420,2024-25,Regular Season,2025-03-25,26.4,11.4
0000000263,1610612743,1628420,2024-25,Regular Season,2025-04-04,25.7,8.2
0000000268,1610612743,1628420,2024-25,Regular Season,2025-04-14,28.7,10.2
0000000272,1610612743,1628420,2024-25,Regular Season,2025-04-22,27.8,8.2
0000000277,1610612743,1628420,2024-25,Regular Season,2025-05-02,29.9,10.0
0000000281,1610612743,1628420,2024-25,Regular Season,2025-05-10,29.3,14.0
0000000282,1610612743,1628420,2024-25,Regular Season,2025-05-12,27.3,18.2
0000000283,1610612743,1628420,2024-25,Regular Season,2025-05-14,24.3,18.8
0000000284,1610612743,1628420,2024-25,Regular Season,2025-05-16,23.7,20.6
0000000285,1610612743,1628420,2024-25,Regular Season,2025-05-18,20.5,21.8
0000000288,1610612743,1628420,2024-25,Regular Season,2025-05-24,19.5,19.6
0000000293,1610612743,1628420,2024-25,Regular Season,2025-06-03,21.5,18.0
0000000298,1610612743,1628420,2024-25,Regular Season,2025-06-13,23.1,16.2
0000000302,1610612743,1628420,2024-25,Regular Season,2025-06-21,26.8,14.6
0000000307,1610612743,1628420,2024-25,Regular Season,2025-07-01,28.1,12.0
0000000311,1610612743,1628420,2024-25,Regular Season,2025-07-09,28.2,11.8
0000000312,1610612743,1628420,2024-25,Regular Season,2025-07-11,29.7,10.4
0000000313,1610612743,1628420,2024-25,Regular Season,2025-07-13,29.0,10.6
0000000314,1610612743,1628420,2024-25,Regular Season,2025-07-15,25.5,12.8
0000000315,1610612743,1628420,2024-25,Regular Season,2025-07-17,27.7,15.8
0000000318,1610612743,1628420,2024-25,Regular Season,2025-07-23,27.3,13.6
0000000323,1610612743,1628420,2024-25,Regular Season,2025-08-02,24.6,14.0
0000000328,1610612743,1628420,2024-25,Regular Season,2025-08-12,26.9,15.6
0000000332,1610612743,1628420,2024-25,Regular Season,2025-08-20,29.5,14.2
0000000337,1610612743,1628420,2024-25,Regular Season,2025-08-30,27.1,12.4
0000000341,1610612743,1628420,2024-25,Regular Season,2025-09-07,29.8,12.8
0000000342,1610612743,1628420,2024-25,Regular Season,2025-09-09,32.2,17.2
0000000343,1610612743,1628420,2024-25,Regular Season,2025-09-11,31.0,15.8
0000000344,1610612743,1628420,2024-25,Regular Season,2025-09-13,31.9,16.2
0000000345,1610612743,1628420,2024-25,Regular Season,2025-09-15,32.9,18.4
0000000348,1610612743,1628420,2024-25,Regular Season,2025-09-21,32.4,17.2
0000000353,1610612743,1628420,2024-25,Regular Season,2025-10-01,30.0,14.2
0000000358,1610612743,1628420,2024-25,Regular Season,2025-10-11,28.3,15.8
0000000182,1610612743,1630166,2024-25,Regular Season,2024-10-24,25.1,16.0
0000000187,1610612743,1630166,2024-25,Regular Season,2024-11-03,29.0,11.5
0000000191,1610612743,1630166,2024-25,Regular Season,2024-11-11,26.7,11.7
0000000192,1610612743,1630166,2024-25,Regular Season,2024-11-13,26.9,12.2
0000000193,1610612743,1630166,2024-25,Regular Season,2024-11-15,27.3,10.6
0000000194,1610612743,1630166,2024-25,Regular Season,2024-11-17,26.6,8.0
0000000195,1610612743,1630166,2024-25,Regular Season,2024-11-19,26.3,8.8
0000000198,1610612743,1630166,2024-25,Regular Season,2024-11-25,27.9,8.4
0000000203,1610612743,1630166,2024-25,Regular Season,2024-12-05,26.7,7.4
0000000208,1610612743,1630166,2024-25,Regular Season,2024-12-15,26.4,9.0
0000000212,1610612743,1630166,2024-25,Regular Season,2024-12-23,25.9,11.2
0000000217,1610612743,1630166,2024-25,Regular Season,2025-01-02,26.3,12.2
0000000221,1610612743,1630166,2024-25,Regular Season,2025-01-10,24.2,12.2
0000000222,1610612743,1630166,2024-25,Regular Season,2025-01-12,26.5,12.4
0000000223,1610612743,1630166,2024-25,Regular Season,2025-01-14,26.1,12.6
0000000224,1610612743,1630166,2024-25,Regular Season,2025-01-16,28.4,9.8
0000000225,1610612743,1630166,2024-25,Regular Season,2025-01-18,28.1,10.6
0000000228,1610612743,1630166,2024-25,Regular Season,2025-01-24,31.2,9.0
0000000233,1610612743,1630166,2024-25,Regular Season,2025-02-03,29.1,9.8
0000000238,1610612743,1630166,2024-25,Regular Season,2025-02-13,29.0,8.6
0000000242,1610612743,1630166,2024-25,Regular Season,2025-02-21,29.3,11.2
0000000247,1610612743,1630166,2024-25,Regular Season,2025-03-03,29.5,7.6
0000000251,1610612743,1630166,2024-25,Regular Season,2025-03-11,27.1,7.8
0000000252,1610612743,1630166,2024-25,Regular Season,2025-03-13,28.4,7.4
0000000253,1610612743,1630166,2024-25,Regular Season,2025-03-15,29.5,7.8
0000000254,1610612743,1630166,2024-25,Regular Season,2025-03-17,30.0,9.4
0000000255,1610612743,1630166,2024-25,Regular Season,2025-03-19,29.2,10.6
0000000258,1610612743,1630166,2024-25,Regular Season,2025-03-25,31.4,10.2
0000000263,1610612743,1630166,2024-25,Regular Season,2025-04-04,33.0,10.6
0000000268,1610612743,1630166,2024-25,Regular Season,2025-04-14,32.2,9.2
0000000272,1610612743,1630166,2024-25,Regular Season,2025-04-22,30.6,8.2
0000000277,1610612743,1630166,2024-25,Regular Season,2025-05-02,29.8,9.0
0000000281,1610612743,1630166,2024-25,Regular Season,2025-05-10,30.1,10.4
0000000282,1610612743,1630166,2024-25,Regular Season,2025-05-12,27.0,9.8
0000000283,1610612743,1630166,2024-25,Regular Season,2025-05-14,29.1,10.6
0000000284,1610612743,1630166,2024-25,Regular Season,2025-05-16,28.3,9.6
0000000285,1610612743,1630166,2024-25,Regular Season,2025-05-18,28.9,9.4
0000000288,1610612743,1630166,2024-25,Regular Season,2025-05-24,26.8,9.4
0000000293,1610612743,1630166,2024-25,Regular Season,2025-06-03,28.6,10.2
0000000298,1610612743,1630166,2024-25,Regular Season,2025-06-13,25.7,9.6
0000000302,1610612743,1630166,2024-25,Regular Season,2025-06-21,26.5,10.6
0000000307,1610612743,1630166,2024-25,Regular Season,2025-07-01,27.0,8.8
0000000311,1610612743,1630166,2024-25,Regular Season,2025-07-09,29.2,9.4
0000000312,1610612743,1630166,2024-25,Regular Season,2025-07-11,28.9,7.6
0000000313,1610612743,1630166,2024-25,Regular Season,2025-07-13,30.6,8.6
0000000314,1610612743,1630166,2024-25,Regular Season,2025-07-15,31.1,7.0
0000000315,1610612743,1630166,2024-25,Regular Season,2025-07-17,29.1,8.4
0000000318,1610612743,1630166,2024-25,Regular Season,2025-07-23,29.0,7.6
0000000323,1610612743,1630166,2024-25,Regular Season,2025-08-02,27.9,7.8
0000000328,1610612743,1630166,2024-25,Regular Season,2025-08-12,27.6,9.2
0000000332,1610612743,1630166,2024-25,Regular Season,2025-08-20,27.7,8.0
0000000337,1610612743,1630166,2024-25,Regular Season,2025-08-30,28.9,6.8
0000000341,1610612743,1630166,2024-25,Regular Season,2025-09-07,26.6,9.4
0000000342,1610612743,1630166,2024-25,Regular Season,2025-09-09,26.3,9.4
0000000343,1610612743,1630166,2024-25,Regular Season,2025-09-11,26.3,8.6
0000000344,1610612743,1630166,2024-25,Regular Season,2025-09-13,26.9,9.8
0000000345,1610612743,1630166,2024-25,Regular Season,2025-09-15,28.1,10.8
0000000348,1610612743,1630166,2024-25,Regular Season,2025-09-21,30.8,8.2
0000000353,1610612743,1630166,2024-25,Regular Season,2025-10-01,31.9,8.6
0000000358,1610612743,1630166,2024-25,Regular Season,2025-10-11,33.5,8.0
0000000182,1610612743,203914,2024-25,Regular Season,2024-10-24,18.9,11.0
0000000187,1610612743,203914,2024-25,Regular Season,2024-11-03,25.3,13.5
0000000191,1610612743,203914,2024-25,Regular Season,2024-11-11,28.5,12.7
0000000192,1610612743,203914,2024-25,Regular Season,2024-11-13,30.5,11.2
0000000193,1610612743,203914,2024-25,Regular Season,2024-11-15,29.5,10.6
0000000194,1610612743,203914,2024-25,Regular Season,2024-11-17,30.4,11.0
0000000195,1610612743,203914,2024-25,Regular Season,2024-11-19,30.7,10.2
0000000198,1610612743,203914,2024-25,Regular Season,2024-11-25,29.4,10.6
0000000203,1610612743,203914,2024-25,Regular Season,2024-12-05,29.4,10.8
0000000208,1610612743,203914,2024-25,Regular Season,2024-12-15,31.7,10.2
0000000212,1610612743,203914,2024-25,Regular Season,2024-12-23,32.8,7.6
0000000217,1610612743,203914,2024-25,Regular Season,2025-01-02,31.0,8.2
0000000221,1610612743,203914,2024-25,Regular Season,2025-01-10,32.7,6.2
0000000222,1610612743,203914,2024-25,Regular Season,2025-01-12,32.0,4.6
0000000223,1610612743,203914,2024-25,Regular Season,2025-01-14,28.2,7.4
0000000224,1610612743,203914,2024-25,Regular Season,2025-01-16,29.9,9.0
0000000225,1610612743,203914,2024-25,Regular Season,2025-01-18,29.4,8.4
0000000228,1610612743,203914,2024-25,Regular Season,2025-01-24,27.1,9.0
0000000233,1610612743,203914,2024-25,Regular Season,2025-02-03,25.8,11.6
0000000238,1610612743,203914,2024-25,Regular Season,2025-02-13,26.0,9.0
0000000242,1610612743,203914,2024-25,Regular Season,2025-02-21,25.9,8.6
0000000247,1610612743,203914,2024-25,Regular Season,2025-03-03,29.1,9.2
0000000251,1610612743,203914,2024-25,Regular Season,2025-03-11,29.7,10.0
0000000252,1610612743,203914,2024-25,Regular Season,2025-03-13,31.7,8.6
0000000253,1610612743,203914,2024-25,Regular Season,2025-03-15,33.3,9.0
0000000254,1610612743,203914,2024-25,Regular Season,2025-03-17,33.3,9.4
0000000255,1610612743,203914,2024-25,Regular Season,2025-03-19,31.2,9.0
0000000258,1610612743,203914,2024-25,Regular Season,2025-03-25,30.3,7.4
0000000263,1610612743,203914,2024-25,Regular Season,2025-04-04,27.0,8.2
0000000268,1610612743,203914,2024-25,Regular Season,2025-04-14,25.7,9.2
0000000272,1610612743,203914,2024-25,Regular Season,2025-04-22,23.0,10.6
0000000277,1610612743,203914,2024-25,Regular Season,2025-05-02,24.1,10.0
0000000281,1610612743,203914,2024-25,Regular Season,2025-05-10,25.0,10.0
0000000282,1610612743,203914,2024-25,Regular Season,2025-05-12,27.2,11.4
0000000283,1610612743,203914,2024-25,Regular Season,2025-05-14,27.6,11.4
0000000284,1610612743,203914,2024-25,Regular Season,2025-05-16,29.0,11.4
0000000285,1610612743,203914,2024-25,Regular Season,2025-05-18,26.3,9.4
0000000288,1610612743,203914,2024-25,Regular Season,2025-05-24,26.9,10.8
0000000293,1610612743,203914,2024-25,Regular Season,2025-06-03,27.5,11.2
0000000298,1610612743,203914,2024-25,Regular Season,2025-06-13,28.3,10.0
0000000302,1610612743,203914,2024-25,Regular Season,2025-06-21,29.3,9.4
0000000307,1610612743,203914,2024-25,Regular Season,2025-07-01,32.9,10.2
0000000311,1610612743,203914,2024-25,Regular Season,2025-07-09,30.7,10.2
0000000312,1610612743,203914,2024-25,Regular Season,2025-07-11,29.7,9.0
0000000313,1610612743,203914,2024-25,Regular Season,2025-07-13,30.1,10.2
0000000314,1610612743,203914,2024-25,Regular Season,2025-07-15,27.6,11.8
0000000315,1610612743,203914,2024-25,Regular Season,2025-07-17,26.7,13.6
0000000318,1610612743,203914,2024-25,Regular Season,2025-07-23,30.1,13.4
0000000323,1610612743,203914,2024-25,Regular Season,2025-08-02,28.2,14.4
0000000328,1610612743,203914,2024-25,Regular Season,2025-08-12,26.5,16.2
0000000332,1610612743,203914,2024-25,Regular Season,2025-08-20,26.8,13.4
0000000337,1610612743,203914,2024-25,Regular Season,2025-08-30,24.1,13.2
0000000341,1610612743,203914,2024-25,Regular Season,2025-09-07,22.8,12.8
0000000342,1610612743,203914,2024-25,Regular Season,2025-09-09,25.4,9.4
0000000343,1610612743,203914,2024-25,Regular Season,2025-09-11,25.2,6.2
0000000344,1610612743,203914,2024-25,Regular Season,2025-09-13,27.4,7.4
0000000345,1610612743,203914,2024-25,Regular Season,2025-09-15,27.7,6.8
0000000348,1610612743,203914,2024-25,Regular Season,2025-09-21,26.2,7.4
0000000353,1610612743,203914,2024-25,Regular Season,2025-10-01,26.4,9.0
0000000358,1610612743,203914,2024-25,Regular Season,2025-10-11,28.7,7.8
0000000182,1610612743,1631128,2024-25,Regular Season,2024-10-24,31.7,2.0
0000000187,1610612743,1631128,2024-25,Regular Season,2024-11-03,29.5,3.0
0000000191,1610612743,1631128,2024-25,Regular Season,2024-11-11,28.1,2.0
0000000192,1610612743,1631128,2024-25,Regular Season,2024-11-13,26.3,2.2
0000000193,1610612743,1631128,2024-25,Regular Season,2024-11-15,27.8,1.8
0000000194,1610612743,1631128,2024-25,Regular Season,2024-11-17,27.6,1.4
0000000195,1610612743,1631128,2024-25,Regular Season,2024-11-19,26.6,0.6
0000000198,1610612743,1631128,2024-25,Regular Season,2024-11-25,25.8,0.6
0000000203,1610612743,1631128,2024-25,Regular Season,2024-12-05,28.7,3.4
0000000208,1610612743,1631128,2024-25,Regular Season,2024-12-15,27.7,4.4
0000000212,1610612743,1631128,2024-25,Regular Season,2024-12-23,25.7,6.6
0000000217,1610612743,1631128,2024-25,Regular Season,2025-01-02,24.9,7.2
0000000221,1610612743,1631128,2024-25,Regular Season,2025-01-10,27.4,9.0
0000000222,1610612743,1631128,2024-25,Regular Season,2025-01-12,25.9,5.8
0000000223,1610612743,1631128,2024-25,Regular Season,2025-01-14,27.0,4.8
0000000224,1610612743,1631128,2024-25,Regular Season,2025-01-16,29.4,4.2
0000000225,1610612743,1631128,2024-25,Regular Season,2025-01-18,29.6,4.6
0000000228,1610612743,1631128,2024-25,Regular Season,2025-01-24,29.3,2.8
0000000233,1610612743,1631128,2024-25,Regular Season,2025-02-03,30.2,2.6
0000000238,1610612743,1631128,2024-25,Regular Season,2025-02-13,27.6,3.4
0000000242,1610612743,1631128,2024-25,Regular Season,2025-02-21,27.7,3.4
0000000247,1610612743,1631128,2024-25,Regular Season,2025-03-03,29.8,3.4
0000000251,1610612743,1631128,2024-25,Regular Season,2025-03-11,27.9,5.0
0000000252,1610612743,1631128,2024-25,Regular Season,2025-03-13,27.3,7.0
0000000253,1610612743,1631128,2024-25,Regular Season,2025-03-15,28.6,8.4
0000000254,1610612743,1631128,2024-25,Regular Season,2025-03-17,27.4,7.6
0000000255,1610612743,1631128,2024-25,Regular Season,2025-03-19,28.4,9.4
0000000258,1610612743,1631128,2024-25,Regular Season,2025-03-25,27.5,10.0
0000000263,1610612743,1631128,2024-25,Regular Season,2025-04-04,27.2,10.4
0000000268,1610612743,1631128,2024-25,Regular Season,2025-04-14,28.3,8.8
0000000272,1610612743,1631128,2024-25,Regular Season,2025-04-22,30.1,9.0
0000000277,1610612743,1631128,2024-25,Regular Season,2025-05-02,30.6,8.0
0000000281,1610612743,1631128,2024-25,Regular Season,2025-05-10,33.7,8.2
0000000282,1610612743,1631128,2024-25,Regular Season,2025-05-12,35.3,6.0
0000000283,1610612743,1631128,2024-25,Regular Season,2025-05-14,36.1,5.4
0000000284,1610612743,1631128,2024-25,Regular Season,2025-05-16,34.5,6.8
0000000285,1610612743,1631128,2024-25,Regular Season,2025-05-18,33.3,6.0
0000000288,1610612743,1631128,2024-25,Regular Season,2025-05-24,32.1,3.6
0000000293,1610612743,1631128,2024-25,Regular Season,2025-06-03,28.9,5.0
0000000298,1610612743,1631128,2024-25,Regular Season,2025-06-13,27.0,6.4
0000000302,1610612743,1631128,2024-25,Regular Season,2025-06-21,26.8,4.8
0000000307,1610612743,1631128,2024-25,Regular Season,2025-07-01,26.0,6.4
0000000311,1610612743,1631128,2024-25,Regular Season,2025-07-09,26.4,8.6
0000000312,1610612743,1631128,2024-25,Regular Season,2025-07-11,29.7,8.6
0000000313,1610612743,1631128,2024-25,Regular Season,2025-07-13,30.7,8.6
0000000314,1610612743,1631128,2024-25,Regular Season,2025-07-15,31.6,11.4
0000000315,1610612743,1631128,2024-25,Regular Season,2025-07-17,32.6,9.8
0000000318,1610612743,1631128,2024-25,Regular Season,2025-07-23,33.6,7.6
0000000323,1610612743,1631128,2024-25,Regular Season,2025-08-02,33.4,10.2
0000000328,1610612743,1631128,2024-25,Regular Season,2025-08-12,34.4,11.0
0000000332,1610612743,1631128,2024-25,Regular Season,2025-08-20,31.9,10.8
0000000337,1610612743,1631128,2024-25,Regular Season,2025-08-30,32.9,11.4
0000000341,1610612743,1631128,2024-25,Regular Season,2025-09-07,31.4,13.8
0000000342,1610612743,1631128,2024-25,Regular Season,2025-09-09,29.7,10.6
0000000343,1610612743,1631128,2024-25,Regular Season,2025-09-11,28.5,9.4
0000000344,1610612743,1631128,2024-25,Regular Season,2025-09-13,30.0,9.0
0000000345,1610612743,1631128,2024-25,Regular Season,2025-09-15,27.8,9.0
0000000348,1610612743,1631128,2024-25,Regular Season,2025-09-21,28.8,8.2
0000000353,1610612743,1631128,2024-25,Regular Season,2025-10-01,29.5,7.2
0000000358,1610612743,1631128,2024-25,Regular Season,2025-10-11,30.2,8.0
0000000183,1610612738,1628369,2024-25,Regular Season,2024-10-26,33.7,33.0
0000000188,1610612738,1628369,2024-25,Regular Season,2024-11-05,33.8,32.0
0000000193,1610612738,1628369,2024-25,Regular Season,2024-11-15,32.7,30.3
0000000196,1610612738,1628369,2024-25,Regular Season,2024-11-21,31.4,30.0
0000000197,1610612738,1628369,2024-25,Regular Season,2024-11-23,30.8,28.6
0000000198,1610612738,1628369,2024-25,Regular Season,2024-11-25,28.2,25.2
0000000199,1610612738,1628369,2024-25,Regular Season,2024-11-27,28.3,24.6
0000000200,1610612738,1628369,2024-25,Regular Season,2024-11-29,28.7,24.6
0000000204,1610612738,1628369,2024-25,Regular Season,2024-12-07,27.5,24.0
0000000209,1610612738,1628369,2024-25,Regular Season,2024-12-17,28.4,25.2
0000000213,1610612738,1628369,2024-25,Regular Season,2024-12-25,29.7,26.8
0000000218,1610612738,1628369,2024-25,Regular Season,2025-01-04,29.2,24.4
0000000223,1610612738,1628369,2024-25,Regular Season,2025-01-14,29.1,22.6
0000000226,1610612738,1628369,2024-25,Regular Season,2025-01-20,30.9,21.6
0000000227,1610612738,1628369,2024-25,Regular Season,2025-01-22,30.8,20.2
0000000228,1610612738,1628369,2024-25,Regular Season,2025-01-24,29.8,20.4
0000000229,1610612738,1628369,2024-25,Regular Season,2025-01-26,28.9,22.6
0000000230,1610612738,1628369,2024-25,Regular Season,2025-01-28,27.4,24.8
0000000234,1610612738,1628369,2024-25,Regular Season,2025-02-05,26.5,26.2
0000000239,1610612738,1628369,2024-25,Regular Season,2025-02-15,26.9,27.8
0000000243,1610612738,1628369,2024-25,Regular Season,2025-02-23,27.5,26.2
0000000248,1610612738,1628369,2024-25,Regular Season,2025-03-05,27.6,26.0
0000000253,1610612738,1628369,2024-25,Regular Season,2025-03-15,29.1,28.2
0000000256,1610612738,1628369,2024-25,Regular Season,2025-03-21,27.9,26.2
0000000257,1610612738,1628369,2024-25,Regular Season,2025-03-23,27.4,22.8
0000000258,1610612738,1628369,2024-25,Regular Season,2025-03-25,29.8,25.6
0000000259,1610612738,1628369,2024-25,Regular Season,2025-03-27,28.1,27.0
0000000260,1610612738,1628369,2024-25,Regular Season,2025-03-29,27.9,26.0
0000000264,1610612738,1628369,2024-25,Regular Season,2025-04-06,31.0,26.2
0000000269,1610612738,1628369,2024-25,Regular Season,2025-04-16,30.1,29.6
0000000273,1610612738,1628369,2024-25,Regular Season,2025-04-24,28.7,29.8
0000000278,1610612738,1628369,2024-25,Regular Season,2025-05-04,30.0,29.4
0000000283,1610612738,1628369,2024-25,Regular Season,2025-05-14,29.6,28.6
0000000286,1610612738,1628369,2024-25,Regular Season,2025-05-20,27.2,30.8
0000000287,1610612738,1628369,2024-25,Regular Season,2025-05-22,27.2,28.6
0000000288,1610612738,1628369,2024-25,Regular Season,2025-05-24,27.9,27.6
0000000289,1610612738,1628369,2024-25,Regular Season,2025-05-26,29.8,27.6
0000000290,1610612738,1628369,2024-25,Regular Season,2025-05-28,30.9,25.8
0000000294,1610612738,1628369,2024-25,Regular Season,2025-06-05,32.2,26.2
0000000299,1610612738,1628369,2024-25,Regular Season,2025-06-15,33.1,26.2
0000000303,1610612738,1628369,2024-25,Regular Season,2025-06-23,31.7,26.0
0000000308,1610612738,1628369,2024-25,Regular Season,2025-07-03,28.9,24.6
0000000313,1610612738,1628369,2024-25,Regular Season,2025-07-13,27.3,26.8
0000000316,1610612738,1628369,2024-25,Regular Season,2025-07-19,26.4,26.2
0000000317,1610612738,1628369,2024-25,Regular Season,2025-07-21,24.3,29.6
0000000318,1610612738,1628369,2024-25,Regular Season,2025-07-23,26.3,30.0
0000000319,1610612738,1628369,2024-25,Regular Season,2025-07-25,28.8,30.8
0000000320,1610612738,1628369,2024-25,Regular Season,2025-07-27,30.2,28.0
0000000324,1610612738,1628369,2024-25,Regular Season,2025-08-04,32.3,28.2
0000000329,1610612738,1628369,2024-25,Regular Season,2025-08-14,34.4,27.6
0000000333,1610612738,1628369,2024-25,Regular Season,2025-08-22,33.8,27.4
0000000338,1610612738,1628369,2024-25,Regular Season,2025-09-01,31.5,25.4
0000000343,1610612738,1628369,2024-25,Regular Season,2025-09-11,30.4,27.4
0000000346,1610612738,1628369,2024-25,Regular Season,2025-09-17,27.6,28.6
0000000347,1610612738,1628369,2024-25,Regular Season,2025-09-19,25.1,27.0
0000000348,1610612738,1628369,2024-25,Regular Season,2025-09-21,23.6,28.0
0000000349,1610612738,1628369,2024-25,Regular Season,2025-09-23,26.5,30.8
0000000350,1610612738,1628369,2024-25,Regular Season,2025-09-25,27.0,31.0
0000000354,1610612738,1628369,2024-25,Regular Season,2025-10-03,26.9,28.6
0000000359,1610612738,1628369,2024-25,Regular Season,2025-10-13,27.6,29.8
0000000183,1610612738,1627759,2024-25,Regular Season,2024-10-26,32.2,19.0
0000000188,1610612738,1627759,2024-25,Regular Season,2024-11-05,28.2,21.0
0000000193,1610612738,1627759,2024-25,Regular Season,2024-11-15,31.2,23.7
0000000196,1610612738,1627759,2024-25,Regular Season,2024-11-21,30.7,25.5
0000000197,1610612738,1627759,2024-25,Regular Season,2024-11-23,30.2,25.0
0000000198,1610612738,1627759,2024-25,Regular Season,2024-11-25,29.0,26.2
0000000199,1610612738,1627759,2024-25,Regular Season,2024-11-27,31.3,26.0
0000000200,1610612738,1627759,2024-25,Regular Season,2024-11-29,27.8,23.8
0000000204,1610612738,1627759,2024-25,Regular Season,2024-12-07,27.1,22.6
0000000209,1610612738,1627759,2024-25,Regular Season,2024-12-17,27.2,22.8
0000000213,1610612738,1627759,2024-25,Regular Season,2024-12-25,26.7,23.2
0000000218,1610612738,1627759,2024-25,Regular Season,2025-01-04,24.7,23.4
0000000223,1610612738,1627759,2024-25,Regular Season,2025-01-14,26.5,24.2
0000000226,1610612738,1627759,2024-25,Regular Season,2025-01-20,28.8,23.4
0000000227,1610612738,1627759,2024-25,Regular Season,2025-01-22,27.8,24.6
0000000228,1610612738,1627759,2024-25,Regular Season,2025-01-24,27.1,25.2
0000000229,1610612738,1627759,2024-25,Regular Season,2025-01-26,28.9,25.2
0000000230,1610612738,1627759,2024-25,Regular Season,2025-01-28,27.1,26.0
0000000234,1610612738,1627759,2024-25,Regular Season,2025-02-05,25.9,27.0
0000000239,1610612738,1627759,2024-25,Regular Season,2025-02-15,28.1,24.0
0000000243,1610612738,1627759,2024-25,Regular Season,2025-02-23,30.9,20.6
0000000248,1610612738,1627759,2024-25,Regular Season,2025-03-05,28.4,19.6
0000000253,1610612738,1627759,2024-25,Regular Season,2025-03-15,29.7,18.8
0000000256,1610612738,1627759,2024-25,Regular Season,2025-03-21,27.2,18.0
0000000257,1610612738,1627759,2024-25,Regular Season,2025-03-23,25.2,18.0
0000000258,1610612738,1627759,2024-25,Regular Season,2025-03-25,24.2,19.4
0000000259,1610612738,1627759,2024-25,Regular Season,2025-03-27,26.6,20.4
0000000260,1610612738,1627759,2024-25,Regular Season,2025-03-29,27.2,19.4
0000000264,1610612738,1627759,2024-25,Regular Season,2025-04-06,27.7,18.4
0000000269,1610612738,1627759,2024-25,Regular Season,2025-04-16,27.5,19.6
0000000273,1610612738,1627759,2024-25,Regular Season,2025-04-24,25.9,21.4
0000000278,1610612738,1627759,2024-25,Regular Season,2025-05-04,23.7,20.6
0000000283,1610612738,1627759,2024-25,Regular Season,2025-05-14,23.4,19.6
0000000286,1610612738,1627759,2024-25,Regular Season,2025-05-20,23.2,22.0
0000000287,1610612738,1627759,2024-25,Regular Season,2025-05-22,25.4,20.2
0000000288,1610612738,1627759,2024-25,Regular Season,2025-05-24,26.6,18.6
0000000289,1610612738,1627759,2024-25,Regular Season,2025-05-26,27.2,19.4
0000000290,1610612738,1627759,2024-25,Regular Season,2025-05-28,29.3,22.6
0000000294,1610612738,1627759,2024-25,Regular Season,2025-06-05,32.1,21.6
0000000299,1610612738,1627759,2024-25,Regular Season,2025-06-15,30.3,22.4
0000000303,1610612738,1627759,2024-25,Regular Season,2025-06-23,30.8,21.8
0000000308,1610612738,1627759,2024-25,Regular Season,2025-07-03,29.3,22.2
0000000313,1610612738,1627759,2024-25,Regular Season,2025-07-13,28.0,19.0
0000000316,1610612738,1627759,2024-25,Regular Season,2025-07-19,26.7,18.6
0000000317,1610612738,1627759,2024-25,Regular Season,2025-07-21,28.7,18.8
0000000318,1610612738,1627759,2024-25,Regular Season,2025-07-23,28.5,17.6
0000000319,1610612738,1627759,2024-25,Regular Season,2025-07-25,28.8,18.2
0000000320,1610612738,1627759,2024-25,Regular Season,2025-07-27,29.8,21.4
0000000324,1610612738,1627759,2024-25,Regular Season,2025-08-04,28.0,21.8
0000000329,1610612738,1627759,2024-25,Regular Season,2025-08-14,26.1,22.2
0000000333,1610612738,1627759,2024-25,Regular Season,2025-08-22,27.1,21.2
0000000338,1610612738,1627759,2024-25,Regular Season,2025-09-01,27.4,22.6
0000000343,1610612738,1627759,2024-25,Regular Season,2025-09-11,26.8,22.8
0000000346,1610612738,1627759,2024-25,Regular Season,2025-09-17,29.4,24.0
0000000347,1610612738,1627759,2024-25,Regular Season,2025-09-19,30.5,22.8
0000000348,1610612738,1627759,2024-25,Regular Season,2025-09-21,30.5,27.6
0000000349,1610612738,1627759,2024-25,Regular Season,2025-09-23,31.9,25.0
0000000350,1610612738,1627759,2024-25,Regular Season,2025-09-25,31.7,24.2
0000000354,1610612738,1627759,2024-25,Regular Season,2025-10-03,31.8,22.4
0000000359,1610612738,1627759,2024-25,Regular Season,2025-10-13,31.2,26.2
0000000183,1610612738,201950,2024-25,Regular Season,2024-10-26,18.6,24.0
0000000188,1610612738,201950,2024-25,Regular Season,2024-11-05,21.2,13.0
0000000193,1610612738,201950,2024-25,Regular Season,2024-11-15,23.2,8.7
0000000196,1610612738,201950,2024-25,Regular Season,2024-11-21,23.4,9.8
0000000197,1610612738,201950,2024-25,Regular Season,2024-11-23,23.2,13.4
0000000198,1610612738,201950,2024-25,Regular Season,2024-11-25,24.1,11.0
0000000199,1610612738,201950,2024-25,Regular Season,2024-11-27,25.1,10.6
0000000200,1610612738,201950,2024-25,Regular Season,2024-11-29,24.4,13.0
0000000204,1610612738,201950,2024-25,Regular Season,2024-12-07,26.6,13.2
0000000209,1610612738,201950,2024-25,Regular Season,2024-12-17,28.1,9.4
0000000213,1610612738,201950,2024-25,Regular Season,2024-12-25,30.3,9.0
0000000218,1610612738,201950,2024-25,Regular Season,2025-01-04,31.8,12.0
0000000223,1610612738,201950,2024-25,Regular Season,2025-01-14,34.1,12.0
0000000226,1610612738,201950,2024-25,Regular Season,2025-01-20,31.9,12.4
0000000227,1610612738,201950,2024-25,Regular Season,2025-01-22,30.3,13.8
0000000228,1610612738,201950,2024-25,Regular Season,2025-01-24,28.5,13.8
0000000229,1610612738,201950,2024-25,Regular Season,2025-01-26,27.4,12.4
0000000230,1610612738,201950,2024-25,Regular Season,2025-01-28,26.9,13.6
0000000234,1610612738,201950,2024-25,Regular Season,2025-02-05,27.4,12.6
0000000239,1610612738,201950,2024-25,Regular Season,2025-02-15,28.4,11.0
0000000243,1610612738,201950,2024-25,Regular Season,2025-02-23,30.9,10.8
0000000248,1610612738,201950,2024-25,Regular Season,2025-03-05,28.7,10.4
0000000253,1610612738,201950,2024-25,Regular Season,2025-03-15,26.5,10.2
0000000256,1610612738,201950,2024-25,Regular Season,2025-03-21,26.8,8.6
0000000257,1610612738,201950,2024-25,Regular Season,2025-03-23,26.6,11.0
0000000258,1610612738,201950,2024-25,Regular Season,2025-03-25,23.2,10.2
0000000259,1610612738,201950,2024-25,Regular Season,2025-03-27,24.8,11.8
0000000260,1610612738,201950,2024-25,Regular Season,2025-03-29,24.5,9.4
0000000264,1610612738,201950,2024-25,Regular Season,2025-04-06,23.1,10.4
0000000269,1610612738,201950,2024-25,Regular Season,2025-04-16,22.6,10.2
0000000273,1610612738,201950,2024-25,Regular Season,2025-04-24,23.7,11.4
0000000278,1610612738,201950,2024-25,Regular Season,2025-05-04,25.6,11.6
0000000283,1610612738,201950,2024-25,Regular Season,2025-05-14,27.2,11.6
0000000286,1610612738,201950,2024-25,Regular Season,2025-05-20,27.1,13.8
0000000287,1610612738,201950,2024-25,Regular Season,2025-05-22,29.0,13.6
0000000288,1610612738,201950,2024-25,Regular Season,2025-05-24,29.8,12.2
0000000289,1610612738,201950,2024-25,Regular Season,2025-05-26,29.4,12.6
0000000290,1610612738,201950,2024-25,Regular Season,2025-05-28,28.0,12.6
0000000294,1610612738,201950,2024-25,Regular Season,2025-06-05,27.9,11.8
0000000299,1610612738,201950,2024-25,Regular Season,2025-06-15,26.1,11.0
0000000303,1610612738,201950,2024-25,Regular Season,2025-06-23,25.3,12.8
0000000308,1610612738,201950,2024-25,Regular Season,2025-07-03,24.7,12.6
0000000313,1610612738,201950,2024-25,Regular Season,2025-07-13,24.2,11.6
0000000316,1610612738,201950,2024-25,Regular Season,2025-07-19,24.0,10.8
0000000317,1610612738,201950,2024-25,Regular Season,2025-07-21,24.1,10.0
0000000318,1610612738,201950,2024-25,Regular Season,2025-07-23,26.3,11.0
0000000319,1610612738,201950,2024-25,Regular Season,2025-07-25,26.4,11.4
0000000320,1610612738,201950,2024-25,Regular Season,2025-07-27,28.4,13.0
0000000324,1610612738,201950,2024-25,Regular Season,2025-08-04,31.7,13.0
0000000329,1610612738,201950,2024-25,Regular Season,2025-08-14,32.4,15.2
0000000333,1610612738,201950,2024-25,Regular Season,2025-08-22,30.6,13.8
0000000338,1610612738,201950,2024-25,Regular Season,2025-09-01,28.1,13.0
0000000343,1610612738,201950,2024-25,Regular Season,2025-09-11,27.0,13.8
0000000346,1610612738,201950,2024-25,Regular Season,2025-09-17,27.1,13.4
0000000347,1610612738,201950,2024-25,Regular Season,2025-09-19,25.4,12.4
0000000348,1610612738,201950,2024-25,Regular Season,2025-09-21,24.9,14.2
0000000349,1610612738,201950,2024-25,Regular Season,2025-09-23,24.8,13.2
0000000350,1610612738,201950,2024-25,Regular Season,2025-09-25,27.7,12.2
0000000354,1610612738,201950,2024-25,Regular Season,2025-10-03,26.9,13.2
0000000359,1610612738,201950,2024-25,Regular Season,2025-10-13,30.4,11.0
0000000183,1610612738,1628464,2024-25,Regular Season,2024-10-26,22.8,17.0
0000000188,1610612738,1628464,2024-25,Regular Season,2024-11-05,25.4,18.0
0000000193,1610612738,1628464,2024-25,Regular Season,2024-11-15,25.0,17.7
0000000196,1610612738,1628464,2024-25,Regular Season,2024-11-21,25.9,14.5
0000000197,1610612738,1628464,2024-25,Regular Season,2024-11-23,25.0,13.8
0000000198,1610612738,1628464,2024-25,Regular Season,2024-11-25,27.5,14.6
0000000199,1610612738,1628464,2024-25,Regular Season,2024-11-27,26.2,15.2
0000000200,1610612738,1628464,2024-25,Regular Season,2024-11-29,25.6,15.8
0000000204,1610612738,1628464,2024-25,Regular Season,2024-12-07,27.0,20.2
0000000209,1610612738,1628464,2024-25,Regular Season,2024-12-17,28.0,20.4
0000000213,1610612738,1628464,2024-25,Regular Season,2024-12-25,28.4,18.0
0000000218,1610612738,1628464,2024-25,Regular Season,2025-01-04,30.6,16.0
0000000223,1610612738,1628464,2024-25,Regular Season,2025-01-14,30.2,13.8
0000000226,1610612738,1628464,2024-25,Regular Season,2025-01-20,29.2,10.6
0000000227,1610612738,1628464,2024-25,Regular Season,2025-01-22,29.8,12.4
0000000228,1610612738,1628464,2024-25,Regular Season,2025-01-24,29.4,14.2
0000000229,1610612738,1628464,2024-25,Regular Season,2025-01-26,26.9,14.0
0000000230,1610612738,1628464,2024-25,Regular Season,2025-01-28,29.8,15.0
0000000234,1610612738,1628464,2024-25,Regular Season,2025-02-05,27.7,13.8
0000000239,1610612738,1628464,2024-25,Regular Season,2025-02-15,27.9,11.6
0000000243,1610612738,1628464,2024-25,Regular Season,2025-02-23,26.4,9.2
0000000248,1610612738,1628464,2024-25,Regular Season,2025-03-05,27.3,10.6
0000000253,1610612738,1628464,2024-25,Regular Season,2025-03-15,27.2,9.8
0000000256,1610612738,1628464,2024-25,Regular Season,2025-03-21,27.2,12.0
0000000257,1610612738,1628464,2024-25,Regular Season,2025-03-23,25.6,12.2
0000000258,1610612738,1628464,2024-25,Regular Season,2025-03-25,23.9,15.0
0000000259,1610612738,1628464,2024-25,Regular Season,2025-03-27,26.2,14.0
0000000260,1610612738,1628464,2024-25,Regular Season,2025-03-29,24.4,15.2
0000000264,1610612738,1628464,2024-25,Regular Season,2025-04-06,27.2,14.2
0000000269,1610612738,1628464,2024-25,Regular Season,2025-04-16,28.0,13.0
0000000273,1610612738,1628464,2024-25,Regular Season,2025-04-24,28.0,14.2
0000000278,1610612738,1628464,2024-25,Regular Season,2025-05-04,26.0,14.8
0000000283,1610612738,1628464,2024-25,Regular Season,2025-05-14,26.2,14.4
0000000286,1610612738,1628464,2024-25,Regular Season,2025-05-20,24.0,15.4
0000000287,1610612738,1628464,2024-25,Regular Season,2025-05-22,22.6,17.6
0000000288,1610612738,1628464,2024-25,Regular Season,2025-05-24,25.6,15.8
0000000289,1610612738,1628464,2024-25,Regular Season,2025-05-26,24.0,15.4
0000000290,1610612738,1628464,2024-25,Regular Season,2025-05-28,23.3,14.6
0000000294,1610612738,1628464,2024-25,Regular Season,2025-06-05,23.6,15.0
0000000299,1610612738,1628464,2024-25,Regular Season,2025-06-15,25.7,14.6
0000000303,1610612738,1628464,2024-25,Regular Season,2025-06-23,24.8,15.6
0000000308,1610612738,1628464,2024-25,Regular Season,2025-07-03,27.7,18.6
0000000313,1610612738,1628464,2024-25,Regular Season,2025-07-13,30.1,21.2
0000000316,1610612738,1628464,2024-25,Regular Season,2025-07-19,30.7,19.8
0000000317,1610612738,1628464,2024-25,Regular Season,2025-07-21,29.7,19.6
0000000318,1610612738,1628464,2024-25,Regular Season,2025-07-23,30.6,18.6
0000000319,1610612738,1628464,2024-25,Regular Season,2025-07-25,31.4,16.8
0000000320,1610612738,1628464,2024-25,Regular Season,2025-07-27,31.3,14.0
0000000324,1610612738,1628464,2024-25,Regular Season,2025-08-04,30.2,14.4
0000000329,1610612738,1628464,2024-25,Regular Season,2025-08-14,30.1,15.2
0000000333,1610612738,1628464,2024-25,Regular Season,2025-08-22,27.7,14.4
0000000338,1610612738,1628464,2024-25,Regular Season,2025-09-01,26.2,13.0
0000000343,1610612738,1628464,2024-25,Regular Season,2025-09-11,25.8,13.8
0000000346,1610612738,1628464,2024-25,Regular Season,2025-09-17,27.7,15.6
0000000347,1610612738,1628464,2024-25,Regular Season,2025-09-19,28.7,16.4
0000000348,1610612738,1628464,2024-25,Regular Season,2025-09-21,29.8,14.0
0000000349,1610612738,1628464,2024-25,Regular Season,2025-09-23,27.6,13.8
0000000350,1610612738,1628464,2024-25,Regular Season,2025-09-25,28.9,15.0
0000000354,1610612738,1628464,2024-25,Regular Season,2025-10-03,28.1,15.4
0000000359,1610612738,1628464,2024-25,Regular Season,2025-10-13,28.8,12.8
0000000183,1610612738,203935,2024-25,Regular Season,2024-10-26,26.6,13.0
0000000188,1610612738,203935,2024-25,Regular Season,2024-11-05,22.4,14.0
0000000193,1610612738,203935,2024-25,Regular Season,2024-11-15,21.4,15.3
0000000196,1610612738,203935,2024-25,Regular Season,2024-11-21,23.1,15.0
0000000197,1610612738,203935,2024-25,Regular Season,2024-11-23,22.7,15.6
0000000198,1610612738,203935,2024-25,Regular Season,2024-11-25,22.0,17.0
0000000199,1610612738,203935,2024-25,Regular Season,2024-11-27,23.0,16.6
0000000200,1610612738,203935,2024-25,Regular Season,2024-11-29,25.2,17.2
0000000204,1610612738,203935,2024-25,Regular Season,2024-12-07,23.7,18.2
0000000209,1610612738,203935,2024-25,Regular Season,2024-12-17,26.1,18.4
0000000213,1610612738,203935,2024-25,Regular Season,2024-12-25,25.4,17.0
0000000218,1610612738,203935,2024-25,Regular Season,2025-01-04,28.1,17.4
0000000223,1610612738,203935,2024-25,Regular Season,2025-01-14,27.9,16.2
0000000226,1610612738,203935,2024-25,Regular Season,2025-01-20,28.0,16.4
0000000227,1610612738,203935,2024-25,Regular Season,2025-01-22,25.9,17.2
0000000228,1610612738,203935,2024-25,Regular Season,2025-01-24,26.1,20.6
0000000229,1610612738,203935,2024-25,Regular Season,2025-01-26,24.3,21.2
0000000230,1610612738,203935,2024-25,Regular Season,2025-01-28,25.6,22.6
0000000234,1610612738,203935,2024-25,Regular Season,2025-02-05,25.2,23.0
0000000239,1610612738,203935,2024-25,Regular Season,2025-02-15,25.6,21.8
0000000243,1610612738,203935,2024-25,Regular Season,2025-02-23,28.5,20.8
0000000248,1610612738,203935,2024-25,Regular Season,2025-03-05,27.0,21.6
0000000253,1610612738,203935,2024-25,Regular Season,2025-03-15,24.9,20.8
0000000256,1610612738,203935,2024-25,Regular Season,2025-03-21,26.3,20.8
0000000257,1610612738,203935,2024-25,Regular Season,2025-03-23,28.7,22.6
0000000258,1610612738,203935,2024-25,Regular Season,2025-03-25,25.9,22.2
0000000259,1610612738,203935,2024-25,Regular Season,2025-03-27,27.9,18.2
0000000260,1610612738,203935,2024-25,Regular Season,2025-03-29,26.6,18.6
0000000264,1610612738,203935,2024-25,Regular Season,2025-04-06,25.3,19.6
0000000269,1610612738,203935,2024-25,Regular Season,2025-04-16,24.7,18.8
0000000273,1610612738,203935,2024-25,Regular Season,2025-04-24,27.8,17.0
0000000278,1610612738,203935,2024-25,Regular Season,2025-05-04,28.8,20.2
0000000283,1610612738,203935,2024-25,Regular Season,2025-05-14,29.5,22.6
0000000286,1610612738,203935,2024-25,Regular Season,2025-05-20,31.8,20.6
0000000287,1610612738,203935,2024-25,Regular Season,2025-05-22,29.9,20.2
0000000288,1610612738,203935,2024-25,Regular Season,2025-05-24,27.6,23.2
0000000289,1610612738,203935,2024-25,Regular Season,2025-05-26,25.3,24.2
0000000290,1610612738,203935,2024-25,Regular Season,2025-05-28,28.0,22.0
0000000294,1610612738,203935,2024-25,Regular Season,2025-06-05,28.9,22.4
0000000299,1610612738,203935,2024-25,Regular Season,2025-06-15,31.3,18.4
0000000303,1610612738,203935,2024-25,Regular Season,2025-06-23,33.0,16.0
0000000308,1610612738,203935,2024-25,Regular Season,2025-07-03,33.0,15.6
0000000313,1610612738,203935,2024-25,Regular Season,2025-07-13,32.6,17.6
0000000316,1610612738,203935,2024-25,Regular Season,2025-07-19,29.6,17.0
0000000317,1610612738,203935,2024-25,Regular Season,2025-07-21,28.6,22.4
0000000318,1610612738,203935,2024-25,Regular Season,2025-07-23,27.0,24.2
0000000319,1610612738,203935,2024-25,Regular Season,2025-07-25,26.4,26.2
0000000320,1610612738,203935,2024-25,Regular Season,2025-07-27,24.0,22.6
0000000324,1610612738,203935,2024-25,Regular Season,2025-08-04,24.3,23.0
0000000329,1610612738,203935,2024-25,Regular Season,2025-08-14,24.0,22.0
0000000333,1610612738,203935,2024-25,Regular Season,2025-08-22,25.6,20.0
0000000338,1610612738,203935,2024-25,Regular Season,2025-09-01,28.6,15.4
0000000343,1610612738,203935,2024-25,Regular Season,2025-09-11,30.3,15.0
0000000346,1610612738,203935,2024-25,Regular Season,2025-09-17,33.2,15.0
0000000347,1610612738,203935,2024-25,Regular Season,2025-09-19,33.4,14.4
0000000348,1610612738,203935,2024-25,Regular Season,2025-09-21,32.1,15.6
0000000349,1610612738,203935,2024-25,Regular Season,2025-09-23,32.2,17.2
0000000350,1610612738,203935,2024-25,Regular Season,2025-09-25,29.7,19.2
0000000354,1610612738,203935,2024-25,Regular Season,2025-10-03,28.1,19.0
0000000359,1610612738,203935,2024-25,Regular Season,2025-10-13,29.5,19.6
0000000183,1610612738,1629057,2024-25,Regular Season,2024-10-26,35.0,3.0
0000000188,1610612738,1629057,2024-25,Regular Season,2024-11-05,33.0,6.0
0000000193,1610612738,1629057,2024-25,Regular Season,2024-11-15,34.1,6.3
0000000196,1610612738,1629057,2024-25,Regular Season,2024-11-21,33.1,8.0
0000000197,1610612738,1629057,2024-25,Regular Season,2024-11-23,32.9,6.4
0000000198,1610612738,1629057,2024-25,Regular Season,2024-11-25,32.4,7.2
0000000199,1610612738,1629057,2024-25,Regular Season,2024-11-27,32.6,8.8
0000000200,1610612738,1629057,2024-25,Regular Season,2024-11-29,31.6,7.4
0000000204,1610612738,1629057,2024-25,Regular Season,2024-12-07,30.9,6.6
0000000209,1610612738,1629057,2024-25,Regular Season,2024-12-17,31.1,8.0
0000000213,1610612738,1629057,2024-25,Regular Season,2024-12-25,29.7,9.2
0000000218,1610612738,1629057,2024-25,Regular Season,2025-01-04,29.0,7.6
0000000223,1610612738,1629057,2024-25,Regular Season,2025-01-14,26.8,10.0
0000000226,1610612738,1629057,2024-25,Regular Season,2025-01-20,25.5,10.8
0000000227,1610612738,1629057,2024-25,Regular Season,2025-01-22,26.0,10.2
0000000228,1610612738,1629057,2024-25,Regular Season,2025-01-24,28.2,8.8
0000000229,1610612738,1629057,2024-25,Regular Season,2025-01-26,28.0,8.0
0000000230,1610612738,1629057,2024-25,Regular Season,2025-01-28,28.2,6.6
0000000234,1610612738,1629057,2024-25,Regular Season,2025-02-05,27.9,4.4
0000000239,1610612738,1629057,2024-25,Regular Season,2025-02-15,24.5,6.2
0000000243,1610612738,1629057,2024-25,Regular Season,2025-02-23,23.7,5.0
0000000248,1610612738,1629057,2024-25,Regular Season,2025-03-05,24.0,5.0
0000000253,1610612738,1629057,2024-25,Regular Season,2025-03-15,26.1,5.4
0000000256,1610612738,1629057,2024-25,Regular Season,2025-03-21,27.6,7.6
0000000257,1610612738,1629057,2024-25,Regular Season,2025-03-23,29.0,5.2
0000000258,1610612738,1629057,2024-25,Regular Season,2025-03-25,28.0,6.0
0000000259,1610612738,1629057,2024-25,Regular Season,2025-03-27,27.3,8.4
0000000260,1610612738,1629057,2024-25,Regular Season,2025-03-29,26.6,8.0
0000000264,1610612738,1629057,2024-25,Regular Season,2025-04-06,26.1,5.6
0000000269,1610612738,1629057,2024-25,Regular Season,2025-04-16,27.4,6.8
0000000273,1610612738,1629057,2024-25,Regular Season,2025-04-24,28.5,6.0
0000000278,1610612738,1629057,2024-25,Regular Season,2025-05-04,29.2,3.8
0000000283,1610612738,1629057,2024-25,Regular Season,2025-05-14,30.1,3.2
0000000286,1610612738,1629057,2024-25,Regular Season,2025-05-20,31.1,5.0
0000000287,1610612738,1629057,2024-25,Regular Season,2025-05-22,32.0,5.0
0000000288,1610612738,1629057,2024-25,Regular Season,2025-05-24,31.0,5.4
0000000289,1610612738,1629057,2024-25,Regular Season,2025-05-26,32.5,4.2
0000000290,1610612738,1629057,2024-25,Regular Season,2025-05-28,32.1,6.8
0000000294,1610612738,1629057,2024-25,Regular Season,2025-06-05,30.3,6.2
0000000299,1610612738,1629057,2024-25,Regular Season,2025-06-15,28.9,6.8
0000000303,1610612738,1629057,2024-25,Regular Season,2025-06-23,28.6,8.2
0000000308,1610612738,1629057,2024-25,Regular Season,2025-07-03,28.1,10.2
0000000313,1610612738,1629057,2024-25,Regular Season,2025-07-13,26.9,10.0
0000000316,1610612738,1629057,2024-25,Regular Season,2025-07-19,28.5,10.6
0000000317,1610612738,1629057,2024-25,Regular Season,2025-07-21,27.8,10.8
0000000318,1610612738,1629057,2024-25,Regular Season,2025-07-23,28.0,10.2
0000000319,1610612738,1629057,2024-25,Regular Season,2025-07-25,27.6,10.2
0000000320,1610612738,1629057,2024-25,Regular Season,2025-07-27,28.4,9.0
0000000324,1610612738,1629057,2024-25,Regular Season,2025-08-04,28.0,7.4
0000000329,1610612738,1629057,2024-25,Regular Season,2025-08-14,27.1,7.2
0000000333,1610612738,1629057,2024-25,Regular Season,2025-08-22,28.9,7.0
0000000338,1610612738,1629057,2024-25,Regular Season,2025-09-01,27.6,5.0
0000000343,1610612738,1629057,2024-25,Regular Season,2025-09-11,26.0,3.4
0000000346,1610612738,1629057,2024-25,Regular Season,2025-09-17,27.8,7.0
0000000347,1610612738,1629057,2024-25,Regular Season,2025-09-19,30.8,6.4
0000000348,1610612738,1629057,2024-25,Regular Season,2025-09-21,31.1,5.4
0000000349,1610612738,1629057,2024-25,Regular Season,2025-09-23,29.7,9.2
0000000350,1610612738,1629057,2024-25,Regular Season,2025-09-25,29.0,10.2
0000000354,1610612738,1629057,2024-25,Regular Season,2025-10-03,28.9,7.6
0000000359,1610612738,1629057,2024-25,Regular Season,2025-10-13,28.8,9.0
0000000184,1610612752,1628973,2024-25,Regular Season,2024-10-28,34.1,21.0
0000000189,1610612752,1628973,2024-25,Regular Season,2024-11-07,31.8,27.5
0000000194,1610612752,1628973,2024-25,Regular Season,2024-11-17,29.5,26.0
0000000199,1610612752,1628973,2024-25,Regular Season,2024-11-27,28.9,26.2
0000000201,1610612752,1628973,2024-25,Regular Season,2024-12-01,30.1,25.4
0000000202,1610612752,1628973,2024-25,Regular Season,2024-12-03,29.0,28.0
0000000203,1610612752,1628973,2024-25,Regular Season,2024-12-05,30.2,27.0
0000000204,1610612752,1628973,2024-25,Regular Season,2024-12-07,30.7,26.4
0000000205,1610612752,1628973,2024-25,Regular Season,2024-12-09,29.5,29.2
0000000210,1610612752,1628973,2024-25,Regular Season,2024-12-19,30.1,28.8
0000000214,1610612752,1628973,2024-25,Regular Season,2024-12-27,31.3,27.6
0000000219,1610612752,1628973,2024-25,Regular Season,2025-01-06,30.0,23.6
0000000224,1610612752,1628973,2024-25,Regular Season,2025-01-16,31.7,25.8
0000000229,1610612752,1628973,2024-25,Regular Season,2025-01-26,32.8,22.8
0000000231,1610612752,1628973,2024-25,Regular Season,2025-01-30,29.8,24.2
0000000232,1610612752,1628973,2024-25,Regular Season,2025-02-01,28.9,23.6
0000000233,1610612752,1628973,2024-25,Regular Season,2025-02-03,29.7,27.8
0000000234,1610612752,1628973,2024-25,Regular Season,2025-02-05,26.7,25.4
0000000235,1610612752,1628973,2024-25,Regular Season,2025-02-07,26.0,24.8
0000000240,1610612752,1628973,2024-25,Regular Season,2025-02-17,28.5,27.0
0000000244,1610612752,1628973,2024-25,Regular Season,2025-02-25,29.8,27.0
0000000249,1610612752,1628973,2024-25,Regular Season,2025-03-07,28.4,26.0
0000000254,1610612752,1628973,2024-25,Regular Season,2025-03-17,30.3,26.8
0000000259,1610612752,1628973,2024-25,Regular Season,2025-03-27,32.7,26.4
0000000261,1610612752,1628973,2024-25,Regular Season,2025-03-31,32.2,25.4
0000000262,1610612752,1628973,2024-25,Regular Season,2025-04-02,31.1,25.2
0000000263,1610612752,1628973,2024-25,Regular Season,2025-04-04,33.2,24.0
0000000264,1610612752,1628973,2024-25,Regular Season,2025-04-06,34.5,25.2
0000000265,1610612752,1628973,2024-25,Regular Season,2025-04-08,32.8,27.6
0000000270,1610612752,1628973,2024-25,Regular Season,2025-04-18,33.6,24.8
0000000274,1610612752,1628973,2024-25,Regular Season,2025-04-26,31.6,26.6
0000000279,1610612752,1628973,2024-25,Regular Season,2025-05-06,28.6,29.4
0000000284,1610612752,1628973,2024-25,Regular Season,2025-05-16,26.4,29.4
0000000289,1610612752,1628973,2024-25,Regular Season,2025-05-26,28.5,26.0
0000000291,1610612752,1628973,2024-25,Regular Season,2025-05-30,26.8,26.2
0000000292,1610612752,1628973,2024-25,Regular Season,2025-06-01,28.7,25.0
0000000293,1610612752,1628973,2024-25,Regular Season,2025-06-03,30.4,25.2
0000000294,1610612752,1628973,2024-25,Regular Season,2025-06-05,31.0,24.8
0000000295,1610612752,1628973,2024-25,Regular Season,2025-06-07,28.8,27.6
0000000300,1610612752,1628973,2024-25,Regular Season,2025-06-17,29.1,29.8
0000000304,1610612752,1628973,2024-25,Regular Season,2025-06-25,28.6,29.0
0000000309,1610612752,1628973,2024-25,Regular Season,2025-07-05,26.4,28.0
0000000314,1610612752,1628973,2024-25,Regular Season,2025-07-15,24.9,26.6
0000000319,1610612752,1628973,2024-25,Regular Season,2025-07-25,24.6,27.0
0000000321,1610612752,1628973,2024-25,Regular Season,2025-07-29,23.8,26.0
0000000322,1610612752,1628973,2024-25,Regular Season,2025-07-31,24.1,28.0
0000000323,1610612752,1628973,2024-25,Regular Season,2025-08-02,25.6,27.8
0000000324,1610612752,1628973,2024-25,Regular Season,2025-08-04,26.4,28.4
0000000325,1610612752,1628973,2024-25,Regular Season,2025-08-06,27.5,28.4
0000000330,1610612752,1628973,2024-25,Regular Season,2025-08-16,28.0,27.6
0000000334,1610612752,1628973,2024-25,Regular Season,2025-08-24,29.4,27.6
0000000339,1610612752,1628973,2024-25,Regular Season,2025-09-03,28.3,27.2
0000000344,1610612752,1628973,2024-25,Regular Season,2025-09-13,27.1,28.8
0000000349,1610612752,1628973,2024-25,Regular Season,2025-09-23,28.2,28.4
0000000351,1610612752,1628973,2024-25,Regular Season,2025-09-27,26.8,29.4
0000000352,1610612752,1628973,2024-25,Regular Season,2025-09-29,26.9,28.0
0000000353,1610612752,1628973,2024-25,Regular Season,2025-10-01,27.5,29.8
0000000354,1610612752,1628973,2024-25,Regular Season,2025-10-03,29.7,29.0
0000000355,1610612752,1628973,2024-25,Regular Season,2025-10-05,28.0,28.8
0000000360,1610612752,1628973,2024-25,Regular Season,2025-10-15,29.2,28.0
0000000184,1610612752,1626164,2024-25,Regular Season,2024-10-28,18.9,20.0
0000000189,1610612752,1626164,2024-25,Regular Season,2024-11-07,27.1,20.0
0000000194,1610612752,1626164,2024-25,Regular Season,2024-11-17,27.0,22.0
0000000199,1610612752,1626164,2024-25,Regular Season,2024-11-27,28.6,24.2
0000000201,1610612752,1626164,2024-25,Regular Season,2024-12-01,28.3,24.6
0000000202,1610612752,1626164,2024-25,Regular Season,2024-12-03,29.7,26.0
0000000203,1610612752,1626164,2024-25,Regular Season,2024-12-05,27.6,27.2
0000000204,1610612752,1626164,2024-25,Regular Season,2024-12-07,26.2,28.0
0000000205,1610612752,1626164,2024-25,Regular Season,2024-12-09,25.4,25.4
0000000210,1610612752,1626164,2024-25,Regular Season,2024-12-19,25.8,23.6
0000000214,1610612752,1626164,2024-25,Regular Season,2024-12-27,27.2,21.6
0000000219,1610612752,1626164,2024-25,Regular Season,2025-01-06,26.6,20.6
0000000224,1610612752,1626164,2024-25,Regular Season,2025-01-16,26.4,20.4
0000000229,1610612752,1626164,2024-25,Regular Season,2025-01-26,27.0,23.6
0000000231,1610612752,1626164,2024-25,Regular Season,2025-01-30,28.0,24.4
0000000232,1610612752,1626164,2024-25,Regular Season,2025-02-01,29.0,25.6
0000000233,1610612752,1626164,2024-25,Regular Season,2025-02-03,30.2,25.2
0000000234,1610612752,1626164,2024-25,Regular Season,2025-02-05,32.2,23.2
0000000235,1610612752,1626164,2024-25,Regular Season,2025-02-07,29.8,20.6
0000000240,1610612752,1626164,2024-25,Regular Season,2025-02-17,29.5,20.2
0000000244,1610612752,1626164,2024-25,Regular Season,2025-02-25,26.7,17.8
0000000249,1610612752,1626164,2024-25,Regular Season,2025-03-07,26.5,18.0
0000000254,1610612752,1626164,2024-25,Regular Season,2025-03-17,25.0,17.8
0000000259,1610612752,1626164,2024-25,Regular Season,2025-03-27,27.5,17.8
0000000261,1610612752,1626164,2024-25,Regular Season,2025-03-31,25.2,16.8
0000000262,1610612752,1626164,2024-25,Regular Season,2025-04-02,24.3,17.4
0000000263,1610612752,1626164,2024-25,Regular Season,2025-04-04,25.4,18.0
0000000264,1610612752,1626164,2024-25,Regular Season,2025-04-06,26.8,20.0
0000000265,1610612752,1626164,2024-25,Regular Season,2025-04-08,27.1,20.0
0000000270,1610612752,1626164,2024-25,Regular Season,2025-04-18,28.5,22.0
0000000274,1610612752,1626164,2024-25,Regular Season,2025-04-26,28.5,23.0
0000000279,1610612752,1626164,2024-25,Regular Season,2025-05-06,26.7,21.6
0000000284,1610612752,1626164,2024-25,Regular Season,2025-05-16,25.0,20.2
0000000289,1610612752,1626164,2024-25,Regular Season,2025-05-26,24.1,19.6
0000000291,1610612752,1626164,2024-25,Regular Season,2025-05-30,22.8,21.0
0000000292,1610612752,1626164,2024-25,Regular Season,2025-06-01,23.2,22.8
0000000293,1610612752,1626164,2024-25,Regular Season,2025-06-03,23.5,24.0
0000000294,1610612752,1626164,2024-25,Regular Season,2025-06-05,26.3,24.4
0000000295,1610612752,1626164,2024-25,Regular Season,2025-06-07,27.3,26.4
0000000300,1610612752,1626164,2024-25,Regular Season,2025-06-17,28.6,24.4
0000000304,1610612752,1626164,2024-25,Regular Season,2025-06-25,31.5,24.0
0000000309,1610612752,1626164,2024-25,Regular Season,2025-07-05,31.1,24.4
0000000314,1610612752,1626164,2024-25,Regular Season,2025-07-15,31.7,25.2
0000000319,1610612752,1626164,2024-25,Regular Season,2025-07-25,30.1,22.2
0000000321,1610612752,1626164,2024-25,Regular Season,2025-07-29,30.5,21.4
0000000322,1610612752,1626164,2024-25,Regular Season,2025-07-31,27.8,19.8
0000000323,1610612752,1626164,2024-25,Regular Season,2025-08-02,28.6,21.6
0000000324,1610612752,1626164,2024-25,Regular Season,2025-08-04,27.9,20.6
0000000325,1610612752,1626164,2024-25,Regular Season,2025-08-06,27.1,20.8
0000000330,1610612752,1626164,2024-25,Regular Season,2025-08-16,25.0,23.4
0000000334,1610612752,1626164,2024-25,Regular Season,2025-08-24,24.7,24.4
0000000339,1610612752,1626164,2024-25,Regular Season,2025-09-03,25.5,22.4
0000000344,1610612752,1626164,2024-25,Regular Season,2025-09-13,23.8,23.4
0000000349,1610612752,1626164,2024-25,Regular Season,2025-09-23,26.5,27.0
0000000351,1610612752,1626164,2024-25,Regular Season,2025-09-27,28.0,25.2
0000000352,1610612752,1626164,2024-25,Regular Season,2025-09-29,27.3,25.4
0000000353,1610612752,1626164,2024-25,Regular Season,2025-10-01,27.9,25.6
0000000354,1610612752,1626164,2024-25,Regular Season,2025-10-03,26.8,24.2
0000000355,1610612752,1626164,2024-25,Regular Season,2025-10-05,24.8,23.4
0000000360,1610612752,1626164,2024-25,Regular Season,2025-10-15,24.3,24.4
0000000184,1610612752,1629628,2024-25,Regular Season,2024-10-28,25.3,16.0
0000000189,1610612752,1629628,2024-25,Regular Season,2024-11-07,22.6,18.0
0000000194,1610612752,1629628,2024-25,Regular Season,2024-11-17,27.3,20.7
0000000199,1610612752,1629628,2024-25,Regular Season,2024-11-27,25.5,19.5
0000000201,1610612752,1629628,2024-25,Regular Season,2024-12-01,25.6,17.2
0000000202,1610612752,1629628,2024-25,Regular Season,2024-12-03,24.7,15.8
0000000203,1610612752,1629628,2024-25,Regular Season,2024-12-05,25.0,15.0
0000000204,1610612752,1629628,2024-25,Regular Season,2024-12-07,23.8,10.0
0000000205,1610612752,1629628,2024-25,Regular Season,2024-12-09,27.3,8.8
0000000210,1610612752,1629628,2024-25,Regular Season,2024-12-19,28.3,9.8
0000000214,1610612752,1629628,2024-25,Regular Season,2024-12-27,31.2,12.0
0000000219,1610612752,1629628,2024-25,Regular Season,2025-01-06,32.9,10.0
0000000224,1610612752,1629628,2024-25,Regular Season,2025-01-16,31.3,11.0
0000000229,1610612752,1629628,2024-25,Regular Season,2025-01-26,29.1,11.6
0000000231,1610612752,1629628,2024-25,Regular Season,2025-01-30,29.3,13.0
0000000232,1610612752,1629628,2024-25,Regular Season,2025-02-01,27.6,13.6
0000000233,1610612752,1629628,2024-25,Regular Season,2025-02-03,25.8,15.4
0000000234,1610612752,1629628,2024-25,Regular Season,2025-02-05,25.6,16.6
0000000235,1610612752,1629628,2024-25,Regular Season,2025-02-07,25.5,16.6
0000000240,1610612752,1629628,2024-25,Regular Season,2025-02-17,26.0,14.4
0000000244,1610612752,1629628,2024-25,Regular Season,2025-02-25,27.1,14.6
0000000249,1610612752,1629628,2024-25,Regular Season,2025-03-07,28.8,15.6
0000000254,1610612752,1629628,2024-25,Regular Season,2025-03-17,32.0,18.4
0000000259,1610612752,1629628,2024-25,Regular Season,2025-03-27,33.8,20.4
0000000261,1610612752,1629628,2024-25,Regular Season,2025-03-31,32.5,23.2
0000000262,1610612752,1629628,2024-25,Regular Season,2025-04-02,30.7,22.6
0000000263,1610612752,1629628,2024-25,Regular Season,2025-04-04,30.4,21.2
0000000264,1610612752,1629628,2024-25,Regular Season,2025-04-06,27.8,22.6
0000000265,1610612752,1629628,2024-25,Regular Season,2025-04-08,27.0,20.6
0000000270,1610612752,1629628,2024-25,Regular Season,2025-04-18,29.0,19.2
0000000274,1610612752,1629628,2024-25,Regular Season,2025-04-26,30.5,16.4
0000000279,1610612752,1629628,2024-25,Regular Season,2025-05-06,31.2,19.2
0000000284,1610612752,1629628,2024-25,Regular Season,2025-05-16,32.3,16.2
0000000289,1610612752,1629628,2024-25,Regular Season,2025-05-26,33.2,18.4
0000000291,1610612752,1629628,2024-25,Regular Season,2025-05-30,29.9,16.8
0000000292,1610612752,1629628,2024-25,Regular Season,2025-06-01,30.8,18.4
0000000293,1610612752,1629628,2024-25,Regular Season,2025-06-03,31.0,15.6
0000000294,1610612752,1629628,2024-25,Regular Season,2025-06-05,30.4,16.2
0000000295,1610612752,1629628,2024-25,Regular Season,2025-06-07,27.5,16.0
0000000300,1610612752,1629628,2024-25,Regular Season,2025-06-17,28.6,17.0
0000000304,1610612752,1629628,2024-25,Regular Season,2025-06-25,26.0,17.8
0000000309,1610612752,1629628,2024-25,Regular Season,2025-07-05,23.3,18.0
0000000314,1610612752,1629628,2024-25,Regular Season,2025-07-15,25.1,17.8
0000000319,1610612752,1629628,2024-25,Regular Season,2025-07-25,26.1,16.8
0000000321,1610612752,1629628,2024-25,Regular Season,2025-07-29,27.0,16.8
0000000322,1610612752,1629628,2024-25,Regular Season,2025-07-31,26.3,15.2
0000000323,1610612752,1629628,2024-25,Regular Season,2025-08-02,27.2,16.4
0000000324,1610612752,1629628,2024-25,Regular Season,2025-08-04,26.2,16.8
0000000325,1610612752,1629628,2024-25,Regular Season,2025-08-06,27.2,15.6
0000000330,1610612752,1629628,2024-25,Regular Season,2025-08-16,26.8,16.0
0000000334,1610612752,1629628,2024-25,Regular Season,2025-08-24,29.3,16.8
0000000339,1610612752,1629628,2024-25,Regular Season,2025-09-03,28.9,14.4
0000000344,1610612752,1629628,2024-25,Regular Season,2025-09-13,27.2,13.2
0000000349,1610612752,1629628,2024-25,Regular Season,2025-09-23,25.4,14.6
0000000351,1610612752,1629628,2024-25,Regular Season,2025-09-27,24.9,14.4
0000000352,1610612752,1629628,2024-25,Regular Season,2025-09-29,25.1,14.4
0000000353,1610612752,1629628,2024-25,Regular Season,2025-10-01,28.1,14.6
0000000354,1610612752,1629628,2024-25,Regular Season,2025-10-03,30.6,17.4
0000000355,1610612752,1629628,2024-25,Regular Season,2025-10-05,30.2,17.0
0000000360,1610612752,1629628,2024-25,Regular Season,2025-10-15,29.8,16.8
0000000184,1610612752,1630193,2024-25,Regular Season,2024-10-28,27.1,18.0
0000000189,1610612752,1630193,2024-25,Regular Season,2024-11-07,22.9,17.5
0000000194,1610612752,1630193,2024-25,Regular Season,2024-11-17,26.1,13.0
0000000199,1610612752,1630193,2024-25,Regular Season,2024-11-27,25.9,11.8
0000000201,1610612752,1630193,2024-25,Regular Season,2024-12-01,28.1,11.6
0000000202,1610612752,1630193,2024-25,Regular Season,2024-12-03,29.1,11.4
0000000203,1610612752,1630193,2024-25,Regular Season,2024-12-05,30.9,11.4
0000000204,1610612752,1630193,2024-25,Regular Season,2024-12-07,30.8,13.6
0000000205,1610612752,1630193,2024-25,Regular Season,2024-12-09,32.9,13.4
0000000210,1610612752,1630193,2024-25,Regular Season,2024-12-19,29.6,12.4
0000000214,1610612752,1630193,2024-25,Regular Season,2024-12-27,30.3,11.6
0000000219,1610612752,1630193,2024-25,Regular Season,2025-01-06,31.5,11.4
0000000224,1610612752,1630193,2024-25,Regular Season,2025-01-16,29.4,10.8
0000000229,1610612752,1630193,2024-25,Regular Season,2025-01-26,28.3,12.0
0000000231,1610612752,1630193,2024-25,Regular Season,2025-01-30,28.9,14.2
0000000232,1610612752,1630193,2024-25,Regular Season,2025-02-01,26.7,16.4
0000000233,1610612752,1630193,2024-25,Regular Season,2025-02-03,25.9,15.2
0000000234,1610612752,1630193,2024-25,Regular Season,2025-02-05,28.2,13.6
0000000235,1610612752,1630193,2024-25,Regular Season,2025-02-07,29.1,12.2
0000000240,1610612752,1630193,2024-25,Regular Season,2025-02-17,29.0,12.6
0000000244,1610612752,1630193,2024-25,Regular Season,2025-02-25,30.8,11.4
0000000249,1610612752,1630193,2024-25,Regular Season,2025-03-07,29.1,11.0
0000000254,1610612752,1630193,2024-25,Regular Season,2025-03-17,26.9,12.8
0000000259,1610612752,1630193,2024-25,Regular Season,2025-03-27,26.2,15.2
0000000261,1610612752,1630193,2024-25,Regular Season,2025-03-31,27.7,14.4
0000000262,1610612752,1630193,2024-25,Regular Season,2025-04-02,24.9,13.0
0000000263,1610612752,1630193,2024-25,Regular Season,2025-04-04,25.5,14.8
0000000264,1610612752,1630193,2024-25,Regular Season,2025-04-06,26.6,15.2
0000000265,1610612752,1630193,2024-25,Regular Season,2025-04-08,26.8,14.0
0000000270,1610612752,1630193,2024-25,Regular Season,2025-04-18,25.6,13.6
0000000274,1610612752,1630193,2024-25,Regular Season,2025-04-26,25.5,16.6
0000000279,1610612752,1630193,2024-25,Regular Season,2025-05-06,27.1,15.2
0000000284,1610612752,1630193,2024-25,Regular Season,2025-05-16,28.5,13.8
0000000289,1610612752,1630193,2024-25,Regular Season,2025-05-26,28.9,12.4
0000000291,1610612752,1630193,2024-25,Regular Season,2025-05-30,29.2,9.8
0000000292,1610612752,1630193,2024-25,Regular Season,2025-06-01,29.7,7.0
0000000293,1610612752,1630193,2024-25,Regular Season,2025-06-03,27.1,8.8
0000000294,1610612752,1630193,2024-25,Regular Season,2025-06-05,24.9,8.4
0000000295,1610612752,1630193,2024-25,Regular Season,2025-06-07,21.8,11.6
0000000300,1610612752,1630193,2024-25,Regular Season,2025-06-17,22.8,12.2
0000000304,1610612752,1630193,2024-25,Regular Season,2025-06-25,23.6,13.4
0000000309,1610612752,1630193,2024-25,Regular Season,2025-07-05,24.3,10.8
0000000314,1610612752,1630193,2024-25,Regular Season,2025-07-15,25.5,11.4
0000000319,1610612752,1630193,2024-25,Regular Season,2025-07-25,27.8,10.8
0000000321,1610612752,1630193,2024-25,Regular Season,2025-07-29,26.1,10.8
0000000322,1610612752,1630193,2024-25,Regular Season,2025-07-31,26.0,10.8
0000000323,1610612752,1630193,2024-25,Regular Season,2025-08-02,25.7,12.4
0000000324,1610612752,1630193,2024-25,Regular Season,2025-08-04,26.7,13.6
0000000325,1610612752,1630193,2024-25,Regular Season,2025-08-06,24.6,10.8
0000000330,1610612752,1630193,2024-25,Regular Season,2025-08-16,27.0,13.2
0000000334,1610612752,1630193,2024-25,Regular Season,2025-08-24,29.6,12.0
0000000339,1610612752,1630193,2024-25,Regular Season,2025-09-03,32.3,13.2
0000000344,1610612752,1630193,2024-25,Regular Season,2025-09-13,30.7,10.2
0000000349,1610612752,1630193,2024-25,Regular Season,2025-09-23,34.4,10.4
0000000351,1610612752,1630193,2024-25,Regular Season,2025-09-27,31.2,9.8
0000000352,1610612752,1630193,2024-25,Regular Season,2025-09-29,27.4,9.2
0000000353,1610612752,1630193,2024-25,Regular Season,2025-10-01,27.8,6.2
0000000354,1610612752,1630193,2024-25,Regular Season,2025-10-03,26.5,10.2
0000000355,1610612752,1630193,2024-25,Regular Season,2025-10-05,26.0,11.4
0000000360,1610612752,1630193,2024-25,Regular Season,2025-10-15,28.7,12.4
0000000184,1610612752,203944,2024-25,Regular Season,2024-10-28,27.4,28.0
0000000189,1610612752,203944,2024-25,Regular Season,2024-11-07,27.9,26.5
0000000194,1610612752,203944,2024-25,Regular Season,2024-11-17,24.8,25.0
0000000199,1610612752,203944,2024-25,Regular Season,2024-11-27,25.5,22.8
0000000201,1610612752,203944,2024-25,Regular Season,2024-12-01,26.3,22.4
0000000202,1610612752,203944,2024-25,Regular Season,2024-12-03,25.5,21.8
0000000203,1610612752,203944,2024-25,Regular Season,2024-12-05,24.4,22.6
0000000204,1610612752,203944,2024-25,Regular Season,2024-12-07,26.9,22.6
0000000205,1610612752,203944,2024-25,Regular Season,2024-12-09,28.5,24.2
0000000210,1610612752,203944,2024-25,Regular Season,2024-12-19,29.8,23.2
0000000214,1610612752,203944,2024-25,Regular Season,2024-12-27,31.8,21.6
0000000219,1610612752,203944,2024-25,Regular Season,2025-01-06,33.5,20.0
0000000224,1610612752,203944,2024-25,Regular Season,2025-01-16,32.6,20.0
0000000229,1610612752,203944,2024-25,Regular Season,2025-01-26,30.8,22.0
0000000231,1610612752,203944,2024-25,Regular Season,2025-01-30,29.6,23.2
0000000232,1610612752,203944,2024-25,Regular Season,2025-02-01,28.9,25.0
0000000233,1610612752,203944,2024-25,Regular Season,2025-02-03,27.1,24.4
0000000234,1610612752,203944,2024-25,Regular Season,2025-02-05,26.6,23.0
0000000235,1610612752,203944,2024-25,Regular Season,2025-02-07,27.9,20.6
0000000240,1610612752,203944,2024-25,Regular Season,2025-02-17,27.6,19.4
0000000244,1610612752,203944,2024-25,Regular Season,2025-02-25,25.4,19.4
0000000249,1610612752,203944,2024-25,Regular Season,2025-03-07,26.2,18.0
0000000254,1610612752,203944,2024-25,Regular Season,2025-03-17,25.3,19.4
0000000259,1610612752,203944,2024-25,Regular Season,2025-03-27,25.5,16.4
0000000261,1610612752,203944,2024-25,Regular Season,2025-03-31,26.8,18.6
0000000262,1610612752,203944,2024-25,Regular Season,2025-04-02,30.1,19.6
0000000263,1610612752,203944,2024-25,Regular Season,2025-04-04,31.4,19.4
0000000264,1610612752,203944,2024-25,Regular Season,2025-04-06,34.1,19.6
0000000265,1610612752,203944,2024-25,Regular Season,2025-04-08,32.6,22.8
0000000270,1610612752,203944,2024-25,Regular Season,2025-04-18,32.2,22.8
0000000274,1610612752,203944,2024-25,Regular Season,2025-04-26,31.1,20.0
0000000279,1610612752,203944,2024-25,Regular Season,2025-05-06,29.6,24.0
0000000284,1610612752,203944,2024-25,Regular Season,2025-05-16,27.8,21.6
0000000289,1610612752,203944,2024-25,Regular Season,2025-05-26,29.7,22.6
0000000291,1610612752,203944,2024-25,Regular Season,2025-05-30,28.3,22.0
0000000292,1610612752,203944,2024-25,Regular Season,2025-06-01,26.4,23.8
0000000293,1610612752,203944,2024-25,Regular Season,2025-06-03,25.2,21.6
0000000294,1610612752,203944,2024-25,Regular Season,2025-06-05,27.9,23.2
0000000295,1610612752,203944,2024-25,Regular Season,2025-06-07,24.9,22.0
0000000300,1610612752,203944,2024-25,Regular Season,2025-06-17,25.0,19.8
0000000304,1610612752,203944,2024-25,Regular Season,2025-06-25,26.8,18.6
0000000309,1610612752,203944,2024-25,Regular Season,2025-07-05,27.6,17.8
0000000314,1610612752,203944,2024-25,Regular Season,2025-07-15,24.1,19.4
0000000319,1610612752,203944,2024-25,Regular Season,2025-07-25,26.1,20.0
0000000321,1610612752,203944,2024-25,Regular Season,2025-07-29,25.5,21.0
0000000322,1610612752,203944,2024-25,Regular Season,2025-07-31,24.3,19.6
0000000323,1610612752,203944,2024-25,Regular Season,2025-08-02,24.5,23.0
0000000324,1610612752,203944,2024-25,Regular Season,2025-08-04,24.1,21.6
0000000325,1610612752,203944,2024-25,Regular Season,2025-08-06,24.2,21.2
0000000330,1610612752,203944,2024-25,Regular Season,2025-08-16,23.3,23.8
0000000334,1610612752,203944,2024-25,Regular Season,2025-08-24,23.3,23.0
0000000339,1610612752,203944,2024-25,Regular Season,2025-09-03,22.6,21.8
0000000344,1610612752,203944,2024-25,Regular Season,2025-09-13,23.0,23.0
0000000349,1610612752,203944,2024-25,Regular Season,2025-09-23,21.8,22.4
0000000351,1610612752,203944,2024-25,Regular Season,2025-09-27,25.5,23.2
0000000352,1610612752,203944,2024-25,Regular Season,2025-09-29,25.0,26.8
0000000353,1610612752,203944,2024-25,Regular Season,2025-10-01,25.2,24.2
0000000354,1610612752,203944,2024-25,Regular Season,2025-10-03,26.4,23.0
0000000355,1610612752,203944,2024-25,Regular Season,2025-10-05,25.5,21.6
0000000360,1610612752,203944,2024-25,Regular Season,2025-10-15,24.4,18.6
0000000184,1610612752,1631216,2024-25,Regular Season,2024-10-28,27.2,7.0
0000000189,1610612752,1631216,2024-25,Regular Season,2024-11-07,29.4,8.0
0000000194,1610612752,1631216,2024-25,Regular Season,2024-11-17,27.2,8.0
0000000199,1610612752,1631216,2024-25,Regular Season,2024-11-27,27.0,7.5
0000000201,1610612752,1631216,2024-25,Regular Season,2024-12-01,28.3,6.0
0000000202,1610612752,1631216,2024-25,Regular Season,2024-12-03,27.5,5.4
0000000203,1610612752,1631216,2024-25,Regular Season,2024-12-05,25.4,3.6
0000000204,1610612752,1631216,2024-25,Regular Season,2024-12-07,24.6,3.4
0000000205,1610612752,1631216,2024-25,Regular Season,2024-12-09,25.8,3.0
0000000210,1610612752,1631216,2024-25,Regular Season,2024-12-19,25.4,5.8
0000000214,1610612752,1631216,2024-25,Regular Season,2024-12-27,28.0,5.0
0000000219,1610612752,1631216,2024-25,Regular Season,2025-01-06,30.4,6.4
0000000224,1610612752,1631216,2024-25,Regular Season,2025-01-16,32.3,8.2
0000000229,1610612752,1631216,2024-25,Regular Season,2025-01-26,30.8,9.4
0000000231,1610612752,1631216,2024-25,Regular Season,2025-01-30,29.4,8.8
0000000232,1610612752,1631216,2024-25,Regular Season,2025-02-01,28.8,10.8
0000000233,1610612752,1631216,2024-25,Regular Season,2025-02-03,29.0,9.4
0000000234,1610612752,1631216,2024-25,Regular Season,2025-02-05,28.9,6.6
0000000235,1610612752,1631216,2024-25,Regular Season,2025-02-07,31.6,5.8
0000000240,1610612752,1631216,2024-25,Regular Season,2025-02-17,30.6,4.6
0000000244,1610612752,1631216,2024-25,Regular Season,2025-02-25,30.3,2.6
0000000249,1610612752,1631216,2024-25,Regular Season,2025-03-07,29.8,6.8
0000000254,1610612752,1631216,2024-25,Regular Season,2025-03-17,29.8,6.8
0000000259,1610612752,1631216,2024-25,Regular Season,2025-03-27,26.0,6.4
0000000261,1610612752,1631216,2024-25,Regular Season,2025-03-31,29.1,7.4
0000000262,1610612752,1631216,2024-25,Regular Season,2025-04-02,26.5,7.4
0000000263,1610612752,1631216,2024-25,Regular Season,2025-04-04,24.2,5.2
0000000264,1610612752,1631216,2024-25,Regular Season,2025-04-06,23.4,9.0
0000000265,1610612752,1631216,2024-25,Regular Season,2025-04-08,24.5,9.4
0000000270,1610612752,1631216,2024-25,Regular Season,2025-04-18,21.4,7.6
0000000274,1610612752,1631216,2024-25,Regular Season,2025-04-26,22.1,8.8
0000000279,1610612752,1631216,2024-25,Regular Season,2025-05-06,25.1,10.4
0000000284,1610612752,1631216,2024-25,Regular Season,2025-05-16,25.8,7.0
0000000289,1610612752,1631216,2024-25,Regular Season,2025-05-26,27.5,8.4
0000000291,1610612752,1631216,2024-25,Regular Season,2025-05-30,28.8,10.6
0000000292,1610612752,1631216,2024-25,Regular Season,2025-06-01,31.4,13.0
0000000293,1610612752,1631216,2024-25,Regular Season,2025-06-03,29.5,11.8
0000000294,1610612752,1631216,2024-25,Regular Season,2025-06-05,31.4,14.2
0000000295,1610612752,1631216,2024-25,Regular Season,2025-06-07,31.3,14.2
0000000300,1610612752,1631216,2024-25,Regular Season,2025-06-17,32.1,12.8
0000000304,1610612752,1631216,2024-25,Regular Season,2025-06-25,29.1,9.8
0000000309,1610612752,1631216,2024-25,Regular Season,2025-07-05,30.5,9.4
0000000314,1610612752,1631216,2024-25,Regular Season,2025-07-15,27.4,9.0
0000000319,1610612752,1631216,2024-25,Regular Season,2025-07-25,28.3,8.0
0000000321,1610612752,1631216,2024-25,Regular Season,2025-07-29,28.5,9.6
0000000322,1610612752,1631216,2024-25,Regular Season,2025-07-31,29.4,10.6
0000000323,1610612752,1631216,2024-25,Regular Season,2025-08-02,28.2,12.4
0000000324,1610612752,1631216,2024-25,Regular Season,2025-08-04,28.7,9.8
0000000325,1610612752,1631216,2024-25,Regular Season,2025-08-06,25.1,10.4
0000000330,1610612752,1631216,2024-25,Regular Season,2025-08-16,24.6,8.2
0000000334,1610612752,1631216,2024-25,Regular Season,2025-08-24,26.2,8.4
0000000339,1610612752,1631216,2024-25,Regular Season,2025-09-03,26.5,6.2
0000000344,1610612752,1631216,2024-25,Regular Season,2025-09-13,29.1,9.2
0000000349,1610612752,1631216,2024-25,Regular Season,2025-09-23,32.7,8.8
0000000351,1610612752,1631216,2024-25,Regular Season,2025-09-27,34.4,11.6
0000000352,1610612752,1631216,2024-25,Regular Season,2025-09-29,33.2,11.6
0000000353,1610612752,1631216,2024-25,Regular Season,2025-10-01,35.1,11.6
0000000354,1610612752,1631216,2024-25,Regular Season,2025-10-03,33.0,10.6
0000000355,1610612752,1631216,2024-25,Regular Season,2025-10-05,32.4,10.0
0000000360,1610612752,1631216,2024-25,Regular Season,2025-10-15,32.1,7.4
0000000185,1610612748,202710,2024-25,Regular Season,2024-10-30,24.7,30.0
0000000190,1610612748,202710,2024-25,Regular Season,2024-11-09,24.8,31.0
0000000195,1610612748,202710,2024-25,Regular Season,2024-11-19,23.9,28.3
0000000200,1610612748,202710,2024-25,Regular Season,2024-11-29,24.5,28.0
0000000205,1610612748,202710,2024-25,Regular Season,2024-12-09,25.1,24.4
0000000206,1610612748,202710,2024-25,Regular Season,2024-12-11,26.8,24.4
0000000207,1610612748,202710,2024-25,Regular Season,2024-12-13,25.8,23.6
0000000208,1610612748,202710,2024-25,Regular Season,2024-12-15,25.7,23.0
0000000209,1610612748,202710,2024-25,Regular Season,2024-12-17,25.5,22.0
0000000210,1610612748,202710,2024-25,Regular Season,2024-12-19,26.5,21.6
0000000215,1610612748,202710,2024-25,Regular Season,2024-12-29,24.9,18.8
0000000220,1610612748,202710,2024-25,Regular Season,2025-01-08,28.2,19.0
0000000225,1610612748,202710,2024-25,Regular Season,2025-01-18,28.4,20.0
0000000230,1610612748,202710,2024-25,Regular Season,2025-01-28,28.4,18.2
0000000235,1610612748,202710,2024-25,Regular Season,2025-02-07,27.4,20.6
0000000236,1610612748,202710,2024-25,Regular Season,2025-02-09,27.0,21.2
0000000237,1610612748,202710,2024-25,Regular Season,2025-02-11,25.9,21.2
0000000238,1610612748,202710,2024-25,Regular Season,2025-02-13,27.7,20.4
0000000239,1610612748,202710,2024-25,Regular Season,2025-02-15,28.9,20.0
0000000240,1610612748,202710,2024-25,Regular Season,2025-02-17,29.2,20.2
0000000245,1610612748,202710,2024-25,Regular Season,2025-02-27,31.5,21.6
0000000250,1610612748,202710,2024-25,Regular Season,2025-03-09,29.5,19.2
0000000255,1610612748,202710,2024-25,Regular Season,2025-03-19,27.1,19.8
0000000260,1610612748,202710,2024-25,Regular Season,2025-03-29,27.0,22.2
0000000265,1610612748,202710,2024-25,Regular Season,2025-04-08,27.8,23.2
0000000266,1610612748,202710,2024-25,Regular Season,2025-04-10,28.2,21.2
0000000267,1610612748,202710,2024-25,Regular Season,2025-04-12,27.9,21.2
0000000268,1610612748,202710,2024-25,Regular Season,2025-04-14,30.9,21.4
0000000269,1610612748,202710,2024-25,Regular Season,2025-04-16,30.5,22.2
0000000270,1610612748,202710,2024-25,Regular Season,2025-04-18,28.0,21.4
0000000275,1610612748,202710,2024-25,Regular Season,2025-04-28,26.9,23.4
0000000280,1610612748,202710,2024-25,Regular Season,2025-05-08,30.1,24.4
0000000285,1610612748,202710,2024-25,Regular Season,2025-05-18,27.1,25.6
0000000290,1610612748,202710,2024-25,Regular Season,2025-05-28,27.5,22.6
0000000295,1610612748,202710,2024-25,Regular Season,2025-06-07,29.4,21.4
0000000296,1610612748,202710,2024-25,Regular Season,2025-06-09,29.1,20.2
0000000297,1610612748,202710,2024-25,Regular Season,2025-06-11,27.0,21.8
0000000298,1610612748,202710,2024-25,Regular Season,2025-06-13,30.6,17.6
0000000299,1610612748,202710,2024-25,Regular Season,2025-06-15,28.9,18.8
0000000300,1610612748,202710,2024-25,Regular Season,2025-06-17,28.3,20.2
0000000305,1610612748,202710,2024-25,Regular Season,2025-06-27,26.7,21.0
0000000310,1610612748,202710,2024-25,Regular Season,2025-07-07,26.9,21.6
0000000315,1610612748,202710,2024-25,Regular Season,2025-07-17,23.7,23.4
0000000320,1610612748,202710,2024-25,Regular Season,2025-07-27,23.2,21.8
0000000325,1610612748,202710,2024-25,Regular Season,2025-08-06,22.4,21.8
0000000326,1610612748,202710,2024-25,Regular Season,2025-08-08,25.1,22.0
0000000327,1610612748,202710,2024-25,Regular Season,2025-08-10,26.3,19.2
0000000328,1610612748,202710,2024-25,Regular Season,2025-08-12,28.6,19.8
0000000329,1610612748,202710,2024-25,Regular Season,2025-08-14,30.0,20.4
0000000330,1610612748,202710,2024-25,Regular Season,2025-08-16,31.2,22.4
0000000335,1610612748,202710,2024-25,Regular Season,2025-08-26,30.1,23.2
0000000340,1610612748,202710,2024-25,Regular Season,2025-09-05,29.9,26.2
0000000345,1610612748,202710,2024-25,Regular Season,2025-09-15,29.1,26.8
0000000350,1610612748,202710,2024-25,Regular Season,2025-09-25,31.1,26.0
0000000355,1610612748,202710,2024-25,Regular Season,2025-10-05,30.4,23.8
0000000356,1610612748,202710,2024-25,Regular Season,2025-10-07,31.5,22.6
0000000357,1610612748,202710,2024-25,Regular Season,2025-10-09,31.3,20.8
0000000358,1610612748,202710,2024-25,Regular Season,2025-10-11,29.9,18.2
0000000359,1610612748,202710,2024-25,Regular Season,2025-10-13,28.8,19.4
0000000360,1610612748,202710,2024-25,Regular Season,2025-10-15,29.4,20.0
0000000185,1610612748,1629639,2024-25,Regular Season,2024-10-30,33.4,17.0
0000000190,1610612748,1629639,2024-25,Regular Season,2024-11-09,27.6,19.5
0000000195,1610612748,1629639,2024-25,Regular Season,2024-11-19,24.7,22.3
0000000200,1610612748,1629639,2024-25,Regular Season,2024-11-29,23.1,23.0
0000000205,1610612748,1629639,2024-25,Regular Season,2024-12-09,24.1,20.8
0000000206,1610612748,1629639,2024-25,Regular Season,2024-12-11,24.2,21.0
0000000207,1610612748,1629639,2024-25,Regular Season,2024-12-13,26.3,19.2
0000000208,1610612748,1629639,2024-25,Regular Season,2024-12-15,28.6,15.6
0000000209,1610612748,1629639,2024-25,Regular Season,2024-12-17,32.0,13.8
0000000210,1610612748,1629639,2024-25,Regular Season,2024-12-19,31.3,15.4
0000000215,1610612748,1629639,2024-25,Regular Season,2024-12-29,29.1,17.0
0000000220,1610612748,1629639,2024-25,Regular Season,2025-01-08,29.1,18.0
0000000225,1610612748,1629639,2024-25,Regular Season,2025-01-18,29.6,19.8
0000000230,1610612748,1629639,2024-25,Regular Season,2025-01-28,26.5,20.6
0000000235,1610612748,1629639,2024-25,Regular Season,2025-02-07,25.7,21.6
0000000236,1610612748,1629639,2024-25,Regular Season,2025-02-09,27.8,20.0
0000000237,1610612748,1629639,2024-25,Regular Season,2025-02-11,26.4,20.8
0000000238,1610612748,1629639,2024-25,Regular Season,2025-02-13,24.8,21.2
0000000239,1610612748,1629639,2024-25,Regular Season,2025-02-15,25.8,21.2
0000000240,1610612748,1629639,2024-25,Regular Season,2025-02-17,29.3,19.8
0000000245,1610612748,1629639,2024-25,Regular Season,2025-02-27,26.7,20.4
0000000250,1610612748,1629639,2024-25,Regular Season,2025-03-09,28.0,20.2
0000000255,1610612748,1629639,2024-25,Regular Season,2025-03-19,27.2,20.2
0000000260,1610612748,1629639,2024-25,Regular Season,2025-03-29,25.9,20.8
0000000265,1610612748,1629639,2024-25,Regular Season,2025-04-08,23.9,22.2
0000000266,1610612748,1629639,2024-25,Regular Season,2025-04-10,23.9,21.0
0000000267,1610612748,1629639,2024-25,Regular Season,2025-04-12,22.4,19.4
0000000268,1610612748,1629639,2024-25,Regular Season,2025-04-14,24.7,18.8
0000000269,1610612748,1629639,2024-25,Regular Season,2025-04-16,27.5,17.0
0000000270,1610612748,1629639,2024-25,Regular Season,2025-04-18,29.1,16.0
0000000275,1610612748,1629639,2024-25,Regular Season,2025-04-28,32.3,17.6
0000000280,1610612748,1629639,2024-25,Regular Season,2025-05-08,32.1,18.8
0000000285,1610612748,1629639,2024-25,Regular Season,2025-05-18,32.0,17.8
0000000290,1610612748,1629639,2024-25,Regular Season,2025-05-28,32.4,20.4
0000000295,1610612748,1629639,2024-25,Regular Season,2025-06-07,30.0,19.2
0000000296,1610612748,1629639,2024-25,Regular Season,2025-06-09,28.2,19.2
0000000297,1610612748,1629639,2024-25,Regular Season,2025-06-11,30.0,19.2
0000000298,1610612748,1629639,2024-25,Regular Season,2025-06-13,27.4,20.4
0000000299,1610612748,1629639,2024-25,Regular Season,2025-06-15,27.9,20.0
0000000300,1610612748,1629639,2024-25,Regular Season,2025-06-17,27.9,21.4
0000000305,1610612748,1629639,2024-25,Regular Season,2025-06-27,28.1,20.0
0000000310,1610612748,1629639,2024-25,Regular Season,2025-07-07,25.9,19.8
0000000315,1610612748,1629639,2024-25,Regular Season,2025-07-17,27.8,20.4
0000000320,1610612748,1629639,2024-25,Regular Season,2025-07-27,25.6,20.2
0000000325,1610612748,1629639,2024-25,Regular Season,2025-08-06,25.7,18.6
0000000326,1610612748,1629639,2024-25,Regular Season,2025-08-08,24.3,19.6
0000000327,1610612748,1629639,2024-25,Regular Season,2025-08-10,24.5,20.8
0000000328,1610612748,1629639,2024-25,Regular Season,2025-08-12,23.4,21.8
0000000329,1610612748,1629639,2024-25,Regular Season,2025-08-14,22.6,18.6
0000000330,1610612748,1629639,2024-25,Regular Season,2025-08-16,22.0,19.4
0000000335,1610612748,1629639,2024-25,Regular Season,2025-08-26,23.2,18.6
0000000340,1610612748,1629639,2024-25,Regular Season,2025-09-05,25.6,17.0
0000000345,1610612748,1629639,2024-25,Regular Season,2025-09-15,24.9,15.4
0000000350,1610612748,1629639,2024-25,Regular Season,2025-09-25,24.9,18.4
0000000355,1610612748,1629639,2024-25,Regular Season,2025-10-05,25.8,17.8
0000000356,1610612748,1629639,2024-25,Regular Season,2025-10-07,27.1,16.6
0000000357,1610612748,1629639,2024-25,Regular Season,2025-10-09,24.6,17.8
0000000358,1610612748,1629639,2024-25,Regular Season,2025-10-11,25.2,18.4
0000000359,1610612748,1629639,2024-25,Regular Season,2025-10-13,25.5,16.4
0000000360,1610612748,1629639,2024-25,Regular Season,2025-10-15,25.6,17.6
0000000185,1610612748,202355,2024-25,Regular Season,2024-10-30,34.2,25.0
0000000190,1610612748,202355,2024-25,Regular Season,2024-11-09,32.8,27.0
0000000195,1610612748,202355,2024-25,Regular Season,2024-11-19,30.6,26.7
0000000200,1610612748,202355,2024-25,Regular Season,2024-11-29,31.1,26.0
0000000205,1610612748,202355,2024-25,Regular Season,2024-12-09,31.9,23.8
0000000206,1610612748,202355,2024-25,Regular Season,2024-12-11,30.9,21.4
0000000207,1610612748,202355,2024-25,Regular Season,2024-12-13,30.2,20.0
0000000208,1610612748,202355,2024-25,Regular Season,2024-12-15,30.2,18.0
0000000209,1610612748,202355,2024-25,Regular Season,2024-12-17,29.3,16.6
0000000210,1610612748,202355,2024-25,Regular Season,2024-12-19,28.6,18.2
0000000215,1610612748,202355,2024-25,Regular Season,2024-12-29,28.9,19.0
0000000220,1610612748,202355,2024-25,Regular Season,2025-01-08,30.2,17.0
0000000225,1610612748,202355,2024-25,Regular Season,2025-01-18,32.1,20.2
0000000230,1610612748,202355,2024-25,Regular Season,2025-01-28,32.4,21.2
0000000235,1610612748,202355,2024-25,Regular Season,2025-02-07,32.5,21.8
0000000236,1610612748,202355,2024-25,Regular Season,2025-02-09,31.9,21.6
0000000237,1610612748,202355,2024-25,Regular Season,2025-02-11,29.6,22.2
0000000238,1610612748,202355,2024-25,Regular Season,2025-02-13,28.5,21.0
0000000239,1610612748,202355,2024-25,Regular Season,2025-02-15,27.5,20.8
0000000240,1610612748,202355,2024-25,Regular Season,2025-02-17,28.1,21.0
0000000245,1610612748,202355,2024-25,Regular Season,2025-02-27,29.5,21.8
0000000250,1610612748,202355,2024-25,Regular Season,2025-03-09,31.9,26.4
0000000255,1610612748,202355,2024-25,Regular Season,2025-03-19,31.5,22.4
0000000260,1610612748,202355,2024-25,Regular Season,2025-03-29,31.2,22.2
0000000265,1610612748,202355,2024-25,Regular Season,2025-04-08,28.8,19.2
0000000266,1610612748,202355,2024-25,Regular Season,2025-04-10,28.4,18.2
0000000267,1610612748,202355,2024-25,Regular Season,2025-04-12,27.4,16.6
0000000268,1610612748,202355,2024-25,Regular Season,2025-04-14,25.8,19.0
0000000269,1610612748,202355,2024-25,Regular Season,2025-04-16,27.4,16.6
0000000270,1610612748,202355,2024-25,Regular Season,2025-04-18,27.4,17.8
0000000275,1610612748,202355,2024-25,Regular Season,2025-04-28,25.8,18.2
0000000280,1610612748,202355,2024-25,Regular Season,2025-05-08,25.0,15.2
0000000285,1610612748,202355,2024-25,Regular Season,2025-05-18,28.5,16.4
0000000290,1610612748,202355,2024-25,Regular Season,2025-05-28,27.1,18.8
0000000295,1610612748,202355,2024-25,Regular Season,2025-06-07,27.8,18.8
0000000296,1610612748,202355,2024-25,Regular Season,2025-06-09,27.2,20.2
0000000297,1610612748,202355,2024-25,Regular Season,2025-06-11,28.3,19.0
0000000298,1610612748,202355,2024-25,Regular Season,2025-06-13,27.6,15.2
0000000299,1610612748,202355,2024-25,Regular Season,2025-06-15,26.9,14.6
0000000300,1610612748,202355,2024-25,Regular Season,2025-06-17,27.1,14.8
0000000305,1610612748,202355,2024-25,Regular Season,2025-06-27,29.1,14.4
0000000310,1610612748,202355,2024-25,Regular Season,2025-07-07,28.4,17.6
0000000315,1610612748,202355,2024-25,Regular Season,2025-07-17,28.7,18.0
0000000320,1610612748,202355,2024-25,Regular Season,2025-07-27,32.1,18.6
0000000325,1610612748,202355,2024-25,Regular Season,2025-08-06,32.3,19.4
0000000326,1610612748,202355,2024-25,Regular Season,2025-08-08,29.8,18.6
0000000327,1610612748,202355,2024-25,Regular Season,2025-08-10,29.7,17.4
0000000328,1610612748,202355,2024-25,Regular Season,2025-08-12,28.2,18.0
0000000329,1610612748,202355,2024-25,Regular Season,2025-08-14,24.8,17.4
0000000330,1610612748,202355,2024-25,Regular Season,2025-08-16,26.1,15.8
0000000335,1610612748,202355,2024-25,Regular Season,2025-08-26,29.0,15.2
0000000340,1610612748,202355,2024-25,Regular Season,2025-09-05,29.7,15.8
0000000345,1610612748,202355,2024-25,Regular Season,2025-09-15,27.9,17.4
0000000350,1610612748,202355,2024-25,Regular Season,2025-09-25,30.9,17.2
0000000355,1610612748,202355,2024-25,Regular Season,2025-10-05,31.1,21.0
0000000356,1610612748,202355,2024-25,Regular Season,2025-10-07,31.4,23.2
0000000357,1610612748,202355,2024-25,Regular Season,2025-10-09,31.6,23.4
0000000358,1610612748,202355,2024-25,Regular Season,2025-10-11,35.1,24.2
0000000359,1610612748,202355,2024-25,Regular Season,2025-10-13,31.8,23.6
0000000360,1610612748,202355,2024-25,Regular Season,2025-10-15,31.0,19.0
0000000185,1610612748,1631107,2024-25,Regular Season,2024-10-30,31.6,3.0
0000000190,1610612748,1631107,2024-25,Regular Season,2024-11-09,29.8,10.0
0000000195,1610612748,1631107,2024-25,Regular Season,2024-11-19,26.7,10.0
0000000200,1610612748,1631107,2024-25,Regular Season,2024-11-29,27.4,12.8
0000000205,1610612748,1631107,2024-25,Regular Season,2024-12-09,27.0,13.2
0000000206,1610612748,1631107,2024-25,Regular Season,2024-12-11,24.4,14.0
0000000207,1610612748,1631107,2024-25,Regular Season,2024-12-13,23.7,11.6
0000000208,1610612748,1631107,2024-25,Regular Season,2024-12-15,23.5,10.8
0000000209,1610612748,1631107,2024-25,Regular Season,2024-12-17,24.4,8.2
0000000210,1610612748,1631107,2024-25,Regular Season,2024-12-19,23.6,9.0
0000000215,1610612748,1631107,2024-25,Regular Season,2024-12-29,25.1,9.2
0000000220,1610612748,1631107,2024-25,Regular Season,2025-01-08,26.1,11.0
0000000225,1610612748,1631107,2024-25,Regular Season,2025-01-18,26.6,12.4
0000000230,1610612748,1631107,2024-25,Regular Season,2025-01-28,24.9,12.6
0000000235,1610612748,1631107,2024-25,Regular Season,2025-02-07,24.9,10.6
0000000236,1610612748,1631107,2024-25,Regular Season,2025-02-09,26.4,11.6
0000000237,1610612748,1631107,2024-25,Regular Season,2025-02-11,24.7,10.2
0000000238,1610612748,1631107,2024-25,Regular Season,2025-02-13,24.9,9.8
0000000239,1610612748,1631107,2024-25,Regular Season,2025-02-15,27.3,8.8
0000000240,1610612748,1631107,2024-25,Regular Season,2025-02-17,28.1,7.2
0000000245,1610612748,1631107,2024-25,Regular Season,2025-02-27,28.3,5.2
0000000250,1610612748,1631107,2024-25,Regular Season,2025-03-09,30.9,4.2
0000000255,1610612748,1631107,2024-25,Regular Season,2025-03-19,30.4,3.6
0000000260,1610612748,1631107,2024-25,Regular Season,2025-03-29,28.5,4.2
0000000265,1610612748,1631107,2024-25,Regular Season,2025-04-08,27.6,7.0
0000000266,1610612748,1631107,2024-25,Regular Season,2025-04-10,25.6,8.6
0000000267,1610612748,1631107,2024-25,Regular Season,2025-04-12,22.6,11.4
0000000268,1610612748,1631107,2024-25,Regular Season,2025-04-14,25.7,11.0
0000000269,1610612748,1631107,2024-25,Regular Season,2025-04-16,25.2,10.0
0000000270,1610612748,1631107,2024-25,Regular Season,2025-04-18,25.5,9.4
0000000275,1610612748,1631107,2024-25,Regular Season,2025-04-28,27.4,10.2
0000000280,1610612748,1631107,2024-25,Regular Season,2025-05-08,29.9,9.0
0000000285,1610612748,1631107,2024-25,Regular Season,2025-05-18,27.7,8.8
0000000290,1610612748,1631107,2024-25,Regular Season,2025-05-28,29.2,11.0
0000000295,1610612748,1631107,2024-25,Regular Season,2025-06-07,28.6,10.2
0000000296,1610612748,1631107,2024-25,Regular Season,2025-06-09,26.8,10.4
0000000297,1610612748,1631107,2024-25,Regular Season,2025-06-11,27.1,11.2
0000000298,1610612748,1631107,2024-25,Regular Season,2025-06-13,27.6,12.2
0000000299,1610612748,1631107,2024-25,Regular Season,2025-06-15,27.0,11.4
0000000300,1610612748,1631107,2024-25,Regular Season,2025-06-17,27.3,13.2
0000000305,1610612748,1631107,2024-25,Regular Season,2025-06-27,28.8,12.2
0000000310,1610612748,1631107,2024-25,Regular Season,2025-07-07,28.9,10.4
0000000315,1610612748,1631107,2024-25,Regular Season,2025-07-17,27.3,11.4
0000000320,1610612748,1631107,2024-25,Regular Season,2025-07-27,25.2,10.6
0000000325,1610612748,1631107,2024-25,Regular Season,2025-08-06,28.0,10.8
0000000326,1610612748,1631107,2024-25,Regular Season,2025-08-08,25.6,11.0
0000000327,1610612748,1631107,2024-25,Regular Season,2025-08-10,23.7,15.2
0000000328,1610612748,1631107,2024-25,Regular Season,2025-08-12,25.9,13.2
0000000329,1610612748,1631107,2024-25,Regular Season,2025-08-14,28.5,13.0
0000000330,1610612748,1631107,2024-25,Regular Season,2025-08-16,28.0,10.2
0000000335,1610612748,1631107,2024-25,Regular Season,2025-08-26,29.9,9.4
0000000340,1610612748,1631107,2024-25,Regular Season,2025-09-05,30.9,6.4
0000000345,1610612748,1631107,2024-25,Regular Season,2025-09-15,31.7,6.2
0000000350,1610612748,1631107,2024-25,Regular Season,2025-09-25,32.5,6.4
0000000355,1610612748,1631107,2024-25,Regular Season,2025-10-05,32.0,5.6
0000000356,1610612748,1631107,2024-25,Regular Season,2025-10-07,31.0,6.2
0000000357,1610612748,1631107,2024-25,Regular Season,2025-10-09,29.2,6.4
0000000358,1610612748,1631107,2024-25,Regular Season,2025-10-11,26.6,8.6
0000000359,1610612748,1631107,2024-25,Regular Season,2025-10-13,25.7,8.8
0000000360,1610612748,1631107,2024-25,Regular Season,2025-10-15,25.3,11.4
0000000185,1610612748,203482,2024-25,Regular Season,2024-10-30,34.0,4.0
0000000190,1610612748,203482,2024-25,Regular Season,2024-11-09,30.4,9.0
0000000195,1610612748,203482,2024-25,Regular Season,2024-11-19,31.0,7.7
0000000200,1610612748,203482,2024-25,Regular Season,2024-11-29,30.2,8.0
0000000205,1610612748,203482,2024-25,Regular Season,2024-12-09,28.5,10.0
0000000206,1610612748,203482,2024-25,Regular Season,2024-12-11,28.7,9.4
0000000207,1610612748,203482,2024-25,Regular Season,2024-12-13,28.8,7.8
0000000208,1610612748,203482,2024-25,Regular Season,2024-12-15,26.4,8.8
0000000209,1610612748,203482,2024-25,Regular Season,2024-12-17,26.8,8.8
0000000210,1610612748,203482,2024-25,Regular Season,2024-12-19,29.1,6.2
0000000215,1610612748,203482,2024-25,Regular Season,2024-12-29,28.5,9.0
0000000220,1610612748,203482,2024-25,Regular Season,2025-01-08,27.6,7.8
0000000225,1610612748,203482,2024-25,Regular Season,2025-01-18,28.9,8.4
0000000230,1610612748,203482,2024-25,Regular Season,2025-01-28,28.7,9.0
0000000235,1610612748,203482,2024-25,Regular Season,2025-02-07,27.6,8.4
0000000236,1610612748,203482,2024-25,Regular Season,2025-02-09,27.1,7.4
0000000237,1610612748,203482,2024-25,Regular Season,2025-02-11,27.3,7.4
0000000238,1610612748,203482,2024-25,Regular Season,2025-02-13,27.8,4.8
0000000239,1610612748,203482,2024-25,Regular Season,2025-02-15,28.6,5.2
0000000240,1610612748,203482,2024-25,Regular Season,2025-02-17,29.1,5.8
0000000245,1610612748,203482,2024-25,Regular Season,2025-02-27,28.4,5.8
0000000250,1610612748,203482,2024-25,Regular Season,2025-03-09,29.8,8.4
0000000255,1610612748,203482,2024-25,Regular Season,2025-03-19,30.1,10.0
0000000260,1610612748,203482,2024-25,Regular Season,2025-03-29,28.8,10.6
0000000265,1610612748,203482,2024-25,Regular Season,2025-04-08,28.3,12.6
0000000266,1610612748,203482,2024-25,Regular Season,2025-04-10,29.1,11.6
0000000267,1610612748,203482,2024-25,Regular Season,2025-04-12,29.2,9.4
0000000268,1610612748,203482,2024-25,Regular Season,2025-04-14,27.3,10.8
0000000269,1610612748,203482,2024-25,Regular Season,2025-04-16,29.6,7.6
0000000270,1610612748,203482,2024-25,Regular Season,2025-04-18,30.7,4.6
0000000275,1610612748,203482,2024-25,Regular Season,2025-04-28,31.7,4.8
0000000280,1610612748,203482,2024-25,Regular Season,2025-05-08,30.0,5.4
0000000285,1610612748,203482,2024-25,Regular Season,2025-05-18,33.1,4.0
0000000290,1610612748,203482,2024-25,Regular Season,2025-05-28,29.8,6.2
0000000295,1610612748,203482,2024-25,Regular Season,2025-06-07,28.5,8.6
0000000296,1610612748,203482,2024-25,Regular Season,2025-06-09,27.3,8.0
0000000297,1610612748,203482,2024-25,Regular Season,2025-06-11,27.3,8.8
0000000298,1610612748,203482,2024-25,Regular Season,2025-06-13,27.1,9.6
0000000299,1610612748,203482,2024-25,Regular Season,2025-06-15,28.5,8.2
0000000300,1610612748,203482,2024-25,Regular Season,2025-06-17,29.1,5.8
0000000305,1610612748,203482,2024-25,Regular Season,2025-06-27,28.4,7.2
0000000310,1610612748,203482,2024-25,Regular Season,2025-07-07,30.0,7.4
0000000315,1610612748,203482,2024-25,Regular Season,2025-07-17,27.6,8.0
0000000320,1610612748,203482,2024-25,Regular Season,2025-07-27,29.5,7.8
0000000325,1610612748,203482,2024-25,Regular Season,2025-08-06,28.3,10.6
0000000326,1610612748,203482,2024-25,Regular Season,2025-08-08,27.3,10.2
0000000327,1610612748,203482,2024-25,Regular Season,2025-08-10,25.1,9.4
0000000328,1610612748,203482,2024-25,Regular Season,2025-08-12,26.6,7.8
0000000329,1610612748,203482,2024-25,Regular Season,2025-08-14,24.1,9.2
0000000330,1610612748,203482,2024-25,Regular Season,2025-08-16,25.1,8.6
0000000335,1610612748,203482,2024-25,Regular Season,2025-08-26,26.7,11.4
0000000340,1610612748,203482,2024-25,Regular Season,2025-09-05,30.5,13.8
0000000345,1610612748,203482,2024-25,Regular Season,2025-09-15,31.1,14.6
0000000350,1610612748,203482,2024-25,Regular Season,2025-09-25,33.7,13.2
0000000355,1610612748,203482,2024-25,Regular Season,2025-10-05,35.2,13.4
0000000356,1610612748,203482,2024-25,Regular Season,2025-10-07,35.5,9.6
0000000357,1610612748,203482,2024-25,Regular Season,2025-10-09,32.1,8.2
0000000358,1610612748,203482,2024-25,Regular Season,2025-10-11,31.2,8.2
0000000359,1610612748,203482,2024-25,Regular Season,2025-10-13,28.0,9.2
0000000360,1610612748,203482,2024-25,Regular Season,2025-10-15,25.9,8.4
0000000185,1610612748,1630217,2024-25,Regular Season,2024-10-30,18.3,7.0
0000000190,1610612748,1630217,2024-25,Regular Season,2024-11-09,25.3,3.5
0000000195,1610612748,1630217,2024-25,Regular Season,2024-11-19,27.1,6.3
0000000200,1610612748,1630217,2024-25,Regular Season,2024-11-29,27.3,7.8
0000000205,1610612748,1630217,2024-25,Regular Season,2024-12-09,29.0,8.0
0000000206,1610612748,1630217,2024-25,Regular Season,2024-12-11,31.8,8.2
0000000207,1610612748,1630217,2024-25,Regular Season,2024-12-13,32.9,9.6
0000000208,1610612748,1630217,2024-25,Regular Season,2024-12-15,30.4,9.6
0000000209,1610612748,1630217,2024-25,Regular Season,2024-12-17,32.1,11.2
0000000210,1610612748,1630217,2024-25,Regular Season,2024-12-19,31.2,12.2
0000000215,1610612748,1630217,2024-25,Regular Season,2024-12-29,32.0,13.0
0000000220,1610612748,1630217,2024-25,Regular Season,2025-01-08,31.2,14.0
0000000225,1610612748,1630217,2024-25,Regular Season,2025-01-18,34.6,11.6
0000000230,1610612748,1630217,2024-25,Regular Season,2025-01-28,33.4,8.4
0000000235,1610612748,1630217,2024-25,Regular Season,2025-02-07,32.2,7.6
0000000236,1610612748,1630217,2024-25,Regular Season,2025-02-09,31.2,8.0
0000000237,1610612748,1630217,2024-25,Regular Season,2025-02-11,31.9,8.2
0000000238,1610612748,1630217,2024-25,Regular Season,2025-02-13,30.7,9.6
0000000239,1610612748,1630217,2024-25,Regular Season,2025-02-15,28.9,8.8
0000000240,1610612748,1630217,2024-25,Regular Season,2025-02-17,29.6,7.0
0000000245,1610612748,1630217,2024-25,Regular Season,2025-02-27,27.2,6.2
0000000250,1610612748,1630217,2024-25,Regular Season,2025-03-09,25.9,5.6
0000000255,1610612748,1630217,2024-25,Regular Season,2025-03-19,24.3,4.2
0000000260,1610612748,1630217,2024-25,Regular Season,2025-03-29,24.1,5.4
0000000265,1610612748,1630217,2024-25,Regular Season,2025-04-08,24.3,6.6
0000000266,1610612748,1630217,2024-25,Regular Season,2025-04-10,27.4,4.6
0000000267,1610612748,1630217,2024-25,Regular Season,2025-04-12,28.0,6.0
0000000268,1610612748,1630217,2024-25,Regular Season,2025-04-14,29.9,7.2
0000000269,1610612748,1630217,2024-25,Regular Season,2025-04-16,33.3,7.0
0000000270,1610612748,1630217,2024-25,Regular Season,2025-04-18,33.0,7.2
0000000275,1610612748,1630217,2024-25,Regular Season,2025-04-28,33.3,9.4
0000000280,1610612748,1630217,2024-25,Regular Season,2025-05-08,30.7,6.0
0000000285,1610612748,1630217,2024-25,Regular Season,2025-05-18,31.0,5.4
0000000290,1610612748,1630217,2024-25,Regular Season,2025-05-28,29.2,6.6
0000000295,1610612748,1630217,2024-25,Regular Season,2025-06-07,27.8,6.2
0000000296,1610612748,1630217,2024-25,Regular Season,2025-06-09,27.9,5.8
0000000297,1610612748,1630217,2024-25,Regular Season,2025-06-11,27.7,7.2
0000000298,1610612748,1630217,2024-25,Regular Season,2025-06-13,26.1,8.0
0000000299,1610612748,1630217,2024-25,Regular Season,2025-06-15,27.7,7.8
0000000300,1610612748,1630217,2024-25,Regular Season,2025-06-17,27.4,7.2
0000000305,1610612748,1630217,2024-25,Regular Season,2025-06-27,26.5,6.2
0000000310,1610612748,1630217,2024-25,Regular Season,2025-07-07,28.7,7.2
0000000315,1610612748,1630217,2024-25,Regular Season,2025-07-17,30.6,5.8
0000000320,1610612748,1630217,2024-25,Regular Season,2025-07-27,30.2,3.8
0000000325,1610612748,1630217,2024-25,Regular Season,2025-08-06,33.0,3.8
0000000326,1610612748,1630217,2024-25,Regular Season,2025-08-08,32.1,3.8
0000000327,1610612748,1630217,2024-25,Regular Season,2025-08-10,31.1,2.0
0000000328,1610612748,1630217,2024-25,Regular Season,2025-08-12,28.6,2.0
0000000329,1610612748,1630217,2024-25,Regular Season,2025-08-14,28.3,4.4
0000000330,1610612748,1630217,2024-25,Regular Season,2025-08-16,28.2,5.2
0000000335,1610612748,1630217,2024-25,Regular Season,2025-08-26,27.3,7.2
0000000340,1610612748,1630217,2024-25,Regular Season,2025-09-05,29.2,9.6
0000000345,1610612748,1630217,2024-25,Regular Season,2025-09-15,30.1,11.2
0000000350,1610612748,1630217,2024-25,Regular Season,2025-09-25,31.1,11.6
0000000355,1610612748,1630217,2024-25,Regular Season,2025-10-05,30.9,12.2
0000000356,1610612748,1630217,2024-25,Regular Season,2025-10-07,31.5,12.0
0000000357,1610612748,1630217,2024-25,Regular Season,2025-10-09,31.5,12.0
0000000358,1610612748,1630217,2024-25,Regular Season,2025-10-11,31.2,11.8
0000000359,1610612748,1630217,2024-25,Regular Season,2025-10-13,27.5,9.4
0000000360,1610612748,1630217,2024-25,Regular Season,2025-10-15,25.4,8.8
