game_id,team_id,player_id,season,season_type,game_date,minutes_last_5,pts_last_5
0000000361,1610612747,2544,2025-26,Regular Season,2025-10-21,26.7,30.0
0000000362,1610612747,2544,2025-26,Regular Season,2025-10-23,22.7,22.0
0000000363,1610612747,2544,2025-26,Regular Season,2025-10-25,24.2,23.7
0000000364,1610612747,2544,2025-26,Regular Season,2025-10-27,24.4,25.0
0000000365,1610612747,2544,2025-26,Regular Season,2025-10-29,23.8,23.6
0000000366,1610612747,2544,2025-26,Regular Season,2025-10-31,23.0,21.2
0000000371,1610612747,2544,2025-26,Regular Season,2025-11-10,24.8,23.8
0000000376,1610612747,2544,2025-26,Regular Season,2025-11-20,26.2,25.4
0000000381,1610612747,2544,2025-26,Regular Season,2025-11-30,25.1,25.2
0000000386,1610612747,2544,2025-26,Regular Season,2025-12-10,26.2,26.0
0000000391,1610612747,2544,2025-26,Regular Season,2025-12-20,25.3,27.6
0000000392,1610612747,2544,2025-26,Regular Season,2025-12-22,25.4,27.4
0000000393,1610612747,2544,2025-26,Regular Season,2025-12-24,25.5,24.0
0000000394,1610612747,2544,2025-26,Regular Season,2025-12-26,28.3,24.4
0000000395,1610612747,2544,2025-26,Regular Season,2025-12-28,28.5,24.8
0000000396,1610612747,2544,2025-26,Regular Season,2025-12-30,31.6,24.2
0000000401,1610612747,2544,2025-26,Regular Season,2026-01-09,33.4,22.8
0000000406,1610612747,2544,2025-26,Regular Season,2026-01-19,31.5,22.6
0000000411,1610612747,2544,2025-26,Regular Season,2026-01-29,30.6,20.4
0000000416,1610612747,2544,2025-26,Regular Season,2026-02-08,29.7,22.2
0000000421,1610612747,2544,2025-26,Regular Season,2026-02-18,27.2,22.0
0000000422,1610612747,2544,2025-26,Regular Season,2026-02-20,24.1,22.2
0000000423,1610612747,2544,2025-26,Regular Season,2026-02-22,23.3,25.0
0000000424,1610612747,2544,2025-26,Regular Season,2026-02-24,22.1,26.0
0000000425,1610612747,2544,2025-26,Regular Season,2026-02-26,23.8,26.6
0000000426,1610612747,2544,2025-26,Regular Season,2026-02-28,25.2,26.2
0000000431,1610612747,2544,2025-26,Regular Season,2026-03-10,26.3,28.0
0000000436,1610612747,2544,2025-26,Regular Season,2026-03-20,27.2,25.4
0000000441,1610612747,2544,2025-26,Regular Season,2026-03-30,30.1,25.0
0000000446,1610612747,2544,2025-26,Regular Season,2026-04-09,30.1,23.4
0000000451,1610612747,2544,2025-26,Regular Season,2026-04-19,29.3,25.0
0000000452,1610612747,2544,2025-26,Regular Season,2026-04-21,28.7,22.6
0000000453,1610612747,2544,2025-26,Regular Season,2026-04-23,29.2,25.6
0000000454,1610612747,2544,2025-26,Regular Season,2026-04-25,28.6,26.8
0000000455,1610612747,2544,2025-26,Regular Season,2026-04-27,29.7,25.0
0000000456,1610612747,2544,2025-26,Regular Season,2026-04-29,31.2,24.6
0000000461,1610612747,2544,2025-26,Regular Season,2026-05-09,30.5,25.4
0000000466,1610612747,2544,2025-26,Regular Season,2026-05-19,30.3,23.2
0000000471,1610612747,2544,2025-26,Regular Season,2026-05-29,29.9,22.2
0000000476,1610612747,2544,2025-26,Regular Season,2026-06-08,28.8,23.2
0000000481,1610612747,2544,2025-26,Regular Season,2026-06-18,28.1,22.2
0000000482,1610612747,2544,2025-26,Regular Season,2026-06-20,30.9,21.6
0000000483,1610612747,2544,2025-26,Regular Season,2026-06-22,31.1,21.6
0000000484,1610612747,2544,2025-26,Regular Season,2026-06-24,30.1,19.2
0000000485,1610612747,2544,2025-26,Regular Season,2026-06-26,29.6,17.2
0000000486,1610612747,2544,2025-26,Regular Season,2026-06-28,31.6,17.6
0000000491,1610612747,2544,2025-26,Regular Season,2026-07-08,30.0,20.0
0000000496,1610612747,2544,2025-26,Regular Season,2026-07-18,31.3,20.8
0000000501,1610612747,2544,2025-26,Regular Season,2026-07-28,30.2,22.4
0000000506,1610612747,2544,2025-26,Regular Season,2026-08-07,28.2,25.8
0000000511,1610612747,2544,2025-26,Regular Season,2026-08-17,24.8,25.4
0000000512,1610612747,2544,2025-26,Regular Season,2026-08-19,23.5,24.6
0000000513,1610612747,2544,2025-26,Regular Season,2026-08-21,22.3,23.4
0000000514,1610612747,2544,2025-26,Regular Season,2026-08-23,22.3,22.8
0000000515,1610612747,2544,2025-26,Regular Season,2026-08-25,25.9,22.4
0000000516,1610612747,2544,2025-26,Regular Season,2026-08-27,28.9,22.4
0000000521,1610612747,2544,2025-26,Regular Season,2026-09-06,32.0,23.2
0000000526,1610612747,2544,2025-26,Regular Season,2026-09-16,33.0,24.0
0000000531,1610612747,2544,2025-26,Regular Season,2026-09-26,33.3,27.2
0000000536,1610612747,2544,2025-26,Regular Season,2026-10-06,29.5,25.8
0000000361,1610612747,1629029,2025-26,Regular Season,2025-10-21,18.4,28.0
0000000362,1610612747,1629029,2025-26,Regular Season,2025-10-23,25.1,26.0
0000000363,1610612747,1629029,2025-26,Regular Season,2025-10-25,26.1,26.3
0000000364,1610612747,1629029,2025-26,Regular Season,2025-10-27,29.0,27.5
0000000365,1610612747,1629029,2025-26,Regular Season,2025-10-29,28.9,28.0
0000000366,1610612747,1629029,2025-26,Regular Season,2025-10-31,31.2,30.0
0000000371,1610612747,1629029,2025-26,Regular Season,2025-11-10,30.4,33.6
0000000376,1610612747,1629029,2025-26,Regular Season,2025-11-20,30.1,35.4
0000000381,1610612747,1629029,2025-26,Regular Season,2025-11-30,28.8,34.0
0000000386,1610612747,1629029,2025-26,Regular Season,2025-12-10,28.7,33.2
0000000391,1610612747,1629029,2025-26,Regular Season,2025-12-20,27.2,31.0
0000000392,1610612747,1629029,2025-26,Regular Season,2025-12-22,26.4,26.0
0000000393,1610612747,1629029,2025-26,Regular Season,2025-12-24,28.0,26.2
0000000394,1610612747,1629029,2025-26,Regular Season,2025-12-26,28.5,25.2
0000000395,1610612747,1629029,2025-26,Regular Season,2025-12-28,27.2,27.2
0000000396,1610612747,1629029,2025-26,Regular Season,2025-12-30,30.1,26.8
0000000401,1610612747,1629029,2025-26,Regular Season,2026-01-09,30.5,28.4
0000000406,1610612747,1629029,2025-26,Regular Season,2026-01-19,29.1,26.6
0000000411,1610612747,1629029,2025-26,Regular Season,2026-01-29,27.6,27.4
0000000416,1610612747,1629029,2025-26,Regular Season,2026-02-08,30.4,23.6
0000000421,1610612747,1629029,2025-26,Regular Season,2026-02-18,27.7,20.2
0000000422,1610612747,1629029,2025-26,Regular Season,2026-02-20,26.2,20.2
0000000423,1610612747,1629029,2025-26,Regular Season,2026-02-22,28.1,19.4
0000000424,1610612747,1629029,2025-26,Regular Season,2026-02-24,30.3,22.0
0000000425,1610612747,1629029,2025-26,Regular Season,2026-02-26,27.7,25.2
0000000426,1610612747,1629029,2025-26,Regular Season,2026-02-28,30.0,29.8
0000000431,1610612747,1629029,2025-26,Regular Season,2026-03-10,32.9,29.8
0000000436,1610612747,1629029,2025-26,Regular Season,2026-03-20,31.5,30.6
0000000441,1610612747,1629029,2025-26,Regular Season,2026-03-30,31.4,30.2
0000000446,1610612747,1629029,2025-26,Regular Season,2026-04-09,31.6,28.0
0000000451,1610612747,1629029,2025-26,Regular Season,2026-04-19,29.7,26.4
0000000452,1610612747,1629029,2025-26,Regular Season,2026-04-21,27.7,27.4
0000000453,1610612747,1629029,2025-26,Regular Season,2026-04-23,29.2,29.4
0000000454,1610612747,1629029,2025-26,Regular Season,2026-04-25,28.3,29.6
0000000455,1610612747,1629029,2025-26,Regular Season,2026-04-27,27.6,34.0
0000000456,1610612747,1629029,2025-26,Regular Season,2026-04-29,27.4,35.8
0000000461,1610612747,1629029,2025-26,Regular Season,2026-05-09,29.7,33.6
0000000466,1610612747,1629029,2025-26,Regular Season,2026-05-19,26.3,31.8
0000000471,1610612747,1629029,2025-26,Regular Season,2026-05-29,23.9,30.2
0000000476,1610612747,1629029,2025-26,Regular Season,2026-06-08,26.2,27.8
0000000481,1610612747,1629029,2025-26,Regular Season,2026-06-18,27.7,27.2
0000000482,1610612747,1629029,2025-26,Regular Season,2026-06-20,27.9,28.8
0000000483,1610612747,1629029,2025-26,Regular Season,2026-06-22,31.3,30.2
0000000484,1610612747,1629029,2025-26,Regular Season,2026-06-24,31.8,30.8
0000000485,1610612747,1629029,2025-26,Regular Season,2026-06-26,32.0,28.4
0000000486,1610612747,1629029,2025-26,Regular Season,2026-06-28,31.4,27.0
0000000491,1610612747,1629029,2025-26,Regular Season,2026-07-08,30.1,27.2
0000000496,1610612747,1629029,2025-26,Regular Season,2026-07-18,29.2,21.8
0000000501,1610612747,1629029,2025-26,Regular Season,2026-07-28,31.6,20.6
0000000506,1610612747,1629029,2025-26,Regular Season,2026-08-07,31.9,20.4
0000000511,1610612747,1629029,2025-26,Regular Season,2026-08-17,33.6,22.6
0000000512,1610612747,1629029,2025-26,Regular Season,2026-08-19,32.6,23.6
0000000513,1610612747,1629029,2025-26,Regular Season,2026-08-21,30.1,27.2
0000000514,1610612747,1629029,2025-26,Regular Season,2026-08-23,26.9,30.2
0000000515,1610612747,1629029,2025-26,Regular Season,2026-08-25,24.5,32.2
0000000516,1610612747,1629029,2025-26,Regular Season,2026-08-27,23.5,31.2
0000000521,1610612747,1629029,2025-26,Regular Season,2026-09-06,22.3,30.8
0000000526,1610612747,1629029,2025-26,Regular Season,2026-09-16,22.9,29.0
0000000531,1610612747,1629029,2025-26,Regular Season,2026-09-26,24.3,26.4
0000000536,1610612747,1629029,2025-26,Regular Season,2026-10-06,24.7,27.4
0000000361,1610612747,203076,2025-26,Regular Season,2025-10-21,30.4,36.0
0000000362,1610612747,203076,2025-26,Regular Season,2025-10-23,32.6,32.5
0000000363,1610612747,203076,2025-26,Regular Season,2025-10-25,31.9,32.7
0000000364,1610612747,203076,2025-26,Regular Season,2025-10-27,28.6,31.3
0000000365,1610612747,203076,2025-26,Regular Season,2025-10-29,30.2,29.2
0000000366,1610612747,203076,2025-26,Regular Season,2025-10-31,29.4,26.2
0000000371,1610612747,203076,2025-26,Regular Season,2025-11-10,28.9,25.4
0000000376,1610612747,203076,2025-26,Regular Season,2025-11-20,28.3,25.6
0000000381,1610612747,203076,2025-26,Regular Season,2025-11-30,31.7,24.0
0000000386,1610612747,203076,2025-26,Regular Season,2025-12-10,29.0,24.0
0000000391,1610612747,203076,2025-26,Regular Season,2025-12-20,30.8,24.2
0000000392,1610612747,203076,2025-26,Regular Season,2025-12-22,31.6,26.4
0000000393,1610612747,203076,2025-26,Regular Season,2025-12-24,30.5,24.0
0000000394,1610612747,203076,2025-26,Regular Season,2025-12-26,28.7,25.2
0000000395,1610612747,203076,2025-26,Regular Season,2025-12-28,30.1,25.4
0000000396,1610612747,203076,2025-26,Regular Season,2025-12-30,29.8,25.8
0000000401,1610612747,203076,2025-26,Regular Season,2026-01-09,29.5,21.4
0000000406,1610612747,203076,2025-26,Regular Season,2026-01-19,31.6,23.4
0000000411,1610612747,203076,2025-26,Regular Season,2026-01-29,31.9,22.8
0000000416,1610612747,203076,2025-26,Regular Season,2026-02-08,30.8,24.6
0000000421,1610612747,203076,2025-26,Regular Season,2026-02-18,30.1,24.0
0000000422,1610612747,203076,2025-26,Regular Season,2026-02-20,29.0,24.2
0000000423,1610612747,203076,2025-26,Regular Season,2026-02-22,26.2,22.2
0000000424,1610612747,203076,2025-26,Regular Season,2026-02-24,25.3,25.2
0000000425,1610612747,203076,2025-26,Regular Season,2026-02-26,26.5,23.4
0000000426,1610612747,203076,2025-26,Regular Season,2026-02-28,25.3,24.6
0000000431,1610612747,203076,2025-26,Regular Season,2026-03-10,23.6,25.2
0000000436,1610612747,203076,2025-26,Regular Season,2026-03-20,24.9,23.4
0000000441,1610612747,203076,2025-26,Regular Season,2026-03-30,24.4,19.8
0000000446,1610612747,203076,2025-26,Regular Season,2026-04-09,22.6,21.4
0000000451,1610612747,203076,2025-26,Regular Season,2026-04-19,21.7,21.0
0000000452,1610612747,203076,2025-26,Regular Season,2026-04-21,22.5,20.8
0000000453,1610612747,203076,2025-26,Regular Season,2026-04-23,21.9,24.8
0000000454,1610612747,203076,2025-26,Regular Season,2026-04-25,24.4,24.0
0000000455,1610612747,203076,2025-26,Regular Season,2026-04-27,26.1,23.2
0000000456,1610612747,203076,2025-26,Regular Season,2026-04-29,29.4,23.4
0000000461,1610612747,203076,2025-26,Regular Season,2026-05-09,28.7,24.0
0000000466,1610612747,203076,2025-26,Regular Season,2026-05-19,30.2,22.0
0000000471,1610612747,203076,2025-26,Regular Season,2026-05-29,28.8,24.6
0000000476,1610612747,203076,2025-26,Regular Season,2026-06-08,29.0,26.2
0000000481,1610612747,203076,2025-26,Regular Season,2026-06-18,25.6,25.6
0000000482,1610612747,203076,2025-26,Regular Season,2026-06-20,28.4,28.0
0000000483,1610612747,203076,2025-26,Regular Season,2026-06-22,28.4,26.6
0000000484,1610612747,203076,2025-26,Regular Season,2026-06-24,29.3,23.8
0000000485,1610612747,203076,2025-26,Regular Season,2026-06-26,30.2,20.8
0000000486,1610612747,203076,2025-26,Regular Season,2026-06-28,33.2,21.8
0000000491,1610612747,203076,2025-26,Regular Season,2026-07-08,33.5,21.0
0000000496,1610612747,203076,2025-26,Regular Season,2026-07-18,31.3,22.8
0000000501,1610612747,203076,2025-26,Regular Season,2026-07-28,29.7,24.4
0000000506,1610612747,203076,2025-26,Regular Season,2026-08-07,29.6,25.2
0000000511,1610612747,203076,2025-26,Regular Season,2026-08-17,30.2,23.0
0000000512,1610612747,203076,2025-26,Regular Season,2026-08-19,30.2,23.0
0000000513,1610612747,203076,2025-26,Regular Season,2026-08-21,31.5,22.6
0000000514,1610612747,203076,2025-26,Regular Season,2026-08-23,31.1,25.4
0000000515,1610612747,203076,2025-26,Regular Season,2026-08-25,30.1,25.4
0000000516,1610612747,203076,2025-26,Regular Season,2026-08-27,27.1,26.2
0000000521,1610612747,203076,2025-26,Regular Season,2026-09-06,27.3,27.0
0000000526,1610612747,203076,2025-26,Regular Season,2026-09-16,28.1,26.6
0000000531,1610612747,203076,2025-26,Regular Season,2026-09-26,28.3,22.2
0000000536,1610612747,203076,2025-26,Regular Season,2026-10-06,26.3,21.6
0000000361,1610612747,1630559,2025-26,Regular Season,2025-10-21,18.3,11.0
0000000362,1610612747,1630559,2025-26,Regular Season,2025-10-23,21.0,18.0
0000000363,1610612747,1630559,2025-26,Regular Season,2025-10-25,22.7,18.0
0000000364,1610612747,1630559,2025-26,Regular Season,2025-10-27,26.0,17.0
0000000365,1610612747,1630559,2025-26,Regular Season,2025-10-29,28.3,18.2
0000000366,1610612747,1630559,2025-26,Regular Season,2025-10-31,30.6,18.6
0000000371,1610612747,1630559,2025-26,Regular Season,2025-11-10,31.0,16.0
0000000376,1610612747,1630559,2025-26,Regular Season,2025-11-20,33.0,16.8
0000000381,1610612747,1630559,2025-26,Regular Season,2025-11-30,32.2,16.6
0000000386,1610612747,1630559,2025-26,Regular Season,2025-12-10,28.4,15.2
0000000391,1610612747,1630559,2025-26,Regular Season,2025-12-20,29.4,17.2
0000000392,1610612747,1630559,2025-26,Regular Season,2025-12-22,30.4,17.8
0000000393,1610612747,1630559,2025-26,Regular Season,2025-12-24,28.6,15.0
0000000394,1610612747,1630559,2025-26,Regular Season,2025-12-26,27.4,15.2
0000000395,1610612747,1630559,2025-26,Regular Season,2025-12-28,29.9,15.0
0000000396,1610612747,1630559,2025-26,Regular Season,2025-12-30,28.1,10.8
0000000401,1610612747,1630559,2025-26,Regular Season,2026-01-09,28.5,11.4
0000000406,1610612747,1630559,2025-26,Regular Season,2026-01-19,30.2,14.6
0000000411,1610612747,1630559,2025-26,Regular Season,2026-01-29,29.6,15.4
0000000416,1610612747,1630559,2025-26,Regular Season,2026-02-08,30.0,13.4
0000000421,1610612747,1630559,2025-26,Regular Season,2026-02-18,30.8,15.2
0000000422,1610612747,1630559,2025-26,Regular Season,2026-02-20,31.9,17.6
0000000423,1610612747,1630559,2025-26,Regular Season,2026-02-22,28.6,14.6
0000000424,1610612747,1630559,2025-26,Regular Season,2026-02-24,29.2,13.0
0000000425,1610612747,1630559,2025-26,Regular Season,2026-02-26,28.5,17.0
0000000426,1610612747,1630559,2025-26,Regular Season,2026-02-28,28.1,18.6
0000000431,1610612747,1630559,2025-26,Regular Season,2026-03-10,28.0,15.4
0000000436,1610612747,1630559,2025-26,Regular Season,2026-03-20,30.5,17.6
0000000441,1610612747,1630559,2025-26,Regular Season,2026-03-30,31.5,19.2
0000000446,1610612747,1630559,2025-26,Regular Season,2026-04-09,30.4,17.6
0000000451,1610612747,1630559,2025-26,Regular Season,2026-04-19,28.4,17.4
0000000452,1610612747,1630559,2025-26,Regular Season,2026-04-21,25.7,17.8
0000000453,1610612747,1630559,2025-26,Regular Season,2026-04-23,25.2,15.2
0000000454,1610612747,1630559,2025-26,Regular Season,2026-04-25,24.1,13.2
0000000455,1610612747,1630559,2025-26,Regular Season,2026-04-27,23.9,11.8
0000000456,1610612747,1630559,2025-26,Regular Season,2026-04-29,25.8,11.8
0000000461,1610612747,1630559,2025-26,Regular Season,2026-05-09,26.6,11.8
0000000466,1610612747,1630559,2025-26,Regular Season,2026-05-19,26.7,14.2
0000000471,1610612747,1630559,2025-26,Regular Season,2026-05-29,28.8,16.8
0000000476,1610612747,1630559,2025-26,Regular Season,2026-06-08,28.1,15.8
0000000481,1610612747,1630559,2025-26,Regular Season,2026-06-18,29.9,14.8
0000000482,1610612747,1630559,2025-26,Regular Season,2026-06-20,30.5,14.4
0000000483,1610612747,1630559,2025-26,Regular Season,2026-06-22,31.4,12.8
0000000484,1610612747,1630559,2025-26,Regular Season,2026-06-24,29.8,9.8
0000000485,1610612747,1630559,2025-26,Regular Season,2026-06-26,33.3,12.6
0000000486,1610612747,1630559,2025-26,Regular Season,2026-06-28,31.6,12.6
0000000491,1610612747,1630559,2025-26,Regular Season,2026-07-08,31.6,13.0
0000000496,1610612747,1630559,2025-26,Regular Season,2026-07-18,28.4,13.4
0000000501,1610612747,1630559,2025-26,Regular Season,2026-07-28,30.3,14.0
0000000506,1610612747,1630559,2025-26,Regular Season,2026-08-07,30.1,11.8
0000000511,1610612747,1630559,2025-26,Regular Season,2026-08-17,31.1,13.4
0000000512,1610612747,1630559,2025-26,Regular Season,2026-08-19,32.2,11.2
0000000513,1610612747,1630559,2025-26,Regular Season,2026-08-21,35.9,12.2
0000000514,1610612747,1630559,2025-26,Regular Season,2026-08-23,33.2,11.6
0000000515,1610612747,1630559,2025-26,Regular Season,2026-08-25,32.6,12.8
0000000516,1610612747,1630559,2025-26,Regular Season,2026-08-27,30.0,10.6
0000000521,1610612747,1630559,2025-26,Regular Season,2026-09-06,26.7,11.4
0000000526,1610612747,1630559,2025-26,Regular Season,2026-09-16,26.5,10.2
0000000531,1610612747,1630559,2025-26,Regular Season,2026-09-26,27.4,12.6
0000000536,1610612747,1630559,2025-26,Regular Season,2026-10-06,27.6,12.2
0000000361,1610612747,1626156,2025-26,Regular Season,2025-10-21,36.9,12.0
0000000362,1610612747,1626156,2025-26,Regular Season,2025-10-23,29.5,11.5
0000000363,1610612747,1626156,2025-26,Regular Season,2025-10-25,29.8,10.0
0000000364,1610612747,1626156,2025-26,Regular Season,2025-10-27,27.5,10.0
0000000365,1610612747,1626156,2025-26,Regular Season,2025-10-29,26.7,11.4
0000000366,1610612747,1626156,2025-26,Regular Season,2025-10-31,26.1,9.2
0000000371,1610612747,1626156,2025-26,Regular Season,2025-11-10,26.8,8.4
0000000376,1610612747,1626156,2025-26,Regular Season,2025-11-20,27.3,8.6
0000000381,1610612747,1626156,2025-26,Regular Season,2025-11-30,28.2,8.4
0000000386,1610612747,1626156,2025-26,Regular Season,2025-12-10,27.4,7.8
0000000391,1610612747,1626156,2025-26,Regular Season,2025-12-20,24.9,10.6
0000000392,1610612747,1626156,2025-26,Regular Season,2025-12-22,24.6,9.8
0000000393,1610612747,1626156,2025-26,Regular Season,2025-12-24,24.9,8.2
0000000394,1610612747,1626156,2025-26,Regular Season,2025-12-26,24.9,10.6
0000000395,1610612747,1626156,2025-26,Regular Season,2025-12-28,24.6,10.6
0000000396,1610612747,1626156,2025-26,Regular Season,2025-12-30,25.5,8.0
0000000401,1610612747,1626156,2025-26,Regular Season,2026-01-09,24.9,9.4
0000000406,1610612747,1626156,2025-26,Regular Season,2026-01-19,23.2,10.4
0000000411,1610612747,1626156,2025-26,Regular Season,2026-01-29,23.8,7.6
0000000416,1610612747,1626156,2025-26,Regular Season,2026-02-08,24.2,7.8
0000000421,1610612747,1626156,2025-26,Regular Season,2026-02-18,25.1,9.8
0000000422,1610612747,1626156,2025-26,Regular Season,2026-02-20,25.2,11.0
0000000423,1610612747,1626156,2025-26,Regular Season,2026-02-22,27.1,11.4
0000000424,1610612747,1626156,2025-26,Regular Season,2026-02-24,25.7,12.2
0000000425,1610612747,1626156,2025-26,Regular Season,2026-02-26,28.5,12.8
0000000426,1610612747,1626156,2025-26,Regular Season,2026-02-28,26.7,10.4
0000000431,1610612747,1626156,2025-26,Regular Season,2026-03-10,27.0,8.0
0000000436,1610612747,1626156,2025-26,Regular Season,2026-03-20,26.4,9.4
0000000441,1610612747,1626156,2025-26,Regular Season,2026-03-30,28.5,7.2
0000000446,1610612747,1626156,2025-26,Regular Season,2026-04-09,26.1,4.8
0000000451,1610612747,1626156,2025-26,Regular Season,2026-04-19,29.5,5.4
0000000452,1610612747,1626156,2025-26,Regular Season,2026-04-21,30.6,7.6
0000000453,1610612747,1626156,2025-26,Regular Season,2026-04-23,30.3,7.6
0000000454,1610612747,1626156,2025-26,Regular Season,2026-04-25,29.1,10.0
0000000455,1610612747,1626156,2025-26,Regular Season,2026-04-27,30.9,10.4
0000000456,1610612747,1626156,2025-26,Regular Season,2026-04-29,28.4,9.8
0000000461,1610612747,1626156,2025-26,Regular Season,2026-05-09,30.2,8.4
0000000466,1610612747,1626156,2025-26,Regular Season,2026-05-19,31.3,8.6
0000000471,1610612747,1626156,2025-26,Regular Season,2026-05-29,32.5,7.6
0000000476,1610612747,1626156,2025-26,Regular Season,2026-06-08,32.0,7.8
0000000481,1610612747,1626156,2025-26,Regular Season,2026-06-18,33.6,11.0
0000000482,1610612747,1626156,2025-26,Regular Season,2026-06-20,30.7,9.8
0000000483,1610612747,1626156,2025-26,Regular Season,2026-06-22,30.4,9.4
0000000484,1610612747,1626156,2025-26,Regular Season,2026-06-24,30.6,10.4
0000000485,1610612747,1626156,2025-26,Regular Season,2026-06-26,29.6,10.0
0000000486,1610612747,1626156,2025-26,Regular Season,2026-06-28,27.8,9.2
0000000491,1610612747,1626156,2025-26,Regular Season,2026-07-08,27.0,8.8
0000000496,1610612747,1626156,2025-26,Regular Season,2026-07-18,26.2,6.8
0000000501,1610612747,1626156,2025-26,Regular Season,2026-07-28,25.3,6.4
0000000506,1610612747,1626156,2025-26,Regular Season,2026-08-07,27.2,6.6
0000000511,1610612747,1626156,2025-26,Regular Season,2026-08-17,29.8,4.6
0000000512,1610612747,1626156,2025-26,Regular Season,2026-08-19,33.5,6.0
0000000513,1610612747,1626156,2025-26,Regular Season,2026-08-21,34.8,7.0
0000000514,1610612747,1626156,2025-26,Regular Season,2026-08-23,35.5,7.4
0000000515,1610612747,1626156,2025-26,Regular Season,2026-08-25,32.5,8.4
0000000516,1610612747,1626156,2025-26,Regular Season,2026-08-27,31.3,10.0
0000000521,1610612747,1626156,2025-26,Regular Season,2026-09-06,27.3,10.6
0000000526,1610612747,1626156,2025-26,Regular Season,2026-09-16,25.0,11.0
0000000531,1610612747,1626156,2025-26,Regular Season,2026-09-26,25.1,10.0
0000000536,1610612747,1626156,2025-26,Regular Season,2026-10-06,27.4,8.8
0000000361,1610612747,1629020,2025-26,Regular Season,2025-10-21,31.1,10.0
0000000362,1610612747,1629020,2025-26,Regular Season,2025-10-23,30.7,15.0
0000000363,1610612747,1629020,2025-26,Regular Season,2025-10-25,29.0,12.7
0000000364,1610612747,1629020,2025-26,Regular Season,2025-10-27,27.0,13.5
0000000365,1610612747,1629020,2025-26,Regular Season,2025-10-29,25.5,13.8
0000000366,1610612747,1629020,2025-26,Regular Season,2025-10-31,23.8,14.4
0000000371,1610612747,1629020,2025-26,Regular Season,2025-11-10,22.4,11.4
0000000376,1610612747,1629020,2025-26,Regular Season,2025-11-20,24.8,13.4
0000000381,1610612747,1629020,2025-26,Regular Season,2025-11-30,26.1,13.2
0000000386,1610612747,1629020,2025-26,Regular Season,2025-12-10,28.4,14.0
0000000391,1610612747,1629020,2025-26,Regular Season,2025-12-20,27.9,14.4
0000000392,1610612747,1629020,2025-26,Regular Season,2025-12-22,30.7,14.4
0000000393,1610612747,1629020,2025-26,Regular Season,2025-12-24,30.4,12.0
0000000394,1610612747,1629020,2025-26,Regular Season,2025-12-26,31.4,9.2
0000000395,1610612747,1629020,2025-26,Regular Season,2025-12-28,32.7,9.2
0000000396,1610612747,1629020,2025-26,Regular Season,2025-12-30,35.8,8.8
0000000401,1610612747,1629020,2025-26,Regular Season,2026-01-09,34.0,11.2
0000000406,1610612747,1629020,2025-26,Regular Season,2026-01-19,34.1,10.0
0000000411,1610612747,1629020,2025-26,Regular Season,2026-01-29,34.0,11.2
0000000416,1610612747,1629020,2025-26,Regular Season,2026-02-08,33.5,7.4
0000000421,1610612747,1629020,2025-26,Regular Season,2026-02-18,30.0,8.0
0000000422,1610612747,1629020,2025-26,Regular Season,2026-02-20,31.6,6.0
0000000423,1610612747,1629020,2025-26,Regular Season,2026-02-22,27.9,8.8
0000000424,1610612747,1629020,2025-26,Regular Season,2026-02-24,26.8,10.2
0000000425,1610612747,1629020,2025-26,Regular Season,2026-02-26,26.3,11.6
0000000426,1610612747,1629020,2025-26,Regular Season,2026-02-28,29.9,9.6
0000000431,1610612747,1629020,2025-26,Regular Season,2026-03-10,29.1,10.4
0000000436,1610612747,1629020,2025-26,Regular Season,2026-03-20,29.3,7.6
0000000441,1610612747,1629020,2025-26,Regular Season,2026-03-30,29.4,6.8
0000000446,1610612747,1629020,2025-26,Regular Season,2026-04-09,29.2,9.2
0000000451,1610612747,1629020,2025-26,Regular Season,2026-04-19,28.8,9.8
0000000452,1610612747,1629020,2025-26,Regular Season,2026-04-21,28.2,11.4
0000000453,1610612747,1629020,2025-26,Regular Season,2026-04-23,31.6,13.2
0000000454,1610612747,1629020,2025-26,Regular Season,2026-04-25,32.3,11.4
0000000455,1610612747,1629020,2025-26,Regular Season,2026-04-27,31.6,10.2
0000000456,1610612747,1629020,2025-26,Regular Season,2026-04-29,31.5,11.8
0000000461,1610612747,1629020,2025-26,Regular Season,2026-05-09,31.7,8.0
0000000466,1610612747,1629020,2025-26,Regular Season,2026-05-19,31.0,8.6
0000000471,1610612747,1629020,2025-26,Regular Season,2026-05-29,32.5,12.0
0000000476,1610612747,1629020,2025-26,Regular Season,2026-06-08,33.4,9.4
0000000481,1610612747,1629020,2025-26,Regular Season,2026-06-18,31.0,9.2
0000000482,1610612747,1629020,2025-26,Regular Season,2026-06-20,29.4,11.8
0000000483,1610612747,1629020,2025-26,Regular Season,2026-06-22,26.5,12.4
0000000484,1610612747,1629020,2025-26,Regular Season,2026-06-24,23.3,10.8
0000000485,1610612747,1629020,2025-26,Regular Season,2026-06-26,23.9,14.0
0000000486,1610612747,1629020,2025-26,Regular Season,2026-06-28,25.8,15.6
0000000491,1610612747,1629020,2025-26,Regular Season,2026-07-08,27.2,16.0
0000000496,1610612747,1629020,2025-26,Regular Season,2026-07-18,29.2,14.0
0000000501,1610612747,1629020,2025-26,Regular Season,2026-07-28,28.9,13.2
0000000506,1610612747,1629020,2025-26,Regular Season,2026-08-07,27.4,11.6
0000000511,1610612747,1629020,2025-26,Regular Season,2026-08-17,26.8,8.6
0000000512,1610612747,1629020,2025-26,Regular Season,2026-08-19,27.2,7.2
0000000513,1610612747,1629020,2025-26,Regular Season,2026-08-21,26.2,6.8
0000000514,1610612747,1629020,2025-26,Regular Season,2026-08-23,28.4,8.6
0000000515,1610612747,1629020,2025-26,Regular Season,2026-08-25,26.6,9.4
0000000516,1610612747,1629020,2025-26,Regular Season,2026-08-27,24.9,10.6
0000000521,1610612747,1629020,2025-26,Regular Season,2026-09-06,25.2,11.4
0000000526,1610612747,1629020,2025-26,Regular Season,2026-09-16,26.7,11.0
0000000531,1610612747,1629020,2025-26,Regular Season,2026-09-26,27.1,11.6
0000000536,1610612747,1629020,2025-26,Regular Season,2026-10-06,27.5,10.6
0000000361,1610612744,201939,2025-26,Regular Season,2025-10-21,27.7,23.0
0000000366,1610612744,201939,2025-26,Regular Season,2025-10-31,23.5,24.5
0000000367,1610612744,201939,2025-26,Regular Season,2025-11-02,27.2,25.3
0000000368,1610612744,201939,2025-26,Regular Season,2025-11-04,28.2,25.5
0000000369,1610612744,201939,2025-26,Regular Season,2025-11-06,29.9,24.4
0000000370,1610612744,201939,2025-26,Regular Season,2025-11-08,29.6,24.6
0000000372,1610612744,201939,2025-26,Regular Season,2025-11-12,31.3,23.2
0000000377,1610612744,201939,2025-26,Regular Season,2025-11-22,28.6,24.4
0000000382,1610612744,201939,2025-26,Regular Season,2025-12-02,26.0,24.2
0000000387,1610612744,201939,2025-26,Regular Season,2025-12-12,22.3,24.2
0000000391,1610612744,201939,2025-26,Regular Season,2025-12-20,21.3,24.0
0000000396,1610612744,201939,2025-26,Regular Season,2025-12-30,22.1,25.4
0000000397,1610612744,201939,2025-26,Regular Season,2026-01-01,24.3,24.8
0000000398,1610612744,201939,2025-26,Regular Season,2026-01-03,24.9,23.6
0000000399,1610612744,201939,2025-26,Regular Season,2026-01-05,25.3,25.2
0000000400,1610612744,201939,2025-26,Regular Season,2026-01-07,25.0,26.0
0000000402,1610612744,201939,2025-26,Regular Season,2026-01-11,22.9,25.4
0000000407,1610612744,201939,2025-26,Regular Season,2026-01-21,23.5,23.8
0000000412,1610612744,201939,2025-26,Regular Season,2026-01-31,23.5,23.0
0000000417,1610612744,201939,2025-26,Regular Season,2026-02-10,25.0,23.0
0000000421,1610612744,201939,2025-26,Regular Season,2026-02-18,25.1,22.0
0000000426,1610612744,201939,2025-26,Regular Season,2026-02-28,26.3,22.8
0000000427,1610612744,201939,2025-26,Regular Season,2026-03-02,24.1,24.4
0000000428,1610612744,201939,2025-26,Regular Season,2026-03-04,26.6,25.8
0000000429,1610612744,201939,2025-26,Regular Season,2026-03-06,26.9,26.8
0000000430,1610612744,201939,2025-26,Regular Season,2026-03-08,30.0,30.2
0000000432,1610612744,201939,2025-26,Regular Season,2026-03-12,28.7,31.0
0000000437,1610612744,201939,2025-26,Regular Season,2026-03-22,28.0,27.8
0000000442,1610612744,201939,2025-26,Regular Season,2026-04-01,26.0,27.0
0000000447,1610612744,201939,2025-26,Regular Season,2026-04-11,26.5,25.8
0000000451,1610612744,201939,2025-26,Regular Season,2026-04-19,23.0,22.4
0000000456,1610612744,201939,2025-26,Regular Season,2026-04-29,24.1,22.6
0000000457,1610612744,201939,2025-26,Regular Season,2026-05-01,27.4,25.2
0000000458,1610612744,201939,2025-26,Regular Season,2026-05-03,27.7,25.0
0000000459,1610612744,201939,2025-26,Regular Season,2026-05-05,28.2,26.6
0000000460,1610612744,201939,2025-26,Regular Season,2026-05-07,30.5,29.0
0000000462,1610612744,201939,2025-26,Regular Season,2026-05-11,29.6,29.6
0000000467,1610612744,201939,2025-26,Regular Season,2026-05-21,29.1,27.6
0000000472,1610612744,201939,2025-26,Regular Season,2026-05-31,28.5,32.0
0000000477,1610612744,201939,2025-26,Regular Season,2026-06-10,29.2,30.4
0000000481,1610612744,201939,2025-26,Regular Season,2026-06-18,27.8,28.2
0000000486,1610612744,201939,2025-26,Regular Season,2026-06-28,30.1,26.4
0000000487,1610612744,201939,2025-26,Regular Season,2026-06-30,29.2,30.2
0000000488,1610612744,201939,2025-26,Regular Season,2026-07-02,30.0,26.4
0000000489,1610612744,201939,2025-26,Regular Season,2026-07-04,26.3,27.0
0000000490,1610612744,201939,2025-26,Regular Season,2026-07-06,29.1,27.6
0000000492,1610612744,201939,2025-26,Regular Season,2026-07-10,28.4,26.6
0000000497,1610612744,201939,2025-26,Regular Season,2026-07-20,28.1,26.0
0000000502,1610612744,201939,2025-26,Regular Season,2026-07-30,29.5,26.0
0000000507,1610612744,201939,2025-26,Regular Season,2026-08-09,31.7,22.8
0000000511,1610612744,201939,2025-26,Regular Season,2026-08-17,31.4,24.6
0000000516,1610612744,201939,2025-26,Regular Season,2026-08-27,29.1,26.4
0000000517,1610612744,201939,2025-26,Regular Season,2026-08-29,28.9,27.6
0000000518,1610612744,201939,2025-26,Regular Season,2026-08-31,27.7,30.0
0000000519,1610612744,201939,2025-26,Regular Season,2026-09-02,27.9,32.4
0000000520,1610612744,201939,2025-26,Regular Season,2026-09-04,28.2,32.6
0000000522,1610612744,201939,2025-26,Regular Season,2026-09-08,30.4,31.6
0000000527,1610612744,201939,2025-26,Regular Season,2026-09-18,31.9,28.4
0000000532,1610612744,201939,2025-26,Regular Season,2026-09-28,30.7,25.4
0000000537,1610612744,201939,2025-26,Regular Season,2026-10-08,30.7,26.6
0000000361,1610612744,202691,2025-26,Regular Season,2025-10-21,35.6,29.0
0000000366,1610612744,202691,2025-26,Regular Season,2025-10-31,29.2,25.5
0000000367,1610612744,202691,2025-26,Regular Season,2025-11-02,31.0,23.3
0000000368,1610612744,202691,2025-26,Regular Season,2025-11-04,28.4,23.0
0000000369,1610612744,202691,2025-26,Regular Season,2025-11-06,26.7,22.8
0000000370,1610612744,202691,2025-26,Regular Season,2025-11-08,25.9,22.6
0000000372,1610612744,202691,2025-26,Regular Season,2025-11-12,25.1,20.6
0000000377,1610612744,202691,2025-26,Regular Season,2025-11-22,22.5,19.6
0000000382,1610612744,202691,2025-26,Regular Season,2025-12-02,22.4,18.4
0000000387,1610612744,202691,2025-26,Regular Season,2025-12-12,24.3,20.0
0000000391,1610612744,202691,2025-26,Regular Season,2025-12-20,25.5,19.4
0000000396,1610612744,202691,2025-26,Regular Season,2025-12-30,25.8,19.2
0000000397,1610612744,202691,2025-26,Regular Season,2026-01-01,28.1,21.2
0000000398,1610612744,202691,2025-26,Regular Season,2026-01-03,27.7,19.8
0000000399,1610612744,202691,2025-26,Regular Season,2026-01-05,28.8,17.4
0000000400,1610612744,202691,2025-26,Regular Season,2026-01-07,26.6,17.0
0000000402,1610612744,202691,2025-26,Regular Season,2026-01-11,27.4,18.8
0000000407,1610612744,202691,2025-26,Regular Season,2026-01-21,27.6,16.8
0000000412,1610612744,202691,2025-26,Regular Season,2026-01-31,31.0,19.0
0000000417,1610612744,202691,2025-26,Regular Season,2026-02-10,31.5,19.6
0000000421,1610612744,202691,2025-26,Regular Season,2026-02-18,33.7,18.4
0000000426,1610612744,202691,2025-26,Regular Season,2026-02-28,35.8,17.0
0000000427,1610612744,202691,2025-26,Regular Season,2026-03-02,35.1,17.6
0000000428,1610612744,202691,2025-26,Regular Season,2026-03-04,34.0,16.8
0000000429,1610612744,202691,2025-26,Regular Season,2026-03-06,32.7,13.6
0000000430,1610612744,202691,2025-26,Regular Season,2026-03-08,32.4,16.8
0000000432,1610612744,202691,2025-26,Regular Season,2026-03-12,31.6,15.8
0000000437,1610612744,202691,2025-26,Regular Season,2026-03-22,31.1,18.2
0000000442,1610612744,202691,2025-26,Regular Season,2026-04-01,30.5,17.0
0000000447,1610612744,202691,2025-26,Regular Season,2026-04-11,31.4,20.8
0000000451,1610612744,202691,2025-26,Regular Season,2026-04-19,30.4,18.6
0000000456,1610612744,202691,2025-26,Regular Season,2026-04-29,28.2,21.6
0000000457,1610612744,202691,2025-26,Regular Season,2026-05-01,30.1,19.4
0000000458,1610612744,202691,2025-26,Regular Season,2026-05-03,30.4,22.0
0000000459,1610612744,202691,2025-26,Regular Season,2026-05-05,27.0,19.8
0000000460,1610612744,202691,2025-26,Regular Season,2026-05-07,26.2,17.6
0000000462,1610612744,202691,2025-26,Regular Season,2026-05-11,29.0,15.8
0000000467,1610612744,202691,2025-26,Regular Season,2026-05-21,26.4,15.2
0000000472,1610612744,202691,2025-26,Regular Season,2026-05-31,28.0,15.0
0000000477,1610612744,202691,2025-26,Regular Season,2026-06-10,29.0,16.4
0000000481,1610612744,202691,2025-26,Regular Season,2026-06-18,27.3,16.8
0000000486,1610612744,202691,2025-26,Regular Season,2026-06-28,26.4,17.2
0000000487,1610612744,202691,2025-26,Regular Season,2026-06-30,25.5,17.2
0000000488,1610612744,202691,2025-26,Regular Season,2026-07-02,22.4,15.8
0000000489,1610612744,202691,2025-26,Regular Season,2026-07-04,25.0,16.2
0000000490,1610612744,202691,2025-26,Regular Season,2026-07-06,26.0,16.8
0000000492,1610612744,202691,2025-26,Regular Season,2026-07-10,23.6,17.2
0000000497,1610612744,202691,2025-26,Regular Season,2026-07-20,26.6,17.6
0000000502,1610612744,202691,2025-26,Regular Season,2026-07-30,28.4,17.6
0000000507,1610612744,202691,2025-26,Regular Season,2026-08-09,27.0,16.2
0000000511,1610612744,202691,2025-26,Regular Season,2026-08-17,26.1,16.4
0000000516,1610612744,202691,2025-26,Regular Season,2026-08-27,27.3,17.2
0000000517,1610612744,202691,2025-26,Regular Season,2026-08-29,24.2,17.8
0000000518,1610612744,202691,2025-26,Regular Season,2026-08-31,25.8,18.8
0000000519,1610612744,202691,2025-26,Regular Season,2026-09-02,25.5,20.2
0000000520,1610612744,202691,2025-26,Regular Season,2026-09-04,29.0,20.6
0000000522,1610612744,202691,2025-26,Regular Season,2026-09-08,31.3,17.6
0000000527,1610612744,202691,2025-26,Regular Season,2026-09-18,33.9,15.4
0000000532,1610612744,202691,2025-26,Regular Season,2026-09-28,32.0,13.6
0000000537,1610612744,202691,2025-26,Regular Season,2026-10-08,30.6,12.0
0000000361,1610612744,203110,2025-26,Regular Season,2025-10-21,28.8,8.0
0000000366,1610612744,203110,2025-26,Regular Season,2025-10-31,25.9,7.5
0000000367,1610612744,203110,2025-26,Regular Season,2025-11-02,28.4,8.0
0000000368,1610612744,203110,2025-26,Regular Season,2025-11-04,26.6,9.3
0000000369,1610612744,203110,2025-26,Regular Season,2025-11-06,27.1,7.4
0000000370,1610612744,203110,2025-26,Regular Season,2025-11-08,26.4,9.6
0000000372,1610612744,203110,2025-26,Regular Season,2025-11-12,28.3,11.6
0000000377,1610612744,203110,2025-26,Regular Season,2025-11-22,27.9,11.4
0000000382,1610612744,203110,2025-26,Regular Season,2025-12-02,27.9,12.6
0000000387,1610612744,203110,2025-26,Regular Season,2025-12-12,27.7,15.4
0000000391,1610612744,203110,2025-26,Regular Season,2025-12-20,28.3,16.0
0000000396,1610612744,203110,2025-26,Regular Season,2025-12-30,28.8,14.8
0000000397,1610612744,203110,2025-26,Regular Season,2026-01-01,27.7,14.6
0000000398,1610612744,203110,2025-26,Regular Season,2026-01-03,31.0,13.0
0000000399,1610612744,203110,2025-26,Regular Season,2026-01-05,30.9,13.2
0000000400,1610612744,203110,2025-26,Regular Season,2026-01-07,30.8,9.0
0000000402,1610612744,203110,2025-26,Regular Season,2026-01-11,30.7,9.8
0000000407,1610612744,203110,2025-26,Regular Season,2026-01-21,32.4,10.0
0000000412,1610612744,203110,2025-26,Regular Season,2026-01-31,29.2,10.6
0000000417,1610612744,203110,2025-26,Regular Season,2026-02-10,27.3,10.2
0000000421,1610612744,203110,2025-26,Regular Season,2026-02-18,27.0,11.4
0000000426,1610612744,203110,2025-26,Regular Season,2026-02-28,26.7,9.4
0000000427,1610612744,203110,2025-26,Regular Season,2026-03-02,26.6,8.8
0000000428,1610612744,203110,2025-26,Regular Season,2026-03-04,27.3,8.0
0000000429,1610612744,203110,2025-26,Regular Season,2026-03-06,29.7,8.0
0000000430,1610612744,203110,2025-26,Regular Season,2026-03-08,31.7,8.4
0000000432,1610612744,203110,2025-26,Regular Season,2026-03-12,32.4,8.4
0000000437,1610612744,203110,2025-26,Regular Season,2026-03-22,31.3,8.2
0000000442,1610612744,203110,2025-26,Regular Season,2026-04-01,30.7,7.4
0000000447,1610612744,203110,2025-26,Regular Season,2026-04-11,30.0,7.4
0000000451,1610612744,203110,2025-26,Regular Season,2026-04-19,30.1,7.2
0000000456,1610612744,203110,2025-26,Regular Season,2026-04-29,28.6,7.8
0000000457,1610612744,203110,2025-26,Regular Season,2026-05-01,26.9,7.4
0000000458,1610612744,203110,2025-26,Regular Season,2026-05-03,29.9,7.0
0000000459,1610612744,203110,2025-26,Regular Season,2026-05-05,31.7,6.6
0000000460,1610612744,203110,2025-26,Regular Season,2026-05-07,31.6,6.6
0000000462,1610612744,203110,2025-26,Regular Season,2026-05-11,31.5,6.8
0000000467,1610612744,203110,2025-26,Regular Season,2026-05-21,34.4,7.2
0000000472,1610612744,203110,2025-26,Regular Season,2026-05-31,32.1,7.0
0000000477,1610612744,203110,2025-26,Regular Season,2026-06-10,29.5,6.8
0000000481,1610612744,203110,2025-26,Regular Season,2026-06-18,27.0,7.8
0000000486,1610612744,203110,2025-26,Regular Season,2026-06-28,28.5,11.0
0000000487,1610612744,203110,2025-26,Regular Season,2026-06-30,29.2,13.6
0000000488,1610612744,203110,2025-26,Regular Season,2026-07-02,27.7,14.8
0000000489,1610612744,203110,2025-26,Regular Season,2026-07-04,27.8,14.0
0000000490,1610612744,203110,2025-26,Regular Season,2026-07-06,29.5,13.0
0000000492,1610612744,203110,2025-26,Regular Season,2026-07-10,27.0,8.4
0000000497,1610612744,203110,2025-26,Regular Season,2026-07-20,25.3,7.4
0000000502,1610612744,203110,2025-26,Regular Season,2026-07-30,29.0,9.2
0000000507,1610612744,203110,2025-26,Regular Season,2026-08-09,29.9,10.0
0000000511,1610612744,203110,2025-26,Regular Season,2026-08-17,27.7,11.6
0000000516,1610612744,203110,2025-26,Regular Season,2026-08-27,29.2,11.8
0000000517,1610612744,203110,2025-26,Regular Season,2026-08-29,30.9,10.6
0000000518,1610612744,203110,2025-26,Regular Season,2026-08-31,30.3,7.6
0000000519,1610612744,203110,2025-26,Regular Season,2026-09-02,31.1,9.2
0000000520,1610612744,203110,2025-26,Regular Season,2026-09-04,34.2,8.2
0000000522,1610612744,203110,2025-26,Regular Season,2026-09-08,35.2,9.6
0000000527,1610612744,203110,2025-26,Regular Season,2026-09-18,34.6,9.0
0000000532,1610612744,203110,2025-26,Regular Season,2026-09-28,34.2,9.0
0000000537,1610612744,203110,2025-26,Regular Season,2026-10-08,35.5,6.8
0000000361,1610612744,1630228,2025-26,Regular Season,2025-10-21,30.7,9.0
0000000366,1610612744,1630228,2025-26,Regular Season,2025-10-31,28.9,8.5
0000000367,1610612744,1630228,2025-26,Regular Season,2025-11-02,30.2,11.3
0000000368,1610612744,1630228,2025-26,Regular Season,2025-11-04,31.6,12.3
0000000369,1610612744,1630228,2025-26,Regular Season,2025-11-06,32.4,12.6
0000000370,1610612744,1630228,2025-26,Regular Season,2025-11-08,30.5,14.2
0000000372,1610612744,1630228,2025-26,Regular Season,2025-11-12,29.4,17.0
0000000377,1610612744,1630228,2025-26,Regular Season,2025-11-22,27.6,18.4
0000000382,1610612744,1630228,2025-26,Regular Season,2025-12-02,27.1,19.8
0000000387,1610612744,1630228,2025-26,Regular Season,2025-12-12,23.8,18.2
0000000391,1610612744,1630228,2025-26,Regular Season,2025-12-20,24.7,17.0
0000000396,1610612744,1630228,2025-26,Regular Season,2025-12-30,26.4,15.2
0000000397,1610612744,1630228,2025-26,Regular Season,2026-01-01,28.9,12.8
0000000398,1610612744,1630228,2025-26,Regular Season,2026-01-03,27.3,9.6
0000000399,1610612744,1630228,2025-26,Regular Season,2026-01-05,30.1,10.0
0000000400,1610612744,1630228,2025-26,Regular Season,2026-01-07,29.0,12.8
0000000402,1610612744,1630228,2025-26,Regular Season,2026-01-11,28.3,11.2
0000000407,1610612744,1630228,2025-26,Regular Season,2026-01-21,25.1,13.2
0000000412,1610612744,1630228,2025-26,Regular Season,2026-01-31,25.7,15.4
0000000417,1610612744,1630228,2025-26,Regular Season,2026-02-10,25.1,17.4
0000000421,1610612744,1630228,2025-26,Regular Season,2026-02-18,25.5,14.0
0000000426,1610612744,1630228,2025-26,Regular Season,2026-02-28,26.4,18.6
0000000427,1610612744,1630228,2025-26,Regular Season,2026-03-02,28.8,17.4
0000000428,1610612744,1630228,2025-26,Regular Season,2026-03-04,28.9,17.8
0000000429,1610612744,1630228,2025-26,Regular Season,2026-03-06,27.3,18.0
0000000430,1610612744,1630228,2025-26,Regular Season,2026-03-08,30.4,19.6
0000000432,1610612744,1630228,2025-26,Regular Season,2026-03-12,28.3,17.4
0000000437,1610612744,1630228,2025-26,Regular Season,2026-03-22,27.6,16.2
0000000442,1610612744,1630228,2025-26,Regular Season,2026-04-01,26.1,14.6
0000000447,1610612744,1630228,2025-26,Regular Season,2026-04-11,26.7,14.8
0000000451,1610612744,1630228,2025-26,Regular Season,2026-04-19,26.0,16.2
0000000456,1610612744,1630228,2025-26,Regular Season,2026-04-29,26.9,16.0
0000000457,1610612744,1630228,2025-26,Regular Season,2026-05-01,28.7,14.4
0000000458,1610612744,1630228,2025-26,Regular Season,2026-05-03,31.3,15.6
0000000459,1610612744,1630228,2025-26,Regular Season,2026-05-05,32.3,15.2
0000000460,1610612744,1630228,2025-26,Regular Season,2026-05-07,32.8,13.8
0000000462,1610612744,1630228,2025-26,Regular Season,2026-05-11,34.5,13.4
0000000467,1610612744,1630228,2025-26,Regular Season,2026-05-21,31.0,14.6
0000000472,1610612744,1630228,2025-26,Regular Season,2026-05-31,30.6,14.6
0000000477,1610612744,1630228,2025-26,Regular Season,2026-06-10,31.4,13.2
0000000481,1610612744,1630228,2025-26,Regular Season,2026-06-18,31.4,12.2
0000000486,1610612744,1630228,2025-26,Regular Season,2026-06-28,30.0,12.0
0000000487,1610612744,1630228,2025-26,Regular Season,2026-06-30,33.4,13.8
0000000488,1610612744,1630228,2025-26,Regular Season,2026-07-02,32.4,12.6
0000000489,1610612744,1630228,2025-26,Regular Season,2026-07-04,31.2,15.6
0000000490,1610612744,1630228,2025-26,Regular Season,2026-07-06,31.2,18.4
0000000492,1610612744,1630228,2025-26,Regular Season,2026-07-10,32.5,18.2
0000000497,1610612744,1630228,2025-26,Regular Season,2026-07-20,31.6,17.8
0000000502,1610612744,1630228,2025-26,Regular Season,2026-07-30,31.5,21.0
0000000507,1610612744,1630228,2025-26,Regular Season,2026-08-09,30.4,18.6
0000000511,1610612744,1630228,2025-26,Regular Season,2026-08-17,29.7,14.4
0000000516,1610612744,1630228,2025-26,Regular Season,2026-08-27,28.5,15.2
0000000517,1610612744,1630228,2025-26,Regular Season,2026-08-29,26.6,14.0
0000000518,1610612744,1630228,2025-26,Regular Season,2026-08-31,26.8,12.4
0000000519,1610612744,1630228,2025-26,Regular Season,2026-09-02,29.4,14.2
0000000520,1610612744,1630228,2025-26,Regular Season,2026-09-04,27.2,17.8
0000000522,1610612744,1630228,2025-26,Regular Season,2026-09-08,26.9,19.0
0000000527,1610612744,1630228,2025-26,Regular Season,2026-09-18,26.5,18.6
0000000532,1610612744,1630228,2025-26,Regular Season,2026-09-28,27.3,17.6
0000000537,1610612744,1630228,2025-26,Regular Season,2026-10-08,24.8,16.0
0000000361,1610612744,1626172,2025-26,Regular Season,2025-10-21,32.1,9.0
0000000366,1610612744,1626172,2025-26,Regular Season,2025-10-31,32.2,11.0
0000000367,1610612744,1626172,2025-26,Regular Season,2025-11-02,32.9,8.7
0000000368,1610612744,1626172,2025-26,Regular Season,2025-11-04,30.4,8.8
0000000369,1610612744,1626172,2025-26,Regular Season,2025-11-06,29.9,7.6
0000000370,1610612744,1626172,2025-26,Regular Season,2025-11-08,28.3,6.0
0000000372,1610612744,1626172,2025-26,Regular Season,2025-11-12,28.6,5.6
0000000377,1610612744,1626172,2025-26,Regular Season,2025-11-22,28.5,6.4
0000000382,1610612744,1626172,2025-26,Regular Season,2025-12-02,30.5,4.8
0000000387,1610612744,1626172,2025-26,Regular Season,2025-12-12,29.6,6.2
0000000391,1610612744,1626172,2025-26,Regular Season,2025-12-20,30.8,6.2
0000000396,1610612744,1626172,2025-26,Regular Season,2025-12-30,30.6,4.6
0000000397,1610612744,1626172,2025-26,Regular Season,2026-01-01,30.9,5.6
0000000398,1610612744,1626172,2025-26,Regular Season,2026-01-03,29.2,5.4
0000000399,1610612744,1626172,2025-26,Regular Season,2026-01-05,28.6,3.6
0000000400,1610612744,1626172,2025-26,Regular Season,2026-01-07,28.6,4.0
0000000402,1610612744,1626172,2025-26,Regular Season,2026-01-11,27.3,5.8
0000000407,1610612744,1626172,2025-26,Regular Season,2026-01-21,25.6,7.4
0000000412,1610612744,1626172,2025-26,Regular Season,2026-01-31,26.9,8.2
0000000417,1610612744,1626172,2025-26,Regular Season,2026-02-10,26.7,8.6
0000000421,1610612744,1626172,2025-26,Regular Season,2026-02-18,27.6,10.8
0000000426,1610612744,1626172,2025-26,Regular Season,2026-02-28,26.7,11.2
0000000427,1610612744,1626172,2025-26,Regular Season,2026-03-02,27.7,7.4
0000000428,1610612744,1626172,2025-26,Regular Season,2026-03-04,28.9,6.6
0000000429,1610612744,1626172,2025-26,Regular Season,2026-03-06,29.8,6.0
0000000430,1610612744,1626172,2025-26,Regular Season,2026-03-08,30.5,4.6
0000000432,1610612744,1626172,2025-26,Regular Season,2026-03-12,31.8,2.4
0000000437,1610612744,1626172,2025-26,Regular Season,2026-03-22,29.4,3.0
0000000442,1610612744,1626172,2025-26,Regular Season,2026-04-01,26.7,5.8
0000000447,1610612744,1626172,2025-26,Regular Season,2026-04-11,28.1,6.0
0000000451,1610612744,1626172,2025-26,Regular Season,2026-04-19,27.3,6.8
0000000456,1610612744,1626172,2025-26,Regular Season,2026-04-29,28.8,7.0
0000000457,1610612744,1626172,2025-26,Regular Season,2026-05-01,32.0,6.6
0000000458,1610612744,1626172,2025-26,Regular Season,2026-05-03,32.1,5.6
0000000459,1610612744,1626172,2025-26,Regular Season,2026-05-05,32.8,7.4
0000000460,1610612744,1626172,2025-26,Regular Season,2026-05-07,30.4,5.4
0000000462,1610612744,1626172,2025-26,Regular Season,2026-05-11,27.5,4.8
0000000467,1610612744,1626172,2025-26,Regular Season,2026-05-21,25.0,6.4
0000000472,1610612744,1626172,2025-26,Regular Season,2026-05-31,24.4,6.6
0000000477,1610612744,1626172,2025-26,Regular Season,2026-06-10,21.7,7.8
0000000481,1610612744,1626172,2025-26,Regular Season,2026-06-18,23.4,9.2
0000000486,1610612744,1626172,2025-26,Regular Season,2026-06-28,23.7,9.2
0000000487,1610612744,1626172,2025-26,Regular Season,2026-06-30,23.5,8.8
0000000488,1610612744,1626172,2025-26,Regular Season,2026-07-02,26.4,8.0
0000000489,1610612744,1626172,2025-26,Regular Season,2026-07-04,28.7,6.0
0000000490,1610612744,1626172,2025-26,Regular Season,2026-07-06,28.4,5.4
0000000492,1610612744,1626172,2025-26,Regular Season,2026-07-10,27.7,5.8
0000000497,1610612744,1626172,2025-26,Regular Season,2026-07-20,27.4,4.4
0000000502,1610612744,1626172,2025-26,Regular Season,2026-07-30,24.5,3.2
0000000507,1610612744,1626172,2025-26,Regular Season,2026-08-09,24.6,5.4
0000000511,1610612744,1626172,2025-26,Regular Season,2026-08-17,22.5,4.4
0000000516,1610612744,1626172,2025-26,Regular Season,2026-08-27,23.6,4.6
0000000517,1610612744,1626172,2025-26,Regular Season,2026-08-29,25.3,4.4
0000000518,1610612744,1626172,2025-26,Regular Season,2026-08-31,28.5,4.8
0000000519,1610612744,1626172,2025-26,Regular Season,2026-09-02,28.2,2.6
0000000520,1610612744,1626172,2025-26,Regular Season,2026-09-04,29.4,3.2
0000000522,1610612744,1626172,2025-26,Regular Season,2026-09-08,28.3,3.4
0000000527,1610612744,1626172,2025-26,Regular Season,2026-09-18,26.7,4.6
0000000532,1610612744,1626172,2025-26,Regular Season,2026-09-28,25.2,4.6
0000000537,1610612744,1626172,2025-26,Regular Season,2026-10-08,24.6,3.4
0000000361,1610612744,1630541,2025-26,Regular Season,2025-10-21,29.7,6.0
0000000366,1610612744,1630541,2025-26,Regular Season,2025-10-31,24.9,10.0
0000000367,1610612744,1630541,2025-26,Regular Season,2025-11-02,24.5,11.0
0000000368,1610612744,1630541,2025-26,Regular Season,2025-11-04,23.0,9.3
0000000369,1610612744,1630541,2025-26,Regular Season,2025-11-06,25.2,12.4
0000000370,1610612744,1630541,2025-26,Regular Season,2025-11-08,24.2,14.0
0000000372,1610612744,1630541,2025-26,Regular Season,2025-11-12,26.7,12.8
0000000377,1610612744,1630541,2025-26,Regular Season,2025-11-22,28.3,12.8
0000000382,1610612744,1630541,2025-26,Regular Season,2025-12-02,28.7,14.8
0000000387,1610612744,1630541,2025-26,Regular Season,2025-12-12,27.3,12.0
0000000391,1610612744,1630541,2025-26,Regular Season,2025-12-20,29.5,11.4
0000000396,1610612744,1630541,2025-26,Regular Season,2025-12-30,26.9,11.2
0000000397,1610612744,1630541,2025-26,Regular Season,2026-01-01,24.3,8.8
0000000398,1610612744,1630541,2025-26,Regular Season,2026-01-03,24.4,7.8
0000000399,1610612744,1630541,2025-26,Regular Season,2026-01-05,26.1,6.0
0000000400,1610612744,1630541,2025-26,Regular Season,2026-01-07,26.2,7.2
0000000402,1610612744,1630541,2025-26,Regular Season,2026-01-11,28.8,5.8
0000000407,1610612744,1630541,2025-26,Regular Season,2026-01-21,29.6,7.8
0000000412,1610612744,1630541,2025-26,Regular Season,2026-01-31,30.9,7.4
0000000417,1610612744,1630541,2025-26,Regular Season,2026-02-10,29.4,8.0
0000000421,1610612744,1630541,2025-26,Regular Season,2026-02-18,26.3,8.2
0000000426,1610612744,1630541,2025-26,Regular Season,2026-02-28,24.6,8.2
0000000427,1610612744,1630541,2025-26,Regular Season,2026-03-02,23.9,8.8
0000000428,1610612744,1630541,2025-26,Regular Season,2026-03-04,23.3,10.0
0000000429,1610612744,1630541,2025-26,Regular Season,2026-03-06,21.3,10.2
0000000430,1610612744,1630541,2025-26,Regular Season,2026-03-08,24.2,8.8
0000000432,1610612744,1630541,2025-26,Regular Season,2026-03-12,26.9,11.2
0000000437,1610612744,1630541,2025-26,Regular Season,2026-03-22,27.2,9.2
0000000442,1610612744,1630541,2025-26,Regular Season,2026-04-01,26.1,7.0
0000000447,1610612744,1630541,2025-26,Regular Season,2026-04-11,26.9,8.6
0000000451,1610612744,1630541,2025-26,Regular Season,2026-04-19,25.0,9.2
0000000456,1610612744,1630541,2025-26,Regular Season,2026-04-29,21.4,8.6
0000000457,1610612744,1630541,2025-26,Regular Season,2026-05-01,22.4,10.4
0000000458,1610612744,1630541,2025-26,Regular Season,2026-05-03,25.6,12.4
0000000459,1610612744,1630541,2025-26,Regular Season,2026-05-05,25.6,12.6
0000000460,1610612744,1630541,2025-26,Regular Season,2026-05-07,27.1,11.6
0000000462,1610612744,1630541,2025-26,Regular Season,2026-05-11,29.7,12.0
0000000467,1610612744,1630541,2025-26,Regular Season,2026-05-21,29.6,11.8
0000000472,1610612744,1630541,2025-26,Regular Season,2026-05-31,29.4,13.2
0000000477,1610612744,1630541,2025-26,Regular Season,2026-06-10,30.5,12.2
0000000481,1610612744,1630541,2025-26,Regular Season,2026-06-18,28.8,12.6
0000000486,1610612744,1630541,2025-26,Regular Season,2026-06-28,29.1,13.8
0000000487,1610612744,1630541,2025-26,Regular Season,2026-06-30,31.3,13.0
0000000488,1610612744,1630541,2025-26,Regular Season,2026-07-02,32.0,13.2
0000000489,1610612744,1630541,2025-26,Regular Season,2026-07-04,30.8,13.4
0000000490,1610612744,1630541,2025-26,Regular Season,2026-07-06,30.8,14.2
0000000492,1610612744,1630541,2025-26,Regular Season,2026-07-10,31.4,11.8
0000000497,1610612744,1630541,2025-26,Regular Season,2026-07-20,28.9,12.8
0000000502,1610612744,1630541,2025-26,Regular Season,2026-07-30,26.3,11.6
0000000507,1610612744,1630541,2025-26,Regular Season,2026-08-09,27.3,11.0
0000000511,1610612744,1630541,2025-26,Regular Season,2026-08-17,29.4,10.0
0000000516,1610612744,1630541,2025-26,Regular Season,2026-08-27,29.5,10.6
0000000517,1610612744,1630541,2025-26,Regular Season,2026-08-29,30.7,12.2
0000000518,1610612744,1630541,2025-26,Regular Season,2026-08-31,32.4,10.6
0000000519,1610612744,1630541,2025-26,Regular Season,2026-09-02,32.1,12.6
0000000520,1610612744,1630541,2025-26,Regular Season,2026-09-04,28.9,12.4
0000000522,1610612744,1630541,2025-26,Regular Season,2026-09-08,28.9,11.8
0000000527,1610612744,1630541,2025-26,Regular Season,2026-09-18,27.5,10.4
0000000532,1610612744,1630541,2025-26,Regular Season,2026-09-28,25.6,10.8
0000000537,1610612744,1630541,2025-26,Regular Season,2026-10-08,26.7,10.0
0000000362,1610612743,203999,2025-26,Regular Season,2025-10-23,30.5,21.0
0000000367,1610612743,203999,2025-26,Regular Season,2025-11-02,33.7,25.5
0000000371,1610612743,203999,2025-26,Regular Season,2025-11-10,31.3,25.3
0000000372,1610612743,203999,2025-26,Regular Season,2025-11-12,28.3,23.8
0000000373,1610612743,203999,2025-26,Regular Season,2025-11-14,27.5,25.8
0000000374,1610612743,203999,2025-26,Regular Season,2025-11-16,25.0,25.0
0000000375,1610612743,203999,2025-26,Regular Season,2025-11-18,21.5,24.4
0000000378,1610612743,203999,2025-26,Regular Season,2025-11-24,21.7,24.8
0000000383,1610612743,203999,2025-26,Regular Season,2025-12-04,22.6,25.2
0000000388,1610612743,203999,2025-26,Regular Season,2025-12-14,22.1,23.8
0000000392,1610612743,203999,2025-26,Regular Season,2025-12-22,24.9,26.8
0000000397,1610612743,203999,2025-26,Regular Season,2026-01-01,26.3,28.0
0000000401,1610612743,203999,2025-26,Regular Season,2026-01-09,27.8,28.8
0000000402,1610612743,203999,2025-26,Regular Season,2026-01-11,30.4,31.2
0000000403,1610612743,203999,2025-26,Regular Season,2026-01-13,33.1,31.2
0000000404,1610612743,203999,2025-26,Regular Season,2026-01-15,32.7,31.6
0000000405,1610612743,203999,2025-26,Regular Season,2026-01-17,32.5,29.8
0000000408,1610612743,203999,2025-26,Regular Season,2026-01-23,29.5,29.4
0000000413,1610612743,203999,2025-26,Regular Season,2026-02-02,27.0,26.6
0000000418,1610612743,203999,2025-26,Regular Season,2026-02-12,26.8,26.4
0000000422,1610612743,203999,2025-26,Regular Season,2026-02-20,26.6,26.0
0000000427,1610612743,203999,2025-26,Regular Season,2026-03-02,28.0,25.4
0000000431,1610612743,203999,2025-26,Regular Season,2026-03-10,29.7,24.8
0000000432,1610612743,203999,2025-26,Regular Season,2026-03-12,30.1,25.0
0000000433,1610612743,203999,2025-26,Regular Season,2026-03-14,29.7,25.6
0000000434,1610612743,203999,2025-26,Regular Season,2026-03-16,29.7,23.6
0000000435,1610612743,203999,2025-26,Regular Season,2026-03-18,28.1,24.6
0000000438,1610612743,203999,2025-26,Regular Season,2026-03-24,28.2,26.8
0000000443,1610612743,203999,2025-26,Regular Season,2026-04-03,28.2,28.2
0000000448,1610612743,203999,2025-26,Regular Season,2026-04-13,27.7,28.6
0000000452,1610612743,203999,2025-26,Regular Season,2026-04-21,25.7,28.4
0000000457,1610612743,203999,2025-26,Regular Season,2026-05-01,26.9,28.8
0000000461,1610612743,203999,2025-26,Regular Season,2026-05-09,28.7,27.0
0000000462,1610612743,203999,2025-26,Regular Season,2026-05-11,27.3,27.2
0000000463,1610612743,203999,2025-26,Regular Season,2026-05-13,25.8,26.0
0000000464,1610612743,203999,2025-26,Regular Season,2026-05-15,26.5,27.0
0000000465,1610612743,203999,2025-26,Regular Season,2026-05-17,24.7,27.6
0000000468,1610612743,203999,2025-26,Regular Season,2026-05-23,22.9,26.8
0000000473,1610612743,203999,2025-26,Regular Season,2026-06-02,23.7,25.6
0000000478,1610612743,203999,2025-26,Regular Season,2026-06-12,25.4,25.2
0000000482,1610612743,203999,2025-26,Regular Season,2026-06-20,24.4,25.8
0000000487,1610612743,203999,2025-26,Regular Season,2026-06-30,26.2,23.4
0000000491,1610612743,203999,2025-26,Regular Season,2026-07-08,27.3,24.6
0000000492,1610612743,203999,2025-26,Regular Season,2026-07-10,29.5,26.2
0000000493,1610612743,203999,2025-26,Regular Season,2026-07-12,30.7,25.6
0000000494,1610612743,203999,2025-26,Regular Season,2026-07-14,31.6,25.2
0000000495,1610612743,203999,2025-26,Regular Season,2026-07-16,30.7,27.2
0000000498,1610612743,203999,2025-26,Regular Season,2026-07-22,30.2,25.4
0000000503,1610612743,203999,2025-26,Regular Season,2026-08-01,27.2,25.4
0000000508,1610612743,203999,2025-26,Regular Season,2026-08-11,26.5,28.0
0000000512,1610612743,203999,2025-26,Regular Season,2026-08-19,26.8,25.4
0000000517,1610612743,203999,2025-26,Regular Season,2026-08-29,27.1,23.2
0000000521,1610612743,203999,2025-26,Regular Season,2026-09-06,27.2,21.4
0000000522,1610612743,203999,2025-26,Regular Season,2026-09-08,29.0,20.4
0000000523,1610612743,203999,2025-26,Regular Season,2026-09-10,27.2,18.8
0000000524,1610612743,203999,2025-26,Regular Season,2026-09-12,28.3,20.0
0000000525,1610612743,203999,2025-26,Regular Season,2026-09-14,29.9,22.0
0000000528,1610612743,203999,2025-26,Regular Season,2026-09-20,29.0,23.0
0000000533,1610612743,203999,2025-26,Regular Season,2026-09-30,29.5,23.6
0000000538,1610612743,203999,2025-26,Regular Season,2026-10-10,31.3,23.8
0000000362,1610612743,1627750,2025-26,Regular Season,2025-10-23,23.5,13.0
0000000367,1610612743,1627750,2025-26,Regular Season,2025-11-02,28.3,19.0
0000000371,1610612743,1627750,2025-26,Regular Season,2025-11-10,27.8,20.7
0000000372,1610612743,1627750,2025-26,Regular Season,2025-11-12,26.6,18.5
0000000373,1610612743,1627750,2025-26,Regular Season,2025-11-14,27.2,18.8
0000000374,1610612743,1627750,2025-26,Regular Season,2025-11-16,28.7,21.2
0000000375,1610612743,1627750,2025-26,Regular Season,2025-11-18,28.9,19.4
0000000378,1610612743,1627750,2025-26,Regular Season,2025-11-24,27.7,18.8
0000000383,1610612743,1627750,2025-26,Regular Season,2025-12-04,29.6,19.6
0000000388,1610612743,1627750,2025-26,Regular Season,2025-12-14,27.3,18.8
0000000392,1610612743,1627750,2025-26,Regular Season,2025-12-22,25.1,16.4
0000000397,1610612743,1627750,2025-26,Regular Season,2026-01-01,23.3,15.4
0000000401,1610612743,1627750,2025-26,Regular Season,2026-01-09,24.2,15.6
0000000402,1610612743,1627750,2025-26,Regular Season,2026-01-11,22.1,16.0
0000000403,1610612743,1627750,2025-26,Regular Season,2026-01-13,25.5,17.2
0000000404,1610612743,1627750,2025-26,Regular Season,2026-01-15,28.0,18.4
0000000405,1610612743,1627750,2025-26,Regular Season,2026-01-17,27.8,18.4
0000000408,1610612743,1627750,2025-26,Regular Season,2026-01-23,29.0,17.6
0000000413,1610612743,1627750,2025-26,Regular Season,2026-02-02,31.1,19.0
0000000418,1610612743,1627750,2025-26,Regular Season,2026-02-12,28.2,21.0
0000000422,1610612743,1627750,2025-26,Regular Season,2026-02-20,27.6,20.2
0000000427,1610612743,1627750,2025-26,Regular Season,2026-03-02,28.4,20.4
0000000431,1610612743,1627750,2025-26,Regular Season,2026-03-10,26.7,23.0
0000000432,1610612743,1627750,2025-26,Regular Season,2026-03-12,26.4,23.2
0000000433,1610612743,1627750,2025-26,Regular Season,2026-03-14,29.4,21.2
0000000434,1610612743,1627750,2025-26,Regular Season,2026-03-16,27.4,21.8
0000000435,1610612743,1627750,2025-26,Regular Season,2026-03-18,25.9,24.0
0000000438,1610612743,1627750,2025-26,Regular Season,2026-03-24,26.6,23.2
0000000443,1610612743,1627750,2025-26,Regular Season,2026-04-03,26.6,18.8
0000000448,1610612743,1627750,2025-26,Regular Season,2026-04-13,24.8,17.0
0000000452,1610612743,1627750,2025-26,Regular Season,2026-04-21,25.6,18.0
0000000457,1610612743,1627750,2025-26,Regular Season,2026-05-01,26.6,19.2
0000000461,1610612743,1627750,2025-26,Regular Season,2026-05-09,25.9,18.2
0000000462,1610612743,1627750,2025-26,Regular Season,2026-05-11,24.7,22.0
0000000463,1610612743,1627750,2025-26,Regular Season,2026-05-13,25.9,23.6
0000000464,1610612743,1627750,2025-26,Regular Season,2026-05-15,28.1,22.6
0000000465,1610612743,1627750,2025-26,Regular Season,2026-05-17,28.7,21.4
0000000468,1610612743,1627750,2025-26,Regular Season,2026-05-23,28.5,20.4
0000000473,1610612743,1627750,2025-26,Regular Season,2026-06-02,28.7,19.6
0000000478,1610612743,1627750,2025-26,Regular Season,2026-06-12,28.3,17.8
0000000482,1610612743,1627750,2025-26,Regular Season,2026-06-20,28.3,18.8
0000000487,1610612743,1627750,2025-26,Regular Season,2026-06-30,29.4,17.4
0000000491,1610612743,1627750,2025-26,Regular Season,2026-07-08,31.0,18.6
0000000492,1610612743,1627750,2025-26,Regular Season,2026-07-10,31.1,17.2
0000000493,1610612743,1627750,2025-26,Regular Season,2026-07-12,31.3,18.2
0000000494,1610612743,1627750,2025-26,Regular Season,2026-07-14,31.5,18.4
0000000495,1610612743,1627750,2025-26,Regular Season,2026-07-16,28.5,19.4
0000000498,1610612743,1627750,2025-26,Regular Season,2026-07-22,26.8,20.8
0000000503,1610612743,1627750,2025-26,Regular Season,2026-08-01,27.0,20.6
0000000508,1610612743,1627750,2025-26,Regular Season,2026-08-11,25.5,21.0
0000000512,1610612743,1627750,2025-26,Regular Season,2026-08-19,24.1,20.8
0000000517,1610612743,1627750,2025-26,Regular Season,2026-08-29,24.3,17.2
0000000521,1610612743,1627750,2025-26,Regular Season,2026-09-06,26.3,13.8
0000000522,1610612743,1627750,2025-26,Regular Season,2026-09-08,28.0,14.4
0000000523,1610612743,1627750,2025-26,Regular Season,2026-09-10,28.5,15.6
0000000524,1610612743,1627750,2025-26,Regular Season,2026-09-12,28.8,16.6
0000000525,1610612743,1627750,2025-26,Regular Season,2026-09-14,31.3,19.0
0000000528,1610612743,1627750,2025-26,Regular Season,2026-09-20,29.7,21.0
0000000533,1610612743,1627750,2025-26,Regular Season,2026-09-30,27.6,21.2
0000000538,1610612743,1627750,2025-26,Regular Season,2026-10-10,28.2,20.6
0000000362,1610612743,1628420,2025-26,Regular Season,2025-10-23,35.1,11.0
0000000367,1610612743,1628420,2025-26,Regular Season,2025-11-02,29.8,14.0
0000000371,1610612743,1628420,2025-26,Regular Season,2025-11-10,27.0,17.0
0000000372,1610612743,1628420,2025-26,Regular Season,2025-11-12,29.7,14.8
0000000373,1610612743,1628420,2025-26,Regular Season,2025-11-14,28.9,15.0
0000000374,1610612743,1628420,2025-26,Regular Season,2025-11-16,28.0,16.2
0000000375,1610612743,1628420,2025-26,Regular Season,2025-11-18,29.2,16.2
0000000378,1610612743,1628420,2025-26,Regular Season,2025-11-24,29.0,13.8
0000000383,1610612743,1628420,2025-26,Regular Season,2025-12-04,27.3,15.0
0000000388,1610612743,1628420,2025-26,Regular Season,2025-12-14,26.9,14.4
0000000392,1610612743,1628420,2025-26,Regular Season,2025-12-22,28.1,13.6
0000000397,1610612743,1628420,2025-26,Regular Season,2026-01-01,25.9,12.8
0000000401,1610612743,1628420,2025-26,Regular Season,2026-01-09,26.9,14.4
0000000402,1610612743,1628420,2025-26,Regular Season,2026-01-11,24.7,14.0
0000000403,1610612743,1628420,2025-26,Regular Season,2026-01-13,27.6,14.0
0000000404,1610612743,1628420,2025-26,Regular Season,2026-01-15,27.7,13.8
0000000405,1610612743,1628420,2025-26,Regular Season,2026-01-17,30.8,15.4
0000000408,1610612743,1628420,2025-26,Regular Season,2026-01-23,32.1,13.2
0000000413,1610612743,1628420,2025-26,Regular Season,2026-02-02,34.7,11.2
0000000418,1610612743,1628420,2025-26,Regular Season,2026-02-12,33.6,12.6
0000000422,1610612743,1628420,2025-26,Regular Season,2026-02-20,32.4,10.4
0000000427,1610612743,1628420,2025-26,Regular Season,2026-03-02,32.3,8.2
0000000431,1610612743,1628420,2025-26,Regular Season,2026-03-10,33.5,8.0
0000000432,1610612743,1628420,2025-26,Regular Season,2026-03-12,34.0,10.2
0000000433,1610612743,1628420,2025-26,Regular Season,2026-03-14,33.7,8.2
0000000434,1610612743,1628420,2025-26,Regular Season,2026-03-16,31.9,10.2
0000000435,1610612743,1628420,2025-26,Regular Season,2026-03-18,30.7,10.8
0000000438,1610612743,1628420,2025-26,Regular Season,2026-03-24,28.8,13.4
0000000443,1610612743,1628420,2025-26,Regular Season,2026-04-03,28.2,13.8
0000000448,1610612743,1628420,2025-26,Regular Season,2026-04-13,26.6,15.0
0000000452,1610612743,1628420,2025-26,Regular Season,2026-04-21,28.1,15.4
0000000457,1610612743,1628420,2025-26,Regular Season,2026-05-01,29.5,15.2
0000000461,1610612743,1628420,2025-26,Regular Season,2026-05-09,29.0,13.8
0000000462,1610612743,1628420,2025-26,Regular Season,2026-05-11,30.3,13.8
0000000463,1610612743,1628420,2025-26,Regular Season,2026-05-13,30.2,13.8
0000000464,1610612743,1628420,2025-26,Regular Season,2026-05-15,31.0,11.8
0000000465,1610612743,1628420,2025-26,Regular Season,2026-05-17,29.3,13.6
0000000468,1610612743,1628420,2025-26,Regular Season,2026-05-23,31.2,14.8
0000000473,1610612743,1628420,2025-26,Regular Season,2026-06-02,30.9,15.8
0000000478,1610612743,1628420,2025-26,Regular Season,2026-06-12,32.5,14.2
0000000482,1610612743,1628420,2025-26,Regular Season,2026-06-20,29.4,17.0
0000000487,1610612743,1628420,2025-26,Regular Season,2026-06-30,29.5,17.2
0000000491,1610612743,1628420,2025-26,Regular Season,2026-07-08,26.0,16.0
0000000492,1610612743,1628420,2025-26,Regular Season,2026-07-10,24.6,15.0
0000000493,1610612743,1628420,2025-26,Regular Season,2026-07-12,22.5,14.8
0000000494,1610612743,1628420,2025-26,Regular Season,2026-07-14,23.9,12.4
0000000495,1610612743,1628420,2025-26,Regular Season,2026-07-16,26.0,9.8
0000000498,1610612743,1628420,2025-26,Regular Season,2026-07-22,27.7,8.4
0000000503,1610612743,1628420,2025-26,Regular Season,2026-08-01,28.1,6.6
0000000508,1610612743,1628420,2025-26,Regular Season,2026-08-11,29.7,8.2
0000000512,1610612743,1628420,2025-26,Regular Season,2026-08-19,29.0,10.8
0000000517,1610612743,1628420,2025-26,Regular Season,2026-08-29,27.7,13.2
0000000521,1610612743,1628420,2025-26,Regular Season,2026-09-06,27.3,16.0
0000000522,1610612743,1628420,2025-26,Regular Season,2026-09-08,26.0,17.6
0000000523,1610612743,1628420,2025-26,Regular Season,2026-09-10,25.2,18.2
0000000524,1610612743,1628420,2025-26,Regular Season,2026-09-12,26.8,16.8
0000000525,1610612743,1628420,2025-26,Regular Season,2026-09-14,24.2,16.2
0000000528,1610612743,1628420,2025-26,Regular Season,2026-09-20,25.7,15.2
0000000533,1610612743,1628420,2025-26,Regular Season,2026-09-30,25.1,13.6
0000000538,1610612743,1628420,2025-26,Regular Season,2026-10-10,25.3,13.6
0000000362,1610612743,1630166,2025-26,Regular Season,2025-10-23,37.2,5.0
0000000367,1610612743,1630166,2025-26,Regular Season,2025-11-02,32.3,5.5
0000000371,1610612743,1630166,2025-26,Regular Season,2025-11-10,34.1,8.0
0000000372,1610612743,1630166,2025-26,Regular Season,2025-11-12,32.3,8.3
0000000373,1610612743,1630166,2025-26,Regular Season,2025-11-14,29.7,7.6
0000000374,1610612743,1630166,2025-26,Regular Season,2025-11-16,27.7,8.2
0000000375,1610612743,1630166,2025-26,Regular Season,2025-11-18,28.3,11.4
0000000378,1610612743,1630166,2025-26,Regular Season,2025-11-24,26.4,9.6
0000000383,1610612743,1630166,2025-26,Regular Season,2025-12-04,26.4,8.8
0000000388,1610612743,1630166,2025-26,Regular Season,2025-12-14,27.9,7.8
0000000392,1610612743,1630166,2025-26,Regular Season,2025-12-22,27.0,8.6
0000000397,1610612743,1630166,2025-26,Regular Season,2026-01-01,27.4,5.2
0000000401,1610612743,1630166,2025-26,Regular Season,2026-01-09,26.9,4.8
0000000402,1610612743,1630166,2025-26,Regular Season,2026-01-11,28.3,5.0
0000000403,1610612743,1630166,2025-26,Regular Season,2026-01-13,28.8,5.8
0000000404,1610612743,1630166,2025-26,Regular Season,2026-01-15,31.5,4.6
0000000405,1610612743,1630166,2025-26,Regular Season,2026-01-17,31.8,5.6
0000000408,1610612743,1630166,2025-26,Regular Season,2026-01-23,33.5,7.2
0000000413,1610612743,1630166,2025-26,Regular Season,2026-02-02,33.0,6.0
0000000418,1610612743,1630166,2025-26,Regular Season,2026-02-12,32.1,8.2
0000000422,1610612743,1630166,2025-26,Regular Season,2026-02-20,28.9,8.0
0000000427,1610612743,1630166,2025-26,Regular Season,2026-03-02,28.6,7.2
0000000431,1610612743,1630166,2025-26,Regular Season,2026-03-10,27.9,7.6
0000000432,1610612743,1630166,2025-26,Regular Season,2026-03-12,27.4,10.0
0000000433,1610612743,1630166,2025-26,Regular Season,2026-03-14,28.3,8.8
0000000434,1610612743,1630166,2025-26,Regular Season,2026-03-16,29.8,7.8
0000000435,1610612743,1630166,2025-26,Regular Season,2026-03-18,27.7,6.8
0000000438,1610612743,1630166,2025-26,Regular Season,2026-03-24,28.7,4.4
0000000443,1610612743,1630166,2025-26,Regular Season,2026-04-03,26.4,4.4
0000000448,1610612743,1630166,2025-26,Regular Season,2026-04-13,26.7,2.8
0000000452,1610612743,1630166,2025-26,Regular Season,2026-04-21,27.9,5.8
0000000457,1610612743,1630166,2025-26,Regular Season,2026-05-01,30.8,7.2
0000000461,1610612743,1630166,2025-26,Regular Season,2026-05-09,27.9,9.2
0000000462,1610612743,1630166,2025-26,Regular Season,2026-05-11,30.7,8.4
0000000463,1610612743,1630166,2025-26,Regular Season,2026-05-13,30.1,8.2
0000000464,1610612743,1630166,2025-26,Regular Season,2026-05-15,30.3,6.8
0000000465,1610612743,1630166,2025-26,Regular Season,2026-05-17,28.1,6.8
0000000468,1610612743,1630166,2025-26,Regular Season,2026-05-23,30.8,5.4
0000000473,1610612743,1630166,2025-26,Regular Season,2026-06-02,31.2,4.6
0000000478,1610612743,1630166,2025-26,Regular Season,2026-06-12,31.7,4.6
0000000482,1610612743,1630166,2025-26,Regular Season,2026-06-20,31.0,3.6
0000000487,1610612743,1630166,2025-26,Regular Season,2026-06-30,30.7,2.0
0000000491,1610612743,1630166,2025-26,Regular Season,2026-07-08,30.2,3.0
0000000492,1610612743,1630166,2025-26,Regular Season,2026-07-10,28.9,2.2
0000000493,1610612743,1630166,2025-26,Regular Season,2026-07-12,29.8,2.4
0000000494,1610612743,1630166,2025-26,Regular Season,2026-07-14,28.4,2.0
0000000495,1610612743,1630166,2025-26,Regular Season,2026-07-16,28.8,2.4
0000000498,1610612743,1630166,2025-26,Regular Season,2026-07-22,27.5,5.0
0000000503,1610612743,1630166,2025-26,Regular Season,2026-08-01,25.7,9.0
0000000508,1610612743,1630166,2025-26,Regular Season,2026-08-11,23.7,12.4
0000000512,1610612743,1630166,2025-26,Regular Season,2026-08-19,25.0,13.6
0000000517,1610612743,1630166,2025-26,Regular Season,2026-08-29,25.5,17.6
0000000521,1610612743,1630166,2025-26,Regular Season,2026-09-06,24.7,14.6
0000000522,1610612743,1630166,2025-26,Regular Season,2026-09-08,27.3,11.0
0000000523,1610612743,1630166,2025-26,Regular Season,2026-09-10,26.3,7.4
0000000524,1610612743,1630166,2025-26,Regular Season,2026-09-12,24.6,8.4
0000000525,1610612743,1630166,2025-26,Regular Season,2026-09-14,26.8,5.2
0000000528,1610612743,1630166,2025-26,Regular Season,2026-09-20,26.4,6.2
0000000533,1610612743,1630166,2025-26,Regular Season,2026-09-30,24.1,7.8
0000000538,1610612743,1630166,2025-26,Regular Season,2026-10-10,24.6,7.8
0000000362,1610612743,203914,2025-26,Regular Season,2025-10-23,27.6,4.0
0000000367,1610612743,203914,2025-26,Regular Season,2025-11-02,28.6,10.0
0000000371,1610612743,203914,2025-26,Regular Season,2025-11-10,27.3,9.7
0000000372,1610612743,203914,2025-26,Regular Season,2025-11-12,26.3,10.0
0000000373,1610612743,203914,2025-26,Regular Season,2025-11-14,27.3,10.8
0000000374,1610612743,203914,2025-26,Regular Season,2025-11-16,26.4,11.0
0000000375,1610612743,203914,2025-26,Regular Season,2025-11-18,24.4,9.0
0000000378,1610612743,203914,2025-26,Regular Season,2025-11-24,26.0,11.0
0000000383,1610612743,203914,2025-26,Regular Season,2025-12-04,28.1,9.4
0000000388,1610612743,203914,2025-26,Regular Season,2025-12-14,27.5,9.8
0000000392,1610612743,203914,2025-26,Regular Season,2025-12-22,29.5,11.2
0000000397,1610612743,203914,2025-26,Regular Season,2026-01-01,30.0,11.2
0000000401,1610612743,203914,2025-26,Regular Season,2026-01-09,30.4,8.0
0000000402,1610612743,203914,2025-26,Regular Season,2026-01-11,30.7,10.2
0000000403,1610612743,203914,2025-26,Regular Season,2026-01-13,29.2,7.0
0000000404,1610612743,203914,2025-26,Regular Season,2026-01-15,27.1,5.8
0000000405,1610612743,203914,2025-26,Regular Season,2026-01-17,27.8,8.0
0000000408,1610612743,203914,2025-26,Regular Season,2026-01-23,24.9,9.6
0000000413,1610612743,203914,2025-26,Regular Season,2026-02-02,22.3,10.2
0000000418,1610612743,203914,2025-26,Regular Season,2026-02-12,24.5,12.4
0000000422,1610612743,203914,2025-26,Regular Season,2026-02-20,26.4,12.2
0000000427,1610612743,203914,2025-26,Regular Season,2026-03-02,28.5,10.6
0000000431,1610612743,203914,2025-26,Regular Season,2026-03-10,29.5,10.4
0000000432,1610612743,203914,2025-26,Regular Season,2026-03-12,29.4,8.8
0000000433,1610612743,203914,2025-26,Regular Season,2026-03-14,27.7,9.2
0000000434,1610612743,203914,2025-26,Regular Season,2026-03-16,25.8,11.0
0000000435,1610612743,203914,2025-26,Regular Season,2026-03-18,25.7,9.4
0000000438,1610612743,203914,2025-26,Regular Season,2026-03-24,26.1,8.6
0000000443,1610612743,203914,2025-26,Regular Season,2026-04-03,27.6,9.8
0000000448,1610612743,203914,2025-26,Regular Season,2026-04-13,28.5,12.2
0000000452,1610612743,203914,2025-26,Regular Season,2026-04-21,29.0,13.0
0000000457,1610612743,203914,2025-26,Regular Season,2026-05-01,29.4,13.4
0000000461,1610612743,203914,2025-26,Regular Season,2026-05-09,29.4,12.8
0000000462,1610612743,203914,2025-26,Regular Season,2026-05-11,27.9,14.0
0000000463,1610612743,203914,2025-26,Regular Season,2026-05-13,28.4,13.0
0000000464,1610612743,203914,2025-26,Regular Season,2026-05-15,29.0,13.4
0000000465,1610612743,203914,2025-26,Regular Season,2026-05-17,27.1,14.8
0000000468,1610612743,203914,2025-26,Regular Season,2026-05-23,27.8,15.2
0000000473,1610612743,203914,2025-26,Regular Season,2026-06-02,29.5,11.0
0000000478,1610612743,203914,2025-26,Regular Season,2026-06-12,30.5,9.4
0000000482,1610612743,203914,2025-26,Regular Season,2026-06-20,30.3,6.8
0000000487,1610612743,203914,2025-26,Regular Season,2026-06-30,32.2,7.8
0000000491,1610612743,203914,2025-26,Regular Season,2026-07-08,32.0,7.6
0000000492,1610612743,203914,2025-26,Regular Season,2026-07-10,30.6,7.8
0000000493,1610612743,203914,2025-26,Regular Season,2026-07-12,28.0,6.6
0000000494,1610612743,203914,2025-26,Regular Season,2026-07-14,26.7,7.2
0000000495,1610612743,203914,2025-26,Regular Season,2026-07-16,25.4,4.6
0000000498,1610612743,203914,2025-26,Regular Season,2026-07-22,23.8,4.6
0000000503,1610612743,203914,2025-26,Regular Season,2026-08-01,24.6,5.2
0000000508,1610612743,203914,2025-26,Regular Season,2026-08-11,24.0,7.2
0000000512,1610612743,203914,2025-26,Regular Season,2026-08-19,25.5,8.6
0000000517,1610612743,203914,2025-26,Regular Season,2026-08-29,25.3,9.8
0000000521,1610612743,203914,2025-26,Regular Season,2026-09-06,27.2,10.0
0000000522,1610612743,203914,2025-26,Regular Season,2026-09-08,26.0,11.8
0000000523,1610612743,203914,2025-26,Regular Season,2026-09-10,26.4,10.6
0000000524,1610612743,203914,2025-26,Regular Season,2026-09-12,26.2,9.8
0000000525,1610612743,203914,2025-26,Regular Season,2026-09-14,23.9,9.6
0000000528,1610612743,203914,2025-26,Regular Season,2026-09-20,22.5,12.0
0000000533,1610612743,203914,2025-26,Regular Season,2026-09-30,22.4,9.8
0000000538,1610612743,203914,2025-26,Regular Season,2026-10-10,21.9,8.6
0000000362,1610612743,1631128,2025-26,Regular Season,2025-10-23,26.8,4.0
0000000367,1610612743,1631128,2025-26,Regular Season,2025-11-02,23.4,8.0
0000000371,1610612743,1631128,2025-26,Regular Season,2025-11-10,24.3,7.0
0000000372,1610612743,1631128,2025-26,Regular Season,2025-11-12,24.0,7.3
0000000373,1610612743,1631128,2025-26,Regular Season,2025-11-14,25.2,8.2
0000000374,1610612743,1631128,2025-26,Regular Season,2025-11-16,23.5,8.0
0000000375,1610612743,1631128,2025-26,Regular Season,2025-11-18,26.1,7.6
0000000378,1610612743,1631128,2025-26,Regular Season,2025-11-24,24.8,8.6
0000000383,1610612743,1631128,2025-26,Regular Season,2025-12-04,24.4,8.6
0000000388,1610612743,1631128,2025-26,Regular Season,2025-12-14,25.3,7.2
0000000392,1610612743,1631128,2025-26,Regular Season,2025-12-22,25.8,9.4
0000000397,1610612743,1631128,2025-26,Regular Season,2026-01-01,25.8,9.6
0000000401,1610612743,1631128,2025-26,Regular Season,2026-01-09,26.9,8.4
0000000402,1610612743,1631128,2025-26,Regular Season,2026-01-11,27.7,6.8
0000000403,1610612743,1631128,2025-26,Regular Season,2026-01-13,25.1,6.0
0000000404,1610612743,1631128,2025-26,Regular Season,2026-01-15,26.6,3.2
0000000405,1610612743,1631128,2025-26,Regular Season,2026-01-17,26.3,2.4
0000000408,1610612743,1631128,2025-26,Regular Season,2026-01-23,28.0,2.2
0000000413,1610612743,1631128,2025-26,Regular Season,2026-02-02,28.4,3.8
0000000418,1610612743,1631128,2025-26,Regular Season,2026-02-12,30.3,5.2
0000000422,1610612743,1631128,2025-26,Regular Season,2026-02-20,31.7,5.2
0000000427,1610612743,1631128,2025-26,Regular Season,2026-03-02,31.5,4.2
0000000431,1610612743,1631128,2025-26,Regular Season,2026-03-10,28.5,4.8
0000000432,1610612743,1631128,2025-26,Regular Season,2026-03-12,30.5,4.8
0000000433,1610612743,1631128,2025-26,Regular Season,2026-03-14,30.8,4.2
0000000434,1610612743,1631128,2025-26,Regular Season,2026-03-16,29.6,5.0
0000000435,1610612743,1631128,2025-26,Regular Season,2026-03-18,29.3,8.2
0000000438,1610612743,1631128,2025-26,Regular Season,2026-03-24,31.5,7.6
0000000443,1610612743,1631128,2025-26,Regular Season,2026-04-03,29.8,7.8
0000000448,1610612743,1631128,2025-26,Regular Season,2026-04-13,29.9,6.8
0000000452,1610612743,1631128,2025-26,Regular Season,2026-04-21,29.3,6.2
0000000457,1610612743,1631128,2025-26,Regular Season,2026-05-01,28.2,3.2
0000000461,1610612743,1631128,2025-26,Regular Season,2026-05-09,27.3,4.0
0000000462,1610612743,1631128,2025-26,Regular Season,2026-05-11,27.2,3.4
0000000463,1610612743,1631128,2025-26,Regular Season,2026-05-13,24.8,3.6
0000000464,1610612743,1631128,2025-26,Regular Season,2026-05-15,23.9,3.4
0000000465,1610612743,1631128,2025-26,Regular Season,2026-05-17,23.1,2.8
0000000468,1610612743,1631128,2025-26,Regular Season,2026-05-23,21.8,2.6
0000000473,1610612743,1631128,2025-26,Regular Season,2026-06-02,22.4,3.2
0000000478,1610612743,1631128,2025-26,Regular Season,2026-06-12,22.8,3.0
0000000482,1610612743,1631128,2025-26,Regular Season,2026-06-20,22.5,3.8
0000000487,1610612743,1631128,2025-26,Regular Season,2026-06-30,24.4,3.8
0000000491,1610612743,1631128,2025-26,Regular Season,2026-07-08,24.4,2.6
0000000492,1610612743,1631128,2025-26,Regular Season,2026-07-10,24.0,3.0
0000000493,1610612743,1631128,2025-26,Regular Season,2026-07-12,25.9,4.8
0000000494,1610612743,1631128,2025-26,Regular Season,2026-07-14,25.6,5.6
0000000495,1610612743,1631128,2025-26,Regular Season,2026-07-16,26.9,5.8
0000000498,1610612743,1631128,2025-26,Regular Season,2026-07-22,28.9,6.8
0000000503,1610612743,1631128,2025-26,Regular Season,2026-08-01,30.2,6.0
0000000508,1610612743,1631128,2025-26,Regular Season,2026-08-11,30.2,6.6
0000000512,1610612743,1631128,2025-26,Regular Season,2026-08-19,32.8,7.8
0000000517,1610612743,1631128,2025-26,Regular Season,2026-08-29,31.8,11.0
0000000521,1610612743,1631128,2025-26,Regular Season,2026-09-06,30.4,10.0
0000000522,1610612743,1631128,2025-26,Regular Season,2026-09-08,27.2,10.6
0000000523,1610612743,1631128,2025-26,Regular Season,2026-09-10,25.4,11.0
0000000524,1610612743,1631128,2025-26,Regular Season,2026-09-12,24.4,8.6
0000000525,1610612743,1631128,2025-26,Regular Season,2026-09-14,25.7,7.8
0000000528,1610612743,1631128,2025-26,Regular Season,2026-09-20,29.0,10.4
0000000533,1610612743,1631128,2025-26,Regular Season,2026-09-30,32.4,8.6
0000000538,1610612743,1631128,2025-26,Regular Season,2026-10-10,33.7,7.0
0000000363,1610612738,1628369,2025-26,Regular Season,2025-10-25,25.1,27.0
0000000368,1610612738,1628369,2025-26,Regular Season,2025-11-04,25.3,23.0
0000000373,1610612738,1628369,2025-26,Regular Season,2025-11-14,28.7,24.0
0000000376,1610612738,1628369,2025-26,Regular Season,2025-11-20,28.4,22.8
0000000377,1610612738,1628369,2025-26,Regular Season,2025-11-22,28.5,23.4
0000000378,1610612738,1628369,2025-26,Regular Season,2025-11-24,29.3,21.4
0000000379,1610612738,1628369,2025-26,Regular Season,2025-11-26,29.1,24.2
0000000380,1610612738,1628369,2025-26,Regular Season,2025-11-28,27.0,23.0
0000000384,1610612738,1628369,2025-26,Regular Season,2025-12-06,28.3,23.8
0000000389,1610612738,1628369,2025-26,Regular Season,2025-12-16,28.9,23.2
0000000393,1610612738,1628369,2025-26,Regular Season,2025-12-24,29.8,26.2
0000000398,1610612738,1628369,2025-26,Regular Season,2026-01-03,29.2,25.8
0000000403,1610612738,1628369,2025-26,Regular Season,2026-01-13,31.0,29.2
0000000406,1610612738,1628369,2025-26,Regular Season,2026-01-19,30.9,31.0
0000000407,1610612738,1628369,2025-26,Regular Season,2026-01-21,29.1,32.2
0000000408,1610612738,1628369,2025-26,Regular Season,2026-01-23,27.6,28.0
0000000409,1610612738,1628369,2025-26,Regular Season,2026-01-25,29.2,29.6
0000000410,1610612738,1628369,2025-26,Regular Season,2026-01-27,27.9,28.2
0000000414,1610612738,1628369,2025-26,Regular Season,2026-02-04,28.0,26.6
0000000419,1610612738,1628369,2025-26,Regular Season,2026-02-14,29.4,27.4
0000000423,1610612738,1628369,2025-26,Regular Season,2026-02-22,30.0,33.0
0000000428,1610612738,1628369,2025-26,Regular Season,2026-03-04,31.1,30.2
0000000433,1610612738,1628369,2025-26,Regular Season,2026-03-14,33.0,29.6
0000000436,1610612738,1628369,2025-26,Regular Season,2026-03-20,31.3,31.0
0000000437,1610612738,1628369,2025-26,Regular Season,2026-03-22,31.7,28.4
0000000438,1610612738,1628369,2025-26,Regular Season,2026-03-24,30.8,25.8
0000000439,1610612738,1628369,2025-26,Regular Season,2026-03-26,30.0,27.0
0000000440,1610612738,1628369,2025-26,Regular Season,2026-03-28,29.7,27.2
0000000444,1610612738,1628369,2025-26,Regular Season,2026-04-05,28.4,28.8
0000000449,1610612738,1628369,2025-26,Regular Season,2026-04-15,25.7,30.8
0000000453,1610612738,1628369,2025-26,Regular Season,2026-04-23,28.3,31.8
0000000458,1610612738,1628369,2025-26,Regular Season,2026-05-03,27.7,29.2
0000000463,1610612738,1628369,2025-26,Regular Season,2026-05-13,25.7,30.6
0000000466,1610612738,1628369,2025-26,Regular Season,2026-05-19,25.6,29.6
0000000467,1610612738,1628369,2025-26,Regular Season,2026-05-21,25.8,31.4
0000000468,1610612738,1628369,2025-26,Regular Season,2026-05-23,24.6,30.0
0000000469,1610612738,1628369,2025-26,Regular Season,2026-05-25,26.0,32.2
0000000470,1610612738,1628369,2025-26,Regular Season,2026-05-27,28.0,28.2
0000000474,1610612738,1628369,2025-26,Regular Season,2026-06-04,30.7,26.8
0000000479,1610612738,1628369,2025-26,Regular Season,2026-06-14,32.1,22.8
0000000483,1610612738,1628369,2025-26,Regular Season,2026-06-22,32.6,22.4
0000000488,1610612738,1628369,2025-26,Regular Season,2026-07-02,29.2,23.4
0000000493,1610612738,1628369,2025-26,Regular Season,2026-07-12,28.6,26.6
0000000496,1610612738,1628369,2025-26,Regular Season,2026-07-18,26.3,25.2
0000000497,1610612738,1628369,2025-26,Regular Season,2026-07-20,25.0,27.8
0000000498,1610612738,1628369,2025-26,Regular Season,2026-07-22,22.8,27.8
0000000499,1610612738,1628369,2025-26,Regular Season,2026-07-24,25.9,26.6
0000000500,1610612738,1628369,2025-26,Regular Season,2026-07-26,26.2,24.2
0000000504,1610612738,1628369,2025-26,Regular Season,2026-08-03,27.6,25.2
0000000509,1610612738,1628369,2025-26,Regular Season,2026-08-13,29.4,24.8
0000000513,1610612738,1628369,2025-26,Regular Season,2026-08-21,28.8,26.0
0000000518,1610612738,1628369,2025-26,Regular Season,2026-08-31,27.3,25.0
0000000523,1610612738,1628369,2025-26,Regular Season,2026-09-10,25.4,26.8
0000000526,1610612738,1628369,2025-26,Regular Season,2026-09-16,24.3,29.8
0000000527,1610612738,1628369,2025-26,Regular Season,2026-09-18,24.0,27.6
0000000528,1610612738,1628369,2025-26,Regular Season,2026-09-20,25.3,27.2
0000000529,1610612738,1628369,2025-26,Regular Season,2026-09-22,27.5,28.8
0000000530,1610612738,1628369,2025-26,Regular Season,2026-09-24,29.8,26.8
0000000534,1610612738,1628369,2025-26,Regular Season,2026-10-02,33.0,23.2
0000000539,1610612738,1628369,2025-26,Regular Season,2026-10-12,34.8,25.0
0000000363,1610612738,1627759,2025-26,Regular Season,2025-10-25,22.4,28.0
0000000368,1610612738,1627759,2025-26,Regular Season,2025-11-04,22.1,24.5
0000000373,1610612738,1627759,2025-26,Regular Season,2025-11-14,26.3,22.0
0000000376,1610612738,1627759,2025-26,Regular Season,2025-11-20,24.8,20.5
0000000377,1610612738,1627759,2025-26,Regular Season,2025-11-22,25.2,22.8
0000000378,1610612738,1627759,2025-26,Regular Season,2025-11-24,27.3,21.4
0000000379,1610612738,1627759,2025-26,Regular Season,2025-11-26,29.0,20.4
0000000380,1610612738,1627759,2025-26,Regular Season,2025-11-28,27.5,22.4
0000000384,1610612738,1627759,2025-26,Regular Season,2025-12-06,28.9,23.8
0000000389,1610612738,1627759,2025-26,Regular Season,2025-12-16,28.3,22.2
0000000393,1610612738,1627759,2025-26,Regular Season,2025-12-24,26.9,23.6
0000000398,1610612738,1627759,2025-26,Regular Season,2026-01-03,25.0,26.0
0000000403,1610612738,1627759,2025-26,Regular Season,2026-01-13,24.1,23.8
0000000406,1610612738,1627759,2025-26,Regular Season,2026-01-19,24.1,21.0
0000000407,1610612738,1627759,2025-26,Regular Season,2026-01-21,24.7,20.6
0000000408,1610612738,1627759,2025-26,Regular Season,2026-01-23,25.6,20.4
0000000409,1610612738,1627759,2025-26,Regular Season,2026-01-25,27.4,19.6
0000000410,1610612738,1627759,2025-26,Regular Season,2026-01-27,29.3,19.8
0000000414,1610612738,1627759,2025-26,Regular Season,2026-02-04,27.6,24.0
0000000419,1610612738,1627759,2025-26,Regular Season,2026-02-14,27.4,22.4
0000000423,1610612738,1627759,2025-26,Regular Season,2026-02-22,27.3,22.6
0000000428,1610612738,1627759,2025-26,Regular Season,2026-03-04,28.4,21.2
0000000433,1610612738,1627759,2025-26,Regular Season,2026-03-14,26.2,22.2
0000000436,1610612738,1627759,2025-26,Regular Season,2026-03-20,29.4,21.4
0000000437,1610612738,1627759,2025-26,Regular Season,2026-03-22,31.5,22.8
0000000438,1610612738,1627759,2025-26,Regular Season,2026-03-24,29.9,23.2
0000000439,1610612738,1627759,2025-26,Regular Season,2026-03-26,28.3,25.4
0000000440,1610612738,1627759,2025-26,Regular Season,2026-03-28,29.7,21.6
0000000444,1610612738,1627759,2025-26,Regular Season,2026-04-05,29.8,21.2
0000000449,1610612738,1627759,2025-26,Regular Season,2026-04-15,30.1,23.6
0000000453,1610612738,1627759,2025-26,Regular Season,2026-04-23,32.9,22.0
0000000458,1610612738,1627759,2025-26,Regular Season,2026-05-03,32.8,21.6
0000000463,1610612738,1627759,2025-26,Regular Season,2026-05-13,33.2,24.4
0000000466,1610612738,1627759,2025-26,Regular Season,2026-05-19,32.8,23.2
0000000467,1610612738,1627759,2025-26,Regular Season,2026-05-21,30.1,21.6
0000000468,1610612738,1627759,2025-26,Regular Season,2026-05-23,30.0,23.8
0000000469,1610612738,1627759,2025-26,Regular Season,2026-05-25,28.5,22.8
0000000470,1610612738,1627759,2025-26,Regular Season,2026-05-27,26.0,22.8
0000000474,1610612738,1627759,2025-26,Regular Season,2026-06-04,23.1,23.2
0000000479,1610612738,1627759,2025-26,Regular Season,2026-06-14,22.3,24.2
0000000483,1610612738,1627759,2025-26,Regular Season,2026-06-22,19.0,24.4
0000000488,1610612738,1627759,2025-26,Regular Season,2026-07-02,19.2,23.4
0000000493,1610612738,1627759,2025-26,Regular Season,2026-07-12,22.7,23.8
0000000496,1610612738,1627759,2025-26,Regular Season,2026-07-18,26.2,26.6
0000000497,1610612738,1627759,2025-26,Regular Season,2026-07-20,27.2,26.0
0000000498,1610612738,1627759,2025-26,Regular Season,2026-07-22,30.4,25.6
0000000499,1610612738,1627759,2025-26,Regular Season,2026-07-24,33.7,27.6
0000000500,1610612738,1627759,2025-26,Regular Season,2026-07-26,32.6,27.6
0000000504,1610612738,1627759,2025-26,Regular Season,2026-08-03,30.1,24.2
0000000509,1610612738,1627759,2025-26,Regular Season,2026-08-13,32.2,24.0
0000000513,1610612738,1627759,2025-26,Regular Season,2026-08-21,29.6,22.4
0000000518,1610612738,1627759,2025-26,Regular Season,2026-08-31,29.5,22.6
0000000523,1610612738,1627759,2025-26,Regular Season,2026-09-10,27.5,23.8
0000000526,1610612738,1627759,2025-26,Regular Season,2026-09-16,29.3,27.8
0000000527,1610612738,1627759,2025-26,Regular Season,2026-09-18,28.1,27.6
0000000528,1610612738,1627759,2025-26,Regular Season,2026-09-20,31.1,26.6
0000000529,1610612738,1627759,2025-26,Regular Season,2026-09-22,31.1,26.8
0000000530,1610612738,1627759,2025-26,Regular Season,2026-09-24,34.5,27.4
0000000534,1610612738,1627759,2025-26,Regular Season,2026-10-02,35.2,24.0
0000000539,1610612738,1627759,2025-26,Regular Season,2026-10-12,36.8,23.6
0000000363,1610612738,201950,2025-26,Regular Season,2025-10-25,25.7,19.0
0000000368,1610612738,201950,2025-26,Regular Season,2025-11-04,22.1,9.5
0000000373,1610612738,201950,2025-26,Regular Season,2025-11-14,21.3,13.0
0000000376,1610612738,201950,2025-26,Regular Season,2025-11-20,21.7,12.5
0000000377,1610612738,201950,2025-26,Regular Season,2025-11-22,23.3,11.6
0000000378,1610612738,201950,2025-26,Regular Season,2025-11-24,25.1,10.2
0000000379,1610612738,201950,2025-26,Regular Season,2025-11-26,27.2,13.6
0000000380,1610612738,201950,2025-26,Regular Season,2025-11-28,27.1,10.2
0000000384,1610612738,201950,2025-26,Regular Season,2025-12-06,27.8,10.0
0000000389,1610612738,201950,2025-26,Regular Season,2025-12-16,25.7,9.6
0000000393,1610612738,201950,2025-26,Regular Season,2025-12-24,26.1,8.4
0000000398,1610612738,201950,2025-26,Regular Season,2026-01-03,24.1,5.2
0000000403,1610612738,201950,2025-26,Regular Season,2026-01-13,27.6,5.4
0000000406,1610612738,201950,2025-26,Regular Season,2026-01-19,28.1,4.6
0000000407,1610612738,201950,2025-26,Regular Season,2026-01-21,28.3,5.0
0000000408,1610612738,201950,2025-26,Regular Season,2026-01-23,28.0,6.0
0000000409,1610612738,201950,2025-26,Regular Season,2026-01-25,30.5,7.2
0000000410,1610612738,201950,2025-26,Regular Season,2026-01-27,29.0,8.6
0000000414,1610612738,201950,2025-26,Regular Season,2026-02-04,27.9,10.0
0000000419,1610612738,201950,2025-26,Regular Season,2026-02-14,28.5,11.4
0000000423,1610612738,201950,2025-26,Regular Season,2026-02-22,28.3,12.2
0000000428,1610612738,201950,2025-26,Regular Season,2026-03-04,25.8,13.6
0000000433,1610612738,201950,2025-26,Regular Season,2026-03-14,23.9,12.8
0000000436,1610612738,201950,2025-26,Regular Season,2026-03-20,23.1,12.8
0000000437,1610612738,201950,2025-26,Regular Season,2026-03-22,24.1,12.6
0000000438,1610612738,201950,2025-26,Regular Season,2026-03-24,21.5,11.2
0000000439,1610612738,201950,2025-26,Regular Season,2026-03-26,22.9,9.6
0000000440,1610612738,201950,2025-26,Regular Season,2026-03-28,23.1,9.6
0000000444,1610612738,201950,2025-26,Regular Season,2026-04-05,26.6,9.8
0000000449,1610612738,201950,2025-26,Regular Season,2026-04-15,28.3,9.2
0000000453,1610612738,201950,2025-26,Regular Season,2026-04-23,29.0,12.4
0000000458,1610612738,201950,2025-26,Regular Season,2026-05-03,29.7,13.2
0000000463,1610612738,201950,2025-26,Regular Season,2026-05-13,30.9,14.4
0000000466,1610612738,201950,2025-26,Regular Season,2026-05-19,28.6,17.4
0000000467,1610612738,201950,2025-26,Regular Season,2026-05-21,25.0,15.2
0000000468,1610612738,201950,2025-26,Regular Season,2026-05-23,24.5,13.6
0000000469,1610612738,201950,2025-26,Regular Season,2026-05-25,25.5,14.0
0000000470,1610612738,201950,2025-26,Regular Season,2026-05-27,26.3,13.4
0000000474,1610612738,201950,2025-26,Regular Season,2026-06-04,25.9,10.6
0000000479,1610612738,201950,2025-26,Regular Season,2026-06-14,27.4,13.4
0000000483,1610612738,201950,2025-26,Regular Season,2026-06-22,27.7,13.2
0000000488,1610612738,201950,2025-26,Regular Season,2026-07-02,27.7,11.6
0000000493,1610612738,201950,2025-26,Regular Season,2026-07-12,26.7,10.8
0000000496,1610612738,201950,2025-26,Regular Season,2026-07-18,27.6,8.6
0000000497,1610612738,201950,2025-26,Regular Season,2026-07-20,26.0,9.2
0000000498,1610612738,201950,2025-26,Regular Season,2026-07-22,28.3,6.8
0000000499,1610612738,201950,2025-26,Regular Season,2026-07-24,27.7,8.6
0000000500,1610612738,201950,2025-26,Regular Season,2026-07-26,28.6,11.2
0000000504,1610612738,201950,2025-26,Regular Season,2026-08-03,29.7,14.4
0000000509,1610612738,201950,2025-26,Regular Season,2026-08-13,32.1,15.4
0000000513,1610612738,201950,2025-26,Regular Season,2026-08-21,28.8,14.8
0000000518,1610612738,201950,2025-26,Regular Season,2026-08-31,28.2,15.6
0000000523,1610612738,201950,2025-26,Regular Season,2026-09-10,28.5,16.0
0000000526,1610612738,201950,2025-26,Regular Season,2026-09-16,29.0,14.0
0000000527,1610612738,201950,2025-26,Regular Season,2026-09-18,27.1,11.8
0000000528,1610612738,201950,2025-26,Regular Season,2026-09-20,28.9,14.4
0000000529,1610612738,201950,2025-26,Regular Season,2026-09-22,28.9,13.0
0000000530,1610612738,201950,2025-26,Regular Season,2026-09-24,27.1,12.4
0000000534,1610612738,201950,2025-26,Regular Season,2026-10-02,24.2,12.8
0000000539,1610612738,201950,2025-26,Regular Season,2026-10-12,25.9,14.2
0000000363,1610612738,1628464,2025-26,Regular Season,2025-10-25,34.5,9.0
0000000368,1610612738,1628464,2025-26,Regular Season,2025-11-04,34.9,10.5
0000000373,1610612738,1628464,2025-26,Regular Season,2025-11-14,35.3,7.7
0000000376,1610612738,1628464,2025-26,Regular Season,2025-11-20,35.8,8.3
0000000377,1610612738,1628464,2025-26,Regular Season,2025-11-22,33.6,11.8
0000000378,1610612738,1628464,2025-26,Regular Season,2025-11-24,30.6,12.8
0000000379,1610612738,1628464,2025-26,Regular Season,2025-11-26,30.9,12.4
0000000380,1610612738,1628464,2025-26,Regular Season,2025-11-28,28.3,15.8
0000000384,1610612738,1628464,2025-26,Regular Season,2025-12-06,28.3,17.0
0000000389,1610612738,1628464,2025-26,Regular Season,2025-12-16,28.7,13.2
0000000393,1610612738,1628464,2025-26,Regular Season,2025-12-24,29.4,13.0
0000000398,1610612738,1628464,2025-26,Regular Season,2026-01-03,29.4,14.2
0000000403,1610612738,1628464,2025-26,Regular Season,2026-01-13,30.3,12.6
0000000406,1610612738,1628464,2025-26,Regular Season,2026-01-19,28.5,14.4
0000000407,1610612738,1628464,2025-26,Regular Season,2026-01-21,27.9,14.6
0000000408,1610612738,1628464,2025-26,Regular Season,2026-01-23,29.7,16.0
0000000409,1610612738,1628464,2025-26,Regular Season,2026-01-25,30.0,14.6
0000000410,1610612738,1628464,2025-26,Regular Season,2026-01-27,29.7,15.4
0000000414,1610612738,1628464,2025-26,Regular Season,2026-02-04,30.4,13.2
0000000419,1610612738,1628464,2025-26,Regular Season,2026-02-14,29.3,16.0
0000000423,1610612738,1628464,2025-26,Regular Season,2026-02-22,29.5,15.2
0000000428,1610612738,1628464,2025-26,Regular Season,2026-03-04,26.8,16.2
0000000433,1610612738,1628464,2025-26,Regular Season,2026-03-14,27.0,16.4
0000000436,1610612738,1628464,2025-26,Regular Season,2026-03-20,27.7,15.6
0000000437,1610612738,1628464,2025-26,Regular Season,2026-03-22,30.9,14.2
0000000438,1610612738,1628464,2025-26,Regular Season,2026-03-24,30.5,11.2
0000000439,1610612738,1628464,2025-26,Regular Season,2026-03-26,32.3,10.2
0000000440,1610612738,1628464,2025-26,Regular Season,2026-03-28,31.8,8.0
0000000444,1610612738,1628464,2025-26,Regular Season,2026-04-05,29.0,9.6
0000000449,1610612738,1628464,2025-26,Regular Season,2026-04-15,27.9,11.0
0000000453,1610612738,1628464,2025-26,Regular Season,2026-04-23,27.3,15.2
0000000458,1610612738,1628464,2025-26,Regular Season,2026-05-03,27.5,15.4
0000000463,1610612738,1628464,2025-26,Regular Season,2026-05-13,28.7,16.0
0000000466,1610612738,1628464,2025-26,Regular Season,2026-05-19,29.3,16.0
0000000467,1610612738,1628464,2025-26,Regular Season,2026-05-21,31.1,15.0
0000000468,1610612738,1628464,2025-26,Regular Season,2026-05-23,33.0,15.6
0000000469,1610612738,1628464,2025-26,Regular Season,2026-05-25,33.6,17.2
0000000470,1610612738,1628464,2025-26,Regular Season,2026-05-27,31.7,18.6
0000000474,1610612738,1628464,2025-26,Regular Season,2026-06-04,34.0,20.0
0000000479,1610612738,1628464,2025-26,Regular Season,2026-06-14,32.5,19.6
0000000483,1610612738,1628464,2025-26,Regular Season,2026-06-22,30.6,17.0
0000000488,1610612738,1628464,2025-26,Regular Season,2026-07-02,28.4,15.4
0000000493,1610612738,1628464,2025-26,Regular Season,2026-07-12,28.3,13.8
0000000496,1610612738,1628464,2025-26,Regular Season,2026-07-18,25.9,10.2
0000000497,1610612738,1628464,2025-26,Regular Season,2026-07-20,26.8,8.6
0000000498,1610612738,1628464,2025-26,Regular Season,2026-07-22,26.4,8.2
0000000499,1610612738,1628464,2025-26,Regular Season,2026-07-24,26.4,7.6
0000000500,1610612738,1628464,2025-26,Regular Season,2026-07-26,28.5,9.4
0000000504,1610612738,1628464,2025-26,Regular Season,2026-08-03,29.6,9.2
0000000509,1610612738,1628464,2025-26,Regular Season,2026-08-13,29.6,13.2
0000000513,1610612738,1628464,2025-26,Regular Season,2026-08-21,28.9,13.0
0000000518,1610612738,1628464,2025-26,Regular Season,2026-08-31,28.0,14.8
0000000523,1610612738,1628464,2025-26,Regular Season,2026-09-10,27.4,13.6
0000000526,1610612738,1628464,2025-26,Regular Season,2026-09-16,28.7,16.8
0000000527,1610612738,1628464,2025-26,Regular Season,2026-09-18,26.2,15.0
0000000528,1610612738,1628464,2025-26,Regular Season,2026-09-20,28.1,16.6
0000000529,1610612738,1628464,2025-26,Regular Season,2026-09-22,30.9,18.0
0000000530,1610612738,1628464,2025-26,Regular Season,2026-09-24,29.2,18.4
0000000534,1610612738,1628464,2025-26,Regular Season,2026-10-02,28.3,16.2
0000000539,1610612738,1628464,2025-26,Regular Season,2026-10-12,28.8,13.8
0000000363,1610612738,203935,2025-26,Regular Season,2025-10-25,28.4,17.0
0000000368,1610612738,203935,2025-26,Regular Season,2025-11-04,28.4,17.5
0000000373,1610612738,203935,2025-26,Regular Season,2025-11-14,31.1,20.7
0000000376,1610612738,203935,2025-26,Regular Season,2025-11-20,29.7,18.5
0000000377,1610612738,203935,2025-26,Regular Season,2025-11-22,28.2,17.2
0000000378,1610612738,203935,2025-26,Regular Season,2025-11-24,27.1,18.6
0000000379,1610612738,203935,2025-26,Regular Season,2025-11-26,27.4,19.0
0000000380,1610612738,203935,2025-26,Regular Season,2025-11-28,25.5,17.8
0000000384,1610612738,203935,2025-26,Regular Season,2025-12-06,26.0,18.0
0000000389,1610612738,203935,2025-26,Regular Season,2025-12-16,26.4,20.8
0000000393,1610612738,203935,2025-26,Regular Season,2025-12-24,26.9,19.6
0000000398,1610612738,203935,2025-26,Regular Season,2026-01-03,26.1,18.8
0000000403,1610612738,203935,2025-26,Regular Season,2026-01-13,25.5,18.8
0000000406,1610612738,203935,2025-26,Regular Season,2026-01-19,24.7,19.2
0000000407,1610612738,203935,2025-26,Regular Season,2026-01-21,23.9,19.2
0000000408,1610612738,203935,2025-26,Regular Season,2026-01-23,24.6,18.4
0000000409,1610612738,203935,2025-26,Regular Season,2026-01-25,24.1,17.6
0000000410,1610612738,203935,2025-26,Regular Season,2026-01-27,26.8,15.8
0000000414,1610612738,203935,2025-26,Regular Season,2026-02-04,26.1,16.6
0000000419,1610612738,203935,2025-26,Regular Season,2026-02-14,29.5,16.4
0000000423,1610612738,203935,2025-26,Regular Season,2026-02-22,30.6,19.0
0000000428,1610612738,203935,2025-26,Regular Season,2026-03-04,29.8,20.4
0000000433,1610612738,203935,2025-26,Regular Season,2026-03-14,28.9,22.4
0000000436,1610612738,203935,2025-26,Regular Season,2026-03-20,31.1,21.6
0000000437,1610612738,203935,2025-26,Regular Season,2026-03-22,30.7,16.6
0000000438,1610612738,203935,2025-26,Regular Season,2026-03-24,30.7,14.4
0000000439,1610612738,203935,2025-26,Regular Season,2026-03-26,30.5,13.0
0000000440,1610612738,203935,2025-26,Regular Season,2026-03-28,29.4,12.0
0000000444,1610612738,203935,2025-26,Regular Season,2026-04-05,28.4,11.0
0000000449,1610612738,203935,2025-26,Regular Season,2026-04-15,25.2,15.6
0000000453,1610612738,203935,2025-26,Regular Season,2026-04-23,24.1,17.4
0000000458,1610612738,203935,2025-26,Regular Season,2026-05-03,27.7,18.6
0000000463,1610612738,203935,2025-26,Regular Season,2026-05-13,27.4,19.4
0000000466,1610612738,203935,2025-26,Regular Season,2026-05-19,27.2,19.8
0000000467,1610612738,203935,2025-26,Regular Season,2026-05-21,29.7,16.8
0000000468,1610612738,203935,2025-26,Regular Season,2026-05-23,29.1,14.4
0000000469,1610612738,203935,2025-26,Regular Season,2026-05-25,28.3,15.2
0000000470,1610612738,203935,2025-26,Regular Season,2026-05-27,29.7,14.8
0000000474,1610612738,203935,2025-26,Regular Season,2026-06-04,30.4,19.0
0000000479,1610612738,203935,2025-26,Regular Season,2026-06-14,30.4,21.2
0000000483,1610612738,203935,2025-26,Regular Season,2026-06-22,30.3,25.0
0000000488,1610612738,203935,2025-26,Regular Season,2026-07-02,29.0,27.2
0000000493,1610612738,203935,2025-26,Regular Season,2026-07-12,26.6,30.0
0000000496,1610612738,203935,2025-26,Regular Season,2026-07-18,25.8,27.4
0000000497,1610612738,203935,2025-26,Regular Season,2026-07-20,24.1,26.2
0000000498,1610612738,203935,2025-26,Regular Season,2026-07-22,24.0,23.2
0000000499,1610612738,203935,2025-26,Regular Season,2026-07-24,26.0,20.8
0000000500,1610612738,203935,2025-26,Regular Season,2026-07-26,26.0,18.0
0000000504,1610612738,203935,2025-26,Regular Season,2026-08-03,26.7,18.2
0000000509,1610612738,203935,2025-26,Regular Season,2026-08-13,27.2,17.2
0000000513,1610612738,203935,2025-26,Regular Season,2026-08-21,27.0,15.8
0000000518,1610612738,203935,2025-26,Regular Season,2026-08-31,27.3,16.0
0000000523,1610612738,203935,2025-26,Regular Season,2026-09-10,28.5,15.2
0000000526,1610612738,203935,2025-26,Regular Season,2026-09-16,26.8,13.8
0000000527,1610612738,203935,2025-26,Regular Season,2026-09-18,27.0,16.2
0000000528,1610612738,203935,2025-26,Regular Season,2026-09-20,28.3,18.0
0000000529,1610612738,203935,2025-26,Regular Season,2026-09-22,25.6,18.2
0000000530,1610612738,203935,2025-26,Regular Season,2026-09-24,24.7,19.2
0000000534,1610612738,203935,2025-26,Regular Season,2026-10-02,28.1,19.2
0000000539,1610612738,203935,2025-26,Regular Season,2026-10-12,29.8,19.0
0000000363,1610612738,1629057,2025-26,Regular Season,2025-10-25,36.3,11.0
0000000368,1610612738,1629057,2025-26,Regular Season,2025-11-04,27.4,8.5
0000000373,1610612738,1629057,2025-26,Regular Season,2025-11-14,27.5,5.7
0000000376,1610612738,1629057,2025-26,Regular Season,2025-11-20,29.4,5.8
0000000377,1610612738,1629057,2025-26,Regular Season,2025-11-22,31.0,5.6
0000000378,1610612738,1629057,2025-26,Regular Season,2025-11-24,28.8,6.4
0000000379,1610612738,1629057,2025-26,Regular Season,2025-11-26,31.5,5.4
0000000380,1610612738,1629057,2025-26,Regular Season,2025-11-28,31.3,8.0
0000000384,1610612738,1629057,2025-26,Regular Season,2025-12-06,31.8,7.6
0000000389,1610612738,1629057,2025-26,Regular Season,2025-12-16,31.1,8.0
0000000393,1610612738,1629057,2025-26,Regular Season,2025-12-24,30.9,5.8
0000000398,1610612738,1629057,2025-26,Regular Season,2026-01-03,30.9,5.8
0000000403,1610612738,1629057,2025-26,Regular Season,2026-01-13,29.5,7.0
0000000406,1610612738,1629057,2025-26,Regular Season,2026-01-19,26.6,11.2
0000000407,1610612738,1629057,2025-26,Regular Season,2026-01-21,27.4,11.6
0000000408,1610612738,1629057,2025-26,Regular Season,2026-01-23,30.1,13.6
0000000409,1610612738,1629057,2025-26,Regular Season,2026-01-25,28.4,14.2
0000000410,1610612738,1629057,2025-26,Regular Season,2026-01-27,29.8,10.8
0000000414,1610612738,1629057,2025-26,Regular Season,2026-02-04,31.2,6.2
0000000419,1610612738,1629057,2025-26,Regular Season,2026-02-14,30.3,6.8
0000000423,1610612738,1629057,2025-26,Regular Season,2026-02-22,28.2,7.6
0000000428,1610612738,1629057,2025-26,Regular Season,2026-03-04,29.5,7.2
0000000433,1610612738,1629057,2025-26,Regular Season,2026-03-14,31.8,7.0
0000000436,1610612738,1629057,2025-26,Regular Season,2026-03-20,29.6,6.6
0000000437,1610612738,1629057,2025-26,Regular Season,2026-03-22,29.8,7.0
0000000438,1610612738,1629057,2025-26,Regular Season,2026-03-24,30.2,6.6
0000000439,1610612738,1629057,2025-26,Regular Season,2026-03-26,29.1,7.0
0000000440,1610612738,1629057,2025-26,Regular Season,2026-03-28,25.9,7.6
0000000444,1610612738,1629057,2025-26,Regular Season,2026-04-05,27.7,12.0
0000000449,1610612738,1629057,2025-26,Regular Season,2026-04-15,25.8,10.0
0000000453,1610612738,1629057,2025-26,Regular Season,2026-04-23,26.8,8.6
0000000458,1610612738,1629057,2025-26,Regular Season,2026-05-03,29.5,9.2
0000000463,1610612738,1629057,2025-26,Regular Season,2026-05-13,29.8,8.4
0000000466,1610612738,1629057,2025-26,Regular Season,2026-05-19,29.5,6.6
0000000467,1610612738,1629057,2025-26,Regular Season,2026-05-21,32.1,8.4
0000000468,1610612738,1629057,2025-26,Regular Season,2026-05-23,28.7,7.4
0000000469,1610612738,1629057,2025-26,Regular Season,2026-05-25,26.9,6.8
0000000470,1610612738,1629057,2025-26,Regular Season,2026-05-27,28.9,9.4
0000000474,1610612738,1629057,2025-26,Regular Season,2026-06-04,29.8,6.8
0000000479,1610612738,1629057,2025-26,Regular Season,2026-06-14,26.9,6.2
0000000483,1610612738,1629057,2025-26,Regular Season,2026-06-22,27.9,5.4
0000000488,1610612738,1629057,2025-26,Regular Season,2026-07-02,29.3,7.8
0000000493,1610612738,1629057,2025-26,Regular Season,2026-07-12,27.1,6.6
0000000496,1610612738,1629057,2025-26,Regular Season,2026-07-18,27.5,9.0
0000000497,1610612738,1629057,2025-26,Regular Season,2026-07-20,28.0,8.2
0000000498,1610612738,1629057,2025-26,Regular Season,2026-07-22,27.9,9.0
0000000499,1610612738,1629057,2025-26,Regular Season,2026-07-24,27.6,6.6
0000000500,1610612738,1629057,2025-26,Regular Season,2026-07-26,27.8,5.6
0000000504,1610612738,1629057,2025-26,Regular Season,2026-08-03,27.3,4.8
0000000509,1610612738,1629057,2025-26,Regular Season,2026-08-13,29.1,3.6
0000000513,1610612738,1629057,2025-26,Regular Season,2026-08-21,30.2,4.4
0000000518,1610612738,1629057,2025-26,Regular Season,2026-08-31,27.5,7.4
0000000523,1610612738,1629057,2025-26,Regular Season,2026-09-10,26.7,8.0
0000000526,1610612738,1629057,2025-26,Regular Season,2026-09-16,24.8,9.4
0000000527,1610612738,1629057,2025-26,Regular Season,2026-09-18,21.5,9.8
0000000528,1610612738,1629057,2025-26,Regular Season,2026-09-20,22.2,9.8
0000000529,1610612738,1629057,2025-26,Regular Season,2026-09-22,25.3,9.4
0000000530,1610612738,1629057,2025-26,Regular Season,2026-09-24,27.7,8.4
0000000534,1610612738,1629057,2025-26,Regular Season,2026-10-02,29.2,8.0
0000000539,1610612738,1629057,2025-26,Regular Season,2026-10-12,32.6,8.4
0000000364,1610612752,1628973,2025-26,Regular Season,2025-10-27,35.9,25.0
0000000369,1610612752,1628973,2025-26,Regular Season,2025-11-06,36.1,21.0
0000000374,1610612752,1628973,2025-26,Regular Season,2025-11-16,35.2,18.7
0000000379,1610612752,1628973,2025-26,Regular Season,2025-11-26,32.3,20.5
0000000381,1610612752,1628973,2025-26,Regular Season,2025-11-30,29.7,20.8
0000000382,1610612752,1628973,2025-26,Regular Season,2025-12-02,27.6,20.6
0000000383,1610612752,1628973,2025-26,Regular Season,2025-12-04,27.7,23.8
0000000384,1610612752,1628973,2025-26,Regular Season,2025-12-06,27.8,26.8
0000000385,1610612752,1628973,2025-26,Regular Season,2025-12-08,29.5,27.8
0000000390,1610612752,1628973,2025-26,Regular Season,2025-12-18,30.6,29.6
0000000394,1610612752,1628973,2025-26,Regular Season,2025-12-26,30.9,30.8
0000000399,1610612752,1628973,2025-26,Regular Season,2026-01-05,27.8,30.4
0000000404,1610612752,1628973,2025-26,Regular Season,2026-01-15,27.6,28.8
0000000409,1610612752,1628973,2025-26,Regular Season,2026-01-25,25.6,26.8
0000000411,1610612752,1628973,2025-26,Regular Season,2026-01-29,27.2,26.6
0000000412,1610612752,1628973,2025-26,Regular Season,2026-01-31,28.4,25.8
0000000413,1610612752,1628973,2025-26,Regular Season,2026-02-02,28.8,24.6
0000000414,1610612752,1628973,2025-26,Regular Season,2026-02-04,27.4,27.8
0000000415,1610612752,1628973,2025-26,Regular Season,2026-02-06,28.4,28.2
0000000420,1610612752,1628973,2025-26,Regular Season,2026-02-16,26.9,28.8
0000000424,1610612752,1628973,2025-26,Regular Season,2026-02-24,24.2,27.8
0000000429,1610612752,1628973,2025-26,Regular Season,2026-03-06,26.3,26.8
0000000434,1610612752,1628973,2025-26,Regular Season,2026-03-16,28.0,25.4
0000000439,1610612752,1628973,2025-26,Regular Season,2026-03-26,27.6,27.4
0000000441,1610612752,1628973,2025-26,Regular Season,2026-03-30,26.9,27.4
0000000442,1610612752,1628973,2025-26,Regular Season,2026-04-01,28.8,28.8
0000000443,1610612752,1628973,2025-26,Regular Season,2026-04-03,27.1,29.2
0000000444,1610612752,1628973,2025-26,Regular Season,2026-04-05,25.9,29.8
0000000445,1610612752,1628973,2025-26,Regular Season,2026-04-07,25.3,28.2
0000000450,1610612752,1628973,2025-26,Regular Season,2026-04-17,27.7,27.4
0000000454,1610612752,1628973,2025-26,Regular Season,2026-04-25,28.1,27.8
0000000459,1610612752,1628973,2025-26,Regular Season,2026-05-05,28.6,26.8
0000000464,1610612752,1628973,2025-26,Regular Season,2026-05-15,28.5,27.0
0000000469,1610612752,1628973,2025-26,Regular Season,2026-05-25,31.6,25.2
0000000471,1610612752,1628973,2025-26,Regular Season,2026-05-29,29.0,24.6
0000000472,1610612752,1628973,2025-26,Regular Season,2026-05-31,27.1,24.0
0000000473,1610612752,1628973,2025-26,Regular Season,2026-06-02,28.7,25.6
0000000474,1610612752,1628973,2025-26,Regular Season,2026-06-04,27.3,22.8
0000000475,1610612752,1628973,2025-26,Regular Season,2026-06-06,26.2,24.0
0000000480,1610612752,1628973,2025-26,Regular Season,2026-06-16,26.2,23.2
0000000484,1610612752,1628973,2025-26,Regular Season,2026-06-24,26.9,22.8
0000000489,1610612752,1628973,2025-26,Regular Season,2026-07-04,24.0,23.4
0000000494,1610612752,1628973,2025-26,Regular Season,2026-07-14,24.9,25.2
0000000499,1610612752,1628973,2025-26,Regular Season,2026-07-24,25.7,26.8
0000000501,1610612752,1628973,2025-26,Regular Season,2026-07-28,27.1,28.0
0000000502,1610612752,1628973,2025-26,Regular Season,2026-07-30,27.4,25.6
0000000503,1610612752,1628973,2025-26,Regular Season,2026-08-01,28.2,24.8
0000000504,1610612752,1628973,2025-26,Regular Season,2026-08-03,26.9,24.0
0000000505,1610612752,1628973,2025-26,Regular Season,2026-08-05,25.4,20.4
0000000510,1610612752,1628973,2025-26,Regular Season,2026-08-15,26.4,17.8
0000000514,1610612752,1628973,2025-26,Regular Season,2026-08-23,27.8,20.2
0000000519,1610612752,1628973,2025-26,Regular Season,2026-09-02,27.7,20.8
0000000524,1610612752,1628973,2025-26,Regular Season,2026-09-12,30.7,23.2
0000000529,1610612752,1628973,2025-26,Regular Season,2026-09-22,31.8,24.6
0000000531,1610612752,1628973,2025-26,Regular Season,2026-09-26,29.9,26.4
0000000532,1610612752,1628973,2025-26,Regular Season,2026-09-28,27.5,25.4
0000000533,1610612752,1628973,2025-26,Regular Season,2026-09-30,26.7,23.8
0000000534,1610612752,1628973,2025-26,Regular Season,2026-10-02,26.0,22.6
0000000535,1610612752,1628973,2025-26,Regular Season,2026-10-04,25.8,22.8
0000000540,1610612752,1628973,2025-26,Regular Season,2026-10-14,25.8,25.0
0000000364,1610612752,1626157,2025-26,Regular Season,2025-10-27,23.1,27.0
0000000369,1610612752,1626157,2025-26,Regular Season,2025-11-06,26.4,22.5
0000000374,1610612752,1626157,2025-26,Regular Season,2025-11-16,29.6,21.7
0000000379,1610612752,1626157,2025-26,Regular Season,2025-11-26,28.1,17.8
0000000381,1610612752,1626157,2025-26,Regular Season,2025-11-30,27.3,16.6
0000000382,1610612752,1626157,2025-26,Regular Season,2025-12-02,26.5,15.4
0000000383,1610612752,1626157,2025-26,Regular Season,2025-12-04,25.5,16.8
0000000384,1610612752,1626157,2025-26,Regular Season,2025-12-06,24.7,15.8
0000000385,1610612752,1626157,2025-26,Regular Season,2025-12-08,25.6,18.2
0000000390,1610612752,1626157,2025-26,Regular Season,2025-12-18,25.6,21.4
0000000394,1610612752,1626157,2025-26,Regular Season,2025-12-26,28.0,21.6
0000000399,1610612752,1626157,2025-26,Regular Season,2026-01-05,29.3,22.0
0000000404,1610612752,1626157,2025-26,Regular Season,2026-01-15,29.0,23.2
0000000409,1610612752,1626157,2025-26,Regular Season,2026-01-25,29.4,24.6
0000000411,1610612752,1626157,2025-26,Regular Season,2026-01-29,32.1,23.2
0000000412,1610612752,1626157,2025-26,Regular Season,2026-01-31,31.4,23.6
0000000413,1610612752,1626157,2025-26,Regular Season,2026-02-02,30.1,24.6
0000000414,1610612752,1626157,2025-26,Regular Season,2026-02-04,27.8,23.0
0000000415,1610612752,1626157,2025-26,Regular Season,2026-02-06,28.1,22.6
0000000420,1610612752,1626157,2025-26,Regular Season,2026-02-16,26.7,22.2
0000000424,1610612752,1626157,2025-26,Regular Season,2026-02-24,28.6,22.4
0000000429,1610612752,1626157,2025-26,Regular Season,2026-03-06,28.7,20.6
0000000434,1610612752,1626157,2025-26,Regular Season,2026-03-16,29.1,22.4
0000000439,1610612752,1626157,2025-26,Regular Season,2026-03-26,26.7,22.0
0000000441,1610612752,1626157,2025-26,Regular Season,2026-03-30,24.5,21.2
0000000442,1610612752,1626157,2025-26,Regular Season,2026-04-01,24.6,20.6
0000000443,1610612752,1626157,2025-26,Regular Season,2026-04-03,25.9,18.6
0000000444,1610612752,1626157,2025-26,Regular Season,2026-04-05,28.0,20.6
0000000445,1610612752,1626157,2025-26,Regular Season,2026-04-07,30.5,19.4
0000000450,1610612752,1626157,2025-26,Regular Season,2026-04-17,34.0,19.4
0000000454,1610612752,1626157,2025-26,Regular Season,2026-04-25,31.2,18.0
0000000459,1610612752,1626157,2025-26,Regular Season,2026-05-05,30.3,19.6
0000000464,1610612752,1626157,2025-26,Regular Season,2026-05-15,29.6,16.4
0000000469,1610612752,1626157,2025-26,Regular Season,2026-05-25,27.7,17.2
0000000471,1610612752,1626157,2025-26,Regular Season,2026-05-29,26.3,19.6
0000000472,1610612752,1626157,2025-26,Regular Season,2026-05-31,29.0,19.0
0000000473,1610612752,1626157,2025-26,Regular Season,2026-06-02,30.5,19.4
0000000474,1610612752,1626157,2025-26,Regular Season,2026-06-04,30.8,21.0
0000000475,1610612752,1626157,2025-26,Regular Season,2026-06-06,33.1,22.4
0000000480,1610612752,1626157,2025-26,Regular Season,2026-06-16,32.0,21.2
0000000484,1610612752,1626157,2025-26,Regular Season,2026-06-24,28.5,26.4
0000000489,1610612752,1626157,2025-26,Regular Season,2026-07-04,27.6,24.6
0000000494,1610612752,1626157,2025-26,Regular Season,2026-07-14,29.1,24.0
0000000499,1610612752,1626157,2025-26,Regular Season,2026-07-24,28.9,24.6
0000000501,1610612752,1626157,2025-26,Regular Season,2026-07-28,29.8,24.0
0000000502,1610612752,1626157,2025-26,Regular Season,2026-07-30,29.7,20.4
0000000503,1610612752,1626157,2025-26,Regular Season,2026-08-01,28.5,21.0
0000000504,1610612752,1626157,2025-26,Regular Season,2026-08-03,25.1,20.2
0000000505,1610612752,1626157,2025-26,Regular Season,2026-08-05,22.9,20.2
0000000510,1610612752,1626157,2025-26,Regular Season,2026-08-15,21.7,21.0
0000000514,1610612752,1626157,2025-26,Regular Season,2026-08-23,24.0,21.2
0000000519,1610612752,1626157,2025-26,Regular Season,2026-09-02,25.7,21.6
0000000524,1610612752,1626157,2025-26,Regular Season,2026-09-12,25.5,23.4
0000000529,1610612752,1626157,2025-26,Regular Season,2026-09-22,27.5,21.0
0000000531,1610612752,1626157,2025-26,Regular Season,2026-09-26,29.7,19.8
0000000532,1610612752,1626157,2025-26,Regular Season,2026-09-28,28.5,19.0
0000000533,1610612752,1626157,2025-26,Regular Season,2026-09-30,27.0,18.2
0000000534,1610612752,1626157,2025-26,Regular Season,2026-10-02,27.1,15.8
0000000535,1610612752,1626157,2025-26,Regular Season,2026-10-04,25.0,18.0
0000000540,1610612752,1626157,2025-26,Regular Season,2026-10-14,24.9,22.0
0000000364,1610612752,1629628,2025-26,Regular Season,2025-10-27,28.9,23.0
0000000369,1610612752,1629628,2025-26,Regular Season,2025-11-06,27.0,21.5
0000000374,1610612752,1629628,2025-26,Regular Season,2025-11-16,24.2,21.0
0000000379,1610612752,1629628,2025-26,Regular Season,2025-11-26,23.9,19.0
0000000381,1610612752,1629628,2025-26,Regular Season,2025-11-30,23.0,17.6
0000000382,1610612752,1629628,2025-26,Regular Season,2025-12-02,23.1,17.0
0000000383,1610612752,1629628,2025-26,Regular Season,2025-12-04,25.1,17.6
0000000384,1610612752,1629628,2025-26,Regular Season,2025-12-06,26.7,17.6
0000000385,1610612752,1629628,2025-26,Regular Season,2025-12-08,27.3,17.6
0000000390,1610612752,1629628,2025-26,Regular Season,2025-12-18,30.5,19.2
0000000394,1610612752,1629628,2025-26,Regular Season,2025-12-26,29.9,17.8
0000000399,1610612752,1629628,2025-26,Regular Season,2026-01-05,27.0,18.4
0000000404,1610612752,1629628,2025-26,Regular Season,2026-01-15,28.4,18.2
0000000409,1610612752,1629628,2025-26,Regular Season,2026-01-25,27.7,18.2
0000000411,1610612752,1629628,2025-26,Regular Season,2026-01-29,25.3,17.0
0000000412,1610612752,1629628,2025-26,Regular Season,2026-01-31,24.3,17.6
0000000413,1610612752,1629628,2025-26,Regular Season,2026-02-02,26.8,15.2
0000000414,1610612752,1629628,2025-26,Regular Season,2026-02-04,24.5,15.8
0000000415,1610612752,1629628,2025-26,Regular Season,2026-02-06,25.0,16.4
0000000420,1610612752,1629628,2025-26,Regular Season,2026-02-16,27.2,17.0
0000000424,1610612752,1629628,2025-26,Regular Season,2026-02-24,27.6,15.6
0000000429,1610612752,1629628,2025-26,Regular Season,2026-03-06,24.6,18.2
0000000434,1610612752,1629628,2025-26,Regular Season,2026-03-16,26.9,18.4
0000000439,1610612752,1629628,2025-26,Regular Season,2026-03-26,27.7,20.2
0000000441,1610612752,1629628,2025-26,Regular Season,2026-03-30,27.9,23.0
0000000442,1610612752,1629628,2025-26,Regular Season,2026-04-01,30.0,23.8
0000000443,1610612752,1629628,2025-26,Regular Season,2026-04-03,30.7,20.6
0000000444,1610612752,1629628,2025-26,Regular Season,2026-04-05,28.9,20.0
0000000445,1610612752,1629628,2025-26,Regular Season,2026-04-07,26.9,18.6
0000000450,1610612752,1629628,2025-26,Regular Season,2026-04-17,24.1,15.8
0000000454,1610612752,1629628,2025-26,Regular Season,2026-04-25,24.2,18.4
0000000459,1610612752,1629628,2025-26,Regular Season,2026-05-05,24.6,20.4
0000000464,1610612752,1629628,2025-26,Regular Season,2026-05-15,25.6,19.0
0000000469,1610612752,1629628,2025-26,Regular Season,2026-05-25,25.9,18.2
0000000471,1610612752,1629628,2025-26,Regular Season,2026-05-29,27.2,16.4
0000000472,1610612752,1629628,2025-26,Regular Season,2026-05-31,27.6,14.2
0000000473,1610612752,1629628,2025-26,Regular Season,2026-06-02,28.2,12.6
0000000474,1610612752,1629628,2025-26,Regular Season,2026-06-04,29.2,14.2
0000000475,1610612752,1629628,2025-26,Regular Season,2026-06-06,29.8,13.8
0000000480,1610612752,1629628,2025-26,Regular Season,2026-06-16,30.6,15.4
0000000484,1610612752,1629628,2025-26,Regular Season,2026-06-24,29.9,16.4
0000000489,1610612752,1629628,2025-26,Regular Season,2026-07-04,28.6,17.6
0000000494,1610612752,1629628,2025-26,Regular Season,2026-07-14,28.7,15.8
0000000499,1610612752,1629628,2025-26,Regular Season,2026-07-24,28.6,17.6
0000000501,1610612752,1629628,2025-26,Regular Season,2026-07-28,26.5,18.2
0000000502,1610612752,1629628,2025-26,Regular Season,2026-07-30,25.9,18.0
0000000503,1610612752,1629628,2025-26,Regular Season,2026-08-01,27.2,15.2
0000000504,1610612752,1629628,2025-26,Regular Season,2026-08-03,25.6,15.8
0000000505,1610612752,1629628,2025-26,Regular Season,2026-08-05,27.2,13.2
0000000510,1610612752,1629628,2025-26,Regular Season,2026-08-15,30.5,14.4
0000000514,1610612752,1629628,2025-26,Regular Season,2026-08-23,28.6,12.6
0000000519,1610612752,1629628,2025-26,Regular Season,2026-09-02,29.7,15.2
0000000524,1610612752,1629628,2025-26,Regular Season,2026-09-12,29.1,16.0
0000000529,1610612752,1629628,2025-26,Regular Season,2026-09-22,29.6,17.8
0000000531,1610612752,1629628,2025-26,Regular Season,2026-09-26,26.9,14.6
0000000532,1610612752,1629628,2025-26,Regular Season,2026-09-28,28.7,14.6
0000000533,1610612752,1629628,2025-26,Regular Season,2026-09-30,25.8,15.4
0000000534,1610612752,1629628,2025-26,Regular Season,2026-10-02,24.9,14.8
0000000535,1610612752,1629628,2025-26,Regular Season,2026-10-04,23.7,16.4
0000000540,1610612752,1629628,2025-26,Regular Season,2026-10-14,23.7,16.6
0000000364,1610612752,1630193,2025-26,Regular Season,2025-10-27,23.4,14.0
0000000369,1610612752,1630193,2025-26,Regular Season,2025-11-06,24.6,10.0
0000000374,1610612752,1630193,2025-26,Regular Season,2025-11-16,26.7,10.3
0000000379,1610612752,1630193,2025-26,Regular Season,2025-11-26,26.7,10.0
0000000381,1610612752,1630193,2025-26,Regular Season,2025-11-30,25.5,9.2
0000000382,1610612752,1630193,2025-26,Regular Season,2025-12-02,28.1,9.0
0000000383,1610612752,1630193,2025-26,Regular Season,2025-12-04,29.8,10.0
0000000384,1610612752,1630193,2025-26,Regular Season,2025-12-06,27.2,8.6
0000000385,1610612752,1630193,2025-26,Regular Season,2025-12-08,26.8,8.2
0000000390,1610612752,1630193,2025-26,Regular Season,2025-12-18,26.7,10.2
0000000394,1610612752,1630193,2025-26,Regular Season,2025-12-26,25.3,9.4
0000000399,1610612752,1630193,2025-26,Regular Season,2026-01-05,23.1,7.4
0000000404,1610612752,1630193,2025-26,Regular Season,2026-01-15,24.0,9.0
0000000409,1610612752,1630193,2025-26,Regular Season,2026-01-25,25.4,10.6
0000000411,1610612752,1630193,2025-26,Regular Season,2026-01-29,27.8,8.0
0000000412,1610612752,1630193,2025-26,Regular Season,2026-01-31,25.8,8.4
0000000413,1610612752,1630193,2025-26,Regular Season,2026-02-02,28.7,9.0
0000000414,1610612752,1630193,2025-26,Regular Season,2026-02-04,29.8,11.0
0000000415,1610612752,1630193,2025-26,Regular Season,2026-02-06,29.4,11.6
0000000420,1610612752,1630193,2025-26,Regular Season,2026-02-16,30.0,13.2
0000000424,1610612752,1630193,2025-26,Regular Season,2026-02-24,33.0,13.6
0000000429,1610612752,1630193,2025-26,Regular Season,2026-03-06,30.2,15.0
0000000434,1610612752,1630193,2025-26,Regular Season,2026-03-16,30.4,13.8
0000000439,1610612752,1630193,2025-26,Regular Season,2026-03-26,29.0,13.4
0000000441,1610612752,1630193,2025-26,Regular Season,2026-03-30,26.9,15.0
0000000442,1610612752,1630193,2025-26,Regular Season,2026-04-01,25.4,15.6
0000000443,1610612752,1630193,2025-26,Regular Season,2026-04-03,26.6,16.2
0000000444,1610612752,1630193,2025-26,Regular Season,2026-04-05,26.0,14.6
0000000445,1610612752,1630193,2025-26,Regular Season,2026-04-07,29.1,14.0
0000000450,1610612752,1630193,2025-26,Regular Season,2026-04-17,28.6,13.0
0000000454,1610612752,1630193,2025-26,Regular Season,2026-04-25,30.1,12.0
0000000459,1610612752,1630193,2025-26,Regular Season,2026-05-05,29.7,12.2
0000000464,1610612752,1630193,2025-26,Regular Season,2026-05-15,29.5,13.6
0000000469,1610612752,1630193,2025-26,Regular Season,2026-05-25,25.6,14.4
0000000471,1610612752,1630193,2025-26,Regular Season,2026-05-29,28.3,14.4
0000000472,1610612752,1630193,2025-26,Regular Season,2026-05-31,28.2,14.2
0000000473,1610612752,1630193,2025-26,Regular Season,2026-06-02,29.4,15.8
0000000474,1610612752,1630193,2025-26,Regular Season,2026-06-04,29.3,15.8
0000000475,1610612752,1630193,2025-26,Regular Season,2026-06-06,32.8,14.4
0000000480,1610612752,1630193,2025-26,Regular Season,2026-06-16,31.8,13.8
0000000484,1610612752,1630193,2025-26,Regular Season,2026-06-24,30.5,13.4
0000000489,1610612752,1630193,2025-26,Regular Season,2026-07-04,29.7,10.4
0000000494,1610612752,1630193,2025-26,Regular Season,2026-07-14,30.1,8.8
0000000499,1610612752,1630193,2025-26,Regular Season,2026-07-24,27.0,7.6
0000000501,1610612752,1630193,2025-26,Regular Season,2026-07-28,26.1,9.0
0000000502,1610612752,1630193,2025-26,Regular Season,2026-07-30,26.4,9.8
0000000503,1610612752,1630193,2025-26,Regular Season,2026-08-01,24.6,10.8
0000000504,1610612752,1630193,2025-26,Regular Season,2026-08-03,25.5,11.4
0000000505,1610612752,1630193,2025-26,Regular Season,2026-08-05,26.6,11.8
0000000510,1610612752,1630193,2025-26,Regular Season,2026-08-15,28.9,9.4
0000000514,1610612752,1630193,2025-26,Regular Season,2026-08-23,28.0,9.4
0000000519,1610612752,1630193,2025-26,Regular Season,2026-09-02,30.2,10.8
0000000524,1610612752,1630193,2025-26,Regular Season,2026-09-12,28.0,13.2
0000000529,1610612752,1630193,2025-26,Regular Season,2026-09-22,29.6,16.8
0000000531,1610612752,1630193,2025-26,Regular Season,2026-09-26,26.1,17.8
0000000532,1610612752,1630193,2025-26,Regular Season,2026-09-28,28.1,19.2
0000000533,1610612752,1630193,2025-26,Regular Season,2026-09-30,27.2,19.4
0000000534,1610612752,1630193,2025-26,Regular Season,2026-10-02,30.0,17.8
0000000535,1610612752,1630193,2025-26,Regular Season,2026-10-04,30.6,14.8
0000000540,1610612752,1630193,2025-26,Regular Season,2026-10-14,34.0,15.8
0000000364,1610612752,203944,2025-26,Regular Season,2025-10-27,26.7,26.0
0000000369,1610612752,203944,2025-26,Regular Season,2025-11-06,23.0,23.0
0000000374,1610612752,203944,2025-26,Regular Season,2025-11-16,22.8,25.7
0000000379,1610612752,203944,2025-26,Regular Season,2025-11-26,24.6,27.8
0000000381,1610612752,203944,2025-26,Regular Season,2025-11-30,25.0,27.2
0000000382,1610612752,203944,2025-26,Regular Season,2025-12-02,25.6,27.0
0000000383,1610612752,203944,2025-26,Regular Season,2025-12-04,27.5,27.2
0000000384,1610612752,203944,2025-26,Regular Season,2025-12-06,30.6,25.4
0000000385,1610612752,203944,2025-26,Regular Season,2025-12-08,31.2,23.2
0000000390,1610612752,203944,2025-26,Regular Season,2025-12-18,30.8,20.0
0000000394,1610612752,203944,2025-26,Regular Season,2025-12-26,28.6,19.4
0000000399,1610612752,203944,2025-26,Regular Season,2026-01-05,27.2,19.4
0000000404,1610612752,203944,2025-26,Regular Season,2026-01-15,24.9,17.8
0000000409,1610612752,203944,2025-26,Regular Season,2026-01-25,22.1,17.6
0000000411,1610612752,203944,2025-26,Regular Season,2026-01-29,22.4,20.0
0000000412,1610612752,203944,2025-26,Regular Season,2026-01-31,22.9,19.2
0000000413,1610612752,203944,2025-26,Regular Season,2026-02-02,23.3,17.6
0000000414,1610612752,203944,2025-26,Regular Season,2026-02-04,23.8,17.6
0000000415,1610612752,203944,2025-26,Regular Season,2026-02-06,24.7,17.2
0000000420,1610612752,203944,2025-26,Regular Season,2026-02-16,23.4,17.2
0000000424,1610612752,203944,2025-26,Regular Season,2026-02-24,24.0,17.0
0000000429,1610612752,203944,2025-26,Regular Season,2026-03-06,25.9,19.8
0000000434,1610612752,203944,2025-26,Regular Season,2026-03-16,24.3,20.6
0000000439,1610612752,203944,2025-26,Regular Season,2026-03-26,24.1,19.6
0000000441,1610612752,203944,2025-26,Regular Season,2026-03-30,26.4,19.8
0000000442,1610612752,203944,2025-26,Regular Season,2026-04-01,26.2,22.0
0000000443,1610612752,203944,2025-26,Regular Season,2026-04-03,24.7,20.2
0000000444,1610612752,203944,2025-26,Regular Season,2026-04-05,25.4,23.4
0000000445,1610612752,203944,2025-26,Regular Season,2026-04-07,28.3,24.4
0000000450,1610612752,203944,2025-26,Regular Season,2026-04-17,28.2,23.2
0000000454,1610612752,203944,2025-26,Regular Season,2026-04-25,29.7,20.0
0000000459,1610612752,203944,2025-26,Regular Season,2026-05-05,29.0,20.6
0000000464,1610612752,203944,2025-26,Regular Season,2026-05-15,31.4,15.8
0000000469,1610612752,203944,2025-26,Regular Season,2026-05-25,28.0,16.0
0000000471,1610612752,203944,2025-26,Regular Season,2026-05-29,26.9,17.0
0000000472,1610612752,203944,2025-26,Regular Season,2026-05-31,24.9,17.6
0000000473,1610612752,203944,2025-26,Regular Season,2026-06-02,25.7,16.8
0000000474,1610612752,203944,2025-26,Regular Season,2026-06-04,25.2,19.2
0000000475,1610612752,203944,2025-26,Regular Season,2026-06-06,26.2,17.8
0000000480,1610612752,203944,2025-26,Regular Season,2026-06-16,26.0,17.0
0000000484,1610612752,203944,2025-26,Regular Season,2026-06-24,28.9,18.4
0000000489,1610612752,203944,2025-26,Regular Season,2026-07-04,30.2,20.0
0000000494,1610612752,203944,2025-26,Regular Season,2026-07-14,29.8,17.8
0000000499,1610612752,203944,2025-26,Regular Season,2026-07-24,32.0,20.4
0000000501,1610612752,203944,2025-26,Regular Season,2026-07-28,33.3,23.8
0000000502,1610612752,203944,2025-26,Regular Season,2026-07-30,30.7,23.4
0000000503,1610612752,203944,2025-26,Regular Season,2026-08-01,30.6,22.8
0000000504,1610612752,203944,2025-26,Regular Season,2026-08-03,30.2,22.8
0000000505,1610612752,203944,2025-26,Regular Season,2026-08-05,27.2,20.6
0000000510,1610612752,203944,2025-26,Regular Season,2026-08-15,27.7,18.2
0000000514,1610612752,203944,2025-26,Regular Season,2026-08-23,29.3,17.6
0000000519,1610612752,203944,2025-26,Regular Season,2026-09-02,29.5,18.8
0000000524,1610612752,203944,2025-26,Regular Season,2026-09-12,30.8,20.8
0000000529,1610612752,203944,2025-26,Regular Season,2026-09-22,31.8,22.2
0000000531,1610612752,203944,2025-26,Regular Season,2026-09-26,30.9,21.4
0000000532,1610612752,203944,2025-26,Regular Season,2026-09-28,31.7,22.4
0000000533,1610612752,203944,2025-26,Regular Season,2026-09-30,31.6,21.2
0000000534,1610612752,203944,2025-26,Regular Season,2026-10-02,28.1,20.8
0000000535,1610612752,203944,2025-26,Regular Season,2026-10-04,28.9,22.0
0000000540,1610612752,203944,2025-26,Regular Season,2026-10-14,28.0,20.0
0000000364,1610612752,1631216,2025-26,Regular Season,2025-10-27,18.4,6.0
0000000369,1610612752,1631216,2025-26,Regular Season,2025-11-06,23.9,3.0
0000000374,1610612752,1631216,2025-26,Regular Season,2025-11-16,25.0,2.0
0000000379,1610612752,1631216,2025-26,Regular Season,2025-11-26,28.1,1.5
0000000381,1610612752,1631216,2025-26,Regular Season,2025-11-30,27.5,1.6
0000000382,1610612752,1631216,2025-26,Regular Season,2025-12-02,29.4,1.0
0000000383,1610612752,1631216,2025-26,Regular Season,2025-12-04,27.7,1.0
0000000384,1610612752,1631216,2025-26,Regular Season,2025-12-06,28.2,1.0
0000000385,1610612752,1631216,2025-26,Regular Season,2025-12-08,25.8,3.0
0000000390,1610612752,1631216,2025-26,Regular Season,2025-12-18,25.4,2.8
0000000394,1610612752,1631216,2025-26,Regular Season,2025-12-26,27.0,4.2
0000000399,1610612752,1631216,2025-26,Regular Season,2026-01-05,29.9,5.8
0000000404,1610612752,1631216,2025-26,Regular Season,2026-01-15,29.6,8.6
0000000409,1610612752,1631216,2025-26,Regular Season,2026-01-25,31.9,8.6
0000000411,1610612752,1631216,2025-26,Regular Season,2026-01-29,34.3,11.4
0000000412,1610612752,1631216,2025-26,Regular Season,2026-01-31,32.4,11.0
0000000413,1610612752,1631216,2025-26,Regular Season,2026-02-02,29.2,9.8
0000000414,1610612752,1631216,2025-26,Regular Season,2026-02-04,28.0,7.2
0000000415,1610612752,1631216,2025-26,Regular Season,2026-02-06,27.7,6.6
0000000420,1610612752,1631216,2025-26,Regular Season,2026-02-16,25.0,5.0
0000000424,1610612752,1631216,2025-26,Regular Season,2026-02-24,25.6,6.2
0000000429,1610612752,1631216,2025-26,Regular Season,2026-03-06,28.8,7.6
0000000434,1610612752,1631216,2025-26,Regular Season,2026-03-16,31.7,8.6
0000000439,1610612752,1631216,2025-26,Regular Season,2026-03-26,29.6,7.8
0000000441,1610612752,1631216,2025-26,Regular Season,2026-03-30,32.4,8.2
0000000442,1610612752,1631216,2025-26,Regular Season,2026-04-01,31.3,7.0
0000000443,1610612752,1631216,2025-26,Regular Season,2026-04-03,29.0,8.2
0000000444,1610612752,1631216,2025-26,Regular Season,2026-04-05,28.7,7.8
0000000445,1610612752,1631216,2025-26,Regular Season,2026-04-07,29.1,7.2
0000000450,1610612752,1631216,2025-26,Regular Season,2026-04-17,29.0,7.8
0000000454,1610612752,1631216,2025-26,Regular Season,2026-04-25,30.2,10.4
0000000459,1610612752,1631216,2025-26,Regular Season,2026-05-05,30.6,7.4
0000000464,1610612752,1631216,2025-26,Regular Season,2026-05-15,29.6,9.0
0000000469,1610612752,1631216,2025-26,Regular Season,2026-05-25,30.4,9.0
0000000471,1610612752,1631216,2025-26,Regular Season,2026-05-29,27.8,8.8
0000000472,1610612752,1631216,2025-26,Regular Season,2026-05-31,26.7,4.6
0000000473,1610612752,1631216,2025-26,Regular Season,2026-06-02,27.3,4.6
0000000474,1610612752,1631216,2025-26,Regular Season,2026-06-04,25.2,2.2
0000000475,1610612752,1631216,2025-26,Regular Season,2026-06-06,25.7,3.2
0000000480,1610612752,1631216,2025-26,Regular Season,2026-06-16,27.9,2.4
0000000484,1610612752,1631216,2025-26,Regular Season,2026-06-24,27.6,3.6
0000000489,1610612752,1631216,2025-26,Regular Season,2026-07-04,25.6,4.8
0000000494,1610612752,1631216,2025-26,Regular Season,2026-07-14,29.2,7.6
0000000499,1610612752,1631216,2025-26,Regular Season,2026-07-24,26.5,6.6
0000000501,1610612752,1631216,2025-26,Regular Season,2026-07-28,25.7,7.4
0000000502,1610612752,1631216,2025-26,Regular Season,2026-07-30,25.8,7.4
0000000503,1610612752,1631216,2025-26,Regular Season,2026-08-01,28.2,6.4
0000000504,1610612752,1631216,2025-26,Regular Season,2026-08-03,25.2,6.8
0000000505,1610612752,1631216,2025-26,Regular Season,2026-08-05,24.9,8.4
0000000510,1610612752,1631216,2025-26,Regular Season,2026-08-15,24.9,9.4
0000000514,1610612752,1631216,2025-26,Regular Season,2026-08-23,26.1,8.4
0000000519,1610612752,1631216,2025-26,Regular Season,2026-09-02,25.8,8.2
0000000524,1610612752,1631216,2025-26,Regular Season,2026-09-12,27.1,6.4
0000000529,1610612752,1631216,2025-26,Regular Season,2026-09-22,30.2,6.2
0000000531,1610612752,1631216,2025-26,Regular Season,2026-09-26,31.3,3.6
0000000532,1610612752,1631216,2025-26,Regular Season,2026-09-28,32.6,4.4
0000000533,1610612752,1631216,2025-26,Regular Season,2026-09-30,32.7,4.4
0000000534,1610612752,1631216,2025-26,Regular Season,2026-10-02,31.2,3.2
0000000535,1610612752,1631216,2025-26,Regular Season,2026-10-04,28.8,1.8
0000000540,1610612752,1631216,2025-26,Regular Season,2026-10-14,27.8,1.2
0000000365,1610612748,202710,2025-26,Regular Season,2025-10-29,21.6,18.0
0000000370,1610612748,202710,2025-26,Regular Season,2025-11-08,22.8,17.0
0000000375,1610612748,202710,2025-26,Regular Season,2025-11-18,26.6,18.7
0000000380,1610612748,202710,2025-26,Regular Season,2025-11-28,29.0,23.0
0000000385,1610612748,202710,2025-26,Regular Season,2025-12-08,29.0,21.8
0000000386,1610612748,202710,2025-26,Regular Season,2025-12-10,30.4,21.2
0000000387,1610612748,202710,2025-26,Regular Season,2025-12-12,32.8,21.6
0000000388,1610612748,202710,2025-26,Regular Season,2025-12-14,29.8,18.6
0000000389,1610612748,202710,2025-26,Regular Season,2025-12-16,27.5,15.6
0000000390,1610612748,202710,2025-26,Regular Season,2025-12-18,26.7,17.2
0000000395,1610612748,202710,2025-26,Regular Season,2025-12-28,27.1,17.4
0000000400,1610612748,202710,2025-26,Regular Season,2026-01-07,26.2,18.6
0000000405,1610612748,202710,2025-26,Regular Season,2026-01-17,28.7,21.8
0000000410,1610612748,202710,2025-26,Regular Season,2026-01-27,29.3,23.0
0000000415,1610612748,202710,2025-26,Regular Season,2026-02-06,29.3,21.2
0000000416,1610612748,202710,2025-26,Regular Season,2026-02-08,27.2,22.6
0000000417,1610612748,202710,2025-26,Regular Season,2026-02-10,26.3,22.0
0000000418,1610612748,202710,2025-26,Regular Season,2026-02-12,25.1,20.4
0000000419,1610612748,202710,2025-26,Regular Season,2026-02-14,24.4,18.6
0000000420,1610612748,202710,2025-26,Regular Season,2026-02-16,25.8,18.0
0000000425,1610612748,202710,2025-26,Regular Season,2026-02-26,28.3,15.0
0000000430,1610612748,202710,2025-26,Regular Season,2026-03-08,30.0,15.2
0000000435,1610612748,202710,2025-26,Regular Season,2026-03-18,31.6,16.2
0000000440,1610612748,202710,2025-26,Regular Season,2026-03-28,33.0,17.0
0000000445,1610612748,202710,2025-26,Regular Season,2026-04-07,32.8,20.2
0000000446,1610612748,202710,2025-26,Regular Season,2026-04-09,32.2,22.4
0000000447,1610612748,202710,2025-26,Regular Season,2026-04-11,31.9,21.2
0000000448,1610612748,202710,2025-26,Regular Season,2026-04-13,30.9,22.8
0000000449,1610612748,202710,2025-26,Regular Season,2026-04-15,31.8,21.4
0000000450,1610612748,202710,2025-26,Regular Season,2026-04-17,30.0,22.0
0000000455,1610612748,202710,2025-26,Regular Season,2026-04-27,28.5,24.0
0000000460,1610612748,202710,2025-26,Regular Season,2026-05-07,27.4,25.4
0000000465,1610612748,202710,2025-26,Regular Season,2026-05-17,25.6,21.6
0000000470,1610612748,202710,2025-26,Regular Season,2026-05-27,24.8,20.8
0000000475,1610612748,202710,2025-26,Regular Season,2026-06-06,24.3,17.0
0000000476,1610612748,202710,2025-26,Regular Season,2026-06-08,25.6,15.6
0000000477,1610612748,202710,2025-26,Regular Season,2026-06-10,25.0,16.2
0000000478,1610612748,202710,2025-26,Regular Season,2026-06-12,24.8,18.8
0000000479,1610612748,202710,2025-26,Regular Season,2026-06-14,22.2,22.4
0000000480,1610612748,202710,2025-26,Regular Season,2026-06-16,24.3,24.0
0000000485,1610612748,202710,2025-26,Regular Season,2026-06-26,23.8,24.0
0000000490,1610612748,202710,2025-26,Regular Season,2026-07-06,25.4,22.4
0000000495,1610612748,202710,2025-26,Regular Season,2026-07-16,28.5,21.2
0000000500,1610612748,202710,2025-26,Regular Season,2026-07-26,30.0,20.0
0000000505,1610612748,202710,2025-26,Regular Season,2026-08-05,30.8,22.8
0000000506,1610612748,202710,2025-26,Regular Season,2026-08-07,29.6,23.6
0000000507,1610612748,202710,2025-26,Regular Season,2026-08-09,26.5,25.8
0000000508,1610612748,202710,2025-26,Regular Season,2026-08-11,26.2,26.6
0000000509,1610612748,202710,2025-26,Regular Season,2026-08-13,25.2,25.4
0000000510,1610612748,202710,2025-26,Regular Season,2026-08-15,24.3,21.4
0000000515,1610612748,202710,2025-26,Regular Season,2026-08-25,27.5,21.4
0000000520,1610612748,202710,2025-26,Regular Season,2026-09-04,27.8,21.6
0000000525,1610612748,202710,2025-26,Regular Season,2026-09-14,25.1,22.4
0000000530,1610612748,202710,2025-26,Regular Season,2026-09-24,26.7,24.2
0000000535,1610612748,202710,2025-26,Regular Season,2026-10-04,25.4,25.6
0000000536,1610612748,202710,2025-26,Regular Season,2026-10-06,24.6,25.6
0000000537,1610612748,202710,2025-26,Regular Season,2026-10-08,27.8,25.6
0000000538,1610612748,202710,2025-26,Regular Season,2026-10-10,28.1,24.8
0000000539,1610612748,202710,2025-26,Regular Season,2026-10-12,28.4,23.0
0000000540,1610612748,202710,2025-26,Regular Season,2026-10-14,29.2,22.0
0000000365,1610612748,1629639,2025-26,Regular Season,2025-10-29,37.6,16.0
0000000370,1610612748,1629639,2025-26,Regular Season,2025-11-08,30.5,15.5
0000000375,1610612748,1629639,2025-26,Regular Season,2025-11-18,31.8,18.7
0000000380,1610612748,1629639,2025-26,Regular Season,2025-11-28,29.6,19.5
0000000385,1610612748,1629639,2025-26,Regular Season,2025-12-08,30.5,18.2
0000000386,1610612748,1629639,2025-26,Regular Season,2025-12-10,27.6,18.6
0000000387,1610612748,1629639,2025-26,Regular Season,2025-12-12,29.1,19.6
0000000388,1610612748,1629639,2025-26,Regular Season,2025-12-14,28.5,21.2
0000000389,1610612748,1629639,2025-26,Regular Season,2025-12-16,28.7,21.8
0000000390,1610612748,1629639,2025-26,Regular Season,2025-12-18,26.3,24.0
0000000395,1610612748,1629639,2025-26,Regular Season,2025-12-28,28.8,23.2
0000000400,1610612748,1629639,2025-26,Regular Season,2026-01-07,26.5,24.2
0000000405,1610612748,1629639,2025-26,Regular Season,2026-01-17,26.1,21.4
0000000410,1610612748,1629639,2025-26,Regular Season,2026-01-27,28.9,22.8
0000000415,1610612748,1629639,2025-26,Regular Season,2026-02-06,29.7,21.2
0000000416,1610612748,1629639,2025-26,Regular Season,2026-02-08,27.8,22.6
0000000417,1610612748,1629639,2025-26,Regular Season,2026-02-10,30.5,22.2
0000000418,1610612748,1629639,2025-26,Regular Season,2026-02-12,31.7,21.6
0000000419,1610612748,1629639,2025-26,Regular Season,2026-02-14,31.4,20.2
0000000420,1610612748,1629639,2025-26,Regular Season,2026-02-16,30.0,20.0
0000000425,1610612748,1629639,2025-26,Regular Season,2026-02-26,30.2,19.4
0000000430,1610612748,1629639,2025-26,Regular Season,2026-03-08,30.8,17.8
0000000435,1610612748,1629639,2025-26,Regular Season,2026-03-18,30.4,19.2
0000000440,1610612748,1629639,2025-26,Regular Season,2026-03-28,27.1,17.0
0000000445,1610612748,1629639,2025-26,Regular Season,2026-04-07,28.4,16.2
0000000446,1610612748,1629639,2025-26,Regular Season,2026-04-09,26.7,16.6
0000000447,1610612748,1629639,2025-26,Regular Season,2026-04-11,23.2,18.0
0000000448,1610612748,1629639,2025-26,Regular Season,2026-04-13,21.8,15.0
0000000449,1610612748,1629639,2025-26,Regular Season,2026-04-15,23.3,16.2
0000000450,1610612748,1629639,2025-26,Regular Season,2026-04-17,24.9,16.2
0000000455,1610612748,1629639,2025-26,Regular Season,2026-04-27,28.0,16.2
0000000460,1610612748,1629639,2025-26,Regular Season,2026-05-07,31.0,14.8
0000000465,1610612748,1629639,2025-26,Regular Season,2026-05-17,32.6,17.6
0000000470,1610612748,1629639,2025-26,Regular Season,2026-05-27,32.1,19.6
0000000475,1610612748,1629639,2025-26,Regular Season,2026-06-06,31.2,21.8
0000000476,1610612748,1629639,2025-26,Regular Season,2026-06-08,30.9,22.4
0000000477,1610612748,1629639,2025-26,Regular Season,2026-06-10,30.8,21.4
0000000478,1610612748,1629639,2025-26,Regular Season,2026-06-12,31.2,19.6
0000000479,1610612748,1629639,2025-26,Regular Season,2026-06-14,33.2,19.0
0000000480,1610612748,1629639,2025-26,Regular Season,2026-06-16,32.9,16.4
0000000485,1610612748,1629639,2025-26,Regular Season,2026-06-26,34.0,14.8
0000000490,1610612748,1629639,2025-26,Regular Season,2026-07-06,33.0,16.8
0000000495,1610612748,1629639,2025-26,Regular Season,2026-07-16,32.0,17.0
0000000500,1610612748,1629639,2025-26,Regular Season,2026-07-26,29.6,14.4
0000000505,1610612748,1629639,2025-26,Regular Season,2026-08-05,31.5,16.4
0000000506,1610612748,1629639,2025-26,Regular Season,2026-08-07,28.9,19.0
0000000507,1610612748,1629639,2025-26,Regular Season,2026-08-09,29.5,17.6
0000000508,1610612748,1629639,2025-26,Regular Season,2026-08-11,27.4,19.6
0000000509,1610612748,1629639,2025-26,Regular Season,2026-08-13,28.7,21.0
0000000510,1610612748,1629639,2025-26,Regular Season,2026-08-15,28.1,18.8
0000000515,1610612748,1629639,2025-26,Regular Season,2026-08-25,28.4,16.2
0000000520,1610612748,1629639,2025-26,Regular Season,2026-09-04,29.3,19.2
0000000525,1610612748,1629639,2025-26,Regular Season,2026-09-14,31.5,19.2
0000000530,1610612748,1629639,2025-26,Regular Season,2026-09-24,29.8,16.2
0000000535,1610612748,1629639,2025-26,Regular Season,2026-10-04,26.7,18.6
0000000536,1610612748,1629639,2025-26,Regular Season,2026-10-06,25.6,16.8
0000000537,1610612748,1629639,2025-26,Regular Season,2026-10-08,22.9,15.6
0000000538,1610612748,1629639,2025-26,Regular Season,2026-10-10,24.0,13.2
0000000539,1610612748,1629639,2025-26,Regular Season,2026-10-12,24.2,15.6
0000000540,1610612748,1629639,2025-26,Regular Season,2026-10-14,27.9,14.0
0000000365,1610612748,202355,2025-26,Regular Season,2025-10-29,37.7,18.0
0000000370,1610612748,202355,2025-26,Regular Season,2025-11-08,37.2,21.5
0000000375,1610612748,202355,2025-26,Regular Season,2025-11-18,35.7,20.3
0000000380,1610612748,202355,2025-26,Regular Season,2025-11-28,31.8,19.3
0000000385,1610612748,202355,2025-26,Regular Season,2025-12-08,31.1,19.4
0000000386,1610612748,202355,2025-26,Regular Season,2025-12-10,28.6,20.0
0000000387,1610612748,202355,2025-26,Regular Season,2025-12-12,26.1,18.4
0000000388,1610612748,202355,2025-26,Regular Season,2025-12-14,25.3,19.6
0000000389,1610612748,202355,2025-26,Regular Season,2025-12-16,26.1,21.8
0000000390,1610612748,202355,2025-26,Regular Season,2025-12-18,26.2,21.4
0000000395,1610612748,202355,2025-26,Regular Season,2025-12-28,27.2,23.4
0000000400,1610612748,202355,2025-26,Regular Season,2026-01-07,26.4,22.4
0000000405,1610612748,202355,2025-26,Regular Season,2026-01-17,25.6,20.8
0000000410,1610612748,202355,2025-26,Regular Season,2026-01-27,26.0,20.2
0000000415,1610612748,202355,2025-26,Regular Season,2026-02-06,26.5,20.6
0000000416,1610612748,202355,2025-26,Regular Season,2026-02-08,26.9,18.0
0000000417,1610612748,202355,2025-26,Regular Season,2026-02-10,29.1,19.2
0000000418,1610612748,202355,2025-26,Regular Season,2026-02-12,30.7,20.0
0000000419,1610612748,202355,2025-26,Regular Season,2026-02-14,31.1,19.4
0000000420,1610612748,202355,2025-26,Regular Season,2026-02-16,32.1,18.0
0000000425,1610612748,202355,2025-26,Regular Season,2026-02-26,32.2,19.4
0000000430,1610612748,202355,2025-26,Regular Season,2026-03-08,30.8,20.2
0000000435,1610612748,202355,2025-26,Regular Season,2026-03-18,30.7,18.6
0000000440,1610612748,202355,2025-26,Regular Season,2026-03-28,32.4,19.0
0000000445,1610612748,202355,2025-26,Regular Season,2026-04-07,29.3,21.2
0000000446,1610612748,202355,2025-26,Regular Season,2026-04-09,27.8,21.4
0000000447,1610612748,202355,2025-26,Regular Season,2026-04-11,27.6,20.8
0000000448,1610612748,202355,2025-26,Regular Season,2026-04-13,26.5,21.8
0000000449,1610612748,202355,2025-26,Regular Season,2026-04-15,23.2,21.8
0000000450,1610612748,202355,2025-26,Regular Season,2026-04-17,26.4,20.0
0000000455,1610612748,202355,2025-26,Regular Season,2026-04-27,26.1,20.6
0000000460,1610612748,202355,2025-26,Regular Season,2026-05-07,29.0,20.6
0000000465,1610612748,202355,2025-26,Regular Season,2026-05-17,29.5,21.2
0000000470,1610612748,202355,2025-26,Regular Season,2026-05-27,30.1,21.0
0000000475,1610612748,202355,2025-26,Regular Season,2026-06-06,26.9,23.2
0000000476,1610612748,202355,2025-26,Regular Season,2026-06-08,27.1,21.8
0000000477,1610612748,202355,2025-26,Regular Season,2026-06-10,25.5,22.2
0000000478,1610612748,202355,2025-26,Regular Season,2026-06-12,23.4,20.4
0000000479,1610612748,202355,2025-26,Regular Season,2026-06-14,23.7,19.4
0000000480,1610612748,202355,2025-26,Regular Season,2026-06-16,27.0,17.6
0000000485,1610612748,202355,2025-26,Regular Season,2026-06-26,28.0,17.4
0000000490,1610612748,202355,2025-26,Regular Season,2026-07-06,27.7,17.2
0000000495,1610612748,202355,2025-26,Regular Season,2026-07-16,28.1,19.6
0000000500,1610612748,202355,2025-26,Regular Season,2026-07-26,30.3,20.6
0000000505,1610612748,202355,2025-26,Regular Season,2026-08-05,29.9,22.0
0000000506,1610612748,202355,2025-26,Regular Season,2026-08-07,29.0,20.2
0000000507,1610612748,202355,2025-26,Regular Season,2026-08-09,30.0,18.6
0000000508,1610612748,202355,2025-26,Regular Season,2026-08-11,32.5,18.2
0000000509,1610612748,202355,2025-26,Regular Season,2026-08-13,31.0,17.2
0000000510,1610612748,202355,2025-26,Regular Season,2026-08-15,31.2,14.4
0000000515,1610612748,202355,2025-26,Regular Season,2026-08-25,33.6,16.2
0000000520,1610612748,202355,2025-26,Regular Season,2026-09-04,30.8,19.2
0000000525,1610612748,202355,2025-26,Regular Season,2026-09-14,30.9,19.2
0000000530,1610612748,202355,2025-26,Regular Season,2026-09-24,30.9,18.2
0000000535,1610612748,202355,2025-26,Regular Season,2026-10-04,28.7,18.4
0000000536,1610612748,202355,2025-26,Regular Season,2026-10-06,27.2,17.6
0000000537,1610612748,202355,2025-26,Regular Season,2026-10-08,28.5,17.2
0000000538,1610612748,202355,2025-26,Regular Season,2026-10-10,28.4,15.8
0000000539,1610612748,202355,2025-26,Regular Season,2026-10-12,27.3,15.4
0000000540,1610612748,202355,2025-26,Regular Season,2026-10-14,26.1,15.8
0000000365,1610612748,1631170,2025-26,Regular Season,2025-10-29,27.1,7.0
0000000370,1610612748,1631170,2025-26,Regular Season,2025-11-08,28.6,11.0
0000000375,1610612748,1631170,2025-26,Regular Season,2025-11-18,30.4,13.0
0000000380,1610612748,1631170,2025-26,Regular Season,2025-11-28,27.9,11.8
0000000385,1610612748,1631170,2025-26,Regular Season,2025-12-08,28.3,12.2
0000000386,1610612748,1631170,2025-26,Regular Season,2025-12-10,26.5,13.0
0000000387,1610612748,1631170,2025-26,Regular Season,2025-12-12,26.0,13.4
0000000388,1610612748,1631170,2025-26,Regular Season,2025-12-14,26.5,12.0
0000000389,1610612748,1631170,2025-26,Regular Season,2025-12-16,29.1,12.6
0000000390,1610612748,1631170,2025-26,Regular Season,2025-12-18,28.7,14.0
0000000395,1610612748,1631170,2025-26,Regular Season,2025-12-28,32.3,16.0
0000000400,1610612748,1631170,2025-26,Regular Season,2026-01-07,33.8,15.0
0000000405,1610612748,1631170,2025-26,Regular Season,2026-01-17,32.0,14.8
0000000410,1610612748,1631170,2025-26,Regular Season,2026-01-27,30.5,14.8
0000000415,1610612748,1631170,2025-26,Regular Season,2026-02-06,31.4,12.6
0000000416,1610612748,1631170,2025-26,Regular Season,2026-02-08,28.0,10.0
0000000417,1610612748,1631170,2025-26,Regular Season,2026-02-10,27.7,9.8
0000000418,1610612748,1631170,2025-26,Regular Season,2026-02-12,27.4,10.4
0000000419,1610612748,1631170,2025-26,Regular Season,2026-02-14,26.1,11.2
0000000420,1610612748,1631170,2025-26,Regular Season,2026-02-16,24.0,11.6
0000000425,1610612748,1631170,2025-26,Regular Season,2026-02-26,26.9,10.8
0000000430,1610612748,1631170,2025-26,Regular Season,2026-03-08,26.3,11.4
0000000435,1610612748,1631170,2025-26,Regular Season,2026-03-18,27.8,10.4
0000000440,1610612748,1631170,2025-26,Regular Season,2026-03-28,29.8,9.0
0000000445,1610612748,1631170,2025-26,Regular Season,2026-04-07,30.4,8.6
0000000446,1610612748,1631170,2025-26,Regular Season,2026-04-09,28.0,9.0
0000000447,1610612748,1631170,2025-26,Regular Season,2026-04-11,28.1,9.0
0000000448,1610612748,1631170,2025-26,Regular Season,2026-04-13,27.5,9.2
0000000449,1610612748,1631170,2025-26,Regular Season,2026-04-15,26.6,9.2
0000000450,1610612748,1631170,2025-26,Regular Season,2026-04-17,27.9,10.6
0000000455,1610612748,1631170,2025-26,Regular Season,2026-04-27,28.4,11.0
0000000460,1610612748,1631170,2025-26,Regular Season,2026-05-07,27.1,8.8
0000000465,1610612748,1631170,2025-26,Regular Season,2026-05-17,27.2,9.6
0000000470,1610612748,1631170,2025-26,Regular Season,2026-05-27,28.8,9.4
0000000475,1610612748,1631170,2025-26,Regular Season,2026-06-06,26.9,7.8
0000000476,1610612748,1631170,2025-26,Regular Season,2026-06-08,27.6,8.4
0000000477,1610612748,1631170,2025-26,Regular Season,2026-06-10,28.1,9.8
0000000478,1610612748,1631170,2025-26,Regular Season,2026-06-12,25.7,8.4
0000000479,1610612748,1631170,2025-26,Regular Season,2026-06-14,25.0,10.0
0000000480,1610612748,1631170,2025-26,Regular Season,2026-06-16,24.6,9.8
0000000485,1610612748,1631170,2025-26,Regular Season,2026-06-26,22.7,8.6
0000000490,1610612748,1631170,2025-26,Regular Season,2026-07-06,20.9,11.2
0000000495,1610612748,1631170,2025-26,Regular Season,2026-07-16,23.3,13.6
0000000500,1610612748,1631170,2025-26,Regular Season,2026-07-26,24.6,12.6
0000000505,1610612748,1631170,2025-26,Regular Season,2026-08-05,28.0,13.8
0000000506,1610612748,1631170,2025-26,Regular Season,2026-08-07,30.9,14.4
0000000507,1610612748,1631170,2025-26,Regular Season,2026-08-09,32.6,11.2
0000000508,1610612748,1631170,2025-26,Regular Season,2026-08-11,31.4,8.6
0000000509,1610612748,1631170,2025-26,Regular Season,2026-08-13,31.5,6.8
0000000510,1610612748,1631170,2025-26,Regular Season,2026-08-15,30.9,8.2
0000000515,1610612748,1631170,2025-26,Regular Season,2026-08-25,31.5,8.2
0000000520,1610612748,1631170,2025-26,Regular Season,2026-09-04,30.7,7.4
0000000525,1610612748,1631170,2025-26,Regular Season,2026-09-14,32.0,9.0
0000000530,1610612748,1631170,2025-26,Regular Season,2026-09-24,32.0,9.0
0000000535,1610612748,1631170,2025-26,Regular Season,2026-10-04,29.4,7.6
0000000536,1610612748,1631170,2025-26,Regular Season,2026-10-06,28.2,7.8
0000000537,1610612748,1631170,2025-26,Regular Season,2026-10-08,29.5,10.6
0000000538,1610612748,1631170,2025-26,Regular Season,2026-10-10,27.9,11.2
0000000539,1610612748,1631170,2025-26,Regular Season,2026-10-12,24.7,12.8
0000000540,1610612748,1631170,2025-26,Regular Season,2026-10-14,24.9,12.4
0000000365,1610612748,203482,2025-26,Regular Season,2025-10-29,28.7,6.0
0000000370,1610612748,203482,2025-26,Regular Season,2025-11-08,30.3,8.0
0000000375,1610612748,203482,2025-26,Regular Season,2025-11-18,29.9,11.3
0000000380,1610612748,203482,2025-26,Regular Season,2025-11-28,27.5,12.3
0000000385,1610612748,203482,2025-26,Regular Season,2025-12-08,29.5,12.4
0000000386,1610612748,203482,2025-26,Regular Season,2025-12-10,31.0,13.4
0000000387,1610612748,203482,2025-26,Regular Season,2025-12-12,30.9,14.2
0000000388,1610612748,203482,2025-26,Regular Season,2025-12-14,32.6,11.2
0000000389,1610612748,203482,2025-26,Regular Season,2025-12-16,35.5,10.6
0000000390,1610612748,203482,2025-26,Regular Season,2025-12-18,34.7,8.0
0000000395,1610612748,203482,2025-26,Regular Season,2025-12-28,32.9,8.2
0000000400,1610612748,203482,2025-26,Regular Season,2026-01-07,32.6,7.4
0000000405,1610612748,203482,2025-26,Regular Season,2026-01-17,30.2,9.4
0000000410,1610612748,203482,2025-26,Regular Season,2026-01-27,30.1,10.6
0000000415,1610612748,203482,2025-26,Regular Season,2026-02-06,30.2,13.2
0000000416,1610612748,203482,2025-26,Regular Season,2026-02-08,29.5,11.8
0000000417,1610612748,203482,2025-26,Regular Season,2026-02-10,29.6,11.8
0000000418,1610612748,203482,2025-26,Regular Season,2026-02-12,29.1,10.4
0000000419,1610612748,203482,2025-26,Regular Season,2026-02-14,26.1,8.0
0000000420,1610612748,203482,2025-26,Regular Season,2026-02-16,23.7,7.4
0000000425,1610612748,203482,2025-26,Regular Season,2026-02-26,24.7,8.0
0000000430,1610612748,203482,2025-26,Regular Season,2026-03-08,23.1,7.6
0000000435,1610612748,203482,2025-26,Regular Season,2026-03-18,25.6,6.4
0000000440,1610612748,203482,2025-26,Regular Season,2026-03-28,27.1,5.4
0000000445,1610612748,203482,2025-26,Regular Season,2026-04-07,27.6,6.4
0000000446,1610612748,203482,2025-26,Regular Season,2026-04-09,25.9,6.6
0000000447,1610612748,203482,2025-26,Regular Season,2026-04-11,28.0,5.0
0000000448,1610612748,203482,2025-26,Regular Season,2026-04-13,26.1,6.0
0000000449,1610612748,203482,2025-26,Regular Season,2026-04-15,26.0,7.8
0000000450,1610612748,203482,2025-26,Regular Season,2026-04-17,26.2,6.4
0000000455,1610612748,203482,2025-26,Regular Season,2026-04-27,29.3,5.4
0000000460,1610612748,203482,2025-26,Regular Season,2026-05-07,27.7,5.6
0000000465,1610612748,203482,2025-26,Regular Season,2026-05-17,27.7,7.4
0000000470,1610612748,203482,2025-26,Regular Season,2026-05-27,28.9,5.4
0000000475,1610612748,203482,2025-26,Regular Season,2026-06-06,27.7,6.4
0000000476,1610612748,203482,2025-26,Regular Season,2026-06-08,27.0,5.6
0000000477,1610612748,203482,2025-26,Regular Season,2026-06-10,27.9,9.4
0000000478,1610612748,203482,2025-26,Regular Season,2026-06-12,26.9,7.2
0000000479,1610612748,203482,2025-26,Regular Season,2026-06-14,25.3,8.2
0000000480,1610612748,203482,2025-26,Regular Season,2026-06-16,28.6,8.2
0000000485,1610612748,203482,2025-26,Regular Season,2026-06-26,25.9,10.0
0000000490,1610612748,203482,2025-26,Regular Season,2026-07-06,26.6,7.2
0000000495,1610612748,203482,2025-26,Regular Season,2026-07-16,26.4,6.6
0000000500,1610612748,203482,2025-26,Regular Season,2026-07-26,28.2,6.6
0000000505,1610612748,203482,2025-26,Regular Season,2026-08-05,25.5,5.8
0000000506,1610612748,203482,2025-26,Regular Season,2026-08-07,27.2,4.8
0000000507,1610612748,203482,2025-26,Regular Season,2026-08-09,27.0,4.0
0000000508,1610612748,203482,2025-26,Regular Season,2026-08-11,28.6,4.2
0000000509,1610612748,203482,2025-26,Regular Season,2026-08-13,29.7,5.6
0000000510,1610612748,203482,2025-26,Regular Season,2026-08-15,32.6,5.4
0000000515,1610612748,203482,2025-26,Regular Season,2026-08-25,32.3,5.4
0000000520,1610612748,203482,2025-26,Regular Season,2026-09-04,31.5,8.0
0000000525,1610612748,203482,2025-26,Regular Season,2026-09-14,31.2,11.0
0000000530,1610612748,203482,2025-26,Regular Season,2026-09-24,28.5,11.8
0000000535,1610612748,203482,2025-26,Regular Season,2026-10-04,26.7,10.2
0000000536,1610612748,203482,2025-26,Regular Season,2026-10-06,28.4,12.2
0000000537,1610612748,203482,2025-26,Regular Season,2026-10-08,27.5,11.6
0000000538,1610612748,203482,2025-26,Regular Season,2026-10-10,28.1,9.8
0000000539,1610612748,203482,2025-26,Regular Season,2026-10-12,26.9,8.0
0000000540,1610612748,203482,2025-26,Regular Season,2026-10-14,27.4,8.4
0000000365,1610612748,1631107,2025-26,Regular Season,2025-10-29,23.6,0.0
0000000370,1610612748,1631107,2025-26,Regular Season,2025-11-08,29.0,2.0
0000000375,1610612748,1631107,2025-26,Regular Season,2025-11-18,27.0,7.0
0000000380,1610612748,1631107,2025-26,Regular Season,2025-11-28,28.9,7.8
0000000385,1610612748,1631107,2025-26,Regular Season,2025-12-08,27.1,8.2
0000000386,1610612748,1631107,2025-26,Regular Season,2025-12-10,28.3,11.8
0000000387,1610612748,1631107,2025-26,Regular Season,2025-12-12,26.9,11.6
0000000388,1610612748,1631107,2025-26,Regular Season,2025-12-14,28.8,9.4
0000000389,1610612748,1631107,2025-26,Regular Season,2025-12-16,25.5,11.2
0000000390,1610612748,1631107,2025-26,Regular Season,2025-12-18,26.9,11.8
0000000395,1610612748,1631107,2025-26,Regular Season,2025-12-28,28.1,9.8
0000000400,1610612748,1631107,2025-26,Regular Season,2026-01-07,28.6,12.2
0000000405,1610612748,1631107,2025-26,Regular Season,2026-01-17,28.0,11.2
0000000410,1610612748,1631107,2025-26,Regular Season,2026-01-27,29.0,9.2
0000000415,1610612748,1631107,2025-26,Regular Season,2026-02-06,28.0,8.6
0000000416,1610612748,1631107,2025-26,Regular Season,2026-02-08,26.5,7.0
0000000417,1610612748,1631107,2025-26,Regular Season,2026-02-10,28.1,7.4
0000000418,1610612748,1631107,2025-26,Regular Season,2026-02-12,26.2,8.4
0000000419,1610612748,1631107,2025-26,Regular Season,2026-02-14,27.2,6.6
0000000420,1610612748,1631107,2025-26,Regular Season,2026-02-16,26.5,6.8
0000000425,1610612748,1631107,2025-26,Regular Season,2026-02-26,26.1,7.2
0000000430,1610612748,1631107,2025-26,Regular Season,2026-03-08,24.7,4.8
0000000435,1610612748,1631107,2025-26,Regular Season,2026-03-18,27.1,6.4
0000000440,1610612748,1631107,2025-26,Regular Season,2026-03-28,25.4,8.8
0000000445,1610612748,1631107,2025-26,Regular Season,2026-04-07,28.1,6.8
0000000446,1610612748,1631107,2025-26,Regular Season,2026-04-09,30.2,6.8
0000000447,1610612748,1631107,2025-26,Regular Season,2026-04-11,31.6,5.8
0000000448,1610612748,1631107,2025-26,Regular Season,2026-04-13,29.1,5.0
0000000449,1610612748,1631107,2025-26,Regular Season,2026-04-15,31.2,5.0
0000000450,1610612748,1631107,2025-26,Regular Season,2026-04-17,30.2,4.8
0000000455,1610612748,1631107,2025-26,Regular Season,2026-04-27,28.4,4.4
0000000460,1610612748,1631107,2025-26,Regular Season,2026-05-07,26.7,4.8
0000000465,1610612748,1631107,2025-26,Regular Season,2026-05-17,27.0,2.8
0000000470,1610612748,1631107,2025-26,Regular Season,2026-05-27,24.6,0.4
0000000475,1610612748,1631107,2025-26,Regular Season,2026-06-06,25.9,4.0
0000000476,1610612748,1631107,2025-26,Regular Season,2026-06-08,27.1,5.6
0000000477,1610612748,1631107,2025-26,Regular Season,2026-06-10,28.3,6.8
0000000478,1610612748,1631107,2025-26,Regular Season,2026-06-12,28.8,8.6
0000000479,1610612748,1631107,2025-26,Regular Season,2026-06-14,29.4,9.6
0000000480,1610612748,1631107,2025-26,Regular Season,2026-06-16,30.1,8.8
0000000485,1610612748,1631107,2025-26,Regular Season,2026-06-26,27.3,8.6
0000000490,1610612748,1631107,2025-26,Regular Season,2026-07-06,25.5,10.2
0000000495,1610612748,1631107,2025-26,Regular Season,2026-07-16,26.8,11.2
0000000500,1610612748,1631107,2025-26,Regular Season,2026-07-26,27.3,12.0
0000000505,1610612748,1631107,2025-26,Regular Season,2026-08-05,27.0,10.8
0000000506,1610612748,1631107,2025-26,Regular Season,2026-08-07,30.5,11.8
0000000507,1610612748,1631107,2025-26,Regular Season,2026-08-09,29.7,9.4
0000000508,1610612748,1631107,2025-26,Regular Season,2026-08-11,28.7,8.6
0000000509,1610612748,1631107,2025-26,Regular Season,2026-08-13,28.5,8.0
0000000510,1610612748,1631107,2025-26,Regular Season,2026-08-15,27.8,8.8
0000000515,1610612748,1631107,2025-26,Regular Season,2026-08-25,24.0,9.4
0000000520,1610612748,1631107,2025-26,Regular Season,2026-09-04,26.4,8.8
0000000525,1610612748,1631107,2025-26,Regular Season,2026-09-14,26.6,9.8
0000000530,1610612748,1631107,2025-26,Regular Season,2026-09-24,25.9,8.6
0000000535,1610612748,1631107,2025-26,Regular Season,2026-10-04,24.6,7.8
0000000536,1610612748,1631107,2025-26,Regular Season,2026-10-06,25.5,5.0
0000000537,1610612748,1631107,2025-26,Regular Season,2026-10-08,23.9,6.0
0000000538,1610612748,1631107,2025-26,Regular Season,2026-10-10,24.4,4.2
0000000539,1610612748,1631107,2025-26,Regular Season,2026-10-12,27.3,5.0
0000000540,1610612748,1631107,2025-26,Regular Season,2026-10-14,28.0,4.8
