game_id,team_id,team_abbr,team_name,player_id,player_name,season,season_type,game_date,opponent_team_id,opponent_team_abbr,opponent_team_name,is_home,is_away,wl,minutes,pts,fgm,fga,fg3m,fg3a,ftm,fta,oreb,dreb,reb,ast,stl,blk,tov,pf,plus_minus
0000000001,1610612747,LAL,Los Angeles Lakers,2544,LeBron James,2023-24,Regular Season,2023-10-24,1610612744,GSW,Golden State Warriors,True,False,W,21.7,30,12,18,6,7,1,1,0,6,6,8,3,2,2,0,-10
0000000001,1610612747,LAL,Los Angeles Lakers,1629029,Luka Dončić,2023-24,Regular Season,2023-10-24,1610612744,GSW,Golden State Warriors,True,False,W,23.6,31,12,20,0,3,2,2,0,14,14,14,4,3,0,3,-11
0000000001,1610612747,LAL,Los Angeles Lakers,203076,Anthony Davis,2023-24,Regular Season,2023-10-24,1610612744,GSW,Golden State Warriors,True,False,W,18.6,23,9,13,0,3,4,4,2,13,15,3,3,1,4,1,-10
0000000001,1610612747,LAL,Los Angeles Lakers,1630559,Austin Reaves,2023-24,Regular Season,2023-10-24,1610612744,GSW,Golden State Warriors,True,False,W,30.6,16,6,13,0,0,1,7,3,1,4,6,0,2,0,1,11
0000000001,1610612747,LAL,Los Angeles Lakers,1626156,Dalton Knecht,2023-24,Regular Season,2023-10-24,1610612744,GSW,Golden State Warriors,True,False,W,30.7,15,6,12,0,0,1,3,0,0,0,0,2,1,5,1,4
0000000001,1610612747,LAL,Los Angeles Lakers,1629020,Rui Hachimura,2023-24,Regular Season,2023-10-24,1610612744,GSW,Golden State Warriors,True,False,W,27.1,2,1,5,1,1,2,6,1,0,1,0,3,0,0,5,9
0000000001,1610612744,GSW,Golden State Warriors,201939,Stephen Curry,2023-24,Regular Season,2023-10-24,1610612747,LAL,Los Angeles Lakers,False,True,L,34.9,13,5,10,2,6,6,6,4,0,4,1,4,1,3,4,-7
0000000001,1610612744,GSW,Golden State Warriors,202691,Klay Thompson,2023-24,Regular Season,2023-10-24,1610612747,LAL,Los Angeles Lakers,False,True,L,25.7,17,6,13,1,1,0,0,2,0,2,1,3,3,5,5,10
0000000001,1610612744,GSW,Golden State Warriors,203110,Draymond Green,2023-24,Regular Season,2023-10-24,1610612747,LAL,Los Angeles Lakers,False,True,L,33.2,1,2,5,2,5,3,3,1,4,5,3,3,0,3,2,-10
0000000001,1610612744,GSW,Golden State Warriors,1630228,Jonathan Kuminga,2023-24,Regular Season,2023-10-24,1610612747,LAL,Los Angeles Lakers,False,True,L,35.7,11,4,11,3,10,2,8,4,0,4,0,3,2,4,1,-9
0000000001,1610612744,GSW,Golden State Warriors,1626172,Kevon Looney,2023-24,Regular Season,2023-10-24,1610612747,LAL,Los Angeles Lakers,False,True,L,34.8,7,2,4,2,2,0,3,1,5,6,0,0,0,1,1,-3
0000000001,1610612744,GSW,Golden State Warriors,1630541,Brandin Podziemski,2023-24,Regular Season,2023-10-24,1610612747,LAL,Los Angeles Lakers,False,True,L,22.9,0,1,8,1,8,2,7,0,0,0,1,4,1,3,3,-15
0000000002,1610612747,LAL,Los Angeles Lakers,2544,LeBron James,2023-24,Regular Season,2023-10-26,1610612743,DEN,Denver Nuggets,True,False,W,25.7,22,9,15,9,10,2,3,1,9,10,9,3,3,2,4,15
0000000002,1610612747,LAL,Los Angeles Lakers,1629029,Luka Dončić,2023-24,Regular Season,2023-10-26,1610612743,DEN,Denver Nuggets,True,False,W,23.1,23,9,12,0,0,0,2,4,4,8,7,2,2,1,5,4
0000000002,1610612747,LAL,Los Angeles Lakers,203076,Anthony Davis,2023-24,Regular Season,2023-10-26,1610612743,DEN,Denver Nuggets,True,False,W,25.3,17,6,13,3,3,1,4,4,13,17,2,4,2,0,3,10
0000000002,1610612747,LAL,Los Angeles Lakers,1630559,Austin Reaves,2023-24,Regular Season,2023-10-26,1610612743,DEN,Denver Nuggets,True,False,W,22.6,10,4,7,0,0,1,7,2,0,2,6,0,0,1,1,13
0000000002,1610612747,LAL,Los Angeles Lakers,1626156,Dalton Knecht,2023-24,Regular Season,2023-10-26,1610612743,DEN,Denver Nuggets,True,False,W,23.8,8,6,7,6,7,2,4,2,0,2,0,2,2,0,2,-17
0000000002,1610612747,LAL,Los Angeles Lakers,1629020,Rui Hachimura,2023-24,Regular Season,2023-10-26,1610612743,DEN,Denver Nuggets,True,False,W,28.6,13,6,12,6,8,2,3,0,0,0,1,3,1,0,5,7
0000000002,1610612743,DEN,Denver Nuggets,203999,Nikola Jokić,2023-24,Regular Season,2023-10-26,1610612747,LAL,Los Angeles Lakers,False,True,L,30.0,27,10,19,0,1,3,3,1,16,17,6,2,1,3,2,-2
0000000002,1610612743,DEN,Denver Nuggets,1627750,Jamal Murray,2023-24,Regular Season,2023-10-26,1610612747,LAL,Los Angeles Lakers,False,True,L,35.4,26,10,16,7,7,2,2,1,0,1,4,1,2,3,1,-6
0000000002,1610612743,DEN,Denver Nuggets,1628420,Aaron Gordon,2023-24,Regular Season,2023-10-26,1610612747,LAL,Los Angeles Lakers,False,True,L,34.1,13,5,11,0,4,0,0,1,0,1,1,4,2,1,1,17
0000000002,1610612743,DEN,Denver Nuggets,1630166,Christian Braun,2023-24,Regular Season,2023-10-26,1610612747,LAL,Los Angeles Lakers,False,True,L,31.6,7,2,9,2,2,2,2,2,2,4,2,1,0,1,2,17
0000000002,1610612743,DEN,Denver Nuggets,203914,Kentavious Caldwell-Pope,2023-24,Regular Season,2023-10-26,1610612747,LAL,Los Angeles Lakers,False,True,L,22.5,3,7,10,7,10,3,3,0,2,2,2,2,1,5,2,0
0000000002,1610612743,DEN,Denver Nuggets,1631128,Peyton Watson,2023-24,Regular Season,2023-10-26,1610612747,LAL,Los Angeles Lakers,False,True,L,36.8,6,2,6,0,0,5,7,1,0,1,0,2,1,3,2,7
0000000003,1610612747,LAL,Los Angeles Lakers,2544,LeBron James,2023-24,Regular Season,2023-10-28,1610612738,BOS,Boston Celtics,True,False,W,24.7,25,10,17,5,10,0,4,3,6,9,9,2,0,5,2,2
0000000003,1610612747,LAL,Los Angeles Lakers,1629029,Luka Dončić,2023-24,Regular Season,2023-10-28,1610612738,BOS,Boston Celtics,True,False,W,31.9,28,11,20,0,2,0,6,1,6,7,8,3,2,4,0,-12
0000000003,1610612747,LAL,Los Angeles Lakers,203076,Anthony Davis,2023-24,Regular Season,2023-10-28,1610612738,BOS,Boston Celtics,True,False,W,18.9,19,7,14,2,3,0,3,0,15,15,4,1,2,3,0,-3
0000000003,1610612747,LAL,Los Angeles Lakers,1630559,Austin Reaves,2023-24,Regular Season,2023-10-28,1610612738,BOS,Boston Celtics,True,False,W,25.0,13,7,9,7,8,0,3,3,0,3,3,0,1,4,5,-9
0000000003,1610612747,LAL,Los Angeles Lakers,1626156,Dalton Knecht,2023-24,Regular Season,2023-10-28,1610612738,BOS,Boston Celtics,True,False,W,18.3,14,5,12,3,10,0,4,0,0,0,0,2,1,0,5,10
0000000003,1610612747,LAL,Los Angeles Lakers,1629020,Rui Hachimura,2023-24,Regular Season,2023-10-28,1610612738,BOS,Boston Celtics,True,False,W,27.5,18,7,13,1,5,3,7,0,0,0,0,0,1,3,0,2
0000000003,1610612738,BOS,Boston Celtics,1628369,Jayson Tatum,2023-24,Regular Season,2023-10-28,1610612747,LAL,Los Angeles Lakers,False,True,L,19.5,31,12,21,0,7,0,1,0,6,6,3,2,3,5,1,13
0000000003,1610612738,BOS,Boston Celtics,1627759,Jaylen Brown,2023-24,Regular Season,2023-10-28,1610612747,LAL,Los Angeles Lakers,False,True,L,31.0,26,10,18,0,1,1,1,2,1,3,1,2,2,0,2,13
0000000003,1610612738,BOS,Boston Celtics,201950,Jrue Holiday,2023-24,Regular Season,2023-10-28,1610612747,LAL,Los Angeles Lakers,False,True,L,24.6,5,2,6,2,6,1,4,4,5,9,5,1,2,2,5,16
0000000003,1610612738,BOS,Boston Celtics,1628464,Derrick White,2023-24,Regular Season,2023-10-28,1610612747,LAL,Los Angeles Lakers,False,True,L,34.9,9,4,10,4,10,3,7,3,1,4,2,0,2,2,3,15
0000000003,1610612738,BOS,Boston Celtics,203935,Kristaps Porziņģis,2023-24,Regular Season,2023-10-28,1610612747,LAL,Los Angeles Lakers,False,True,L,29.4,23,9,15,1,2,5,7,3,6,9,0,0,2,5,1,-1
0000000003,1610612738,BOS,Boston Celtics,1629057,Robert Williams,2023-24,Regular Season,2023-10-28,1610612747,LAL,Los Angeles Lakers,False,True,L,23.5,0,1,3,1,3,1,2,1,6,7,2,3,0,0,3,5
0000000004,1610612747,LAL,Los Angeles Lakers,2544,LeBron James,2023-24,Regular Season,2023-10-30,1610612752,NYK,New York Knicks,True,False,W,21.3,21,8,16,4,10,1,4,0,9,9,4,3,0,1,4,0
0000000004,1610612747,LAL,Los Angeles Lakers,1629029,Luka Dončić,2023-24,Regular Season,2023-10-30,1610612752,NYK,New York Knicks,True,False,W,33.7,40,16,23,1,1,1,1,0,11,11,4,2,3,3,1,3
0000000004,1610612747,LAL,Los Angeles Lakers,203076,Anthony Davis,2023-24,Regular Season,2023-10-30,1610612752,NYK,New York Knicks,True,False,W,31.1,15,6,8,1,1,4,4,2,14,16,4,0,1,5,2,17
0000000004,1610612747,LAL,Los Angeles Lakers,1630559,Austin Reaves,2023-24,Regular Season,2023-10-30,1610612752,NYK,New York Knicks,True,False,W,33.6,19,7,15,0,0,4,8,4,4,8,6,4,2,2,3,-14
0000000004,1610612747,LAL,Los Angeles Lakers,1626156,Dalton Knecht,2023-24,Regular Season,2023-10-30,1610612752,NYK,New York Knicks,True,False,W,24.6,7,2,8,0,0,1,1,0,4,4,1,2,3,3,0,8
0000000004,1610612747,LAL,Los Angeles Lakers,1629020,Rui Hachimura,2023-24,Regular Season,2023-10-30,1610612752,NYK,New York Knicks,True,False,W,29.7,3,1,5,0,0,0,0,2,0,2,3,2,1,3,2,7
0000000004,1610612752,NYK,New York Knicks,1628973,Jalen Brunson,2023-24,Regular Season,2023-10-30,1610612747,LAL,Los Angeles Lakers,False,True,L,36.4,24,9,18,5,5,6,8,0,4,4,5,3,0,1,3,-10
0000000004,1610612752,NYK,New York Knicks,1626157,Karl-Anthony Towns,2023-24,Regular Season,2023-10-30,1610612747,LAL,Los Angeles Lakers,False,True,L,26.8,16,6,11,2,2,0,4,1,11,12,1,4,0,0,5,-12
0000000004,1610612752,NYK,New York Knicks,1629628,RJ Barrett,2023-24,Regular Season,2023-10-30,1610612747,LAL,Los Angeles Lakers,False,True,L,27.6,3,2,3,2,3,4,5,4,0,4,5,1,2,4,3,-6
0000000004,1610612752,NYK,New York Knicks,1630193,Immanuel Quickley,2023-24,Regular Season,2023-10-30,1610612747,LAL,Los Angeles Lakers,False,True,L,22.6,8,3,10,2,3,1,7,4,2,6,7,2,2,5,2,-5
0000000004,1610612752,NYK,New York Knicks,203944,Julius Randle,2023-24,Regular Season,2023-10-30,1610612747,LAL,Los Angeles Lakers,False,True,L,36.9,17,6,10,0,0,3,3,1,9,10,3,0,3,1,2,-17
0000000004,1610612752,NYK,New York Knicks,1631216,Miles McBride,2023-24,Regular Season,2023-10-30,1610612747,LAL,Los Angeles Lakers,False,True,L,18.9,0,6,7,6,7,0,2,4,1,5,3,3,2,0,2,9
0000000005,1610612747,LAL,Los Angeles Lakers,2544,LeBron James,2023-24,Regular Season,2023-11-01,1610612748,MIA,Miami Heat,True,False,W,26.8,26,10,18,0,3,4,7,0,10,10,7,2,2,2,5,-6
0000000005,1610612747,LAL,Los Angeles Lakers,1629029,Luka Dončić,2023-24,Regular Season,2023-11-01,1610612748,MIA,Miami Heat,True,False,W,29.6,27,10,15,0,4,1,1,1,0,1,9,1,2,4,0,16
0000000005,1610612747,LAL,Los Angeles Lakers,203076,Anthony Davis,2023-24,Regular Season,2023-11-01,1610612748,MIA,Miami Heat,True,False,W,37.0,14,5,9,1,2,0,0,2,7,9,6,1,2,0,0,8
0000000005,1610612747,LAL,Los Angeles Lakers,1630559,Austin Reaves,2023-24,Regular Season,2023-11-01,1610612748,MIA,Miami Heat,True,False,W,28.9,18,7,15,3,3,0,0,3,3,6,4,3,0,0,2,-3
0000000005,1610612747,LAL,Los Angeles Lakers,1626156,Dalton Knecht,2023-24,Regular Season,2023-11-01,1610612748,MIA,Miami Heat,True,False,W,21.4,7,2,7,1,1,1,1,2,0,2,0,2,0,2,0,0
0000000005,1610612747,LAL,Los Angeles Lakers,1629020,Rui Hachimura,2023-24,Regular Season,2023-11-01,1610612748,MIA,Miami Heat,True,False,W,29.0,13,5,12,4,8,1,5,0,0,0,0,3,1,2,2,10
0000000005,1610612748,MIA,Miami Heat,202710,Jimmy Butler,2023-24,Regular Season,2023-11-01,1610612747,LAL,Los Angeles Lakers,False,True,L,37.3,17,7,10,7,10,1,3,3,3,6,6,1,3,3,1,-12
0000000005,1610612748,MIA,Miami Heat,1629639,Tyler Herro,2023-24,Regular Season,2023-11-01,1610612747,LAL,Los Angeles Lakers,False,True,L,19.4,21,8,15,1,6,0,0,1,4,5,6,3,3,5,3,-14
0000000005,1610612748,MIA,Miami Heat,202355,Bam Adebayo,2023-24,Regular Season,2023-11-01,1610612747,LAL,Los Angeles Lakers,False,True,L,36.5,20,8,15,0,3,2,3,1,8,9,4,0,2,2,1,-5
0000000005,1610612748,MIA,Miami Heat,1631170,Jaime Jaquez,2023-24,Regular Season,2023-11-01,1610612747,LAL,Los Angeles Lakers,False,True,L,22.9,16,6,10,0,0,1,7,4,1,5,2,3,3,3,1,-16
0000000005,1610612748,MIA,Miami Heat,203482,Kelly Olynyk,2023-24,Regular Season,2023-11-01,1610612747,LAL,Los Angeles Lakers,False,True,L,35.9,3,1,5,0,2,0,0,0,4,4,4,2,0,3,4,17
0000000005,1610612748,MIA,Miami Heat,1631107,Nikola Jović,2023-24,Regular Season,2023-11-01,1610612747,LAL,Los Angeles Lakers,False,True,L,30.6,7,3,7,3,6,4,8,4,4,8,0,4,3,4,0,-13
0000000006,1610612744,GSW,Golden State Warriors,201939,Stephen Curry,2023-24,Regular Season,2023-11-03,1610612747,LAL,Los Angeles Lakers,True,False,L,27.6,15,6,9,4,8,0,4,0,7,7,9,4,2,4,5,8
0000000006,1610612744,GSW,Golden State Warriors,202691,Klay Thompson,2023-24,Regular Season,2023-11-03,1610612747,LAL,Los Angeles Lakers,True,False,L,35.2,20,8,16,0,4,2,2,1,2,3,0,3,1,0,0,8
0000000006,1610612744,GSW,Golden State Warriors,203110,Draymond Green,2023-24,Regular Season,2023-11-03,1610612747,LAL,Los Angeles Lakers,True,False,L,30.2,7,2,9,0,0,0,1,0,5,5,7,0,3,5,1,-9
0000000006,1610612744,GSW,Golden State Warriors,1630228,Jonathan Kuminga,2023-24,Regular Season,2023-11-03,1610612747,LAL,Los Angeles Lakers,True,False,L,29.9,21,8,11,0,2,2,6,3,1,4,1,1,2,1,5,-8
0000000006,1610612744,GSW,Golden State Warriors,1626172,Kevon Looney,2023-24,Regular Season,2023-11-03,1610612747,LAL,Los Angeles Lakers,True,False,L,28.7,9,3,9,1,2,4,5,2,5,7,0,0,0,1,0,13
0000000006,1610612744,GSW,Golden State Warriors,1630541,Brandin Podziemski,2023-24,Regular Season,2023-11-03,1610612747,LAL,Los Angeles Lakers,True,False,L,18.6,7,2,7,0,0,0,1,4,0,4,5,4,1,0,0,-14
0000000006,1610612747,LAL,Los Angeles Lakers,2544,LeBron James,2023-24,Regular Season,2023-11-03,1610612744,GSW,Golden State Warriors,False,True,W,29.1,17,6,10,1,1,0,1,4,6,10,4,0,3,0,5,2
0000000006,1610612747,LAL,Los Angeles Lakers,1629029,Luka Dončić,2023-24,Regular Season,2023-11-03,1610612744,GSW,Golden State Warriors,False,True,W,22.9,24,9,16,2,5,5,7,2,6,8,11,1,0,5,2,6
0000000006,1610612747,LAL,Los Angeles Lakers,203076,Anthony Davis,2023-24,Regular Season,2023-11-03,1610612744,GSW,Golden State Warriors,False,True,W,21.9,23,9,15,1,2,1,5,2,6,8,3,1,3,3,2,-14
0000000006,1610612747,LAL,Los Angeles Lakers,1630559,Austin Reaves,2023-24,Regular Season,2023-11-03,1610612744,GSW,Golden State Warriors,False,True,W,28.6,15,6,12,3,6,0,2,0,0,0,1,2,2,5,4,-14
0000000006,1610612747,LAL,Los Angeles Lakers,1626156,Dalton Knecht,2023-24,Regular Season,2023-11-03,1610612744,GSW,Golden State Warriors,False,True,W,36.6,11,4,10,0,1,0,2,1,0,1,0,4,3,3,3,-8
0000000006,1610612747,LAL,Los Angeles Lakers,1629020,Rui Hachimura,2023-24,Regular Season,2023-11-03,1610612744,GSW,Golden State Warriors,False,True,W,22.9,8,3,10,2,10,1,5,3,4,7,3,2,1,2,0,-9
0000000007,1610612744,GSW,Golden State Warriors,201939,Stephen Curry,2023-24,Regular Season,2023-11-05,1610612743,DEN,Denver Nuggets,True,False,W,32.0,35,14,20,2,2,1,5,1,4,5,7,0,2,4,5,8
0000000007,1610612744,GSW,Golden State Warriors,202691,Klay Thompson,2023-24,Regular Season,2023-11-05,1610612743,DEN,Denver Nuggets,True,False,W,30.8,14,6,13,6,7,1,1,2,7,9,4,0,0,4,0,5
0000000007,1610612744,GSW,Golden State Warriors,203110,Draymond Green,2023-24,Regular Season,2023-11-05,1610612743,DEN,Denver Nuggets,True,False,W,26.8,5,2,8,0,8,2,5,0,8,8,1,4,0,3,3,-17
0000000007,1610612744,GSW,Golden State Warriors,1630228,Jonathan Kuminga,2023-24,Regular Season,2023-11-05,1610612743,DEN,Denver Nuggets,True,False,W,20.3,18,7,13,1,1,4,4,0,0,0,3,4,3,3,0,-18
0000000007,1610612744,GSW,Golden State Warriors,1626172,Kevon Looney,2023-24,Regular Season,2023-11-05,1610612743,DEN,Denver Nuggets,True,False,W,33.4,15,6,10,0,2,8,8,0,10,10,3,2,2,5,0,-9
0000000007,1610612744,GSW,Golden State Warriors,1630541,Brandin Podziemski,2023-24,Regular Season,2023-11-05,1610612743,DEN,Denver Nuggets,True,False,W,24.2,7,4,10,4,10,4,8,2,1,3,3,2,2,2,1,-3
0000000007,1610612743,DEN,Denver Nuggets,203999,Nikola Jokić,2023-24,Regular Season,2023-11-05,1610612744,GSW,Golden State Warriors,False,True,L,37.3,26,10,15,0,1,1,3,3,6,9,11,4,2,3,0,-10
0000000007,1610612743,DEN,Denver Nuggets,1627750,Jamal Murray,2023-24,Regular Season,2023-11-05,1610612744,GSW,Golden State Warriors,False,True,L,19.7,15,6,9,1,1,1,4,2,2,4,9,3,3,1,0,-9
0000000007,1610612743,DEN,Denver Nuggets,1628420,Aaron Gordon,2023-24,Regular Season,2023-11-05,1610612744,GSW,Golden State Warriors,False,True,L,30.8,7,8,10,8,10,3,3,3,2,5,2,3,3,1,4,0
0000000007,1610612743,DEN,Denver Nuggets,1630166,Christian Braun,2023-24,Regular Season,2023-11-05,1610612744,GSW,Golden State Warriors,False,True,L,36.0,4,1,5,1,5,0,4,3,3,6,3,3,3,1,3,18
0000000007,1610612743,DEN,Denver Nuggets,203914,Kentavious Caldwell-Pope,2023-24,Regular Season,2023-11-05,1610612744,GSW,Golden State Warriors,False,True,L,27.9,12,4,7,0,0,1,1,0,2,2,1,3,2,0,0,-15
0000000007,1610612743,DEN,Denver Nuggets,1631128,Peyton Watson,2023-24,Regular Season,2023-11-05,1610612744,GSW,Golden State Warriors,False,True,L,24.3,1,4,4,4,4,3,6,0,0,0,3,1,1,4,2,11
0000000008,1610612744,GSW,Golden State Warriors,201939,Stephen Curry,2023-24,Regular Season,2023-11-07,1610612738,BOS,Boston Celtics,True,False,W,22.2,36,14,20,2,6,0,5,2,11,13,11,1,2,2,0,13
0000000008,1610612744,GSW,Golden State Warriors,202691,Klay Thompson,2023-24,Regular Season,2023-11-07,1610612738,BOS,Boston Celtics,True,False,W,27.5,24,9,18,1,6,5,7,1,0,1,3,4,2,2,3,15
0000000008,1610612744,GSW,Golden State Warriors,203110,Draymond Green,2023-24,Regular Season,2023-11-07,1610612738,BOS,Boston Celtics,True,False,W,27.1,8,3,5,3,3,5,5,4,2,6,4,3,1,5,0,13
0000000008,1610612744,GSW,Golden State Warriors,1630228,Jonathan Kuminga,2023-24,Regular Season,2023-11-07,1610612738,BOS,Boston Celtics,True,False,W,18.4,24,9,14,1,8,6,8,3,1,4,3,2,0,1,4,5
0000000008,1610612744,GSW,Golden State Warriors,1626172,Kevon Looney,2023-24,Regular Season,2023-11-07,1610612738,BOS,Boston Celtics,True,False,W,31.9,0,1,6,1,1,6,8,0,7,7,2,0,1,4,5,11
0000000008,1610612744,GSW,Golden State Warriors,1630541,Brandin Podziemski,2023-24,Regular Season,2023-11-07,1610612738,BOS,Boston Celtics,True,False,W,22.6,12,4,9,1,9,0,6,1,4,5,5,2,0,2,1,17
0000000008,1610612738,BOS,Boston Celtics,1628369,Jayson Tatum,2023-24,Regular Season,2023-11-07,1610612744,GSW,Golden State Warriors,False,True,L,26.6,13,6,10,6,10,7,8,0,7,7,4,0,3,0,4,8
0000000008,1610612738,BOS,Boston Celtics,1627759,Jaylen Brown,2023-24,Regular Season,2023-11-07,1610612744,GSW,Golden State Warriors,False,True,L,23.4,30,12,17,4,6,1,2,3,8,11,1,4,3,5,0,6
0000000008,1610612738,BOS,Boston Celtics,201950,Jrue Holiday,2023-24,Regular Season,2023-11-07,1610612744,GSW,Golden State Warriors,False,True,L,27.7,0,0,6,0,0,4,5,3,1,4,6,1,2,2,4,-14
0000000008,1610612738,BOS,Boston Celtics,1628464,Derrick White,2023-24,Regular Season,2023-11-07,1610612744,GSW,Golden State Warriors,False,True,L,21.0,21,8,11,0,0,5,5,0,0,0,3,1,3,1,1,1
0000000008,1610612738,BOS,Boston Celtics,203935,Kristaps Porziņģis,2023-24,Regular Season,2023-11-07,1610612744,GSW,Golden State Warriors,False,True,L,22.6,27,10,19,1,1,1,5,4,3,7,0,1,3,1,2,3
0000000008,1610612738,BOS,Boston Celtics,1629057,Robert Williams,2023-24,Regular Season,2023-11-07,1610612744,GSW,Golden State Warriors,False,True,L,23.2,0,0,5,0,1,3,5,3,8,11,0,4,2,2,3,-3
0000000009,1610612744,GSW,Golden State Warriors,201939,Stephen Curry,2023-24,Regular Season,2023-11-09,1610612752,NYK,New York Knicks,True,False,L,26.8,24,9,14,3,4,1,8,3,8,11,9,4,3,0,2,17
0000000009,1610612744,GSW,Golden State Warriors,202691,Klay Thompson,2023-24,Regular Season,2023-11-09,1610612752,NYK,New York Knicks,True,False,L,24.3,10,4,9,2,2,0,1,2,5,7,2,1,2,2,3,11
0000000009,1610612744,GSW,Golden State Warriors,203110,Draymond Green,2023-24,Regular Season,2023-11-09,1610612752,NYK,New York Knicks,True,False,L,26.5,23,9,13,0,1,0,0,0,6,6,9,0,3,0,3,-16
0000000009,1610612744,GSW,Golden State Warriors,1630228,Jonathan Kuminga,2023-24,Regular Season,2023-11-09,1610612752,NYK,New York Knicks,True,False,L,29.2,14,6,12,6,7,2,4,1,2,3,2,1,0,3,2,4
0000000009,1610612744,GSW,Golden State Warriors,1626172,Kevon Looney,2023-24,Regular Season,2023-11-09,1610612752,NYK,New York Knicks,True,False,L,23.2,8,3,7,1,3,2,4,0,9,9,3,0,2,2,3,4
0000000009,1610612744,GSW,Golden State Warriors,1630541,Brandin Podziemski,2023-24,Regular Season,2023-11-09,1610612752,NYK,New York Knicks,True,False,L,35.4,11,4,11,2,3,1,5,2,0,2,3,0,3,0,2,-4
0000000009,1610612752,NYK,New York Knicks,1628973,Jalen Brunson,2023-24,Regular Season,2023-11-09,1610612744,GSW,Golden State Warriors,False,True,W,22.2,20,8,14,5,9,0,0,0,0,0,9,0,3,2,5,12
0000000009,1610612752,NYK,New York Knicks,1626157,Karl-Anthony Towns,2023-24,Regular Season,2023-11-09,1610612744,GSW,Golden State Warriors,False,True,W,29.3,17,6,11,0,1,1,3,4,9,13,4,4,2,3,1,-8
0000000009,1610612752,NYK,New York Knicks,1629628,RJ Barrett,2023-24,Regular Season,2023-11-09,1610612744,GSW,Golden State Warriors,False,True,W,19.7,25,10,13,0,5,7,8,2,2,4,2,1,2,1,0,-16
0000000009,1610612752,NYK,New York Knicks,1630193,Immanuel Quickley,2023-24,Regular Season,2023-11-09,1610612744,GSW,Golden State Warriors,False,True,W,28.8,7,2,6,1,6,0,0,1,0,1,1,2,1,3,1,-13
0000000009,1610612752,NYK,New York Knicks,203944,Julius Randle,2023-24,Regular Season,2023-11-09,1610612744,GSW,Golden State Warriors,False,True,W,26.7,34,13,19,5,9,1,1,3,2,5,4,1,1,5,5,-7
0000000009,1610612752,NYK,New York Knicks,1631216,Miles McBride,2023-24,Regular Season,2023-11-09,1610612744,GSW,Golden State Warriors,False,True,W,19.4,9,3,7,1,7,0,5,2,1,3,0,1,0,5,1,18
0000000010,1610612744,GSW,Golden State Warriors,201939,Stephen Curry,2023-24,Regular Season,2023-11-11,1610612748,MIA,Miami Heat,True,False,L,22.1,20,8,16,2,7,7,8,1,2,3,8,0,3,0,0,-6
0000000010,1610612744,GSW,Golden State Warriors,202691,Klay Thompson,2023-24,Regular Season,2023-11-11,1610612748,MIA,Miami Heat,True,False,L,37.7,23,9,15,2,4,0,0,0,6,6,4,3,0,1,0,0
0000000010,1610612744,GSW,Golden State Warriors,203110,Draymond Green,2023-24,Regular Season,2023-11-11,1610612748,MIA,Miami Heat,True,False,L,34.8,21,8,13,1,3,0,0,3,0,3,7,0,3,1,4,-2
0000000010,1610612744,GSW,Golden State Warriors,1630228,Jonathan Kuminga,2023-24,Regular Season,2023-11-11,1610612748,MIA,Miami Heat,True,False,L,36.4,22,8,13,7,9,2,5,4,2,6,2,4,3,2,3,-9
0000000010,1610612744,GSW,Golden State Warriors,1626172,Kevon Looney,2023-24,Regular Season,2023-11-11,1610612748,MIA,Miami Heat,True,False,L,36.3,0,2,2,2,2,3,7,4,5,9,1,1,3,0,4,0
0000000010,1610612744,GSW,Golden State Warriors,1630541,Brandin Podziemski,2023-24,Regular Season,2023-11-11,1610612748,MIA,Miami Heat,True,False,L,27.3,12,4,12,0,0,0,6,4,4,8,6,1,2,2,0,7
0000000010,1610612748,MIA,Miami Heat,202710,Jimmy Butler,2023-24,Regular Season,2023-11-11,1610612744,GSW,Golden State Warriors,False,True,W,33.8,29,11,17,2,4,1,3,4,3,7,0,0,1,2,4,-3
0000000010,1610612748,MIA,Miami Heat,1629639,Tyler Herro,2023-24,Regular Season,2023-11-11,1610612744,GSW,Golden State Warriors,False,True,W,31.1,16,9,9,9,9,0,0,2,0,2,5,1,1,0,5,6
0000000010,1610612748,MIA,Miami Heat,202355,Bam Adebayo,2023-24,Regular Season,2023-11-11,1610612744,GSW,Golden State Warriors,False,True,W,26.5,21,8,15,0,0,6,7,3,12,15,2,4,2,2,3,7
0000000010,1610612748,MIA,Miami Heat,1631170,Jaime Jaquez,2023-24,Regular Season,2023-11-11,1610612744,GSW,Golden State Warriors,False,True,W,37.5,10,4,8,1,6,1,2,3,5,8,2,2,0,5,1,2
0000000010,1610612748,MIA,Miami Heat,203482,Kelly Olynyk,2023-24,Regular Season,2023-11-11,1610612744,GSW,Golden State Warriors,False,True,W,18.8,12,4,11,2,3,2,4,3,0,3,4,1,1,0,2,15
0000000010,1610612748,MIA,Miami Heat,1631107,Nikola Jović,2023-24,Regular Season,2023-11-11,1610612744,GSW,Golden State Warriors,False,True,W,18.3,15,6,12,2,7,2,2,2,0,2,2,1,2,4,4,12
0000000011,1610612743,DEN,Denver Nuggets,203999,Nikola Jokić,2023-24,Regular Season,2023-11-13,1610612747,LAL,Los Angeles Lakers,True,False,L,23.8,19,7,10,0,0,5,5,0,11,11,10,1,2,1,5,9
0000000011,1610612743,DEN,Denver Nuggets,1627750,Jamal Murray,2023-24,Regular Season,2023-11-13,1610612747,LAL,Los Angeles Lakers,True,False,L,25.2,28,11,15,0,0,4,4,2,3,5,8,4,2,0,1,14
0000000011,1610612743,DEN,Denver Nuggets,1628420,Aaron Gordon,2023-24,Regular Season,2023-11-13,1610612747,LAL,Los Angeles Lakers,True,False,L,34.4,11,4,6,0,5,0,0,3,3,6,2,0,2,5,5,-9
0000000011,1610612743,DEN,Denver Nuggets,1630166,Christian Braun,2023-24,Regular Season,2023-11-13,1610612747,LAL,Los Angeles Lakers,True,False,L,22.4,3,1,7,0,0,2,8,0,6,6,4,2,0,1,4,-5
0000000011,1610612743,DEN,Denver Nuggets,203914,Kentavious Caldwell-Pope,2023-24,Regular Season,2023-11-13,1610612747,LAL,Los Angeles Lakers,True,False,L,33.4,5,4,7,4,7,2,4,3,1,4,3,4,3,1,3,-13
0000000011,1610612743,DEN,Denver Nuggets,1631128,Peyton Watson,2023-24,Regular Season,2023-11-13,1610612747,LAL,Los Angeles Lakers,True,False,L,29.0,7,9,9,9,9,2,2,1,0,1,0,4,0,5,1,3
0000000011,1610612747,LAL,Los Angeles Lakers,2544,LeBron James,2023-24,Regular Season,2023-11-13,1610612743,DEN,Denver Nuggets,False,True,W,23.0,13,5,10,4,7,1,4,4,3,7,7,1,3,2,4,-6
0000000011,1610612747,LAL,Los Angeles Lakers,1629029,Luka Dončić,2023-24,Regular Season,2023-11-13,1610612743,DEN,Denver Nuggets,False,True,W,33.3,29,11,17,0,0,3,7,0,5,5,8,4,2,1,1,0
0000000011,1610612747,LAL,Los Angeles Lakers,203076,Anthony Davis,2023-24,Regular Season,2023-11-13,1610612743,DEN,Denver Nuggets,False,True,W,27.2,23,9,15,0,0,3,3,3,10,13,3,4,1,0,0,13
0000000011,1610612747,LAL,Los Angeles Lakers,1630559,Austin Reaves,2023-24,Regular Season,2023-11-13,1610612743,DEN,Denver Nuggets,False,True,W,23.6,18,7,11,2,3,1,4,1,0,1,7,0,0,0,5,-10
0000000011,1610612747,LAL,Los Angeles Lakers,1626156,Dalton Knecht,2023-24,Regular Season,2023-11-13,1610612743,DEN,Denver Nuggets,False,True,W,35.9,13,5,10,5,5,1,7,0,0,0,3,4,2,3,3,-17
0000000011,1610612747,LAL,Los Angeles Lakers,1629020,Rui Hachimura,2023-24,Regular Season,2023-11-13,1610612743,DEN,Denver Nuggets,False,True,W,19.2,0,2,5,2,3,2,8,1,1,2,3,3,2,5,1,2
0000000012,1610612743,DEN,Denver Nuggets,203999,Nikola Jokić,2023-24,Regular Season,2023-11-15,1610612744,GSW,Golden State Warriors,True,False,L,36.6,24,9,16,1,1,1,8,1,5,6,8,3,1,0,0,9
0000000012,1610612743,DEN,Denver Nuggets,1627750,Jamal Murray,2023-24,Regular Season,2023-11-15,1610612744,GSW,Golden State Warriors,True,False,L,25.0,18,7,11,3,3,3,3,4,1,5,5,2,0,3,2,-1
0000000012,1610612743,DEN,Denver Nuggets,1628420,Aaron Gordon,2023-24,Regular Season,2023-11-15,1610612744,GSW,Golden State Warriors,True,False,L,22.4,18,7,12,0,1,7,7,1,10,11,1,1,1,0,3,11
0000000012,1610612743,DEN,Denver Nuggets,1630166,Christian Braun,2023-24,Regular Season,2023-11-15,1610612744,GSW,Golden State Warriors,True,False,L,25.7,12,4,10,1,6,7,7,4,3,7,1,2,0,4,5,-7
0000000012,1610612743,DEN,Denver Nuggets,203914,Kentavious Caldwell-Pope,2023-24,Regular Season,2023-11-15,1610612744,GSW,Golden State Warriors,True,False,L,35.0,13,5,7,2,4,1,1,1,0,1,4,3,2,3,0,5
0000000012,1610612743,DEN,Denver Nuggets,1631128,Peyton Watson,2023-24,Regular Season,2023-11-15,1610612744,GSW,Golden State Warriors,True,False,L,20.2,8,3,10,0,4,5,8,0,0,0,4,2,1,2,3,-7
0000000012,1610612744,GSW,Golden State Warriors,201939,Stephen Curry,2023-24,Regular Season,2023-11-15,1610612743,DEN,Denver Nuggets,False,True,W,31.4,39,15,23,5,10,2,2,2,9,11,6,2,3,0,5,-12
0000000012,1610612744,GSW,Golden State Warriors,202691,Klay Thompson,2023-24,Regular Season,2023-11-15,1610612743,DEN,Denver Nuggets,False,True,W,22.7,15,6,9,2,4,1,3,4,3,7,3,1,0,1,2,-12
0000000012,1610612744,GSW,Golden State Warriors,203110,Draymond Green,2023-24,Regular Season,2023-11-15,1610612743,DEN,Denver Nuggets,False,True,W,31.4,8,3,6,3,4,6,6,1,4,5,3,1,2,5,2,13
0000000012,1610612744,GSW,Golden State Warriors,1630228,Jonathan Kuminga,2023-24,Regular Season,2023-11-15,1610612743,DEN,Denver Nuggets,False,True,W,37.3,14,5,13,2,6,0,2,4,1,5,0,1,3,2,3,-8
0000000012,1610612744,GSW,Golden State Warriors,1626172,Kevon Looney,2023-24,Regular Season,2023-11-15,1610612743,DEN,Denver Nuggets,False,True,W,28.0,0,0,6,0,1,0,5,2,8,10,0,2,1,2,1,13
0000000012,1610612744,GSW,Golden State Warriors,1630541,Brandin Podziemski,2023-24,Regular Season,2023-11-15,1610612743,DEN,Denver Nuggets,False,True,W,19.5,18,7,10,0,2,6,8,3,0,3,1,1,0,0,4,-10
0000000013,1610612743,DEN,Denver Nuggets,203999,Nikola Jokić,2023-24,Regular Season,2023-11-17,1610612738,BOS,Boston Celtics,True,False,W,18.2,30,12,17,0,0,1,2,2,11,13,8,2,3,5,4,-14
0000000013,1610612743,DEN,Denver Nuggets,1627750,Jamal Murray,2023-24,Regular Season,2023-11-17,1610612738,BOS,Boston Celtics,True,False,W,37.7,21,8,16,0,4,0,2,3,0,3,8,3,3,1,2,3
0000000013,1610612743,DEN,Denver Nuggets,1628420,Aaron Gordon,2023-24,Regular Season,2023-11-17,1610612738,BOS,Boston Celtics,True,False,W,21.7,5,2,3,0,3,5,5,0,9,9,2,0,0,0,2,4
0000000013,1610612743,DEN,Denver Nuggets,1630166,Christian Braun,2023-24,Regular Season,2023-11-17,1610612738,BOS,Boston Celtics,True,False,W,31.0,1,1,7,1,7,2,5,1,4,5,0,0,3,5,4,-5
0000000013,1610612743,DEN,Denver Nuggets,203914,Kentavious Caldwell-Pope,2023-24,Regular Season,2023-11-17,1610612738,BOS,Boston Celtics,True,False,W,29.1,20,8,14,0,10,1,7,0,2,2,2,1,0,5,5,8
0000000013,1610612743,DEN,Denver Nuggets,1631128,Peyton Watson,2023-24,Regular Season,2023-11-17,1610612738,BOS,Boston Celtics,True,False,W,23.4,4,1,4,0,0,0,6,1,0,1,1,0,2,2,3,16
0000000013,1610612738,BOS,Boston Celtics,1628369,Jayson Tatum,2023-24,Regular Season,2023-11-17,1610612743,DEN,Denver Nuggets,False,True,L,31.3,38,15,25,7,9,3,5,2,3,5,4,3,1,2,0,-8
0000000013,1610612738,BOS,Boston Celtics,1627759,Jaylen Brown,2023-24,Regular Season,2023-11-17,1610612743,DEN,Denver Nuggets,False,True,L,34.9,6,2,5,1,5,0,0,4,6,10,3,3,3,5,4,-11
0000000013,1610612738,BOS,Boston Celtics,201950,Jrue Holiday,2023-24,Regular Season,2023-11-17,1610612743,DEN,Denver Nuggets,False,True,L,18.5,6,5,8,5,8,3,3,4,2,6,6,2,0,1,1,17
0000000013,1610612738,BOS,Boston Celtics,1628464,Derrick White,2023-24,Regular Season,2023-11-17,1610612743,DEN,Denver Nuggets,False,True,L,26.6,8,3,6,2,2,3,3,2,3,5,1,3,1,5,3,15
0000000013,1610612738,BOS,Boston Celtics,203935,Kristaps Porziņģis,2023-24,Regular Season,2023-11-17,1610612743,DEN,Denver Nuggets,False,True,L,32.6,12,4,12,0,0,2,7,1,2,3,1,1,1,0,5,-12
0000000013,1610612738,BOS,Boston Celtics,1629057,Robert Williams,2023-24,Regular Season,2023-11-17,1610612743,DEN,Denver Nuggets,False,True,L,35.9,0,0,2,0,0,4,8,2,3,5,0,4,2,4,4,-12
0000000014,1610612743,DEN,Denver Nuggets,203999,Nikola Jokić,2023-24,Regular Season,2023-11-19,1610612752,NYK,New York Knicks,True,False,L,18.1,28,11,19,2,3,0,2,1,6,7,9,4,2,3,2,2
0000000014,1610612743,DEN,Denver Nuggets,1627750,Jamal Murray,2023-24,Regular Season,2023-11-19,1610612752,NYK,New York Knicks,True,False,L,26.7,21,8,15,3,5,2,2,4,1,5,4,3,2,4,0,12
0000000014,1610612743,DEN,Denver Nuggets,1628420,Aaron Gordon,2023-24,Regular Season,2023-11-19,1610612752,NYK,New York Knicks,True,False,L,26.0,12,4,10,1,1,3,3,1,10,11,5,0,0,0,4,-11
0000000014,1610612743,DEN,Denver Nuggets,1630166,Christian Braun,2023-24,Regular Season,2023-11-19,1610612752,NYK,New York Knicks,True,False,L,26.2,11,4,10,0,9,1,7,1,3,4,1,1,1,2,0,-1
0000000014,1610612743,DEN,Denver Nuggets,203914,Kentavious Caldwell-Pope,2023-24,Regular Season,2023-11-19,1610612752,NYK,New York Knicks,True,False,L,35.0,0,3,5,3,5,1,3,0,1,1,4,1,0,5,4,1
0000000014,1610612743,DEN,Denver Nuggets,1631128,Peyton Watson,2023-24,Regular Season,2023-11-19,1610612752,NYK,New York Knicks,True,False,L,23.2,5,2,8,0,8,2,5,0,3,3,0,1,1,4,2,3
0000000014,1610612752,NYK,New York Knicks,1628973,Jalen Brunson,2023-24,Regular Season,2023-11-19,1610612743,DEN,Denver Nuggets,False,True,W,23.4,21,8,11,4,9,4,7,2,1,3,9,1,3,5,4,-17
0000000014,1610612752,NYK,New York Knicks,1626157,Karl-Anthony Towns,2023-24,Regular Season,2023-11-19,1610612743,DEN,Denver Nuggets,False,True,W,19.8,19,7,13,2,2,4,5,4,6,10,4,3,0,0,4,-10
0000000014,1610612752,NYK,New York Knicks,1629628,RJ Barrett,2023-24,Regular Season,2023-11-19,1610612743,DEN,Denver Nuggets,False,True,W,27.3,23,9,13,2,4,1,7,0,6,6,0,4,0,0,5,1
0000000014,1610612752,NYK,New York Knicks,1630193,Immanuel Quickley,2023-24,Regular Season,2023-11-19,1610612743,DEN,Denver Nuggets,False,True,W,33.8,8,3,9,0,3,0,0,2,8,10,2,4,2,2,2,-6
0000000014,1610612752,NYK,New York Knicks,203944,Julius Randle,2023-24,Regular Season,2023-11-19,1610612743,DEN,Denver Nuggets,False,True,W,26.7,28,11,20,2,3,2,8,1,8,9,2,3,3,4,2,13
0000000014,1610612752,NYK,New York Knicks,1631216,Miles McBride,2023-24,Regular Season,2023-11-19,1610612743,DEN,Denver Nuggets,False,True,W,27.9,0,5,7,5,7,0,0,4,0,4,0,1,1,5,2,-11
0000000015,1610612743,DEN,Denver Nuggets,203999,Nikola Jokić,2023-24,Regular Season,2023-11-21,1610612748,MIA,Miami Heat,True,False,L,35.1,34,13,18,3,3,0,2,4,9,13,10,0,2,5,5,12
0000000015,1610612743,DEN,Denver Nuggets,1627750,Jamal Murray,2023-24,Regular Season,2023-11-21,1610612748,MIA,Miami Heat,True,False,L,29.3,24,9,18,3,5,2,4,4,4,8,2,1,3,5,1,-11
0000000015,1610612743,DEN,Denver Nuggets,1628420,Aaron Gordon,2023-24,Regular Season,2023-11-21,1610612748,MIA,Miami Heat,True,False,L,34.3,18,7,14,2,5,1,8,0,7,7,2,4,3,1,5,-3
0000000015,1610612743,DEN,Denver Nuggets,1630166,Christian Braun,2023-24,Regular Season,2023-11-21,1610612748,MIA,Miami Heat,True,False,L,24.5,3,8,10,8,10,3,6,0,5,5,0,4,2,0,5,12
0000000015,1610612743,DEN,Denver Nuggets,203914,Kentavious Caldwell-Pope,2023-24,Regular Season,2023-11-21,1610612748,MIA,Miami Heat,True,False,L,32.1,18,7,14,6,9,3,3,3,1,4,3,4,3,3,3,8
0000000015,1610612743,DEN,Denver Nuggets,1631128,Peyton Watson,2023-24,Regular Season,2023-11-21,1610612748,MIA,Miami Heat,True,False,L,30.6,3,1,2,0,1,0,0,2,1,3,2,2,2,2,2,-10
0000000015,1610612748,MIA,Miami Heat,202710,Jimmy Butler,2023-24,Regular Season,2023-11-21,1610612743,DEN,Denver Nuggets,False,True,W,37.0,21,8,16,0,0,1,7,0,9,9,1,4,2,4,3,15
0000000015,1610612748,MIA,Miami Heat,1629639,Tyler Herro,2023-24,Regular Season,2023-11-21,1610612743,DEN,Denver Nuggets,False,True,W,18.6,34,13,22,4,4,2,2,2,3,5,5,1,1,3,4,6
0000000015,1610612748,MIA,Miami Heat,202355,Bam Adebayo,2023-24,Regular Season,2023-11-21,1610612743,DEN,Denver Nuggets,False,True,W,29.2,27,10,16,1,1,0,3,0,8,8,2,1,1,0,1,15
0000000015,1610612748,MIA,Miami Heat,1631170,Jaime Jaquez,2023-24,Regular Season,2023-11-21,1610612743,DEN,Denver Nuggets,False,True,W,35.3,16,6,12,0,0,3,5,0,2,2,5,1,0,5,3,9
0000000015,1610612748,MIA,Miami Heat,203482,Kelly Olynyk,2023-24,Regular Season,2023-11-21,1610612743,DEN,Denver Nuggets,False,True,W,23.1,7,2,5,0,1,0,2,2,1,3,2,4,0,5,1,13
0000000015,1610612748,MIA,Miami Heat,1631107,Nikola Jović,2023-24,Regular Season,2023-11-21,1610612743,DEN,Denver Nuggets,False,True,W,27.7,7,3,9,3,3,5,7,0,0,0,2,1,2,1,4,3
0000000016,1610612738,BOS,Boston Celtics,1628369,Jayson Tatum,2023-24,Regular Season,2023-11-23,1610612747,LAL,Los Angeles Lakers,True,False,W,23.7,32,12,22,7,9,0,2,0,5,5,8,1,0,1,0,-11
0000000016,1610612738,BOS,Boston Celtics,1627759,Jaylen Brown,2023-24,Regular Season,2023-11-23,1610612747,LAL,Los Angeles Lakers,True,False,W,26.5,32,12,21,1,3,1,6,3,7,10,0,4,1,3,0,-7
0000000016,1610612738,BOS,Boston Celtics,201950,Jrue Holiday,2023-24,Regular Season,2023-11-23,1610612747,LAL,Los Angeles Lakers,True,False,W,27.6,13,6,9,6,9,4,4,2,0,2,5,0,2,1,2,-3
0000000016,1610612738,BOS,Boston Celtics,1628464,Derrick White,2023-24,Regular Season,2023-11-23,1610612747,LAL,Los Angeles Lakers,True,False,W,23.5,13,5,8,4,4,4,5,2,0,2,2,4,1,0,2,-6
0000000016,1610612738,BOS,Boston Celtics,203935,Kristaps Porziņģis,2023-24,Regular Season,2023-11-23,1610612747,LAL,Los Angeles Lakers,True,False,W,34.5,17,6,11,1,1,1,3,3,3,6,2,1,1,2,1,-7
0000000016,1610612738,BOS,Boston Celtics,1629057,Robert Williams,2023-24,Regular Season,2023-11-23,1610612747,LAL,Los Angeles Lakers,True,False,W,33.5,8,3,8,1,1,7,7,3,6,9,1,3,3,0,2,11
0000000016,1610612747,LAL,Los Angeles Lakers,2544,LeBron James,2023-24,Regular Season,2023-11-23,1610612738,BOS,Boston Celtics,False,True,L,29.0,17,6,12,4,6,3,8,0,6,6,10,0,2,5,1,-7
0000000016,1610612747,LAL,Los Angeles Lakers,1629029,Luka Dončić,2023-24,Regular Season,2023-11-23,1610612738,BOS,Boston Celtics,False,True,L,25.3,21,8,13,0,5,1,2,1,11,12,7,1,3,2,5,-12
0000000016,1610612747,LAL,Los Angeles Lakers,203076,Anthony Davis,2023-24,Regular Season,2023-11-23,1610612738,BOS,Boston Celtics,False,True,L,26.3,26,10,17,2,3,0,1,2,11,13,2,0,0,0,1,16
0000000016,1610612747,LAL,Los Angeles Lakers,1630559,Austin Reaves,2023-24,Regular Season,2023-11-23,1610612738,BOS,Boston Celtics,False,True,L,36.3,17,7,14,7,7,2,5,3,1,4,1,4,0,0,1,3
0000000016,1610612747,LAL,Los Angeles Lakers,1626156,Dalton Knecht,2023-24,Regular Season,2023-11-23,1610612738,BOS,Boston Celtics,False,True,L,22.6,0,1,4,1,1,0,2,1,0,1,6,3,1,3,2,10
0000000016,1610612747,LAL,Los Angeles Lakers,1629020,Rui Hachimura,2023-24,Regular Season,2023-11-23,1610612738,BOS,Boston Celtics,False,True,L,32.1,8,3,8,1,2,4,5,1,4,5,0,4,3,4,3,4
0000000017,1610612738,BOS,Boston Celtics,1628369,Jayson Tatum,2023-24,Regular Season,2023-11-25,1610612744,GSW,Golden State Warriors,True,False,W,37.0,30,12,21,0,1,0,0,3,0,3,6,3,1,5,0,15
0000000017,1610612738,BOS,Boston Celtics,1627759,Jaylen Brown,2023-24,Regular Season,2023-11-25,1610612744,GSW,Golden State Warriors,True,False,W,30.2,27,10,17,4,10,1,1,3,6,9,2,4,0,1,1,14
0000000017,1610612738,BOS,Boston Celtics,201950,Jrue Holiday,2023-24,Regular Season,2023-11-25,1610612744,GSW,Golden State Warriors,True,False,W,35.8,15,6,8,2,6,3,3,2,1,3,5,1,0,4,3,4
0000000017,1610612738,BOS,Boston Celtics,1628464,Derrick White,2023-24,Regular Season,2023-11-25,1610612744,GSW,Golden State Warriors,True,False,W,22.2,14,5,11,1,2,0,2,3,2,5,2,0,2,0,4,4
0000000017,1610612738,BOS,Boston Celtics,203935,Kristaps Porziņģis,2023-24,Regular Season,2023-11-25,1610612744,GSW,Golden State Warriors,True,False,W,31.7,16,6,10,0,2,3,7,1,6,7,1,0,2,1,4,-10
0000000017,1610612738,BOS,Boston Celtics,1629057,Robert Williams,2023-24,Regular Season,2023-11-25,1610612744,GSW,Golden State Warriors,True,False,W,33.2,9,3,6,1,2,3,5,3,6,9,0,1,1,0,3,-7
0000000017,1610612744,GSW,Golden State Warriors,201939,Stephen Curry,2023-24,Regular Season,2023-11-25,1610612738,BOS,Boston Celtics,False,True,L,26.0,22,8,16,3,5,1,8,2,2,4,5,1,1,5,2,14
0000000017,1610612744,GSW,Golden State Warriors,202691,Klay Thompson,2023-24,Regular Season,2023-11-25,1610612738,BOS,Boston Celtics,False,True,L,34.3,11,4,7,0,7,0,1,1,3,4,0,4,3,5,1,4
0000000017,1610612744,GSW,Golden State Warriors,203110,Draymond Green,2023-24,Regular Season,2023-11-25,1610612738,BOS,Boston Celtics,False,True,L,34.2,6,3,9,3,5,6,7,2,2,4,6,2,2,4,0,-1
0000000017,1610612744,GSW,Golden State Warriors,1630228,Jonathan Kuminga,2023-24,Regular Season,2023-11-25,1610612738,BOS,Boston Celtics,False,True,L,21.1,10,4,11,0,1,0,2,4,0,4,1,1,1,2,3,-10
0000000017,1610612744,GSW,Golden State Warriors,1626172,Kevon Looney,2023-24,Regular Season,2023-11-25,1610612738,BOS,Boston Celtics,False,True,L,36.5,10,4,11,0,0,1,4,4,4,8,3,0,2,3,1,15
0000000017,1610612744,GSW,Golden State Warriors,1630541,Brandin Podziemski,2023-24,Regular Season,2023-11-25,1610612738,BOS,Boston Celtics,False,True,L,33.4,10,4,10,3,6,1,8,0,0,0,1,2,3,4,5,-18
0000000018,1610612738,BOS,Boston Celtics,1628369,Jayson Tatum,2023-24,Regular Season,2023-11-27,1610612743,DEN,Denver Nuggets,True,False,W,31.4,23,9,12,2,9,0,4,4,4,8,4,2,0,1,1,4
0000000018,1610612738,BOS,Boston Celtics,1627759,Jaylen Brown,2023-24,Regular Season,2023-11-27,1610612743,DEN,Denver Nuggets,True,False,W,37.2,18,7,11,2,2,1,1,1,8,9,1,0,0,1,2,-1
0000000018,1610612738,BOS,Boston Celtics,201950,Jrue Holiday,2023-24,Regular Season,2023-11-27,1610612743,DEN,Denver Nuggets,True,False,W,21.1,18,7,14,1,4,0,0,4,0,4,7,4,0,4,4,-7
0000000018,1610612738,BOS,Boston Celtics,1628464,Derrick White,2023-24,Regular Season,2023-11-27,1610612743,DEN,Denver Nuggets,True,False,W,19.1,11,4,10,0,0,0,0,0,5,5,4,3,1,0,0,8
0000000018,1610612738,BOS,Boston Celtics,203935,Kristaps Porziņģis,2023-24,Regular Season,2023-11-27,1610612743,DEN,Denver Nuggets,True,False,W,26.7,19,7,12,0,3,0,0,0,3,3,0,1,0,1,0,-2
0000000018,1610612738,BOS,Boston Celtics,1629057,Robert Williams,2023-24,Regular Season,2023-11-27,1610612743,DEN,Denver Nuggets,True,False,W,31.0,1,1,1,1,1,1,4,0,6,6,2,3,3,2,4,-6
0000000018,1610612743,DEN,Denver Nuggets,203999,Nikola Jokić,2023-24,Regular Season,2023-11-27,1610612738,BOS,Boston Celtics,False,True,L,36.2,13,5,10,2,3,0,0,3,5,8,9,3,2,1,3,-14
0000000018,1610612743,DEN,Denver Nuggets,1627750,Jamal Murray,2023-24,Regular Season,2023-11-27,1610612738,BOS,Boston Celtics,False,True,L,36.2,18,7,13,1,3,2,2,0,8,8,5,0,0,3,4,9
0000000018,1610612743,DEN,Denver Nuggets,1628420,Aaron Gordon,2023-24,Regular Season,2023-11-27,1610612738,BOS,Boston Celtics,False,True,L,21.4,0,1,6,1,3,2,3,1,6,7,2,1,2,5,1,-10
0000000018,1610612743,DEN,Denver Nuggets,1630166,Christian Braun,2023-24,Regular Season,2023-11-27,1610612738,BOS,Boston Celtics,False,True,L,34.7,10,7,11,7,8,2,5,1,0,1,0,0,2,3,2,-17
0000000018,1610612743,DEN,Denver Nuggets,203914,Kentavious Caldwell-Pope,2023-24,Regular Season,2023-11-27,1610612738,BOS,Boston Celtics,False,True,L,30.7,8,3,8,0,6,1,4,0,0,0,4,2,0,4,5,4
0000000018,1610612743,DEN,Denver Nuggets,1631128,Peyton Watson,2023-24,Regular Season,2023-11-27,1610612738,BOS,Boston Celtics,False,True,L,28.2,10,4,11,1,8,2,5,0,0,0,0,2,2,5,0,4
0000000019,1610612738,BOS,Boston Celtics,1628369,Jayson Tatum,2023-24,Regular Season,2023-11-29,1610612752,NYK,New York Knicks,True,False,W,25.4,34,13,20,1,2,3,4,1,10,11,3,3,1,4,0,2
0000000019,1610612738,BOS,Boston Celtics,1627759,Jaylen Brown,2023-24,Regular Season,2023-11-29,1610612752,NYK,New York Knicks,True,False,W,34.8,23,9,14,1,9,0,1,2,2,4,3,1,2,0,5,0
0000000019,1610612738,BOS,Boston Celtics,201950,Jrue Holiday,2023-24,Regular Season,2023-11-29,1610612752,NYK,New York Knicks,True,False,W,35.6,7,2,9,2,4,0,2,1,4,5,3,3,1,2,2,-11
0000000019,1610612738,BOS,Boston Celtics,1628464,Derrick White,2023-24,Regular Season,2023-11-29,1610612752,NYK,New York Knicks,True,False,W,18.6,16,6,12,0,0,0,3,1,4,5,3,2,1,0,0,6
0000000019,1610612738,BOS,Boston Celtics,203935,Kristaps Porziņģis,2023-24,Regular Season,2023-11-29,1610612752,NYK,New York Knicks,True,False,W,32.5,26,10,19,2,2,1,2,0,7,7,3,2,2,3,4,3
0000000019,1610612738,BOS,Boston Celtics,1629057,Robert Williams,2023-24,Regular Season,2023-11-29,1610612752,NYK,New York Knicks,True,False,W,30.5,12,4,8,1,3,1,2,2,3,5,1,4,0,0,4,-13
0000000019,1610612752,NYK,New York Knicks,1628973,Jalen Brunson,2023-24,Regular Season,2023-11-29,1610612738,BOS,Boston Celtics,False,True,L,30.7,28,11,20,2,2,3,5,1,4,5,7,4,1,0,1,15
0000000019,1610612752,NYK,New York Knicks,1626157,Karl-Anthony Towns,2023-24,Regular Season,2023-11-29,1610612738,BOS,Boston Celtics,False,True,L,33.3,21,8,13,1,1,1,2,0,10,10,3,4,3,0,1,13
0000000019,1610612752,NYK,New York Knicks,1629628,RJ Barrett,2023-24,Regular Season,2023-11-29,1610612738,BOS,Boston Celtics,False,True,L,32.0,17,6,9,4,9,4,5,4,3,7,1,1,0,3,5,-6
0000000019,1610612752,NYK,New York Knicks,1630193,Immanuel Quickley,2023-24,Regular Season,2023-11-29,1610612738,BOS,Boston Celtics,False,True,L,37.4,11,4,11,0,2,8,8,1,3,4,3,2,0,0,3,-1
0000000019,1610612752,NYK,New York Knicks,203944,Julius Randle,2023-24,Regular Season,2023-11-29,1610612738,BOS,Boston Celtics,False,True,L,18.6,18,7,11,0,4,0,0,1,7,8,3,3,1,1,2,10
0000000019,1610612752,NYK,New York Knicks,1631216,Miles McBride,2023-24,Regular Season,2023-11-29,1610612738,BOS,Boston Celtics,False,True,L,23.1,10,4,8,1,1,2,2,2,0,2,1,4,2,2,5,-18
0000000020,1610612738,BOS,Boston Celtics,1628369,Jayson Tatum,2023-24,Regular Season,2023-12-01,1610612748,MIA,Miami Heat,True,False,W,31.5,33,13,20,4,6,0,2,2,8,10,6,2,2,3,2,9
0000000020,1610612738,BOS,Boston Celtics,1627759,Jaylen Brown,2023-24,Regular Season,2023-12-01,1610612748,MIA,Miami Heat,True,False,W,19.5,19,7,14,1,1,0,0,1,3,4,5,1,2,3,5,12
0000000020,1610612738,BOS,Boston Celtics,201950,Jrue Holiday,2023-24,Regular Season,2023-12-01,1610612748,MIA,Miami Heat,True,False,W,20.6,15,6,13,3,3,2,2,3,7,10,2,4,3,1,5,-11
0000000020,1610612738,BOS,Boston Celtics,1628464,Derrick White,2023-24,Regular Season,2023-12-01,1610612748,MIA,Miami Heat,True,False,W,19.8,19,7,13,4,5,1,3,1,0,1,3,0,3,5,4,14
0000000020,1610612738,BOS,Boston Celtics,203935,Kristaps Porziņģis,2023-24,Regular Season,2023-12-01,1610612748,MIA,Miami Heat,True,False,W,28.7,22,8,13,1,1,2,5,0,0,0,3,2,2,4,3,5
0000000020,1610612738,BOS,Boston Celtics,1629057,Robert Williams,2023-24,Regular Season,2023-12-01,1610612748,MIA,Miami Heat,True,False,W,30.0,9,3,9,0,2,0,0,1,9,10,0,1,1,3,4,-16
0000000020,1610612748,MIA,Miami Heat,202710,Jimmy Butler,2023-24,Regular Season,2023-12-01,1610612738,BOS,Boston Celtics,False,True,L,36.6,10,4,10,1,10,5,8,1,4,5,6,3,2,4,1,-2
0000000020,1610612748,MIA,Miami Heat,1629639,Tyler Herro,2023-24,Regular Season,2023-12-01,1610612738,BOS,Boston Celtics,False,True,L,32.4,22,8,13,2,4,1,1,0,7,7,4,0,0,1,3,1
0000000020,1610612748,MIA,Miami Heat,202355,Bam Adebayo,2023-24,Regular Season,2023-12-01,1610612738,BOS,Boston Celtics,False,True,L,36.5,38,15,23,0,0,3,4,4,3,7,3,2,1,2,4,-13
0000000020,1610612748,MIA,Miami Heat,1631170,Jaime Jaquez,2023-24,Regular Season,2023-12-01,1610612738,BOS,Boston Celtics,False,True,L,33.1,7,6,9,6,9,4,6,1,5,6,2,3,1,3,2,15
0000000020,1610612748,MIA,Miami Heat,203482,Kelly Olynyk,2023-24,Regular Season,2023-12-01,1610612738,BOS,Boston Celtics,False,True,L,29.0,9,3,5,0,0,8,8,3,5,8,5,3,1,5,3,-17
0000000020,1610612748,MIA,Miami Heat,1631107,Nikola Jović,2023-24,Regular Season,2023-12-01,1610612738,BOS,Boston Celtics,False,True,L,31.8,12,4,12,4,9,0,0,2,3,5,1,2,0,4,4,8
0000000021,1610612752,NYK,New York Knicks,1628973,Jalen Brunson,2023-24,Regular Season,2023-12-03,1610612747,LAL,Los Angeles Lakers,True,False,W,36.8,22,8,15,2,8,1,1,0,0,0,7,1,2,2,5,-7
0000000021,1610612752,NYK,New York Knicks,1626157,Karl-Anthony Towns,2023-24,Regular Season,2023-12-03,1610612747,LAL,Los Angeles Lakers,True,False,W,38.0,18,7,12,1,3,2,2,2,8,10,4,4,1,3,3,-9
0000000021,1610612752,NYK,New York Knicks,1629628,RJ Barrett,2023-24,Regular Season,2023-12-03,1610612747,LAL,Los Angeles Lakers,True,False,W,24.6,21,8,12,5,6,2,3,2,10,12,3,2,0,2,2,-9
0000000021,1610612752,NYK,New York Knicks,1630193,Immanuel Quickley,2023-24,Regular Season,2023-12-03,1610612747,LAL,Los Angeles Lakers,True,False,W,25.9,9,3,7,0,7,2,8,2,4,6,4,0,2,3,0,10
0000000021,1610612752,NYK,New York Knicks,203944,Julius Randle,2023-24,Regular Season,2023-12-03,1610612747,LAL,Los Angeles Lakers,True,False,W,28.1,28,11,16,5,5,7,8,0,4,4,2,3,1,5,4,-14
0000000021,1610612752,NYK,New York Knicks,1631216,Miles McBride,2023-24,Regular Season,2023-12-03,1610612747,LAL,Los Angeles Lakers,True,False,W,25.3,5,7,7,7,7,4,5,0,0,0,1,2,0,0,4,17
0000000021,1610612747,LAL,Los Angeles Lakers,2544,LeBron James,2023-24,Regular Season,2023-12-03,1610612752,NYK,New York Knicks,False,True,L,22.7,24,9,13,3,3,0,2,4,6,10,9,1,2,5,2,-5
0000000021,1610612747,LAL,Los Angeles Lakers,1629029,Luka Dončić,2023-24,Regular Season,2023-12-03,1610612752,NYK,New York Knicks,False,True,L,18.3,25,10,15,5,5,3,8,4,7,11,8,1,3,4,1,0
0000000021,1610612747,LAL,Los Angeles Lakers,203076,Anthony Davis,2023-24,Regular Season,2023-12-03,1610612752,NYK,New York Knicks,False,True,L,37.9,16,6,13,1,1,1,5,0,10,10,4,4,3,2,4,8
0000000021,1610612747,LAL,Los Angeles Lakers,1630559,Austin Reaves,2023-24,Regular Season,2023-12-03,1610612752,NYK,New York Knicks,False,True,L,23.1,19,8,11,8,8,0,2,0,4,4,5,0,2,0,2,4
0000000021,1610612747,LAL,Los Angeles Lakers,1626156,Dalton Knecht,2023-24,Regular Season,2023-12-03,1610612752,NYK,New York Knicks,False,True,L,21.1,5,2,8,1,8,0,0,0,3,3,0,4,0,5,1,-11
0000000021,1610612747,LAL,Los Angeles Lakers,1629020,Rui Hachimura,2023-24,Regular Season,2023-12-03,1610612752,NYK,New York Knicks,False,True,L,23.2,8,3,5,0,1,5,8,4,0,4,0,1,1,3,4,-7
0000000022,1610612752,NYK,New York Knicks,1628973,Jalen Brunson,2023-24,Regular Season,2023-12-05,1610612744,GSW,Golden State Warriors,True,False,W,25.8,28,11,16,0,0,1,1,0,10,10,11,0,1,3,3,16
0000000022,1610612752,NYK,New York Knicks,1626157,Karl-Anthony Towns,2023-24,Regular Season,2023-12-05,1610612744,GSW,Golden State Warriors,True,False,W,19.8,26,10,19,0,0,0,3,2,14,16,4,1,0,5,2,-9
0000000022,1610612752,NYK,New York Knicks,1629628,RJ Barrett,2023-24,Regular Season,2023-12-05,1610612744,GSW,Golden State Warriors,True,False,W,23.6,15,6,13,0,1,0,8,1,2,3,3,0,0,0,0,3
0000000022,1610612752,NYK,New York Knicks,1630193,Immanuel Quickley,2023-24,Regular Season,2023-12-05,1610612744,GSW,Golden State Warriors,True,False,W,34.9,18,7,10,2,6,1,2,0,0,0,4,1,3,4,1,-18
0000000022,1610612752,NYK,New York Knicks,203944,Julius Randle,2023-24,Regular Season,2023-12-05,1610612744,GSW,Golden State Warriors,True,False,W,32.0,25,10,17,5,8,3,3,0,12,12,2,1,0,1,5,2
0000000022,1610612752,NYK,New York Knicks,1631216,Miles McBride,2023-24,Regular Season,2023-12-05,1610612744,GSW,Golden State Warriors,True,False,W,37.6,0,0,4,0,0,3,4,1,7,8,0,1,3,0,2,14
0000000022,1610612744,GSW,Golden State Warriors,201939,Stephen Curry,2023-24,Regular Season,2023-12-05,1610612752,NYK,New York Knicks,False,True,L,36.8,28,11,15,4,5,1,2,3,0,3,3,2,0,1,4,-1
0000000022,1610612744,GSW,Golden State Warriors,202691,Klay Thompson,2023-24,Regular Season,2023-12-05,1610612752,NYK,New York Knicks,False,True,L,36.3,20,8,16,2,6,1,3,4,3,7,0,4,1,4,1,1
0000000022,1610612744,GSW,Golden State Warriors,203110,Draymond Green,2023-24,Regular Season,2023-12-05,1610612752,NYK,New York Knicks,False,True,L,22.8,13,5,11,0,6,2,8,2,6,8,5,0,0,2,0,-17
0000000022,1610612744,GSW,Golden State Warriors,1630228,Jonathan Kuminga,2023-24,Regular Season,2023-12-05,1610612752,NYK,New York Knicks,False,True,L,20.0,23,9,16,1,4,4,5,0,5,5,3,3,3,1,0,7
0000000022,1610612744,GSW,Golden State Warriors,1626172,Kevon Looney,2023-24,Regular Season,2023-12-05,1610612752,NYK,New York Knicks,False,True,L,19.1,12,4,8,1,1,7,8,4,3,7,0,4,3,4,3,-2
0000000022,1610612744,GSW,Golden State Warriors,1630541,Brandin Podziemski,2023-24,Regular Season,2023-12-05,1610612752,NYK,New York Knicks,False,True,L,19.4,9,3,7,0,0,7,7,1,0,1,3,1,1,4,1,-5
0000000023,1610612752,NYK,New York Knicks,1628973,Jalen Brunson,2023-24,Regular Season,2023-12-07,1610612743,DEN,Denver Nuggets,True,False,W,19.0,32,12,20,3,4,1,1,0,0,0,6,4,3,3,4,-7
0000000023,1610612752,NYK,New York Knicks,1626157,Karl-Anthony Towns,2023-24,Regular Season,2023-12-07,1610612743,DEN,Denver Nuggets,True,False,W,31.6,20,8,11,0,1,0,4,2,12,14,1,0,3,5,2,5
0000000023,1610612752,NYK,New York Knicks,1629628,RJ Barrett,2023-24,Regular Season,2023-12-07,1610612743,DEN,Denver Nuggets,True,False,W,25.2,21,8,14,2,2,4,8,2,0,2,4,4,2,3,1,-9
0000000023,1610612752,NYK,New York Knicks,1630193,Immanuel Quickley,2023-24,Regular Season,2023-12-07,1610612743,DEN,Denver Nuggets,True,False,W,20.2,25,10,17,6,6,0,3,1,4,5,4,3,1,5,3,-16
0000000023,1610612752,NYK,New York Knicks,203944,Julius Randle,2023-24,Regular Season,2023-12-07,1610612743,DEN,Denver Nuggets,True,False,W,21.6,23,9,17,1,3,3,6,3,3,6,2,4,3,4,1,-16
0000000023,1610612752,NYK,New York Knicks,1631216,Miles McBride,2023-24,Regular Season,2023-12-07,1610612743,DEN,Denver Nuggets,True,False,W,25.5,4,1,7,1,3,0,2,1,2,3,5,3,1,4,2,-14
0000000023,1610612743,DEN,Denver Nuggets,203999,Nikola Jokić,2023-24,Regular Season,2023-12-07,1610612752,NYK,New York Knicks,False,True,L,35.5,17,6,12,2,2,0,0,0,8,8,10,3,3,5,0,-10
0000000023,1610612743,DEN,Denver Nuggets,1627750,Jamal Murray,2023-24,Regular Season,2023-12-07,1610612752,NYK,New York Knicks,False,True,L,25.1,18,7,11,1,5,1,2,1,2,3,9,3,3,1,1,-7
0000000023,1610612743,DEN,Denver Nuggets,1628420,Aaron Gordon,2023-24,Regular Season,2023-12-07,1610612752,NYK,New York Knicks,False,True,L,34.2,5,2,5,2,5,4,7,0,2,2,1,2,0,3,3,9
0000000023,1610612743,DEN,Denver Nuggets,1630166,Christian Braun,2023-24,Regular Season,2023-12-07,1610612752,NYK,New York Knicks,False,True,L,30.8,15,6,10,0,10,2,6,3,0,3,1,4,1,2,3,17
0000000023,1610612743,DEN,Denver Nuggets,203914,Kentavious Caldwell-Pope,2023-24,Regular Season,2023-12-07,1610612752,NYK,New York Knicks,False,True,L,29.1,5,2,6,2,2,2,4,0,5,5,4,2,0,4,4,0
0000000023,1610612743,DEN,Denver Nuggets,1631128,Peyton Watson,2023-24,Regular Season,2023-12-07,1610612752,NYK,New York Knicks,False,True,L,25.4,9,5,6,5,5,2,5,2,4,6,4,1,3,1,1,18
0000000024,1610612752,NYK,New York Knicks,1628973,Jalen Brunson,2023-24,Regular Season,2023-12-09,1610612738,BOS,Boston Celtics,True,False,W,22.1,23,9,16,4,7,2,2,2,3,5,3,4,3,4,0,-2
0000000024,1610612752,NYK,New York Knicks,1626157,Karl-Anthony Towns,2023-24,Regular Season,2023-12-09,1610612738,BOS,Boston Celtics,True,False,W,20.5,30,12,18,0,3,3,6,1,6,7,4,4,2,2,4,-3
0000000024,1610612752,NYK,New York Knicks,1629628,RJ Barrett,2023-24,Regular Season,2023-12-09,1610612738,BOS,Boston Celtics,True,False,W,31.8,13,5,9,4,5,6,6,3,2,5,5,4,0,1,0,6
0000000024,1610612752,NYK,New York Knicks,1630193,Immanuel Quickley,2023-24,Regular Season,2023-12-09,1610612738,BOS,Boston Celtics,True,False,W,36.3,7,2,8,0,0,3,3,0,0,0,5,1,3,5,4,-10
0000000024,1610612752,NYK,New York Knicks,203944,Julius Randle,2023-24,Regular Season,2023-12-09,1610612738,BOS,Boston Celtics,True,False,W,25.8,26,10,14,0,4,0,5,3,11,14,4,3,3,2,1,4
0000000024,1610612752,NYK,New York Knicks,1631216,Miles McBride,2023-24,Regular Season,2023-12-09,1610612738,BOS,Boston Celtics,True,False,W,28.9,15,6,12,2,8,1,1,0,0,0,0,0,3,3,0,-14
0000000024,1610612738,BOS,Boston Celtics,1628369,Jayson Tatum,2023-24,Regular Season,2023-12-09,1610612752,NYK,New York Knicks,False,True,L,37.1,40,16,21,4,5,0,0,4,6,10,2,0,0,0,2,-7
0000000024,1610612738,BOS,Boston Celtics,1627759,Jaylen Brown,2023-24,Regular Season,2023-12-09,1610612752,NYK,New York Knicks,False,True,L,32.4,22,8,15,2,2,0,4,2,6,8,5,1,0,1,0,-17
0000000024,1610612738,BOS,Boston Celtics,201950,Jrue Holiday,2023-24,Regular Season,2023-12-09,1610612752,NYK,New York Knicks,False,True,L,27.4,14,5,9,5,7,2,7,2,0,2,2,3,3,4,5,17
0000000024,1610612738,BOS,Boston Celtics,1628464,Derrick White,2023-24,Regular Season,2023-12-09,1610612752,NYK,New York Knicks,False,True,L,30.1,14,5,8,5,8,0,1,2,2,4,1,0,3,4,4,13
0000000024,1610612738,BOS,Boston Celtics,203935,Kristaps Porziņģis,2023-24,Regular Season,2023-12-09,1610612752,NYK,New York Knicks,False,True,L,21.4,15,6,12,0,0,2,4,3,3,6,2,2,0,3,5,12
0000000024,1610612738,BOS,Boston Celtics,1629057,Robert Williams,2023-24,Regular Season,2023-12-09,1610612752,NYK,New York Knicks,False,True,L,21.9,0,1,4,1,3,4,6,1,2,3,0,3,1,3,0,-13
0000000025,1610612752,NYK,New York Knicks,1628973,Jalen Brunson,2023-24,Regular Season,2023-12-11,1610612748,MIA,Miami Heat,True,False,W,37.5,24,9,18,2,6,0,1,0,0,0,5,0,3,5,5,10
0000000025,1610612752,NYK,New York Knicks,1626157,Karl-Anthony Towns,2023-24,Regular Season,2023-12-11,1610612748,MIA,Miami Heat,True,False,W,26.8,29,11,20,2,3,4,6,2,9,11,0,0,1,0,3,-12
0000000025,1610612752,NYK,New York Knicks,1629628,RJ Barrett,2023-24,Regular Season,2023-12-11,1610612748,MIA,Miami Heat,True,False,W,35.1,16,6,11,1,1,3,5,2,5,7,1,1,1,5,4,-10
0000000025,1610612752,NYK,New York Knicks,1630193,Immanuel Quickley,2023-24,Regular Season,2023-12-11,1610612748,MIA,Miami Heat,True,False,W,35.3,11,4,6,1,2,3,3,2,0,2,3,3,1,5,4,-4
0000000025,1610612752,NYK,New York Knicks,203944,Julius Randle,2023-24,Regular Season,2023-12-11,1610612748,MIA,Miami Heat,True,False,W,24.6,29,11,16,0,4,0,0,3,3,6,9,3,3,3,2,15
0000000025,1610612752,NYK,New York Knicks,1631216,Miles McBride,2023-24,Regular Season,2023-12-11,1610612748,MIA,Miami Heat,True,False,W,25.3,5,2,8,0,0,5,5,0,0,0,0,1,0,4,0,8
0000000025,1610612748,MIA,Miami Heat,202710,Jimmy Butler,2023-24,Regular Season,2023-12-11,1610612752,NYK,New York Knicks,False,True,L,23.7,10,6,8,6,8,0,0,1,4,5,3,4,1,5,2,12
0000000025,1610612748,MIA,Miami Heat,1629639,Tyler Herro,2023-24,Regular Season,2023-12-11,1610612752,NYK,New York Knicks,False,True,L,31.7,29,11,19,4,10,1,7,4,7,11,3,4,0,2,5,8
0000000025,1610612748,MIA,Miami Heat,202355,Bam Adebayo,2023-24,Regular Season,2023-12-11,1610612752,NYK,New York Knicks,False,True,L,18.0,16,6,12,1,2,0,0,2,7,9,4,4,1,3,5,-8
0000000025,1610612748,MIA,Miami Heat,1631170,Jaime Jaquez,2023-24,Regular Season,2023-12-11,1610612752,NYK,New York Knicks,False,True,L,24.3,1,8,10,8,10,0,4,4,4,8,1,0,1,5,0,-13
0000000025,1610612748,MIA,Miami Heat,203482,Kelly Olynyk,2023-24,Regular Season,2023-12-11,1610612752,NYK,New York Knicks,False,True,L,32.0,12,4,10,0,2,4,4,2,1,3,5,3,3,2,2,-12
0000000025,1610612748,MIA,Miami Heat,1631107,Nikola Jović,2023-24,Regular Season,2023-12-11,1610612752,NYK,New York Knicks,False,True,L,31.2,10,4,7,4,6,2,7,0,0,0,0,4,1,0,5,14
0000000026,1610612748,MIA,Miami Heat,202710,Jimmy Butler,2023-24,Regular Season,2023-12-13,1610612747,LAL,Los Angeles Lakers,True,False,L,31.5,18,7,14,4,4,2,3,0,9,9,4,1,2,1,4,17
0000000026,1610612748,MIA,Miami Heat,1629639,Tyler Herro,2023-24,Regular Season,2023-12-13,1610612747,LAL,Los Angeles Lakers,True,False,L,25.8,17,6,14,4,9,4,7,0,5,5,2,1,1,4,2,9
0000000026,1610612748,MIA,Miami Heat,202355,Bam Adebayo,2023-24,Regular Season,2023-12-13,1610612747,LAL,Los Angeles Lakers,True,False,L,30.7,4,1,8,0,1,5,6,1,9,10,11,2,1,1,4,-11
0000000026,1610612748,MIA,Miami Heat,1631170,Jaime Jaquez,2023-24,Regular Season,2023-12-13,1610612747,LAL,Los Angeles Lakers,True,False,L,27.1,11,6,11,6,10,2,4,3,3,6,2,2,1,5,4,16
0000000026,1610612748,MIA,Miami Heat,203482,Kelly Olynyk,2023-24,Regular Season,2023-12-13,1610612747,LAL,Los Angeles Lakers,True,False,L,35.4,10,4,11,0,0,3,5,4,2,6,2,3,1,2,0,3
0000000026,1610612748,MIA,Miami Heat,1631107,Nikola Jović,2023-24,Regular Season,2023-12-13,1610612747,LAL,Los Angeles Lakers,True,False,L,32.7,4,1,6,1,1,7,7,1,0,1,6,4,3,5,1,18
0000000026,1610612747,LAL,Los Angeles Lakers,2544,LeBron James,2023-24,Regular Season,2023-12-13,1610612748,MIA,Miami Heat,False,True,W,26.0,21,8,15,0,0,6,8,1,6,7,10,0,2,0,0,14
0000000026,1610612747,LAL,Los Angeles Lakers,1629029,Luka Dončić,2023-24,Regular Season,2023-12-13,1610612748,MIA,Miami Heat,False,True,W,32.7,27,10,19,0,0,2,2,4,0,4,5,3,1,3,2,-8
0000000026,1610612747,LAL,Los Angeles Lakers,203076,Anthony Davis,2023-24,Regular Season,2023-12-13,1610612748,MIA,Miami Heat,False,True,W,30.7,36,14,22,1,1,0,3,0,16,16,4,2,0,0,0,-7
0000000026,1610612747,LAL,Los Angeles Lakers,1630559,Austin Reaves,2023-24,Regular Season,2023-12-13,1610612748,MIA,Miami Heat,False,True,W,30.0,19,7,11,2,10,6,6,2,2,4,5,2,1,3,1,4
0000000026,1610612747,LAL,Los Angeles Lakers,1626156,Dalton Knecht,2023-24,Regular Season,2023-12-13,1610612748,MIA,Miami Heat,False,True,W,23.0,11,4,9,0,0,0,1,1,3,4,0,4,1,1,3,13
0000000026,1610612747,LAL,Los Angeles Lakers,1629020,Rui Hachimura,2023-24,Regular Season,2023-12-13,1610612748,MIA,Miami Heat,False,True,W,37.0,19,7,14,5,5,0,6,4,5,9,0,3,0,0,4,17
0000000027,1610612748,MIA,Miami Heat,202710,Jimmy Butler,2023-24,Regular Season,2023-12-15,1610612744,GSW,Golden State Warriors,True,False,L,21.2,15,6,9,4,9,8,8,3,0,3,6,4,1,2,3,-5
0000000027,1610612748,MIA,Miami Heat,1629639,Tyler Herro,2023-24,Regular Season,2023-12-15,1610612744,GSW,Golden State Warriors,True,False,L,35.0,18,7,14,2,9,0,5,1,1,2,0,3,1,0,1,-12
0000000027,1610612748,MIA,Miami Heat,202355,Bam Adebayo,2023-24,Regular Season,2023-12-15,1610612744,GSW,Golden State Warriors,True,False,L,33.0,21,8,11,0,0,0,8,0,9,9,8,1,3,5,5,1
0000000027,1610612748,MIA,Miami Heat,1631170,Jaime Jaquez,2023-24,Regular Season,2023-12-15,1610612744,GSW,Golden State Warriors,True,False,L,24.5,0,9,9,9,9,1,5,0,0,0,3,2,3,2,1,3
0000000027,1610612748,MIA,Miami Heat,203482,Kelly Olynyk,2023-24,Regular Season,2023-12-15,1610612744,GSW,Golden State Warriors,True,False,L,28.4,4,1,6,0,1,0,1,2,2,4,0,0,3,0,2,-3
0000000027,1610612748,MIA,Miami Heat,1631107,Nikola Jović,2023-24,Regular Season,2023-12-15,1610612744,GSW,Golden State Warriors,True,False,L,29.8,12,4,9,3,9,1,7,3,0,3,2,4,0,1,4,2
0000000027,1610612744,GSW,Golden State Warriors,201939,Stephen Curry,2023-24,Regular Season,2023-12-15,1610612748,MIA,Miami Heat,False,True,W,22.0,20,8,16,0,1,3,3,2,0,2,6,1,2,2,5,11
0000000027,1610612744,GSW,Golden State Warriors,202691,Klay Thompson,2023-24,Regular Season,2023-12-15,1610612748,MIA,Miami Heat,False,True,W,32.9,10,9,11,9,9,2,4,4,0,4,1,3,2,3,4,-7
0000000027,1610612744,GSW,Golden State Warriors,203110,Draymond Green,2023-24,Regular Season,2023-12-15,1610612748,MIA,Miami Heat,False,True,W,33.3,5,2,7,0,0,4,4,3,6,9,4,2,0,2,4,-7
0000000027,1610612744,GSW,Golden State Warriors,1630228,Jonathan Kuminga,2023-24,Regular Season,2023-12-15,1610612748,MIA,Miami Heat,False,True,W,26.6,21,8,16,1,2,3,3,0,6,6,2,1,0,5,3,0
0000000027,1610612744,GSW,Golden State Warriors,1626172,Kevon Looney,2023-24,Regular Season,2023-12-15,1610612748,MIA,Miami Heat,False,True,W,37.6,7,2,4,1,2,2,3,4,12,16,4,2,0,1,1,4
0000000027,1610612744,GSW,Golden State Warriors,1630541,Brandin Podziemski,2023-24,Regular Season,2023-12-15,1610612748,MIA,Miami Heat,False,True,W,32.8,12,4,7,3,4,4,6,0,2,2,2,4,2,4,3,6
0000000028,1610612748,MIA,Miami Heat,202710,Jimmy Butler,2023-24,Regular Season,2023-12-17,1610612743,DEN,Denver Nuggets,True,False,L,36.6,27,10,18,3,3,1,3,2,5,7,5,1,1,0,0,-15
0000000028,1610612748,MIA,Miami Heat,1629639,Tyler Herro,2023-24,Regular Season,2023-12-17,1610612743,DEN,Denver Nuggets,True,False,L,34.2,21,8,13,0,0,0,0,0,2,2,3,2,3,3,2,-14
0000000028,1610612748,MIA,Miami Heat,202355,Bam Adebayo,2023-24,Regular Season,2023-12-17,1610612743,DEN,Denver Nuggets,True,False,L,36.7,13,5,12,0,2,6,7,4,4,8,2,3,0,1,5,15
0000000028,1610612748,MIA,Miami Heat,1631170,Jaime Jaquez,2023-24,Regular Season,2023-12-17,1610612743,DEN,Denver Nuggets,True,False,L,23.6,3,1,3,1,1,0,5,1,3,4,1,4,3,2,5,-9
0000000028,1610612748,MIA,Miami Heat,203482,Kelly Olynyk,2023-24,Regular Season,2023-12-17,1610612743,DEN,Denver Nuggets,True,False,L,28.5,3,1,4,0,1,3,5,0,7,7,2,1,0,1,3,18
0000000028,1610612748,MIA,Miami Heat,1631107,Nikola Jović,2023-24,Regular Season,2023-12-17,1610612743,DEN,Denver Nuggets,True,False,L,37.3,11,4,6,1,4,1,2,0,1,1,1,4,1,4,3,9
0000000028,1610612743,DEN,Denver Nuggets,203999,Nikola Jokić,2023-24,Regular Season,2023-12-17,1610612748,MIA,Miami Heat,False,True,W,30.0,14,5,8,0,0,1,2,3,5,8,9,0,3,5,3,10
0000000028,1610612743,DEN,Denver Nuggets,1627750,Jamal Murray,2023-24,Regular Season,2023-12-17,1610612748,MIA,Miami Heat,False,True,W,23.6,25,10,16,1,1,1,2,2,0,2,5,2,2,1,0,14
0000000028,1610612743,DEN,Denver Nuggets,1628420,Aaron Gordon,2023-24,Regular Season,2023-12-17,1610612748,MIA,Miami Heat,False,True,W,25.3,17,6,13,0,10,4,7,3,0,3,1,3,0,5,0,-8
0000000028,1610612743,DEN,Denver Nuggets,1630166,Christian Braun,2023-24,Regular Season,2023-12-17,1610612748,MIA,Miami Heat,False,True,W,37.5,6,6,7,6,7,0,0,0,2,2,2,1,1,1,2,1
0000000028,1610612743,DEN,Denver Nuggets,203914,Kentavious Caldwell-Pope,2023-24,Regular Season,2023-12-17,1610612748,MIA,Miami Heat,False,True,W,34.3,27,10,15,2,4,4,4,0,3,3,0,3,3,0,3,9
0000000028,1610612743,DEN,Denver Nuggets,1631128,Peyton Watson,2023-24,Regular Season,2023-12-17,1610612748,MIA,Miami Heat,False,True,W,29.5,7,2,6,1,3,3,4,2,0,2,1,4,0,5,2,-18
0000000029,1610612748,MIA,Miami Heat,202710,Jimmy Butler,2023-24,Regular Season,2023-12-19,1610612738,BOS,Boston Celtics,True,False,L,24.5,25,10,15,3,3,3,5,2,13,15,12,4,0,5,2,9
0000000029,1610612748,MIA,Miami Heat,1629639,Tyler Herro,2023-24,Regular Season,2023-12-19,1610612738,BOS,Boston Celtics,True,False,L,27.9,17,6,9,0,0,0,0,0,7,7,4,3,3,4,4,15
0000000029,1610612748,MIA,Miami Heat,202355,Bam Adebayo,2023-24,Regular Season,2023-12-19,1610612738,BOS,Boston Celtics,True,False,L,32.3,19,7,15,0,1,6,8,4,3,7,1,2,0,1,5,18
0000000029,1610612748,MIA,Miami Heat,1631170,Jaime Jaquez,2023-24,Regular Season,2023-12-19,1610612738,BOS,Boston Celtics,True,False,L,36.4,8,3,8,2,8,4,8,0,2,2,1,3,0,3,0,-14
0000000029,1610612748,MIA,Miami Heat,203482,Kelly Olynyk,2023-24,Regular Season,2023-12-19,1610612738,BOS,Boston Celtics,True,False,L,35.3,12,4,8,1,3,0,0,1,5,6,2,3,3,2,2,-12
0000000029,1610612748,MIA,Miami Heat,1631107,Nikola Jović,2023-24,Regular Season,2023-12-19,1610612738,BOS,Boston Celtics,True,False,L,36.0,6,2,9,1,3,5,7,1,0,1,1,4,3,4,5,9
0000000029,1610612738,BOS,Boston Celtics,1628369,Jayson Tatum,2023-24,Regular Season,2023-12-19,1610612748,MIA,Miami Heat,False,True,W,20.9,23,9,12,0,0,4,5,2,3,5,2,1,3,0,1,-6
0000000029,1610612738,BOS,Boston Celtics,1627759,Jaylen Brown,2023-24,Regular Season,2023-12-19,1610612748,MIA,Miami Heat,False,True,W,25.2,18,7,12,3,10,1,1,3,2,5,0,0,1,2,0,2
0000000029,1610612738,BOS,Boston Celtics,201950,Jrue Holiday,2023-24,Regular Season,2023-12-19,1610612748,MIA,Miami Heat,False,True,W,24.2,10,4,7,2,7,1,5,2,1,3,3,0,1,3,2,18
0000000029,1610612738,BOS,Boston Celtics,1628464,Derrick White,2023-24,Regular Season,2023-12-19,1610612748,MIA,Miami Heat,False,True,W,25.4,11,4,6,0,2,5,6,0,6,6,3,3,1,3,3,-9
0000000029,1610612738,BOS,Boston Celtics,203935,Kristaps Porziņģis,2023-24,Regular Season,2023-12-19,1610612748,MIA,Miami Heat,False,True,W,32.7,31,12,16,0,0,4,7,2,1,3,1,1,2,3,4,-11
0000000029,1610612738,BOS,Boston Celtics,1629057,Robert Williams,2023-24,Regular Season,2023-12-19,1610612748,MIA,Miami Heat,False,True,W,21.6,8,3,9,2,3,0,3,0,9,9,0,4,2,3,2,16
0000000030,1610612748,MIA,Miami Heat,202710,Jimmy Butler,2023-24,Regular Season,2023-12-21,1610612752,NYK,New York Knicks,True,False,L,26.7,23,9,14,4,4,1,3,4,1,5,6,0,2,1,1,-18
0000000030,1610612748,MIA,Miami Heat,1629639,Tyler Herro,2023-24,Regular Season,2023-12-21,1610612752,NYK,New York Knicks,True,False,L,20.4,20,8,15,1,4,1,6,0,0,0,8,3,1,1,4,4
0000000030,1610612748,MIA,Miami Heat,202355,Bam Adebayo,2023-24,Regular Season,2023-12-21,1610612752,NYK,New York Knicks,True,False,L,31.7,15,6,11,1,1,1,2,2,5,7,4,4,3,0,5,1
0000000030,1610612748,MIA,Miami Heat,1631170,Jaime Jaquez,2023-24,Regular Season,2023-12-21,1610612752,NYK,New York Knicks,True,False,L,21.1,12,4,11,3,6,7,7,4,4,8,2,2,2,2,3,8
0000000030,1610612748,MIA,Miami Heat,203482,Kelly Olynyk,2023-24,Regular Season,2023-12-21,1610612752,NYK,New York Knicks,True,False,L,32.4,14,5,10,1,1,4,4,2,0,2,2,3,3,0,4,-6
0000000030,1610612748,MIA,Miami Heat,1631107,Nikola Jović,2023-24,Regular Season,2023-12-21,1610612752,NYK,New York Knicks,True,False,L,27.6,11,4,11,3,7,3,5,1,3,4,4,1,2,2,0,-8
0000000030,1610612752,NYK,New York Knicks,1628973,Jalen Brunson,2023-24,Regular Season,2023-12-21,1610612748,MIA,Miami Heat,False,True,W,25.2,25,10,14,2,7,0,3,1,9,10,8,1,1,1,2,1
0000000030,1610612752,NYK,New York Knicks,1626157,Karl-Anthony Towns,2023-24,Regular Season,2023-12-21,1610612748,MIA,Miami Heat,False,True,W,23.8,35,14,18,0,0,2,3,1,9,10,6,1,1,0,0,-15
0000000030,1610612752,NYK,New York Knicks,1629628,RJ Barrett,2023-24,Regular Season,2023-12-21,1610612748,MIA,Miami Heat,False,True,W,35.6,19,7,12,1,1,1,4,1,0,1,4,3,2,0,3,-6
0000000030,1610612752,NYK,New York Knicks,1630193,Immanuel Quickley,2023-24,Regular Season,2023-12-21,1610612748,MIA,Miami Heat,False,True,W,35.6,17,6,12,1,10,2,3,2,3,5,2,1,0,0,2,-7
0000000030,1610612752,NYK,New York Knicks,203944,Julius Randle,2023-24,Regular Season,2023-12-21,1610612748,MIA,Miami Heat,False,True,W,30.3,26,10,19,1,7,0,7,1,3,4,4,2,2,1,4,6
0000000030,1610612752,NYK,New York Knicks,1631216,Miles McBride,2023-24,Regular Season,2023-12-21,1610612748,MIA,Miami Heat,False,True,W,24.4,4,8,8,8,8,0,3,0,10,10,0,2,3,5,3,-1
0000000031,1610612747,LAL,Los Angeles Lakers,2544,LeBron James,2023-24,Regular Season,2023-12-23,1610612744,GSW,Golden State Warriors,True,False,W,18.7,33,13,17,6,6,0,0,1,5,6,3,3,2,4,1,15
0000000031,1610612747,LAL,Los Angeles Lakers,1629029,Luka Dončić,2023-24,Regular Season,2023-12-23,1610612744,GSW,Golden State Warriors,True,False,W,18.4,16,6,12,2,4,6,6,4,0,4,5,3,1,1,4,14
0000000031,1610612747,LAL,Los Angeles Lakers,203076,Anthony Davis,2023-24,Regular Season,2023-12-23,1610612744,GSW,Golden State Warriors,True,False,W,34.8,30,12,16,0,0,1,3,2,12,14,1,4,0,5,2,16
0000000031,1610612747,LAL,Los Angeles Lakers,1630559,Austin Reaves,2023-24,Regular Season,2023-12-23,1610612744,GSW,Golden State Warriors,True,False,W,21.4,16,6,11,3,6,0,4,1,0,1,7,2,2,5,3,-14
0000000031,1610612747,LAL,Los Angeles Lakers,1626156,Dalton Knecht,2023-24,Regular Season,2023-12-23,1610612744,GSW,Golden State Warriors,True,False,W,35.3,4,1,5,0,3,5,7,3,1,4,0,1,1,2,3,10
0000000031,1610612747,LAL,Los Angeles Lakers,1629020,Rui Hachimura,2023-24,Regular Season,2023-12-23,1610612744,GSW,Golden State Warriors,True,False,W,36.0,8,3,8,0,8,6,7,0,0,0,3,3,0,0,5,-13
0000000031,1610612744,GSW,Golden State Warriors,201939,Stephen Curry,2023-24,Regular Season,2023-12-23,1610612747,LAL,Los Angeles Lakers,False,True,L,31.9,25,10,16,1,8,7,7,4,3,7,5,4,1,5,5,11
0000000031,1610612744,GSW,Golden State Warriors,202691,Klay Thompson,2023-24,Regular Season,2023-12-23,1610612747,LAL,Los Angeles Lakers,False,True,L,22.4,21,8,15,4,5,1,8,2,5,7,3,2,3,5,1,16
0000000031,1610612744,GSW,Golden State Warriors,203110,Draymond Green,2023-24,Regular Season,2023-12-23,1610612747,LAL,Los Angeles Lakers,False,True,L,21.4,6,2,6,1,4,0,1,4,6,10,7,2,1,3,1,-10
0000000031,1610612744,GSW,Golden State Warriors,1630228,Jonathan Kuminga,2023-24,Regular Season,2023-12-23,1610612747,LAL,Los Angeles Lakers,False,True,L,27.3,11,4,11,0,2,3,4,3,0,3,0,1,2,1,0,-10
0000000031,1610612744,GSW,Golden State Warriors,1626172,Kevon Looney,2023-24,Regular Season,2023-12-23,1610612747,LAL,Los Angeles Lakers,False,True,L,29.3,16,6,14,1,3,3,4,1,6,7,3,1,0,1,1,-5
0000000031,1610612744,GSW,Golden State Warriors,1630541,Brandin Podziemski,2023-24,Regular Season,2023-12-23,1610612747,LAL,Los Angeles Lakers,False,True,L,34.8,8,3,9,2,9,2,2,0,2,2,8,2,3,1,5,-6
0000000032,1610612747,LAL,Los Angeles Lakers,2544,LeBron James,2023-24,Regular Season,2023-12-25,1610612743,DEN,Denver Nuggets,True,False,W,35.4,29,11,20,0,8,5,8,3,4,7,11,0,1,3,5,2
0000000032,1610612747,LAL,Los Angeles Lakers,1629029,Luka Dončić,2023-24,Regular Season,2023-12-25,1610612743,DEN,Denver Nuggets,True,False,W,34.7,38,15,22,3,6,3,8,3,3,6,8,1,0,2,0,17
0000000032,1610612747,LAL,Los Angeles Lakers,203076,Anthony Davis,2023-24,Regular Season,2023-12-25,1610612743,DEN,Denver Nuggets,True,False,W,20.9,24,9,17,0,1,2,3,3,12,15,3,4,0,3,2,-2
0000000032,1610612747,LAL,Los Angeles Lakers,1630559,Austin Reaves,2023-24,Regular Season,2023-12-25,1610612743,DEN,Denver Nuggets,True,False,W,26.7,9,3,10,2,5,7,7,2,1,3,3,3,3,2,4,-7
0000000032,1610612747,LAL,Los Angeles Lakers,1626156,Dalton Knecht,2023-24,Regular Season,2023-12-25,1610612743,DEN,Denver Nuggets,True,False,W,31.3,7,5,8,5,6,5,6,0,0,0,1,3,1,5,2,-1
0000000032,1610612747,LAL,Los Angeles Lakers,1629020,Rui Hachimura,2023-24,Regular Season,2023-12-25,1610612743,DEN,Denver Nuggets,True,False,W,27.9,13,5,9,0,0,1,2,3,3,6,1,1,2,4,1,-18
0000000032,1610612743,DEN,Denver Nuggets,203999,Nikola Jokić,2023-24,Regular Season,2023-12-25,1610612747,LAL,Los Angeles Lakers,False,True,L,31.7,28,11,19,1,1,2,2,4,8,12,9,1,1,5,4,9
0000000032,1610612743,DEN,Denver Nuggets,1627750,Jamal Murray,2023-24,Regular Season,2023-12-25,1610612747,LAL,Los Angeles Lakers,False,True,L,23.3,28,11,18,1,9,0,0,2,0,2,5,4,1,3,1,-6
0000000032,1610612743,DEN,Denver Nuggets,1628420,Aaron Gordon,2023-24,Regular Season,2023-12-25,1610612747,LAL,Los Angeles Lakers,False,True,L,36.1,21,8,11,0,8,0,0,1,9,10,0,3,1,0,2,-6
0000000032,1610612743,DEN,Denver Nuggets,1630166,Christian Braun,2023-24,Regular Season,2023-12-25,1610612747,LAL,Los Angeles Lakers,False,True,L,26.4,8,5,7,5,7,3,7,0,0,0,0,3,1,1,2,3
0000000032,1610612743,DEN,Denver Nuggets,203914,Kentavious Caldwell-Pope,2023-24,Regular Season,2023-12-25,1610612747,LAL,Los Angeles Lakers,False,True,L,37.9,12,8,10,8,10,4,4,0,1,1,0,4,1,3,3,-17
0000000032,1610612743,DEN,Denver Nuggets,1631128,Peyton Watson,2023-24,Regular Season,2023-12-25,1610612747,LAL,Los Angeles Lakers,False,True,L,20.7,11,4,8,1,2,0,0,0,0,0,4,1,2,3,0,17
0000000033,1610612747,LAL,Los Angeles Lakers,2544,LeBron James,2023-24,Regular Season,2023-12-27,1610612738,BOS,Boston Celtics,True,False,W,34.6,28,11,19,9,10,0,0,0,12,12,6,1,0,3,5,-2
0000000033,1610612747,LAL,Los Angeles Lakers,1629029,Luka Dončić,2023-24,Regular Season,2023-12-27,1610612738,BOS,Boston Celtics,True,False,W,22.2,32,12,17,5,10,2,2,2,0,2,9,2,0,3,1,16
0000000033,1610612747,LAL,Los Angeles Lakers,203076,Anthony Davis,2023-24,Regular Season,2023-12-27,1610612738,BOS,Boston Celtics,True,False,W,28.5,25,10,18,0,0,5,6,3,6,9,0,1,0,3,3,4
0000000033,1610612747,LAL,Los Angeles Lakers,1630559,Austin Reaves,2023-24,Regular Season,2023-12-27,1610612738,BOS,Boston Celtics,True,False,W,22.5,8,3,5,0,0,3,5,0,0,0,5,1,0,3,5,7
0000000033,1610612747,LAL,Los Angeles Lakers,1626156,Dalton Knecht,2023-24,Regular Season,2023-12-27,1610612738,BOS,Boston Celtics,True,False,W,22.8,9,3,5,1,1,0,2,0,0,0,0,2,3,1,2,-7
0000000033,1610612747,LAL,Los Angeles Lakers,1629020,Rui Hachimura,2023-24,Regular Season,2023-12-27,1610612738,BOS,Boston Celtics,True,False,W,19.5,21,8,11,0,2,1,3,0,5,5,1,4,2,2,2,14
0000000033,1610612738,BOS,Boston Celtics,1628369,Jayson Tatum,2023-24,Regular Season,2023-12-27,1610612747,LAL,Los Angeles Lakers,False,True,L,35.8,30,12,20,1,4,1,1,1,8,9,7,1,2,3,5,-9
0000000033,1610612738,BOS,Boston Celtics,1627759,Jaylen Brown,2023-24,Regular Season,2023-12-27,1610612747,LAL,Los Angeles Lakers,False,True,L,18.8,11,4,10,1,1,1,1,1,2,3,5,3,2,5,2,-17
0000000033,1610612738,BOS,Boston Celtics,201950,Jrue Holiday,2023-24,Regular Season,2023-12-27,1610612747,LAL,Los Angeles Lakers,False,True,L,20.4,5,2,6,0,1,1,4,1,3,4,4,2,2,0,3,-9
0000000033,1610612738,BOS,Boston Celtics,1628464,Derrick White,2023-24,Regular Season,2023-12-27,1610612747,LAL,Los Angeles Lakers,False,True,L,21.7,11,4,9,2,3,2,4,2,2,4,3,2,1,5,4,15
0000000033,1610612738,BOS,Boston Celtics,203935,Kristaps Porziņģis,2023-24,Regular Season,2023-12-27,1610612747,LAL,Los Angeles Lakers,False,True,L,37.3,19,7,14,2,2,8,8,1,4,5,3,1,3,4,4,-14
0000000033,1610612738,BOS,Boston Celtics,1629057,Robert Williams,2023-24,Regular Season,2023-12-27,1610612747,LAL,Los Angeles Lakers,False,True,L,29.9,3,2,3,2,3,2,3,1,7,8,2,1,0,0,2,-6
0000000034,1610612747,LAL,Los Angeles Lakers,2544,LeBron James,2023-24,Regular Season,2023-12-29,1610612752,NYK,New York Knicks,True,False,W,25.1,31,12,21,6,7,3,6,3,6,9,9,1,2,5,1,8
0000000034,1610612747,LAL,Los Angeles Lakers,1629029,Luka Dončić,2023-24,Regular Season,2023-12-29,1610612752,NYK,New York Knicks,True,False,W,31.8,18,7,11,2,10,1,1,0,10,10,6,4,2,0,4,17
0000000034,1610612747,LAL,Los Angeles Lakers,203076,Anthony Davis,2023-24,Regular Season,2023-12-29,1610612752,NYK,New York Knicks,True,False,W,29.5,17,6,9,0,2,2,3,2,13,15,4,2,0,5,4,-15
0000000034,1610612747,LAL,Los Angeles Lakers,1630559,Austin Reaves,2023-24,Regular Season,2023-12-29,1610612752,NYK,New York Knicks,True,False,W,29.1,18,7,10,3,4,5,7,0,5,5,4,4,2,3,3,1
0000000034,1610612747,LAL,Los Angeles Lakers,1626156,Dalton Knecht,2023-24,Regular Season,2023-12-29,1610612752,NYK,New York Knicks,True,False,W,26.7,0,3,8,3,8,4,4,3,4,7,2,4,3,1,2,-5
0000000034,1610612747,LAL,Los Angeles Lakers,1629020,Rui Hachimura,2023-24,Regular Season,2023-12-29,1610612752,NYK,New York Knicks,True,False,W,24.3,24,9,14,6,7,2,8,3,1,4,2,1,2,1,1,0
0000000034,1610612752,NYK,New York Knicks,1628973,Jalen Brunson,2023-24,Regular Season,2023-12-29,1610612747,LAL,Los Angeles Lakers,False,True,L,27.5,23,9,15,0,4,5,8,0,5,5,7,0,0,3,0,8
0000000034,1610612752,NYK,New York Knicks,1626157,Karl-Anthony Towns,2023-24,Regular Season,2023-12-29,1610612747,LAL,Los Angeles Lakers,False,True,L,33.6,16,6,14,3,3,6,6,4,7,11,3,1,2,2,0,-13
0000000034,1610612752,NYK,New York Knicks,1629628,RJ Barrett,2023-24,Regular Season,2023-12-29,1610612747,LAL,Los Angeles Lakers,False,True,L,32.8,14,5,10,4,9,0,3,0,0,0,3,0,0,3,2,16
0000000034,1610612752,NYK,New York Knicks,1630193,Immanuel Quickley,2023-24,Regular Season,2023-12-29,1610612747,LAL,Los Angeles Lakers,False,True,L,24.7,25,10,13,6,6,0,2,0,1,1,1,2,1,4,5,5
0000000034,1610612752,NYK,New York Knicks,203944,Julius Randle,2023-24,Regular Season,2023-12-29,1610612747,LAL,Los Angeles Lakers,False,True,L,34.4,9,3,7,0,7,0,0,3,8,11,1,1,2,2,3,12
0000000034,1610612752,NYK,New York Knicks,1631216,Miles McBride,2023-24,Regular Season,2023-12-29,1610612747,LAL,Los Angeles Lakers,False,True,L,32.2,7,3,9,3,9,1,1,0,0,0,0,2,0,1,3,3
0000000035,1610612747,LAL,Los Angeles Lakers,2544,LeBron James,2023-24,Regular Season,2023-12-31,1610612748,MIA,Miami Heat,True,False,W,30.7,23,9,12,1,2,2,3,2,11,13,8,2,1,4,2,-17
0000000035,1610612747,LAL,Los Angeles Lakers,1629029,Luka Dončić,2023-24,Regular Season,2023-12-31,1610612748,MIA,Miami Heat,True,False,W,28.6,30,12,19,3,3,1,1,2,6,8,7,2,3,0,0,-12
0000000035,1610612747,LAL,Los Angeles Lakers,203076,Anthony Davis,2023-24,Regular Season,2023-12-31,1610612748,MIA,Miami Heat,True,False,W,28.0,20,8,15,1,3,4,6,1,13,14,4,4,0,5,0,-12
0000000035,1610612747,LAL,Los Angeles Lakers,1630559,Austin Reaves,2023-24,Regular Season,2023-12-31,1610612748,MIA,Miami Heat,True,False,W,27.3,9,5,9,5,6,3,8,0,0,0,2,2,3,2,1,-7
0000000035,1610612747,LAL,Los Angeles Lakers,1626156,Dalton Knecht,2023-24,Regular Season,2023-12-31,1610612748,MIA,Miami Heat,True,False,W,20.1,3,1,2,0,2,1,1,1,0,1,0,2,1,1,5,-1
0000000035,1610612747,LAL,Los Angeles Lakers,1629020,Rui Hachimura,2023-24,Regular Season,2023-12-31,1610612748,MIA,Miami Heat,True,False,W,28.5,17,6,11,0,0,5,5,2,0,2,1,2,0,1,2,4
0000000035,1610612748,MIA,Miami Heat,202710,Jimmy Butler,2023-24,Regular Season,2023-12-31,1610612747,LAL,Los Angeles Lakers,False,True,L,35.0,17,6,14,2,3,1,7,1,6,7,5,1,0,0,0,-13
0000000035,1610612748,MIA,Miami Heat,1629639,Tyler Herro,2023-24,Regular Season,2023-12-31,1610612747,LAL,Los Angeles Lakers,False,True,L,27.0,24,9,18,0,7,3,3,0,4,4,4,4,2,0,4,9
0000000035,1610612748,MIA,Miami Heat,202355,Bam Adebayo,2023-24,Regular Season,2023-12-31,1610612747,LAL,Los Angeles Lakers,False,True,L,30.4,20,8,13,3,3,1,3,1,13,14,3,2,3,2,3,-8
0000000035,1610612748,MIA,Miami Heat,1631170,Jaime Jaquez,2023-24,Regular Season,2023-12-31,1610612747,LAL,Los Angeles Lakers,False,True,L,36.3,8,3,8,1,3,0,5,1,1,2,5,4,3,5,0,15
0000000035,1610612748,MIA,Miami Heat,203482,Kelly Olynyk,2023-24,Regular Season,2023-12-31,1610612747,LAL,Los Angeles Lakers,False,True,L,37.3,9,3,6,0,2,1,3,0,4,4,4,3,0,3,1,-17
0000000035,1610612748,MIA,Miami Heat,1631107,Nikola Jović,2023-24,Regular Season,2023-12-31,1610612747,LAL,Los Angeles Lakers,False,True,L,33.4,6,2,10,2,10,1,4,2,3,5,2,3,1,1,4,4
0000000036,1610612744,GSW,Golden State Warriors,201939,Stephen Curry,2023-24,Regular Season,2024-01-02,1610612747,LAL,Los Angeles Lakers,True,False,L,28.9,30,12,20,3,9,2,3,3,8,11,10,1,1,5,3,-12
0000000036,1610612744,GSW,Golden State Warriors,202691,Klay Thompson,2023-24,Regular Season,2024-01-02,1610612747,LAL,Los Angeles Lakers,True,False,L,20.6,18,7,14,4,7,8,8,1,2,3,0,3,3,3,1,-1
0000000036,1610612744,GSW,Golden State Warriors,203110,Draymond Green,2023-24,Regular Season,2024-01-02,1610612747,LAL,Los Angeles Lakers,True,False,L,19.0,9,3,7,1,1,1,1,1,4,5,3,0,0,3,1,-2
0000000036,1610612744,GSW,Golden State Warriors,1630228,Jonathan Kuminga,2023-24,Regular Season,2024-01-02,1610612747,LAL,Los Angeles Lakers,True,False,L,25.8,17,6,12,2,4,1,7,2,2,4,0,3,2,5,3,-4
0000000036,1610612744,GSW,Golden State Warriors,1626172,Kevon Looney,2023-24,Regular Season,2024-01-02,1610612747,LAL,Los Angeles Lakers,True,False,L,20.1,0,3,3,3,3,0,4,2,7,9,2,0,3,5,1,-7
0000000036,1610612744,GSW,Golden State Warriors,1630541,Brandin Podziemski,2023-24,Regular Season,2024-01-02,1610612747,LAL,Los Angeles Lakers,True,False,L,24.6,13,6,9,6,9,7,8,1,5,6,0,4,2,0,3,1
0000000036,1610612747,LAL,Los Angeles Lakers,2544,LeBron James,2023-24,Regular Season,2024-01-02,1610612744,GSW,Golden State Warriors,False,True,W,29.3,34,13,20,2,2,0,0,4,4,8,9,0,3,1,1,-11
0000000036,1610612747,LAL,Los Angeles Lakers,1629029,Luka Dončić,2023-24,Regular Season,2024-01-02,1610612744,GSW,Golden State Warriors,False,True,W,21.4,31,12,16,0,4,5,7,4,3,7,7,4,3,5,2,-3
0000000036,1610612747,LAL,Los Angeles Lakers,203076,Anthony Davis,2023-24,Regular Season,2024-01-02,1610612744,GSW,Golden State Warriors,False,True,W,22.5,25,10,16,2,2,1,8,2,11,13,2,3,1,2,1,17
0000000036,1610612747,LAL,Los Angeles Lakers,1630559,Austin Reaves,2023-24,Regular Season,2024-01-02,1610612744,GSW,Golden State Warriors,False,True,W,21.5,7,2,7,0,2,6,8,2,0,2,4,3,3,0,4,12
0000000036,1610612747,LAL,Los Angeles Lakers,1626156,Dalton Knecht,2023-24,Regular Season,2024-01-02,1610612744,GSW,Golden State Warriors,False,True,W,28.3,11,8,9,8,9,1,8,3,4,7,1,2,0,1,2,4
0000000036,1610612747,LAL,Los Angeles Lakers,1629020,Rui Hachimura,2023-24,Regular Season,2024-01-02,1610612744,GSW,Golden State Warriors,False,True,W,37.5,9,3,6,0,1,1,7,2,0,2,0,2,3,2,2,-7
0000000037,1610612744,GSW,Golden State Warriors,201939,Stephen Curry,2023-24,Regular Season,2024-01-04,1610612743,DEN,Denver Nuggets,True,False,L,34.5,24,9,13,1,6,1,3,2,0,2,6,1,2,1,3,-7
0000000037,1610612744,GSW,Golden State Warriors,202691,Klay Thompson,2023-24,Regular Season,2024-01-04,1610612743,DEN,Denver Nuggets,True,False,L,34.1,13,5,10,1,10,0,8,1,0,1,1,1,0,1,4,17
0000000037,1610612744,GSW,Golden State Warriors,203110,Draymond Green,2023-24,Regular Season,2024-01-04,1610612743,DEN,Denver Nuggets,True,False,L,18.5,6,2,4,2,3,0,3,4,6,10,7,3,3,3,4,1
0000000037,1610612744,GSW,Golden State Warriors,1630228,Jonathan Kuminga,2023-24,Regular Season,2024-01-04,1610612743,DEN,Denver Nuggets,True,False,L,20.8,11,6,9,6,7,6,7,3,4,7,2,3,2,5,2,17
0000000037,1610612744,GSW,Golden State Warriors,1626172,Kevon Looney,2023-24,Regular Season,2024-01-04,1610612743,DEN,Denver Nuggets,True,False,L,25.3,0,0,3,0,0,1,3,4,5,9,0,4,1,2,0,-3
0000000037,1610612744,GSW,Golden State Warriors,1630541,Brandin Podziemski,2023-24,Regular Season,2024-01-04,1610612743,DEN,Denver Nuggets,True,False,L,23.5,16,6,14,2,9,0,6,1,2,3,3,2,1,4,3,-10
0000000037,1610612743,DEN,Denver Nuggets,203999,Nikola Jokić,2023-24,Regular Season,2024-01-04,1610612744,GSW,Golden State Warriors,False,True,W,29.4,28,11,18,0,0,0,8,3,7,10,9,2,2,4,0,2
0000000037,1610612743,DEN,Denver Nuggets,1627750,Jamal Murray,2023-24,Regular Season,2024-01-04,1610612744,GSW,Golden State Warriors,False,True,W,35.9,29,11,20,9,10,1,7,0,3,3,4,4,1,0,5,4
0000000037,1610612743,DEN,Denver Nuggets,1628420,Aaron Gordon,2023-24,Regular Season,2024-01-04,1610612744,GSW,Golden State Warriors,False,True,W,18.2,15,6,9,2,2,6,6,1,6,7,1,2,2,5,2,15
0000000037,1610612743,DEN,Denver Nuggets,1630166,Christian Braun,2023-24,Regular Season,2024-01-04,1610612744,GSW,Golden State Warriors,False,True,W,23.7,9,4,5,4,5,3,7,1,7,8,0,2,3,1,0,9
0000000037,1610612743,DEN,Denver Nuggets,203914,Kentavious Caldwell-Pope,2023-24,Regular Season,2024-01-04,1610612744,GSW,Golden State Warriors,False,True,W,19.9,19,7,11,0,4,6,7,0,9,9,2,3,3,0,5,-7
0000000037,1610612743,DEN,Denver Nuggets,1631128,Peyton Watson,2023-24,Regular Season,2024-01-04,1610612744,GSW,Golden State Warriors,False,True,W,35.4,0,3,3,3,3,5,5,1,1,2,2,4,2,0,1,-8
0000000038,1610612744,GSW,Golden State Warriors,201939,Stephen Curry,2023-24,Regular Season,2024-01-06,1610612738,BOS,Boston Celtics,True,False,W,18.0,20,8,13,0,4,3,3,0,1,1,8,3,2,1,4,2
0000000038,1610612744,GSW,Golden State Warriors,202691,Klay Thompson,2023-24,Regular Season,2024-01-06,1610612738,BOS,Boston Celtics,True,False,W,20.5,14,5,11,3,8,0,3,0,0,0,1,4,3,1,3,3
0000000038,1610612744,GSW,Golden State Warriors,203110,Draymond Green,2023-24,Regular Season,2024-01-06,1610612738,BOS,Boston Celtics,True,False,W,35.8,4,1,7,0,6,5,7,3,5,8,3,1,0,2,1,9
0000000038,1610612744,GSW,Golden State Warriors,1630228,Jonathan Kuminga,2023-24,Regular Season,2024-01-06,1610612738,BOS,Boston Celtics,True,False,W,32.4,21,8,12,0,6,2,3,2,2,4,2,2,3,0,2,16
0000000038,1610612744,GSW,Golden State Warriors,1626172,Kevon Looney,2023-24,Regular Season,2024-01-06,1610612738,BOS,Boston Celtics,True,False,W,19.1,13,5,12,0,1,0,1,0,11,11,0,3,2,3,2,17
0000000038,1610612744,GSW,Golden State Warriors,1630541,Brandin Podziemski,2023-24,Regular Season,2024-01-06,1610612738,BOS,Boston Celtics,True,False,W,25.3,14,8,11,8,8,1,1,1,5,6,3,4,3,3,3,18
0000000038,1610612738,BOS,Boston Celtics,1628369,Jayson Tatum,2023-24,Regular Season,2024-01-06,1610612744,GSW,Golden State Warriors,False,True,L,23.2,27,10,15,1,1,0,6,3,11,14,5,4,3,5,3,13
0000000038,1610612738,BOS,Boston Celtics,1627759,Jaylen Brown,2023-24,Regular Season,2024-01-06,1610612744,GSW,Golden State Warriors,False,True,L,30.9,22,8,14,4,5,0,0,0,6,6,2,1,1,0,5,-13
0000000038,1610612738,BOS,Boston Celtics,201950,Jrue Holiday,2023-24,Regular Season,2024-01-06,1610612744,GSW,Golden State Warriors,False,True,L,24.8,22,8,12,2,3,0,3,1,5,6,4,0,0,5,3,-7
0000000038,1610612738,BOS,Boston Celtics,1628464,Derrick White,2023-24,Regular Season,2024-01-06,1610612744,GSW,Golden State Warriors,False,True,L,28.0,10,4,10,4,10,1,2,4,1,5,7,0,1,2,1,-4
0000000038,1610612738,BOS,Boston Celtics,203935,Kristaps Porziņģis,2023-24,Regular Season,2024-01-06,1610612744,GSW,Golden State Warriors,False,True,L,26.7,4,1,8,0,0,5,5,3,0,3,2,2,0,4,2,-4
0000000038,1610612738,BOS,Boston Celtics,1629057,Robert Williams,2023-24,Regular Season,2024-01-06,1610612744,GSW,Golden State Warriors,False,True,L,33.0,0,0,3,0,0,2,2,3,7,10,0,3,0,4,4,14
0000000039,1610612744,GSW,Golden State Warriors,201939,Stephen Curry,2023-24,Regular Season,2024-01-08,1610612752,NYK,New York Knicks,True,False,W,31.6,26,10,18,7,7,1,1,2,0,2,2,0,3,5,0,-14
0000000039,1610612744,GSW,Golden State Warriors,202691,Klay Thompson,2023-24,Regular Season,2024-01-08,1610612752,NYK,New York Knicks,True,False,W,21.1,8,3,7,1,7,0,4,0,9,9,0,0,3,1,2,18
0000000039,1610612744,GSW,Golden State Warriors,203110,Draymond Green,2023-24,Regular Season,2024-01-08,1610612752,NYK,New York Knicks,True,False,W,28.2,11,9,10,9,9,0,1,1,8,9,2,2,3,1,5,18
0000000039,1610612744,GSW,Golden State Warriors,1630228,Jonathan Kuminga,2023-24,Regular Season,2024-01-08,1610612752,NYK,New York Knicks,True,False,W,37.6,20,8,13,1,1,7,7,3,5,8,2,4,2,1,4,15
0000000039,1610612744,GSW,Golden State Warriors,1626172,Kevon Looney,2023-24,Regular Season,2024-01-08,1610612752,NYK,New York Knicks,True,False,W,20.8,8,3,9,0,2,4,7,1,7,8,5,2,1,1,2,-13
0000000039,1610612744,GSW,Golden State Warriors,1630541,Brandin Podziemski,2023-24,Regular Season,2024-01-08,1610612752,NYK,New York Knicks,True,False,W,18.6,7,2,8,0,5,7,7,4,2,6,4,1,1,2,1,-18
0000000039,1610612752,NYK,New York Knicks,1628973,Jalen Brunson,2023-24,Regular Season,2024-01-08,1610612744,GSW,Golden State Warriors,False,True,L,29.3,16,6,13,1,1,3,3,3,3,6,6,3,2,0,2,1
0000000039,1610612752,NYK,New York Knicks,1626157,Karl-Anthony Towns,2023-24,Regular Season,2024-01-08,1610612744,GSW,Golden State Warriors,False,True,L,20.6,23,9,12,0,2,1,1,4,6,10,6,2,3,2,1,15
0000000039,1610612752,NYK,New York Knicks,1629628,RJ Barrett,2023-24,Regular Season,2024-01-08,1610612744,GSW,Golden State Warriors,False,True,L,30.2,24,9,15,0,0,2,3,3,0,3,1,2,1,4,0,-6
0000000039,1610612752,NYK,New York Knicks,1630193,Immanuel Quickley,2023-24,Regular Season,2024-01-08,1610612744,GSW,Golden State Warriors,False,True,L,30.0,1,2,7,2,7,1,3,2,4,6,0,2,0,4,3,13
0000000039,1610612752,NYK,New York Knicks,203944,Julius Randle,2023-24,Regular Season,2024-01-08,1610612744,GSW,Golden State Warriors,False,True,L,26.3,11,4,8,0,0,0,1,2,10,12,5,3,2,2,3,-16
0000000039,1610612752,NYK,New York Knicks,1631216,Miles McBride,2023-24,Regular Season,2024-01-08,1610612744,GSW,Golden State Warriors,False,True,L,22.7,4,1,3,1,3,0,3,0,2,2,3,2,0,3,5,-3
0000000040,1610612744,GSW,Golden State Warriors,201939,Stephen Curry,2023-24,Regular Season,2024-01-10,1610612748,MIA,Miami Heat,True,False,W,30.7,37,14,21,4,6,5,5,3,4,7,6,0,1,1,1,18
0000000040,1610612744,GSW,Golden State Warriors,202691,Klay Thompson,2023-24,Regular Season,2024-01-10,1610612748,MIA,Miami Heat,True,False,W,26.0,16,6,10,1,2,0,6,0,1,1,0,0,2,3,1,4
0000000040,1610612744,GSW,Golden State Warriors,203110,Draymond Green,2023-24,Regular Season,2024-01-10,1610612748,MIA,Miami Heat,True,False,W,26.8,12,4,8,0,0,1,1,3,4,7,5,3,1,2,0,9
0000000040,1610612744,GSW,Golden State Warriors,1630228,Jonathan Kuminga,2023-24,Regular Season,2024-01-10,1610612748,MIA,Miami Heat,True,False,W,23.5,14,5,8,4,5,1,5,0,0,0,0,1,0,3,2,-4
0000000040,1610612744,GSW,Golden State Warriors,1626172,Kevon Looney,2023-24,Regular Season,2024-01-10,1610612748,MIA,Miami Heat,True,False,W,35.1,8,3,9,0,0,1,1,4,6,10,3,4,1,5,1,13
0000000040,1610612744,GSW,Golden State Warriors,1630541,Brandin Podziemski,2023-24,Regular Season,2024-01-10,1610612748,MIA,Miami Heat,True,False,W,26.1,5,2,8,0,8,5,5,0,11,11,1,2,2,4,1,15
0000000040,1610612748,MIA,Miami Heat,202710,Jimmy Butler,2023-24,Regular Season,2024-01-10,1610612744,GSW,Golden State Warriors,False,True,L,36.5,17,6,12,2,8,0,1,3,0,3,5,0,1,3,4,-14
0000000040,1610612748,MIA,Miami Heat,1629639,Tyler Herro,2023-24,Regular Season,2024-01-10,1610612744,GSW,Golden State Warriors,False,True,L,23.4,20,8,14,0,1,7,8,4,3,7,8,1,3,1,0,-16
0000000040,1610612748,MIA,Miami Heat,202355,Bam Adebayo,2023-24,Regular Season,2024-01-10,1610612744,GSW,Golden State Warriors,False,True,L,32.6,13,5,7,2,3,0,0,4,6,10,5,1,1,5,3,11
0000000040,1610612748,MIA,Miami Heat,1631170,Jaime Jaquez,2023-24,Regular Season,2024-01-10,1610612744,GSW,Golden State Warriors,False,True,L,18.7,9,3,6,1,3,1,1,1,0,1,2,2,3,3,2,-12
0000000040,1610612748,MIA,Miami Heat,203482,Kelly Olynyk,2023-24,Regular Season,2024-01-10,1610612744,GSW,Golden State Warriors,False,True,L,28.9,8,3,9,0,2,2,7,2,2,4,1,0,0,0,5,-17
0000000040,1610612748,MIA,Miami Heat,1631107,Nikola Jović,2023-24,Regular Season,2024-01-10,1610612744,GSW,Golden State Warriors,False,True,L,19.3,10,4,6,1,1,5,6,0,0,0,0,0,0,4,2,-11
0000000041,1610612743,DEN,Denver Nuggets,203999,Nikola Jokić,2023-24,Regular Season,2024-01-12,1610612747,LAL,Los Angeles Lakers,True,False,L,32.3,29,11,19,1,2,4,6,1,12,13,6,2,3,3,0,-11
0000000041,1610612743,DEN,Denver Nuggets,1627750,Jamal Murray,2023-24,Regular Season,2024-01-12,1610612747,LAL,Los Angeles Lakers,True,False,L,29.6,16,6,9,0,0,2,6,1,2,3,5,1,0,4,5,11
0000000041,1610612743,DEN,Denver Nuggets,1628420,Aaron Gordon,2023-24,Regular Season,2024-01-12,1610612747,LAL,Los Angeles Lakers,True,False,L,33.6,10,4,6,4,5,5,6,0,10,10,3,4,1,3,4,7
0000000041,1610612743,DEN,Denver Nuggets,1630166,Christian Braun,2023-24,Regular Season,2024-01-12,1610612747,LAL,Los Angeles Lakers,True,False,L,34.5,16,6,11,2,10,3,4,0,3,3,1,0,2,2,1,-17
0000000041,1610612743,DEN,Denver Nuggets,203914,Kentavious Caldwell-Pope,2023-24,Regular Season,2024-01-12,1610612747,LAL,Los Angeles Lakers,True,False,L,28.2,10,5,8,5,8,4,8,4,1,5,2,3,2,0,2,7
0000000041,1610612743,DEN,Denver Nuggets,1631128,Peyton Watson,2023-24,Regular Season,2024-01-12,1610612747,LAL,Los Angeles Lakers,True,False,L,19.9,8,4,7,4,5,5,5,2,4,6,0,4,0,4,2,-17
0000000041,1610612747,LAL,Los Angeles Lakers,2544,LeBron James,2023-24,Regular Season,2024-01-12,1610612743,DEN,Denver Nuggets,False,True,W,30.2,25,10,14,8,10,0,0,4,6,10,10,4,2,5,2,11
0000000041,1610612747,LAL,Los Angeles Lakers,1629029,Luka Dončić,2023-24,Regular Season,2024-01-12,1610612743,DEN,Denver Nuggets,False,True,W,24.7,26,10,19,0,2,0,0,3,6,9,4,4,1,1,4,4
0000000041,1610612747,LAL,Los Angeles Lakers,203076,Anthony Davis,2023-24,Regular Season,2024-01-12,1610612743,DEN,Denver Nuggets,False,True,W,23.0,22,8,13,0,1,1,6,0,12,12,0,2,1,0,2,-6
0000000041,1610612747,LAL,Los Angeles Lakers,1630559,Austin Reaves,2023-24,Regular Season,2024-01-12,1610612743,DEN,Denver Nuggets,False,True,W,28.4,5,6,6,6,6,3,4,2,0,2,5,2,1,2,1,1
0000000041,1610612747,LAL,Los Angeles Lakers,1626156,Dalton Knecht,2023-24,Regular Season,2024-01-12,1610612743,DEN,Denver Nuggets,False,True,W,30.3,11,4,9,3,9,1,2,2,0,2,3,4,3,4,2,15
0000000041,1610612747,LAL,Los Angeles Lakers,1629020,Rui Hachimura,2023-24,Regular Season,2024-01-12,1610612743,DEN,Denver Nuggets,False,True,W,18.2,5,2,6,0,2,2,5,0,0,0,0,0,1,1,3,3
0000000042,1610612743,DEN,Denver Nuggets,203999,Nikola Jokić,2023-24,Regular Season,2024-01-14,1610612744,GSW,Golden State Warriors,True,False,W,25.5,23,9,13,0,3,5,6,0,12,12,8,3,1,2,4,18
0000000042,1610612743,DEN,Denver Nuggets,1627750,Jamal Murray,2023-24,Regular Season,2024-01-14,1610612744,GSW,Golden State Warriors,True,False,W,19.7,19,7,12,4,9,0,0,0,0,0,7,1,2,4,4,15
0000000042,1610612743,DEN,Denver Nuggets,1628420,Aaron Gordon,2023-24,Regular Season,2024-01-14,1610612744,GSW,Golden State Warriors,True,False,W,24.8,15,6,13,3,4,2,6,0,3,3,4,0,2,4,5,2
0000000042,1610612743,DEN,Denver Nuggets,1630166,Christian Braun,2023-24,Regular Season,2024-01-14,1610612744,GSW,Golden State Warriors,True,False,W,23.2,7,2,8,2,7,3,5,2,0,2,3,3,1,5,3,15
0000000042,1610612743,DEN,Denver Nuggets,203914,Kentavious Caldwell-Pope,2023-24,Regular Season,2024-01-14,1610612744,GSW,Golden State Warriors,True,False,W,32.3,20,8,15,3,5,1,1,2,5,7,1,2,0,0,2,10
0000000042,1610612743,DEN,Denver Nuggets,1631128,Peyton Watson,2023-24,Regular Season,2024-01-14,1610612744,GSW,Golden State Warriors,True,False,W,25.7,13,5,9,0,1,0,3,1,5,6,1,2,0,1,4,16
0000000042,1610612744,GSW,Golden State Warriors,201939,Stephen Curry,2023-24,Regular Season,2024-01-14,1610612743,DEN,Denver Nuggets,False,True,L,33.2,27,10,17,4,4,3,8,0,0,0,6,4,3,0,5,-14
0000000042,1610612744,GSW,Golden State Warriors,202691,Klay Thompson,2023-24,Regular Season,2024-01-14,1610612743,DEN,Denver Nuggets,False,True,L,33.7,18,7,14,0,0,1,8,0,2,2,0,2,0,5,2,12
0000000042,1610612744,GSW,Golden State Warriors,203110,Draymond Green,2023-24,Regular Season,2024-01-14,1610612743,DEN,Denver Nuggets,False,True,L,21.2,5,9,9,9,9,5,6,2,4,6,9,3,2,0,5,12
0000000042,1610612744,GSW,Golden State Warriors,1630228,Jonathan Kuminga,2023-24,Regular Season,2024-01-14,1610612743,DEN,Denver Nuggets,False,True,L,18.6,22,8,13,4,9,5,8,2,0,2,1,1,0,5,0,-11
0000000042,1610612744,GSW,Golden State Warriors,1626172,Kevon Looney,2023-24,Regular Season,2024-01-14,1610612743,DEN,Denver Nuggets,False,True,L,29.5,11,4,10,0,1,3,3,2,0,2,3,1,0,2,4,-11
0000000042,1610612744,GSW,Golden State Warriors,1630541,Brandin Podziemski,2023-24,Regular Season,2024-01-14,1610612743,DEN,Denver Nuggets,False,True,L,20.8,11,6,11,6,8,1,5,1,1,2,2,3,1,3,3,-7
0000000043,1610612743,DEN,Denver Nuggets,203999,Nikola Jokić,2023-24,Regular Season,2024-01-16,1610612738,BOS,Boston Celtics,True,False,L,21.6,29,11,16,1,1,1,2,3,7,10,13,3,2,2,1,-2
0000000043,1610612743,DEN,Denver Nuggets,1627750,Jamal Murray,2023-24,Regular Season,2024-01-16,1610612738,BOS,Boston Celtics,True,False,L,37.8,16,6,11,5,9,0,0,1,0,1,5,0,2,3,0,16
0000000043,1610612743,DEN,Denver Nuggets,1628420,Aaron Gordon,2023-24,Regular Season,2024-01-16,1610612738,BOS,Boston Celtics,True,False,L,23.0,4,1,4,0,0,0,0,1,8,9,1,3,0,1,1,7
0000000043,1610612743,DEN,Denver Nuggets,1630166,Christian Braun,2023-24,Regular Season,2024-01-16,1610612738,BOS,Boston Celtics,True,False,L,19.7,1,1,9,1,9,2,2,0,0,0,3,3,3,4,2,18
0000000043,1610612743,DEN,Denver Nuggets,203914,Kentavious Caldwell-Pope,2023-24,Regular Season,2024-01-16,1610612738,BOS,Boston Celtics,True,False,L,24.9,3,2,6,2,5,0,1,3,0,3,3,0,2,2,5,8
0000000043,1610612743,DEN,Denver Nuggets,1631128,Peyton Watson,2023-24,Regular Season,2024-01-16,1610612738,BOS,Boston Celtics,True,False,L,21.3,8,7,8,7,7,1,1,1,0,1,2,4,0,1,2,-4
0000000043,1610612738,BOS,Boston Celtics,1628369,Jayson Tatum,2023-24,Regular Season,2024-01-16,1610612743,DEN,Denver Nuggets,False,True,W,24.9,17,6,11,1,6,1,4,0,8,8,5,4,1,0,1,-4
0000000043,1610612738,BOS,Boston Celtics,1627759,Jaylen Brown,2023-24,Regular Season,2024-01-16,1610612743,DEN,Denver Nuggets,False,True,W,20.9,22,8,15,4,10,3,4,2,6,8,3,0,2,4,3,3
0000000043,1610612738,BOS,Boston Celtics,201950,Jrue Holiday,2023-24,Regular Season,2024-01-16,1610612743,DEN,Denver Nuggets,False,True,W,37.3,9,5,8,5,5,5,5,3,1,4,5,2,1,3,3,-3
0000000043,1610612738,BOS,Boston Celtics,1628464,Derrick White,2023-24,Regular Season,2024-01-16,1610612743,DEN,Denver Nuggets,False,True,W,37.1,12,7,10,7,10,0,0,4,0,4,1,0,2,4,5,2
0000000043,1610612738,BOS,Boston Celtics,203935,Kristaps Porziņģis,2023-24,Regular Season,2024-01-16,1610612743,DEN,Denver Nuggets,False,True,W,28.9,24,9,16,1,1,0,0,0,4,4,3,4,1,4,0,-4
0000000043,1610612738,BOS,Boston Celtics,1629057,Robert Williams,2023-24,Regular Season,2024-01-16,1610612743,DEN,Denver Nuggets,False,True,W,25.7,8,3,10,3,3,0,0,4,8,12,1,2,1,4,0,5
0000000044,1610612743,DEN,Denver Nuggets,203999,Nikola Jokić,2023-24,Regular Season,2024-01-18,1610612752,NYK,New York Knicks,True,False,L,26.1,25,10,17,0,1,1,3,1,2,3,7,2,2,2,4,-9
0000000044,1610612743,DEN,Denver Nuggets,1627750,Jamal Murray,2023-24,Regular Season,2024-01-18,1610612752,NYK,New York Knicks,True,False,L,31.4,27,10,19,3,6,3,5,0,0,0,4,1,3,3,2,7
0000000044,1610612743,DEN,Denver Nuggets,1628420,Aaron Gordon,2023-24,Regular Season,2024-01-18,1610612752,NYK,New York Knicks,True,False,L,25.2,9,3,7,1,1,5,7,4,3,7,0,4,3,3,5,-17
0000000044,1610612743,DEN,Denver Nuggets,1630166,Christian Braun,2023-24,Regular Season,2024-01-18,1610612752,NYK,New York Knicks,True,False,L,25.2,6,3,10,3,10,0,1,1,0,1,1,4,1,2,1,13
0000000044,1610612743,DEN,Denver Nuggets,203914,Kentavious Caldwell-Pope,2023-24,Regular Season,2024-01-18,1610612752,NYK,New York Knicks,True,False,L,30.0,3,1,4,0,0,2,3,0,0,0,1,4,1,4,2,3
0000000044,1610612743,DEN,Denver Nuggets,1631128,Peyton Watson,2023-24,Regular Season,2024-01-18,1610612752,NYK,New York Knicks,True,False,L,24.1,17,6,9,2,2,1,5,1,1,2,2,2,3,2,5,12
0000000044,1610612752,NYK,New York Knicks,1628973,Jalen Brunson,2023-24,Regular Season,2024-01-18,1610612743,DEN,Denver Nuggets,False,True,W,23.5,39,15,22,2,2,4,5,4,0,4,4,4,1,2,5,-11
0000000044,1610612752,NYK,New York Knicks,1626157,Karl-Anthony Towns,2023-24,Regular Season,2024-01-18,1610612743,DEN,Denver Nuggets,False,True,W,18.5,17,6,14,2,2,1,7,4,10,14,0,2,0,3,0,5
0000000044,1610612752,NYK,New York Knicks,1629628,RJ Barrett,2023-24,Regular Season,2024-01-18,1610612743,DEN,Denver Nuggets,False,True,W,37.7,21,8,14,2,8,1,1,0,3,3,3,3,0,5,1,7
0000000044,1610612752,NYK,New York Knicks,1630193,Immanuel Quickley,2023-24,Regular Season,2024-01-18,1610612743,DEN,Denver Nuggets,False,True,W,23.2,13,5,10,0,0,0,7,0,0,0,0,3,2,0,3,14
0000000044,1610612752,NYK,New York Knicks,203944,Julius Randle,2023-24,Regular Season,2024-01-18,1610612743,DEN,Denver Nuggets,False,True,W,27.3,20,9,11,9,9,1,4,1,9,10,6,0,0,3,1,-14
0000000044,1610612752,NYK,New York Knicks,1631216,Miles McBride,2023-24,Regular Season,2024-01-18,1610612743,DEN,Denver Nuggets,False,True,W,30.9,10,6,11,6,8,0,5,0,0,0,2,0,1,5,2,0
0000000045,1610612743,DEN,Denver Nuggets,203999,Nikola Jokić,2023-24,Regular Season,2024-01-20,1610612748,MIA,Miami Heat,True,False,L,31.3,21,8,16,0,2,2,2,2,14,16,9,1,3,2,1,2
0000000045,1610612743,DEN,Denver Nuggets,1627750,Jamal Murray,2023-24,Regular Season,2024-01-20,1610612748,MIA,Miami Heat,True,False,L,37.8,17,6,9,1,1,0,0,1,6,7,12,2,3,2,2,16
0000000045,1610612743,DEN,Denver Nuggets,1628420,Aaron Gordon,2023-24,Regular Season,2024-01-20,1610612748,MIA,Miami Heat,True,False,L,24.5,14,5,12,1,4,2,8,2,3,5,4,0,2,5,2,-8
0000000045,1610612743,DEN,Denver Nuggets,1630166,Christian Braun,2023-24,Regular Season,2024-01-20,1610612748,MIA,Miami Heat,True,False,L,32.2,9,3,8,1,4,2,3,3,1,4,2,1,3,3,4,15
0000000045,1610612743,DEN,Denver Nuggets,203914,Kentavious Caldwell-Pope,2023-24,Regular Season,2024-01-20,1610612748,MIA,Miami Heat,True,False,L,27.8,18,7,12,0,1,6,8,3,0,3,1,1,0,4,3,10
0000000045,1610612743,DEN,Denver Nuggets,1631128,Peyton Watson,2023-24,Regular Season,2024-01-20,1610612748,MIA,Miami Heat,True,False,L,24.8,8,3,8,1,7,4,6,0,0,0,3,0,3,0,2,16
0000000045,1610612748,MIA,Miami Heat,202710,Jimmy Butler,2023-24,Regular Season,2024-01-20,1610612743,DEN,Denver Nuggets,False,True,W,24.7,22,8,17,0,0,4,8,4,0,4,4,3,1,1,4,12
0000000045,1610612748,MIA,Miami Heat,1629639,Tyler Herro,2023-24,Regular Season,2024-01-20,1610612743,DEN,Denver Nuggets,False,True,W,20.1,21,8,15,0,0,0,7,1,2,3,6,1,0,2,3,-1
0000000045,1610612748,MIA,Miami Heat,202355,Bam Adebayo,2023-24,Regular Season,2024-01-20,1610612743,DEN,Denver Nuggets,False,True,W,25.3,19,7,12,0,3,0,0,2,14,16,7,3,1,5,4,-1
0000000045,1610612748,MIA,Miami Heat,1631170,Jaime Jaquez,2023-24,Regular Season,2024-01-20,1610612743,DEN,Denver Nuggets,False,True,W,28.0,13,5,7,4,5,0,4,0,6,6,1,1,2,4,4,-1
0000000045,1610612748,MIA,Miami Heat,203482,Kelly Olynyk,2023-24,Regular Season,2024-01-20,1610612743,DEN,Denver Nuggets,False,True,W,34.0,8,3,9,0,0,0,0,4,1,5,0,1,1,1,4,-17
0000000045,1610612748,MIA,Miami Heat,1631107,Nikola Jović,2023-24,Regular Season,2024-01-20,1610612743,DEN,Denver Nuggets,False,True,W,27.6,9,3,9,0,6,0,4,0,3,3,0,4,0,3,5,10
0000000046,1610612738,BOS,Boston Celtics,1628369,Jayson Tatum,2023-24,Regular Season,2024-01-22,1610612747,LAL,Los Angeles Lakers,True,False,W,34.5,16,9,10,9,10,0,0,0,2,2,4,0,3,5,0,-9
0000000046,1610612738,BOS,Boston Celtics,1627759,Jaylen Brown,2023-24,Regular Season,2024-01-22,1610612747,LAL,Los Angeles Lakers,True,False,W,31.4,29,11,18,1,4,0,0,1,3,4,3,1,2,2,0,13
0000000046,1610612738,BOS,Boston Celtics,201950,Jrue Holiday,2023-24,Regular Season,2024-01-22,1610612747,LAL,Los Angeles Lakers,True,False,W,34.4,29,11,20,3,5,3,7,0,0,0,7,3,1,1,5,-5
0000000046,1610612738,BOS,Boston Celtics,1628464,Derrick White,2023-24,Regular Season,2024-01-22,1610612747,LAL,Los Angeles Lakers,True,False,W,24.2,19,7,14,0,1,2,6,4,2,6,3,4,0,0,3,-2
0000000046,1610612738,BOS,Boston Celtics,203935,Kristaps Porziņģis,2023-24,Regular Season,2024-01-22,1610612747,LAL,Los Angeles Lakers,True,False,W,36.6,25,10,15,0,1,3,7,0,6,6,4,0,2,2,2,16
0000000046,1610612738,BOS,Boston Celtics,1629057,Robert Williams,2023-24,Regular Season,2024-01-22,1610612747,LAL,Los Angeles Lakers,True,False,W,31.0,10,4,7,0,2,4,6,0,8,8,2,4,1,2,4,-1
0000000046,1610612747,LAL,Los Angeles Lakers,2544,LeBron James,2023-24,Regular Season,2024-01-22,1610612738,BOS,Boston Celtics,False,True,L,26.7,25,10,18,0,0,3,3,4,0,4,5,4,1,1,4,-18
0000000046,1610612747,LAL,Los Angeles Lakers,1629029,Luka Dončić,2023-24,Regular Season,2024-01-22,1610612738,BOS,Boston Celtics,False,True,L,31.6,29,11,19,4,7,1,7,0,5,5,9,1,0,5,3,3
0000000046,1610612747,LAL,Los Angeles Lakers,203076,Anthony Davis,2023-24,Regular Season,2024-01-22,1610612738,BOS,Boston Celtics,False,True,L,36.3,13,5,8,1,2,4,4,3,12,15,4,0,1,5,1,1
0000000046,1610612747,LAL,Los Angeles Lakers,1630559,Austin Reaves,2023-24,Regular Season,2024-01-22,1610612738,BOS,Boston Celtics,False,True,L,20.9,24,9,18,2,3,0,2,3,4,7,5,2,3,2,4,6
0000000046,1610612747,LAL,Los Angeles Lakers,1626156,Dalton Knecht,2023-24,Regular Season,2024-01-22,1610612738,BOS,Boston Celtics,False,True,L,33.5,9,3,7,0,4,7,8,1,0,1,3,0,3,3,2,-10
0000000046,1610612747,LAL,Los Angeles Lakers,1629020,Rui Hachimura,2023-24,Regular Season,2024-01-22,1610612738,BOS,Boston Celtics,False,True,L,35.9,6,5,9,5,6,1,6,2,0,2,0,1,1,0,2,-5
0000000047,1610612738,BOS,Boston Celtics,1628369,Jayson Tatum,2023-24,Regular Season,2024-01-24,1610612744,GSW,Golden State Warriors,True,False,W,28.7,26,10,18,7,10,0,0,4,0,4,6,1,2,0,5,1
0000000047,1610612738,BOS,Boston Celtics,1627759,Jaylen Brown,2023-24,Regular Season,2024-01-24,1610612744,GSW,Golden State Warriors,True,False,W,30.1,13,6,8,6,8,0,3,0,6,6,1,2,2,3,4,-18
0000000047,1610612738,BOS,Boston Celtics,201950,Jrue Holiday,2023-24,Regular Season,2024-01-24,1610612744,GSW,Golden State Warriors,True,False,W,32.6,15,7,9,7,7,4,8,0,0,0,6,4,1,1,5,4
0000000047,1610612738,BOS,Boston Celtics,1628464,Derrick White,2023-24,Regular Season,2024-01-24,1610612744,GSW,Golden State Warriors,True,False,W,36.4,21,8,15,7,8,2,2,2,4,6,0,3,1,4,1,-2
0000000047,1610612738,BOS,Boston Celtics,203935,Kristaps Porziņģis,2023-24,Regular Season,2024-01-24,1610612744,GSW,Golden State Warriors,True,False,W,26.9,22,8,13,0,2,2,7,0,5,5,0,3,2,1,5,-2
0000000047,1610612738,BOS,Boston Celtics,1629057,Robert Williams,2023-24,Regular Season,2024-01-24,1610612744,GSW,Golden State Warriors,True,False,W,25.1,6,2,9,0,1,4,8,3,1,4,5,3,2,4,0,11
0000000047,1610612744,GSW,Golden State Warriors,201939,Stephen Curry,2023-24,Regular Season,2024-01-24,1610612738,BOS,Boston Celtics,False,True,L,36.2,30,12,19,0,1,5,7,2,0,2,3,0,3,4,2,0
0000000047,1610612744,GSW,Golden State Warriors,202691,Klay Thompson,2023-24,Regular Season,2024-01-24,1610612738,BOS,Boston Celtics,False,True,L,25.6,14,5,10,0,8,5,7,1,0,1,4,1,1,2,1,1
0000000047,1610612744,GSW,Golden State Warriors,203110,Draymond Green,2023-24,Regular Season,2024-01-24,1610612738,BOS,Boston Celtics,False,True,L,21.0,11,4,9,0,6,1,1,2,4,6,5,1,3,4,3,9
0000000047,1610612744,GSW,Golden State Warriors,1630228,Jonathan Kuminga,2023-24,Regular Season,2024-01-24,1610612738,BOS,Boston Celtics,False,True,L,36.6,9,6,10,6,9,3,6,1,4,5,6,2,3,2,1,8
0000000047,1610612744,GSW,Golden State Warriors,1626172,Kevon Looney,2023-24,Regular Season,2024-01-24,1610612738,BOS,Boston Celtics,False,True,L,21.0,7,2,5,1,1,2,5,1,10,11,3,4,3,5,1,-11
0000000047,1610612744,GSW,Golden State Warriors,1630541,Brandin Podziemski,2023-24,Regular Season,2024-01-24,1610612738,BOS,Boston Celtics,False,True,L,30.1,14,5,12,0,3,3,3,2,6,8,6,3,0,5,2,9
0000000048,1610612738,BOS,Boston Celtics,1628369,Jayson Tatum,2023-24,Regular Season,2024-01-26,1610612743,DEN,Denver Nuggets,True,False,W,34.2,34,13,20,3,4,2,5,4,6,10,4,4,3,4,4,15
0000000048,1610612738,BOS,Boston Celtics,1627759,Jaylen Brown,2023-24,Regular Season,2024-01-26,1610612743,DEN,Denver Nuggets,True,False,W,18.4,21,8,16,4,5,5,7,0,3,3,0,0,2,3,3,-15
0000000048,1610612738,BOS,Boston Celtics,201950,Jrue Holiday,2023-24,Regular Season,2024-01-26,1610612743,DEN,Denver Nuggets,True,False,W,26.7,10,4,11,0,0,1,5,3,2,5,5,3,2,1,1,-12
0000000048,1610612738,BOS,Boston Celtics,1628464,Derrick White,2023-24,Regular Season,2024-01-26,1610612743,DEN,Denver Nuggets,True,False,W,36.4,9,3,8,2,8,1,6,1,3,4,4,1,1,0,3,10
0000000048,1610612738,BOS,Boston Celtics,203935,Kristaps Porziņģis,2023-24,Regular Season,2024-01-26,1610612743,DEN,Denver Nuggets,True,False,W,29.3,19,7,14,0,0,1,2,2,5,7,2,2,0,4,1,5
0000000048,1610612738,BOS,Boston Celtics,1629057,Robert Williams,2023-24,Regular Season,2024-01-26,1610612743,DEN,Denver Nuggets,True,False,W,32.9,8,3,5,0,3,2,2,0,8,8,0,1,0,2,2,-16
0000000048,1610612743,DEN,Denver Nuggets,203999,Nikola Jokić,2023-24,Regular Season,2024-01-26,1610612738,BOS,Boston Celtics,False,True,L,26.7,31,12,20,0,2,1,8,1,11,12,13,2,1,4,3,1
0000000048,1610612743,DEN,Denver Nuggets,1627750,Jamal Murray,2023-24,Regular Season,2024-01-26,1610612738,BOS,Boston Celtics,False,True,L,33.5,20,8,12,1,2,0,6,3,0,3,7,2,3,0,4,2
0000000048,1610612743,DEN,Denver Nuggets,1628420,Aaron Gordon,2023-24,Regular Season,2024-01-26,1610612738,BOS,Boston Celtics,False,True,L,34.1,13,6,8,6,6,3,4,3,2,5,6,2,0,0,1,6
0000000048,1610612743,DEN,Denver Nuggets,1630166,Christian Braun,2023-24,Regular Season,2024-01-26,1610612738,BOS,Boston Celtics,False,True,L,19.3,20,8,15,0,1,4,4,1,0,1,4,4,3,3,5,18
0000000048,1610612743,DEN,Denver Nuggets,203914,Kentavious Caldwell-Pope,2023-24,Regular Season,2024-01-26,1610612738,BOS,Boston Celtics,False,True,L,30.1,3,1,4,1,4,4,8,1,1,2,3,4,3,2,1,18
0000000048,1610612743,DEN,Denver Nuggets,1631128,Peyton Watson,2023-24,Regular Season,2024-01-26,1610612738,BOS,Boston Celtics,False,True,L,30.0,0,4,6,4,6,3,3,2,8,10,0,1,1,5,1,-14
0000000049,1610612738,BOS,Boston Celtics,1628369,Jayson Tatum,2023-24,Regular Season,2024-01-28,1610612752,NYK,New York Knicks,True,False,W,24.9,27,10,19,0,3,1,4,3,3,6,7,4,0,1,5,-9
0000000049,1610612738,BOS,Boston Celtics,1627759,Jaylen Brown,2023-24,Regular Season,2024-01-28,1610612752,NYK,New York Knicks,True,False,W,35.9,31,12,16,0,0,0,1,2,9,11,2,1,3,3,2,-12
0000000049,1610612738,BOS,Boston Celtics,201950,Jrue Holiday,2023-24,Regular Season,2024-01-28,1610612752,NYK,New York Knicks,True,False,W,35.0,20,8,11,6,9,5,8,1,7,8,7,2,3,3,2,1
0000000049,1610612738,BOS,Boston Celtics,1628464,Derrick White,2023-24,Regular Season,2024-01-28,1610612752,NYK,New York Knicks,True,False,W,18.2,11,4,8,4,7,0,1,1,0,1,6,2,0,4,1,-4
0000000049,1610612738,BOS,Boston Celtics,203935,Kristaps Porziņģis,2023-24,Regular Season,2024-01-28,1610612752,NYK,New York Knicks,True,False,W,36.6,9,3,8,3,3,5,5,4,2,6,5,2,3,0,0,18
0000000049,1610612738,BOS,Boston Celtics,1629057,Robert Williams,2023-24,Regular Season,2024-01-28,1610612752,NYK,New York Knicks,True,False,W,19.5,15,6,9,0,2,4,7,4,7,11,3,1,2,3,3,-11
0000000049,1610612752,NYK,New York Knicks,1628973,Jalen Brunson,2023-24,Regular Season,2024-01-28,1610612738,BOS,Boston Celtics,False,True,L,23.3,22,8,16,7,7,0,3,2,2,4,10,3,1,4,4,-17
0000000049,1610612752,NYK,New York Knicks,1626157,Karl-Anthony Towns,2023-24,Regular Season,2024-01-28,1610612738,BOS,Boston Celtics,False,True,L,18.1,21,8,14,0,1,2,2,1,12,13,5,1,0,0,1,12
0000000049,1610612752,NYK,New York Knicks,1629628,RJ Barrett,2023-24,Regular Season,2024-01-28,1610612738,BOS,Boston Celtics,False,True,L,28.9,6,4,9,4,9,0,0,0,5,5,0,4,0,3,4,12
0000000049,1610612752,NYK,New York Knicks,1630193,Immanuel Quickley,2023-24,Regular Season,2024-01-28,1610612738,BOS,Boston Celtics,False,True,L,27.9,0,4,6,4,6,0,2,0,0,0,5,3,2,2,1,17
0000000049,1610612752,NYK,New York Knicks,203944,Julius Randle,2023-24,Regular Season,2024-01-28,1610612738,BOS,Boston Celtics,False,True,L,29.1,27,10,14,2,3,3,7,0,3,3,6,0,2,4,4,11
0000000049,1610612752,NYK,New York Knicks,1631216,Miles McBride,2023-24,Regular Season,2024-01-28,1610612738,BOS,Boston Celtics,False,True,L,36.7,0,6,10,6,10,2,6,0,2,2,3,4,0,0,2,4
0000000050,1610612738,BOS,Boston Celtics,1628369,Jayson Tatum,2023-24,Regular Season,2024-01-30,1610612748,MIA,Miami Heat,True,False,W,36.6,31,12,20,3,3,8,8,4,9,13,13,0,1,4,0,-4
0000000050,1610612738,BOS,Boston Celtics,1627759,Jaylen Brown,2023-24,Regular Season,2024-01-30,1610612748,MIA,Miami Heat,True,False,W,35.3,17,6,11,1,6,1,1,0,0,0,1,1,2,1,4,13
0000000050,1610612738,BOS,Boston Celtics,201950,Jrue Holiday,2023-24,Regular Season,2024-01-30,1610612748,MIA,Miami Heat,True,False,W,29.5,9,10,10,10,10,0,0,0,1,1,4,2,0,4,1,9
0000000050,1610612738,BOS,Boston Celtics,1628464,Derrick White,2023-24,Regular Season,2024-01-30,1610612748,MIA,Miami Heat,True,False,W,31.2,15,6,13,1,2,6,8,4,1,5,4,3,2,5,2,-17
0000000050,1610612738,BOS,Boston Celtics,203935,Kristaps Porziņģis,2023-24,Regular Season,2024-01-30,1610612748,MIA,Miami Heat,True,False,W,19.1,11,4,6,0,0,0,1,1,4,5,0,1,2,4,2,10
0000000050,1610612738,BOS,Boston Celtics,1629057,Robert Williams,2023-24,Regular Season,2024-01-30,1610612748,MIA,Miami Heat,True,False,W,28.9,5,2,4,1,3,1,5,1,5,6,0,3,0,0,5,17
0000000050,1610612748,MIA,Miami Heat,202710,Jimmy Butler,2023-24,Regular Season,2024-01-30,1610612738,BOS,Boston Celtics,False,True,L,30.7,18,7,11,0,3,0,8,3,3,6,7,4,2,5,0,-11
0000000050,1610612748,MIA,Miami Heat,1629639,Tyler Herro,2023-24,Regular Season,2024-01-30,1610612738,BOS,Boston Celtics,False,True,L,23.8,10,4,8,0,0,0,4,2,0,2,2,4,0,4,5,8
0000000050,1610612748,MIA,Miami Heat,202355,Bam Adebayo,2023-24,Regular Season,2024-01-30,1610612738,BOS,Boston Celtics,False,True,L,18.4,12,4,12,0,0,1,8,2,7,9,3,3,1,1,2,12
0000000050,1610612748,MIA,Miami Heat,1631170,Jaime Jaquez,2023-24,Regular Season,2024-01-30,1610612738,BOS,Boston Celtics,False,True,L,22.9,21,8,14,3,10,0,2,0,7,7,3,2,3,4,4,-18
0000000050,1610612748,MIA,Miami Heat,203482,Kelly Olynyk,2023-24,Regular Season,2024-01-30,1610612738,BOS,Boston Celtics,False,True,L,21.5,8,3,6,0,0,1,3,0,0,0,1,0,2,0,5,-9
0000000050,1610612748,MIA,Miami Heat,1631107,Nikola Jović,2023-24,Regular Season,2024-01-30,1610612738,BOS,Boston Celtics,False,True,L,25.6,2,5,9,5,9,2,7,1,2,3,0,4,2,4,2,-12
0000000051,1610612752,NYK,New York Knicks,1628973,Jalen Brunson,2023-24,Regular Season,2024-02-01,1610612747,LAL,Los Angeles Lakers,True,False,L,21.9,20,8,12,1,1,0,3,4,0,4,3,2,2,4,2,-14
0000000051,1610612752,NYK,New York Knicks,1626157,Karl-Anthony Towns,2023-24,Regular Season,2024-02-01,1610612747,LAL,Los Angeles Lakers,True,False,L,22.8,9,3,7,0,1,6,6,4,6,10,2,2,0,3,3,5
0000000051,1610612752,NYK,New York Knicks,1629628,RJ Barrett,2023-24,Regular Season,2024-02-01,1610612747,LAL,Los Angeles Lakers,True,False,L,33.2,21,8,15,0,1,2,2,4,1,5,3,1,2,5,0,-16
0000000051,1610612752,NYK,New York Knicks,1630193,Immanuel Quickley,2023-24,Regular Season,2024-02-01,1610612747,LAL,Los Angeles Lakers,True,False,L,36.4,6,2,7,1,7,0,0,3,0,3,2,0,1,4,1,-17
0000000051,1610612752,NYK,New York Knicks,203944,Julius Randle,2023-24,Regular Season,2024-02-01,1610612747,LAL,Los Angeles Lakers,True,False,L,27.4,19,7,10,2,9,4,8,0,4,4,3,4,2,1,3,16
0000000051,1610612752,NYK,New York Knicks,1631216,Miles McBride,2023-24,Regular Season,2024-02-01,1610612747,LAL,Los Angeles Lakers,True,False,L,27.2,0,1,3,1,1,1,1,0,0,0,2,3,3,0,0,16
0000000051,1610612747,LAL,Los Angeles Lakers,2544,LeBron James,2023-24,Regular Season,2024-02-01,1610612752,NYK,New York Knicks,False,True,W,25.5,28,11,15,1,1,2,8,4,6,10,9,2,2,2,5,-10
0000000051,1610612747,LAL,Los Angeles Lakers,1629029,Luka Dončić,2023-24,Regular Season,2024-02-01,1610612752,NYK,New York Knicks,False,True,W,25.5,35,14,23,1,6,0,4,1,14,15,8,3,0,0,5,-14
0000000051,1610612747,LAL,Los Angeles Lakers,203076,Anthony Davis,2023-24,Regular Season,2024-02-01,1610612752,NYK,New York Knicks,False,True,W,25.4,18,7,13,1,1,1,1,0,6,6,0,4,0,4,0,-14
0000000051,1610612747,LAL,Los Angeles Lakers,1630559,Austin Reaves,2023-24,Regular Season,2024-02-01,1610612752,NYK,New York Knicks,False,True,W,27.9,14,5,10,2,2,2,8,0,0,0,6,0,3,2,0,-7
0000000051,1610612747,LAL,Los Angeles Lakers,1626156,Dalton Knecht,2023-24,Regular Season,2024-02-01,1610612752,NYK,New York Knicks,False,True,W,23.4,11,4,11,2,2,2,6,3,5,8,0,2,0,4,0,4
0000000051,1610612747,LAL,Los Angeles Lakers,1629020,Rui Hachimura,2023-24,Regular Season,2024-02-01,1610612752,NYK,New York Knicks,False,True,W,18.8,18,7,13,0,7,1,1,1,8,9,0,1,3,5,1,-3
0000000052,1610612752,NYK,New York Knicks,1628973,Jalen Brunson,2023-24,Regular Season,2024-02-03,1610612744,GSW,Golden State Warriors,True,False,W,33.3,20,8,12,1,1,2,3,0,7,7,4,2,3,0,2,-17
0000000052,1610612752,NYK,New York Knicks,1626157,Karl-Anthony Towns,2023-24,Regular Season,2024-02-03,1610612744,GSW,Golden State Warriors,True,False,W,28.1,16,6,10,0,0,2,6,1,5,6,3,4,1,1,4,10
0000000052,1610612752,NYK,New York Knicks,1629628,RJ Barrett,2023-24,Regular Season,2024-02-03,1610612744,GSW,Golden State Warriors,True,False,W,25.3,17,6,12,4,10,0,6,4,0,4,6,2,3,1,2,-4
0000000052,1610612752,NYK,New York Knicks,1630193,Immanuel Quickley,2023-24,Regular Season,2024-02-03,1610612744,GSW,Golden State Warriors,True,False,W,36.0,3,1,5,0,0,0,3,0,0,0,2,1,0,1,3,17
0000000052,1610612752,NYK,New York Knicks,203944,Julius Randle,2023-24,Regular Season,2024-02-03,1610612744,GSW,Golden State Warriors,True,False,W,33.3,22,8,13,1,1,3,5,2,1,3,4,3,3,4,4,11
0000000052,1610612752,NYK,New York Knicks,1631216,Miles McBride,2023-24,Regular Season,2024-02-03,1610612744,GSW,Golden State Warriors,True,False,W,30.3,16,6,11,5,6,6,6,0,6,6,3,3,1,3,0,4
0000000052,1610612744,GSW,Golden State Warriors,201939,Stephen Curry,2023-24,Regular Season,2024-02-03,1610612752,NYK,New York Knicks,False,True,L,32.4,23,9,17,0,1,2,5,1,7,8,4,0,2,0,3,-14
0000000052,1610612744,GSW,Golden State Warriors,202691,Klay Thompson,2023-24,Regular Season,2024-02-03,1610612752,NYK,New York Knicks,False,True,L,30.2,10,5,10,5,7,0,0,4,6,10,0,0,3,0,2,16
0000000052,1610612744,GSW,Golden State Warriors,203110,Draymond Green,2023-24,Regular Season,2024-02-03,1610612752,NYK,New York Knicks,False,True,L,22.0,14,5,13,5,8,0,6,0,9,9,8,0,1,2,5,-15
0000000052,1610612744,GSW,Golden State Warriors,1630228,Jonathan Kuminga,2023-24,Regular Season,2024-02-03,1610612752,NYK,New York Knicks,False,True,L,22.9,10,4,9,1,3,3,3,1,5,6,1,0,0,4,4,-7
0000000052,1610612744,GSW,Golden State Warriors,1626172,Kevon Looney,2023-24,Regular Season,2024-02-03,1610612752,NYK,New York Knicks,False,True,L,18.2,5,2,5,0,0,3,5,0,13,13,0,3,1,0,4,4
0000000052,1610612744,GSW,Golden State Warriors,1630541,Brandin Podziemski,2023-24,Regular Season,2024-02-03,1610612752,NYK,New York Knicks,False,True,L,24.7,8,8,10,8,10,5,7,2,1,3,1,0,3,0,2,12
0000000053,1610612752,NYK,New York Knicks,1628973,Jalen Brunson,2023-24,Regular Season,2024-02-05,1610612743,DEN,Denver Nuggets,True,False,W,34.1,21,8,16,4,6,0,1,2,0,2,7,3,2,2,2,-13
0000000053,1610612752,NYK,New York Knicks,1626157,Karl-Anthony Towns,2023-24,Regular Season,2024-02-05,1610612743,DEN,Denver Nuggets,True,False,W,19.2,11,4,10,0,0,6,6,0,9,9,0,0,1,1,1,-3
0000000053,1610612752,NYK,New York Knicks,1629628,RJ Barrett,2023-24,Regular Season,2024-02-05,1610612743,DEN,Denver Nuggets,True,False,W,29.9,15,6,11,3,7,1,7,3,2,5,0,1,1,3,1,-12
0000000053,1610612752,NYK,New York Knicks,1630193,Immanuel Quickley,2023-24,Regular Season,2024-02-05,1610612743,DEN,Denver Nuggets,True,False,W,33.4,20,8,14,1,5,4,4,1,5,6,2,2,0,2,4,2
0000000053,1610612752,NYK,New York Knicks,203944,Julius Randle,2023-24,Regular Season,2024-02-05,1610612743,DEN,Denver Nuggets,True,False,W,27.0,14,5,9,0,3,0,5,1,3,4,4,2,3,4,2,-4
0000000053,1610612752,NYK,New York Knicks,1631216,Miles McBride,2023-24,Regular Season,2024-02-05,1610612743,DEN,Denver Nuggets,True,False,W,34.1,13,5,11,0,1,0,0,4,1,5,0,3,3,5,1,-18
0000000053,1610612743,DEN,Denver Nuggets,203999,Nikola Jokić,2023-24,Regular Season,2024-02-05,1610612752,NYK,New York Knicks,False,True,L,34.8,23,9,12,1,1,1,1,4,15,19,6,4,2,1,0,16
0000000053,1610612743,DEN,Denver Nuggets,1627750,Jamal Murray,2023-24,Regular Season,2024-02-05,1610612752,NYK,New York Knicks,False,True,L,34.4,12,4,9,0,0,1,1,0,5,5,5,4,3,0,3,0
0000000053,1610612743,DEN,Denver Nuggets,1628420,Aaron Gordon,2023-24,Regular Season,2024-02-05,1610612752,NYK,New York Knicks,False,True,L,32.9,15,6,8,1,1,0,2,1,3,4,4,3,0,5,1,-9
0000000053,1610612743,DEN,Denver Nuggets,1630166,Christian Braun,2023-24,Regular Season,2024-02-05,1610612752,NYK,New York Knicks,False,True,L,26.4,8,3,7,0,0,0,8,0,9,9,2,2,0,1,1,-5
0000000053,1610612743,DEN,Denver Nuggets,203914,Kentavious Caldwell-Pope,2023-24,Regular Season,2024-02-05,1610612752,NYK,New York Knicks,False,True,L,25.0,4,1,7,0,0,3,8,0,1,1,6,2,0,0,5,17
0000000053,1610612743,DEN,Denver Nuggets,1631128,Peyton Watson,2023-24,Regular Season,2024-02-05,1610612752,NYK,New York Knicks,False,True,L,29.1,0,0,6,0,5,6,6,0,0,0,2,2,1,2,0,-3
0000000054,1610612752,NYK,New York Knicks,1628973,Jalen Brunson,2023-24,Regular Season,2024-02-07,1610612738,BOS,Boston Celtics,True,False,W,18.0,33,13,17,5,5,2,2,2,5,7,5,3,0,0,3,-7
0000000054,1610612752,NYK,New York Knicks,1626157,Karl-Anthony Towns,2023-24,Regular Season,2024-02-07,1610612738,BOS,Boston Celtics,True,False,W,22.3,23,9,15,1,3,0,1,1,10,11,1,4,2,5,3,-12
0000000054,1610612752,NYK,New York Knicks,1629628,RJ Barrett,2023-24,Regular Season,2024-02-07,1610612738,BOS,Boston Celtics,True,False,W,34.9,34,13,18,4,9,3,5,4,0,4,2,4,3,3,3,18
0000000054,1610612752,NYK,New York Knicks,1630193,Immanuel Quickley,2023-24,Regular Season,2024-02-07,1610612738,BOS,Boston Celtics,True,False,W,32.6,10,7,11,7,10,2,4,2,0,2,2,0,0,1,1,-16
0000000054,1610612752,NYK,New York Knicks,203944,Julius Randle,2023-24,Regular Season,2024-02-07,1610612738,BOS,Boston Celtics,True,False,W,37.6,34,13,22,5,10,0,2,0,8,8,5,1,1,3,4,-3
0000000054,1610612752,NYK,New York Knicks,1631216,Miles McBride,2023-24,Regular Season,2024-02-07,1610612738,BOS,Boston Celtics,True,False,W,23.9,3,7,10,7,10,3,5,1,1,2,5,3,2,4,2,-2
0000000054,1610612738,BOS,Boston Celtics,1628369,Jayson Tatum,2023-24,Regular Season,2024-02-07,1610612752,NYK,New York Knicks,False,True,L,33.3,20,8,15,1,2,2,4,4,6,10,6,4,0,1,5,-12
0000000054,1610612738,BOS,Boston Celtics,1627759,Jaylen Brown,2023-24,Regular Season,2024-02-07,1610612752,NYK,New York Knicks,False,True,L,18.6,29,11,17,1,8,2,3,2,5,7,3,3,1,5,5,17
0000000054,1610612738,BOS,Boston Celtics,201950,Jrue Holiday,2023-24,Regular Season,2024-02-07,1610612752,NYK,New York Knicks,False,True,L,31.1,5,4,5,4,4,1,1,0,5,5,6,4,1,0,0,-15
0000000054,1610612738,BOS,Boston Celtics,1628464,Derrick White,2023-24,Regular Season,2024-02-07,1610612752,NYK,New York Knicks,False,True,L,21.1,15,6,13,0,2,5,7,0,0,0,7,1,3,1,1,5
0000000054,1610612738,BOS,Boston Celtics,203935,Kristaps Porziņģis,2023-24,Regular Season,2024-02-07,1610612752,NYK,New York Knicks,False,True,L,27.3,33,13,21,0,1,1,4,3,1,4,2,0,2,2,5,-9
0000000054,1610612738,BOS,Boston Celtics,1629057,Robert Williams,2023-24,Regular Season,2024-02-07,1610612752,NYK,New York Knicks,False,True,L,31.4,4,1,8,0,3,0,3,4,0,4,0,0,3,2,0,15
0000000055,1610612752,NYK,New York Knicks,1628973,Jalen Brunson,2023-24,Regular Season,2024-02-09,1610612748,MIA,Miami Heat,True,False,W,29.4,22,8,17,0,0,5,8,4,5,9,6,0,1,4,5,-8
0000000055,1610612752,NYK,New York Knicks,1626157,Karl-Anthony Towns,2023-24,Regular Season,2024-02-09,1610612748,MIA,Miami Heat,True,False,W,35.4,24,9,16,1,2,2,8,0,9,9,3,3,1,0,4,-11
0000000055,1610612752,NYK,New York Knicks,1629628,RJ Barrett,2023-24,Regular Season,2024-02-09,1610612748,MIA,Miami Heat,True,False,W,35.8,14,9,13,9,9,0,1,0,4,4,2,1,1,4,1,9
0000000055,1610612752,NYK,New York Knicks,1630193,Immanuel Quickley,2023-24,Regular Season,2024-02-09,1610612748,MIA,Miami Heat,True,False,W,29.5,13,5,9,0,2,1,1,3,2,5,2,4,3,4,4,15
0000000055,1610612752,NYK,New York Knicks,203944,Julius Randle,2023-24,Regular Season,2024-02-09,1610612748,MIA,Miami Heat,True,False,W,32.5,20,8,11,1,9,5,5,1,5,6,0,2,3,1,1,-15
0000000055,1610612752,NYK,New York Knicks,1631216,Miles McBride,2023-24,Regular Season,2024-02-09,1610612748,MIA,Miami Heat,True,False,W,29.6,6,2,9,0,0,3,5,0,0,0,5,3,2,4,2,14
0000000055,1610612748,MIA,Miami Heat,202710,Jimmy Butler,2023-24,Regular Season,2024-02-09,1610612752,NYK,New York Knicks,False,True,L,37.7,17,7,13,7,7,1,8,1,8,9,7,2,1,4,1,-4
0000000055,1610612748,MIA,Miami Heat,1629639,Tyler Herro,2023-24,Regular Season,2024-02-09,1610612752,NYK,New York Knicks,False,True,L,27.4,8,3,9,2,2,2,6,3,4,7,5,0,1,4,0,-8
0000000055,1610612748,MIA,Miami Heat,202355,Bam Adebayo,2023-24,Regular Season,2024-02-09,1610612752,NYK,New York Knicks,False,True,L,33.0,12,4,12,0,2,0,2,1,8,9,4,2,0,2,2,5
0000000055,1610612748,MIA,Miami Heat,1631170,Jaime Jaquez,2023-24,Regular Season,2024-02-09,1610612752,NYK,New York Knicks,False,True,L,24.5,19,7,11,0,0,0,6,0,0,0,0,3,0,0,0,9
0000000055,1610612748,MIA,Miami Heat,203482,Kelly Olynyk,2023-24,Regular Season,2024-02-09,1610612752,NYK,New York Knicks,False,True,L,22.8,5,2,4,0,1,0,5,0,0,0,8,0,0,4,2,14
0000000055,1610612748,MIA,Miami Heat,1631107,Nikola Jović,2023-24,Regular Season,2024-02-09,1610612752,NYK,New York Knicks,False,True,L,34.1,8,5,8,5,6,0,2,1,3,4,0,0,1,0,0,1
0000000056,1610612748,MIA,Miami Heat,202710,Jimmy Butler,2023-24,Regular Season,2024-02-11,1610612747,LAL,Los Angeles Lakers,True,False,L,18.8,22,8,12,0,2,3,3,3,5,8,8,2,3,1,1,-9
0000000056,1610612748,MIA,Miami Heat,1629639,Tyler Herro,2023-24,Regular Season,2024-02-11,1610612747,LAL,Los Angeles Lakers,True,False,L,27.4,17,6,14,0,4,1,4,0,2,2,4,3,0,2,3,-7
0000000056,1610612748,MIA,Miami Heat,202355,Bam Adebayo,2023-24,Regular Season,2024-02-11,1610612747,LAL,Los Angeles Lakers,True,False,L,19.3,11,4,6,0,1,0,6,2,8,10,5,1,1,0,5,9
0000000056,1610612748,MIA,Miami Heat,1631170,Jaime Jaquez,2023-24,Regular Season,2024-02-11,1610612747,LAL,Los Angeles Lakers,True,False,L,32.8,15,6,8,5,6,0,1,0,3,3,2,1,3,3,3,-16
0000000056,1610612748,MIA,Miami Heat,203482,Kelly Olynyk,2023-24,Regular Season,2024-02-11,1610612747,LAL,Los Angeles Lakers,True,False,L,32.5,8,3,8,0,1,3,8,0,9,9,4,4,0,3,2,10
0000000056,1610612748,MIA,Miami Heat,1631107,Nikola Jović,2023-24,Regular Season,2024-02-11,1610612747,LAL,Los Angeles Lakers,True,False,L,20.8,8,4,9,4,9,1,2,2,0,2,0,0,2,1,4,-9
0000000056,1610612747,LAL,Los Angeles Lakers,2544,LeBron James,2023-24,Regular Season,2024-02-11,1610612748,MIA,Miami Heat,False,True,W,35.9,16,6,9,5,6,4,7,0,0,0,9,0,2,5,0,-4
0000000056,1610612747,LAL,Los Angeles Lakers,1629029,Luka Dončić,2023-24,Regular Season,2024-02-11,1610612748,MIA,Miami Heat,False,True,W,32.4,24,9,13,8,10,1,1,4,11,15,6,3,0,0,3,-13
0000000056,1610612747,LAL,Los Angeles Lakers,203076,Anthony Davis,2023-24,Regular Season,2024-02-11,1610612748,MIA,Miami Heat,False,True,W,30.6,28,11,15,0,0,1,7,1,7,8,6,3,3,1,2,-11
0000000056,1610612747,LAL,Los Angeles Lakers,1630559,Austin Reaves,2023-24,Regular Season,2024-02-11,1610612748,MIA,Miami Heat,False,True,W,28.4,10,4,9,1,7,1,3,2,3,5,2,4,0,2,0,0
0000000056,1610612747,LAL,Los Angeles Lakers,1626156,Dalton Knecht,2023-24,Regular Season,2024-02-11,1610612748,MIA,Miami Heat,False,True,W,24.3,26,10,15,2,7,0,8,4,4,8,2,2,3,1,0,9
0000000056,1610612747,LAL,Los Angeles Lakers,1629020,Rui Hachimura,2023-24,Regular Season,2024-02-11,1610612748,MIA,Miami Heat,False,True,W,19.0,21,8,11,1,6,4,4,1,3,4,0,2,2,1,0,16
0000000057,1610612748,MIA,Miami Heat,202710,Jimmy Butler,2023-24,Regular Season,2024-02-13,1610612744,GSW,Golden State Warriors,True,False,L,32.8,20,8,16,2,8,0,2,3,10,13,12,3,2,5,0,4
0000000057,1610612748,MIA,Miami Heat,1629639,Tyler Herro,2023-24,Regular Season,2024-02-13,1610612744,GSW,Golden State Warriors,True,False,L,34.7,16,6,14,0,1,4,4,4,1,5,4,0,3,5,4,1
0000000057,1610612748,MIA,Miami Heat,202355,Bam Adebayo,2023-24,Regular Season,2024-02-13,1610612744,GSW,Golden State Warriors,True,False,L,22.2,17,6,12,2,3,3,3,2,4,6,4,1,3,3,5,-6
0000000057,1610612748,MIA,Miami Heat,1631170,Jaime Jaquez,2023-24,Regular Season,2024-02-13,1610612744,GSW,Golden State Warriors,True,False,L,31.5,21,8,15,6,7,8,8,1,1,2,1,4,0,4,0,12
0000000057,1610612748,MIA,Miami Heat,203482,Kelly Olynyk,2023-24,Regular Season,2024-02-13,1610612744,GSW,Golden State Warriors,True,False,L,33.3,7,2,7,0,0,0,8,3,2,5,0,2,1,2,0,-2
0000000057,1610612748,MIA,Miami Heat,1631107,Nikola Jović,2023-24,Regular Season,2024-02-13,1610612744,GSW,Golden State Warriors,True,False,L,20.1,0,0,3,0,3,0,5,0,4,4,6,2,1,2,2,5
0000000057,1610612744,GSW,Golden State Warriors,201939,Stephen Curry,2023-24,Regular Season,2024-02-13,1610612748,MIA,Miami Heat,False,True,W,31.9,19,7,15,4,5,0,3,1,7,8,3,0,2,4,2,-9
0000000057,1610612744,GSW,Golden State Warriors,202691,Klay Thompson,2023-24,Regular Season,2024-02-13,1610612748,MIA,Miami Heat,False,True,W,36.1,23,9,12,3,5,4,4,3,0,3,4,1,0,3,2,-5
0000000057,1610612744,GSW,Golden State Warriors,203110,Draymond Green,2023-24,Regular Season,2024-02-13,1610612748,MIA,Miami Heat,False,True,W,24.0,14,6,11,6,7,3,4,3,0,3,8,1,3,2,0,9
0000000057,1610612744,GSW,Golden State Warriors,1630228,Jonathan Kuminga,2023-24,Regular Season,2024-02-13,1610612748,MIA,Miami Heat,False,True,W,38.0,16,6,13,3,5,3,8,3,2,5,0,2,3,1,1,3
0000000057,1610612744,GSW,Golden State Warriors,1626172,Kevon Looney,2023-24,Regular Season,2024-02-13,1610612748,MIA,Miami Heat,False,True,W,26.7,5,2,6,0,0,0,0,1,6,7,0,0,0,4,4,-9
0000000057,1610612744,GSW,Golden State Warriors,1630541,Brandin Podziemski,2023-24,Regular Season,2024-02-13,1610612748,MIA,Miami Heat,False,True,W,23.9,13,7,11,7,7,2,4,1,0,1,4,1,2,2,2,-1
0000000058,1610612748,MIA,Miami Heat,202710,Jimmy Butler,2023-24,Regular Season,2024-02-15,1610612743,DEN,Denver Nuggets,True,False,L,35.9,15,6,12,1,6,0,0,1,6,7,3,4,0,3,0,-16
0000000058,1610612748,MIA,Miami Heat,1629639,Tyler Herro,2023-24,Regular Season,2024-02-15,1610612743,DEN,Denver Nuggets,True,False,L,26.7,18,7,10,1,2,3,4,1,9,10,3,0,1,5,5,-12
0000000058,1610612748,MIA,Miami Heat,202355,Bam Adebayo,2023-24,Regular Season,2024-02-15,1610612743,DEN,Denver Nuggets,True,False,L,34.6,15,6,9,0,2,7,8,0,8,8,5,0,3,4,1,-6
0000000058,1610612748,MIA,Miami Heat,1631170,Jaime Jaquez,2023-24,Regular Season,2024-02-15,1610612743,DEN,Denver Nuggets,True,False,L,31.9,2,4,7,4,7,2,5,2,9,11,2,0,3,5,5,-2
0000000058,1610612748,MIA,Miami Heat,203482,Kelly Olynyk,2023-24,Regular Season,2024-02-15,1610612743,DEN,Denver Nuggets,True,False,L,23.8,12,4,9,0,2,1,1,4,0,4,4,2,1,5,5,8
0000000058,1610612748,MIA,Miami Heat,1631107,Nikola Jović,2023-24,Regular Season,2024-02-15,1610612743,DEN,Denver Nuggets,True,False,L,20.9,4,2,9,2,9,5,6,1,1,2,1,4,3,0,0,-8
0000000058,1610612743,DEN,Denver Nuggets,203999,Nikola Jokić,2023-24,Regular Season,2024-02-15,1610612748,MIA,Miami Heat,False,True,W,19.8,37,14,22,2,2,2,4,1,8,9,10,0,2,5,0,14
0000000058,1610612743,DEN,Denver Nuggets,1627750,Jamal Murray,2023-24,Regular Season,2024-02-15,1610612748,MIA,Miami Heat,False,True,W,34.0,16,6,11,2,8,8,8,1,5,6,1,0,3,2,3,-15
0000000058,1610612743,DEN,Denver Nuggets,1628420,Aaron Gordon,2023-24,Regular Season,2024-02-15,1610612748,MIA,Miami Heat,False,True,W,28.4,17,6,12,0,3,0,0,3,5,8,4,1,2,4,2,-9
0000000058,1610612743,DEN,Denver Nuggets,1630166,Christian Braun,2023-24,Regular Season,2024-02-15,1610612748,MIA,Miami Heat,False,True,W,36.5,10,7,10,7,7,1,2,0,0,0,0,0,1,2,5,-10
0000000058,1610612743,DEN,Denver Nuggets,203914,Kentavious Caldwell-Pope,2023-24,Regular Season,2024-02-15,1610612748,MIA,Miami Heat,False,True,W,29.1,10,5,9,5,9,2,7,0,0,0,0,3,2,5,2,14
0000000058,1610612743,DEN,Denver Nuggets,1631128,Peyton Watson,2023-24,Regular Season,2024-02-15,1610612748,MIA,Miami Heat,False,True,W,24.3,14,5,8,1,6,2,8,1,4,5,3,3,2,5,3,-2
0000000059,1610612748,MIA,Miami Heat,202710,Jimmy Butler,2023-24,Regular Season,2024-02-17,1610612738,BOS,Boston Celtics,True,False,W,23.4,32,12,17,1,10,0,0,3,1,4,2,4,3,1,2,0
0000000059,1610612748,MIA,Miami Heat,1629639,Tyler Herro,2023-24,Regular Season,2024-02-17,1610612738,BOS,Boston Celtics,True,False,W,28.3,23,9,17,1,9,0,0,2,5,7,4,4,2,5,4,-10
0000000059,1610612748,MIA,Miami Heat,202355,Bam Adebayo,2023-24,Regular Season,2024-02-17,1610612738,BOS,Boston Celtics,True,False,W,18.3,13,5,8,2,2,1,1,2,6,8,0,0,0,4,4,-1
0000000059,1610612748,MIA,Miami Heat,1631170,Jaime Jaquez,2023-24,Regular Season,2024-02-17,1610612738,BOS,Boston Celtics,True,False,W,34.7,18,7,12,2,4,1,1,1,6,7,2,0,1,2,5,-9
0000000059,1610612748,MIA,Miami Heat,203482,Kelly Olynyk,2023-24,Regular Season,2024-02-17,1610612738,BOS,Boston Celtics,True,False,W,33.9,19,7,12,2,2,1,2,2,3,5,1,3,2,1,1,-1
0000000059,1610612748,MIA,Miami Heat,1631107,Nikola Jović,2023-24,Regular Season,2024-02-17,1610612738,BOS,Boston Celtics,True,False,W,35.4,9,3,10,3,6,0,2,3,7,10,0,2,3,1,5,-18
0000000059,1610612738,BOS,Boston Celtics,1628369,Jayson Tatum,2023-24,Regular Season,2024-02-17,1610612748,MIA,Miami Heat,False,True,L,27.0,40,16,22,8,9,3,7,0,7,7,5,1,3,5,4,4
0000000059,1610612738,BOS,Boston Celtics,1627759,Jaylen Brown,2023-24,Regular Season,2024-02-17,1610612748,MIA,Miami Heat,False,True,L,35.6,26,10,17,0,0,0,0,0,0,0,2,2,0,1,3,1
0000000059,1610612738,BOS,Boston Celtics,201950,Jrue Holiday,2023-24,Regular Season,2024-02-17,1610612748,MIA,Miami Heat,False,True,L,25.8,1,1,3,1,1,3,7,2,0,2,6,1,3,5,3,11
0000000059,1610612738,BOS,Boston Celtics,1628464,Derrick White,2023-24,Regular Season,2024-02-17,1610612748,MIA,Miami Heat,False,True,L,24.0,11,4,6,0,0,3,4,2,1,3,4,3,3,1,1,14
0000000059,1610612738,BOS,Boston Celtics,203935,Kristaps Porziņģis,2023-24,Regular Season,2024-02-17,1610612748,MIA,Miami Heat,False,True,L,20.5,14,5,9,0,0,2,3,3,6,9,1,2,1,3,5,17
0000000059,1610612738,BOS,Boston Celtics,1629057,Robert Williams,2023-24,Regular Season,2024-02-17,1610612748,MIA,Miami Heat,False,True,L,27.9,10,4,8,2,2,0,4,1,5,6,0,1,3,1,3,13
0000000060,1610612748,MIA,Miami Heat,202710,Jimmy Butler,2023-24,Regular Season,2024-02-19,1610612752,NYK,New York Knicks,True,False,L,22.7,20,8,12,5,6,3,8,0,8,8,5,1,3,3,2,8
0000000060,1610612748,MIA,Miami Heat,1629639,Tyler Herro,2023-24,Regular Season,2024-02-19,1610612752,NYK,New York Knicks,True,False,L,25.3,23,9,17,3,9,1,6,4,0,4,2,4,1,2,5,14
0000000060,1610612748,MIA,Miami Heat,202355,Bam Adebayo,2023-24,Regular Season,2024-02-19,1610612752,NYK,New York Knicks,True,False,L,24.8,23,9,16,2,3,2,3,2,6,8,5,3,1,3,4,11
0000000060,1610612748,MIA,Miami Heat,1631170,Jaime Jaquez,2023-24,Regular Season,2024-02-19,1610612752,NYK,New York Knicks,True,False,L,20.5,2,5,5,5,5,1,1,1,6,7,1,3,3,4,0,0
0000000060,1610612748,MIA,Miami Heat,203482,Kelly Olynyk,2023-24,Regular Season,2024-02-19,1610612752,NYK,New York Knicks,True,False,L,20.2,0,0,5,0,0,0,0,0,0,0,2,1,1,3,0,-7
0000000060,1610612748,MIA,Miami Heat,1631107,Nikola Jović,2023-24,Regular Season,2024-02-19,1610612752,NYK,New York Knicks,True,False,L,21.1,1,1,9,1,9,0,1,3,1,4,1,2,3,5,5,-1
0000000060,1610612752,NYK,New York Knicks,1628973,Jalen Brunson,2023-24,Regular Season,2024-02-19,1610612748,MIA,Miami Heat,False,True,W,25.2,20,8,12,1,1,0,6,1,5,6,7,4,1,4,3,18
0000000060,1610612752,NYK,New York Knicks,1626157,Karl-Anthony Towns,2023-24,Regular Season,2024-02-19,1610612748,MIA,Miami Heat,False,True,W,30.2,11,4,7,0,1,4,7,1,11,12,3,3,0,1,4,-17
0000000060,1610612752,NYK,New York Knicks,1629628,RJ Barrett,2023-24,Regular Season,2024-02-19,1610612748,MIA,Miami Heat,False,True,W,32.7,30,12,20,4,6,2,4,0,0,0,2,2,3,4,1,18
0000000060,1610612752,NYK,New York Knicks,1630193,Immanuel Quickley,2023-24,Regular Season,2024-02-19,1610612748,MIA,Miami Heat,False,True,W,23.0,15,6,9,3,7,3,7,0,0,0,4,0,1,0,1,4
0000000060,1610612752,NYK,New York Knicks,203944,Julius Randle,2023-24,Regular Season,2024-02-19,1610612748,MIA,Miami Heat,False,True,W,33.9,19,7,13,0,2,0,7,3,7,10,2,4,3,3,4,4
0000000060,1610612752,NYK,New York Knicks,1631216,Miles McBride,2023-24,Regular Season,2024-02-19,1610612748,MIA,Miami Heat,False,True,W,36.4,5,2,6,0,0,1,5,0,1,1,2,4,3,1,0,8
0000000061,1610612747,LAL,Los Angeles Lakers,2544,LeBron James,2023-24,Regular Season,2024-02-21,1610612744,GSW,Golden State Warriors,True,False,W,34.7,29,11,17,2,2,0,8,4,5,9,8,4,1,5,3,-17
0000000061,1610612747,LAL,Los Angeles Lakers,1629029,Luka Dončić,2023-24,Regular Season,2024-02-21,1610612744,GSW,Golden State Warriors,True,False,W,34.2,38,15,25,2,10,3,5,1,4,5,6,1,1,3,3,11
0000000061,1610612747,LAL,Los Angeles Lakers,203076,Anthony Davis,2023-24,Regular Season,2024-02-21,1610612744,GSW,Golden State Warriors,True,False,W,18.3,20,8,14,2,2,2,4,2,9,11,1,1,1,2,5,-10
0000000061,1610612747,LAL,Los Angeles Lakers,1630559,Austin Reaves,2023-24,Regular Season,2024-02-21,1610612744,GSW,Golden State Warriors,True,False,W,18.5,16,6,13,3,10,0,4,3,0,3,2,4,2,3,5,-11
0000000061,1610612747,LAL,Los Angeles Lakers,1626156,Dalton Knecht,2023-24,Regular Season,2024-02-21,1610612744,GSW,Golden State Warriors,True,False,W,27.8,6,2,9,2,2,1,6,0,0,0,0,0,3,5,4,-17
0000000061,1610612747,LAL,Los Angeles Lakers,1629020,Rui Hachimura,2023-24,Regular Season,2024-02-21,1610612744,GSW,Golden State Warriors,True,False,W,22.4,9,4,6,4,6,0,2,0,0,0,3,0,1,4,5,14
0000000061,1610612744,GSW,Golden State Warriors,201939,Stephen Curry,2023-24,Regular Season,2024-02-21,1610612747,LAL,Los Angeles Lakers,False,True,L,18.3,25,10,18,1,3,2,7,3,3,6,3,1,2,2,1,2
0000000061,1610612744,GSW,Golden State Warriors,202691,Klay Thompson,2023-24,Regular Season,2024-02-21,1610612747,LAL,Los Angeles Lakers,False,True,L,29.7,24,9,16,0,1,1,8,1,6,7,4,0,2,5,2,0
0000000061,1610612744,GSW,Golden State Warriors,203110,Draymond Green,2023-24,Regular Season,2024-02-21,1610612747,LAL,Los Angeles Lakers,False,True,L,35.2,9,3,7,0,0,0,0,0,8,8,4,1,2,4,5,-7
0000000061,1610612744,GSW,Golden State Warriors,1630228,Jonathan Kuminga,2023-24,Regular Season,2024-02-21,1610612747,LAL,Los Angeles Lakers,False,True,L,33.5,22,8,12,0,9,0,2,3,1,4,3,0,3,1,1,-17
0000000061,1610612744,GSW,Golden State Warriors,1626172,Kevon Looney,2023-24,Regular Season,2024-02-21,1610612747,LAL,Los Angeles Lakers,False,True,L,32.2,15,6,9,0,0,3,5,0,13,13,4,1,3,5,5,-15
0000000061,1610612744,GSW,Golden State Warriors,1630541,Brandin Podziemski,2023-24,Regular Season,2024-02-21,1610612747,LAL,Los Angeles Lakers,False,True,L,34.2,19,7,11,0,3,3,5,2,3,5,1,3,2,2,0,10
0000000062,1610612747,LAL,Los Angeles Lakers,2544,LeBron James,2023-24,Regular Season,2024-02-23,1610612743,DEN,Denver Nuggets,True,False,W,18.4,32,12,22,1,6,0,0,4,6,10,9,4,1,1,4,12
0000000062,1610612747,LAL,Los Angeles Lakers,1629029,Luka Dončić,2023-24,Regular Season,2024-02-23,1610612743,DEN,Denver Nuggets,True,False,W,29.7,34,13,23,2,5,1,1,3,3,6,6,4,0,5,4,9
0000000062,1610612747,LAL,Los Angeles Lakers,203076,Anthony Davis,2023-24,Regular Season,2024-02-23,1610612743,DEN,Denver Nuggets,True,False,W,24.3,25,10,13,0,2,4,4,0,17,17,1,3,2,3,5,-12
0000000062,1610612747,LAL,Los Angeles Lakers,1630559,Austin Reaves,2023-24,Regular Season,2024-02-23,1610612743,DEN,Denver Nuggets,True,False,W,37.0,15,6,11,1,4,4,5,4,6,10,5,3,2,3,4,18
0000000062,1610612747,LAL,Los Angeles Lakers,1626156,Dalton Knecht,2023-24,Regular Season,2024-02-23,1610612743,DEN,Denver Nuggets,True,False,W,29.4,11,7,8,7,8,2,6,0,0,0,2,4,3,2,3,-15
0000000062,1610612747,LAL,Los Angeles Lakers,1629020,Rui Hachimura,2023-24,Regular Season,2024-02-23,1610612743,DEN,Denver Nuggets,True,False,W,28.1,9,5,10,5,5,2,3,3,0,3,0,4,2,4,5,18
0000000062,1610612743,DEN,Denver Nuggets,203999,Nikola Jokić,2023-24,Regular Season,2024-02-23,1610612747,LAL,Los Angeles Lakers,False,True,L,19.5,24,9,16,0,1,1,1,0,12,12,7,1,1,0,0,-2
0000000062,1610612743,DEN,Denver Nuggets,1627750,Jamal Murray,2023-24,Regular Season,2024-02-23,1610612747,LAL,Los Angeles Lakers,False,True,L,38.0,11,4,8,0,2,1,1,2,3,5,5,1,1,4,1,-8
0000000062,1610612743,DEN,Denver Nuggets,1628420,Aaron Gordon,2023-24,Regular Season,2024-02-23,1610612747,LAL,Los Angeles Lakers,False,True,L,23.3,23,9,14,1,3,5,6,3,4,7,3,1,2,5,4,2
0000000062,1610612743,DEN,Denver Nuggets,1630166,Christian Braun,2023-24,Regular Season,2024-02-23,1610612747,LAL,Los Angeles Lakers,False,True,L,31.6,10,4,8,1,3,0,0,2,5,7,5,1,3,0,3,4
0000000062,1610612743,DEN,Denver Nuggets,203914,Kentavious Caldwell-Pope,2023-24,Regular Season,2024-02-23,1610612747,LAL,Los Angeles Lakers,False,True,L,18.4,9,3,5,2,5,2,4,2,0,2,0,2,0,5,5,-2
0000000062,1610612743,DEN,Denver Nuggets,1631128,Peyton Watson,2023-24,Regular Season,2024-02-23,1610612747,LAL,Los Angeles Lakers,False,True,L,18.9,15,6,11,0,0,4,7,4,5,9,0,3,2,2,3,-3
0000000063,1610612747,LAL,Los Angeles Lakers,2544,LeBron James,2023-24,Regular Season,2024-02-25,1610612738,BOS,Boston Celtics,True,False,L,19.0,32,12,22,1,3,2,3,1,4,5,7,0,1,2,0,-14
0000000063,1610612747,LAL,Los Angeles Lakers,1629029,Luka Dončić,2023-24,Regular Season,2024-02-25,1610612738,BOS,Boston Celtics,True,False,L,22.2,26,10,16,3,9,0,0,3,5,8,10,0,0,3,3,-10
0000000063,1610612747,LAL,Los Angeles Lakers,203076,Anthony Davis,2023-24,Regular Season,2024-02-25,1610612738,BOS,Boston Celtics,True,False,L,31.2,21,8,14,0,1,0,1,3,9,12,0,3,2,5,0,-14
0000000063,1610612747,LAL,Los Angeles Lakers,1630559,Austin Reaves,2023-24,Regular Season,2024-02-25,1610612738,BOS,Boston Celtics,True,False,L,29.8,5,2,6,0,0,0,2,3,0,3,4,2,0,3,5,-13
0000000063,1610612747,LAL,Los Angeles Lakers,1626156,Dalton Knecht,2023-24,Regular Season,2024-02-25,1610612738,BOS,Boston Celtics,True,False,L,26.4,12,4,12,0,3,0,5,0,0,0,1,3,3,1,1,18
0000000063,1610612747,LAL,Los Angeles Lakers,1629020,Rui Hachimura,2023-24,Regular Season,2024-02-25,1610612738,BOS,Boston Celtics,True,False,L,35.9,22,8,14,6,10,0,0,1,0,1,1,1,0,5,3,-12
0000000063,1610612738,BOS,Boston Celtics,1628369,Jayson Tatum,2023-24,Regular Season,2024-02-25,1610612747,LAL,Los Angeles Lakers,False,True,W,30.6,21,8,11,1,1,1,7,3,0,3,8,3,2,0,5,-6
0000000063,1610612738,BOS,Boston Celtics,1627759,Jaylen Brown,2023-24,Regular Season,2024-02-25,1610612747,LAL,Los Angeles Lakers,False,True,W,19.5,37,14,23,5,9,0,0,0,7,7,3,4,1,1,0,7
0000000063,1610612738,BOS,Boston Celtics,201950,Jrue Holiday,2023-24,Regular Season,2024-02-25,1610612747,LAL,Los Angeles Lakers,False,True,W,18.3,17,6,9,1,7,1,8,0,0,0,4,4,1,1,1,-14
0000000063,1610612738,BOS,Boston Celtics,1628464,Derrick White,2023-24,Regular Season,2024-02-25,1610612747,LAL,Los Angeles Lakers,False,True,W,32.2,21,8,14,0,1,0,6,3,4,7,4,0,2,2,3,11
0000000063,1610612738,BOS,Boston Celtics,203935,Kristaps Porziņģis,2023-24,Regular Season,2024-02-25,1610612747,LAL,Los Angeles Lakers,False,True,W,30.9,24,9,16,2,3,1,3,2,1,3,0,4,2,1,2,6
0000000063,1610612738,BOS,Boston Celtics,1629057,Robert Williams,2023-24,Regular Season,2024-02-25,1610612747,LAL,Los Angeles Lakers,False,True,W,22.6,2,1,7,1,1,3,8,3,9,12,0,4,3,3,0,-13
0000000064,1610612747,LAL,Los Angeles Lakers,2544,LeBron James,2023-24,Regular Season,2024-02-27,1610612752,NYK,New York Knicks,True,False,W,23.7,24,9,17,1,7,3,8,3,7,10,11,4,0,4,2,-15
0000000064,1610612747,LAL,Los Angeles Lakers,1629029,Luka Dončić,2023-24,Regular Season,2024-02-27,1610612752,NYK,New York Knicks,True,False,W,32.4,33,13,21,6,7,4,7,2,8,10,10,0,0,3,2,-1
0000000064,1610612747,LAL,Los Angeles Lakers,203076,Anthony Davis,2023-24,Regular Season,2024-02-27,1610612752,NYK,New York Knicks,True,False,W,30.5,23,9,17,0,0,0,0,0,16,16,0,2,3,0,3,-7
0000000064,1610612747,LAL,Los Angeles Lakers,1630559,Austin Reaves,2023-24,Regular Season,2024-02-27,1610612752,NYK,New York Knicks,True,False,W,32.2,6,2,4,0,0,0,0,2,4,6,5,3,3,2,3,-8
0000000064,1610612747,LAL,Los Angeles Lakers,1626156,Dalton Knecht,2023-24,Regular Season,2024-02-27,1610612752,NYK,New York Knicks,True,False,W,26.9,10,8,11,8,10,3,6,3,4,7,0,3,0,0,5,-5
0000000064,1610612747,LAL,Los Angeles Lakers,1629020,Rui Hachimura,2023-24,Regular Season,2024-02-27,1610612752,NYK,New York Knicks,True,False,W,28.4,7,2,5,2,2,0,0,0,4,4,1,3,0,3,0,11
0000000064,1610612752,NYK,New York Knicks,1628973,Jalen Brunson,2023-24,Regular Season,2024-02-27,1610612747,LAL,Los Angeles Lakers,False,True,L,27.3,22,8,15,0,0,1,4,2,1,3,7,1,3,5,2,-7
0000000064,1610612752,NYK,New York Knicks,1626157,Karl-Anthony Towns,2023-24,Regular Season,2024-02-27,1610612747,LAL,Los Angeles Lakers,False,True,L,30.0,24,9,18,1,1,2,4,3,6,9,2,2,0,0,0,-16
0000000064,1610612752,NYK,New York Knicks,1629628,RJ Barrett,2023-24,Regular Season,2024-02-27,1610612747,LAL,Los Angeles Lakers,False,True,L,21.6,15,6,9,3,5,2,6,3,5,8,2,0,2,2,4,14
0000000064,1610612752,NYK,New York Knicks,1630193,Immanuel Quickley,2023-24,Regular Season,2024-02-27,1610612747,LAL,Los Angeles Lakers,False,True,L,27.5,15,6,12,1,1,4,4,0,0,0,4,1,3,1,5,16
0000000064,1610612752,NYK,New York Knicks,203944,Julius Randle,2023-24,Regular Season,2024-02-27,1610612747,LAL,Los Angeles Lakers,False,True,L,20.9,17,6,12,1,4,4,4,2,6,8,4,2,3,4,3,-12
0000000064,1610612752,NYK,New York Knicks,1631216,Miles McBride,2023-24,Regular Season,2024-02-27,1610612747,LAL,Los Angeles Lakers,False,True,L,37.5,7,2,9,0,0,1,6,1,1,2,1,1,3,4,0,10
0000000065,1610612747,LAL,Los Angeles Lakers,2544,LeBron James,2023-24,Regular Season,2024-02-29,1610612748,MIA,Miami Heat,True,False,W,25.9,15,6,9,1,7,5,5,2,7,9,8,4,3,4,2,-8
0000000065,1610612747,LAL,Los Angeles Lakers,1629029,Luka Dončić,2023-24,Regular Season,2024-02-29,1610612748,MIA,Miami Heat,True,False,W,32.8,34,13,21,7,7,1,4,1,9,10,7,2,1,3,1,-9
0000000065,1610612747,LAL,Los Angeles Lakers,203076,Anthony Davis,2023-24,Regular Season,2024-02-29,1610612748,MIA,Miami Heat,True,False,W,25.1,22,8,12,0,0,1,7,3,10,13,4,1,3,5,4,-8
0000000065,1610612747,LAL,Los Angeles Lakers,1630559,Austin Reaves,2023-24,Regular Season,2024-02-29,1610612748,MIA,Miami Heat,True,False,W,18.1,16,6,14,0,0,1,3,2,3,5,5,3,3,1,4,12
0000000065,1610612747,LAL,Los Angeles Lakers,1626156,Dalton Knecht,2023-24,Regular Season,2024-02-29,1610612748,MIA,Miami Heat,True,False,W,18.2,6,2,9,0,5,0,1,2,4,6,0,3,3,4,1,6
0000000065,1610612747,LAL,Los Angeles Lakers,1629020,Rui Hachimura,2023-24,Regular Season,2024-02-29,1610612748,MIA,Miami Heat,True,False,W,29.3,15,6,10,3,4,4,5,3,0,3,0,2,3,3,0,15
0000000065,1610612748,MIA,Miami Heat,202710,Jimmy Butler,2023-24,Regular Season,2024-02-29,1610612747,LAL,Los Angeles Lakers,False,True,L,30.0,18,7,15,2,3,0,2,4,2,6,5,0,3,5,5,0
0000000065,1610612748,MIA,Miami Heat,1629639,Tyler Herro,2023-24,Regular Season,2024-02-29,1610612747,LAL,Los Angeles Lakers,False,True,L,27.6,7,4,7,4,7,3,5,1,0,1,0,2,3,3,3,-12
0000000065,1610612748,MIA,Miami Heat,202355,Bam Adebayo,2023-24,Regular Season,2024-02-29,1610612747,LAL,Los Angeles Lakers,False,True,L,20.5,25,10,16,2,2,1,5,0,14,14,7,4,2,5,5,-3
0000000065,1610612748,MIA,Miami Heat,1631170,Jaime Jaquez,2023-24,Regular Season,2024-02-29,1610612747,LAL,Los Angeles Lakers,False,True,L,23.9,6,3,6,3,5,2,8,1,0,1,2,1,2,3,4,-18
0000000065,1610612748,MIA,Miami Heat,203482,Kelly Olynyk,2023-24,Regular Season,2024-02-29,1610612747,LAL,Los Angeles Lakers,False,True,L,33.9,9,3,5,1,1,1,1,1,8,9,1,1,1,3,4,7
0000000065,1610612748,MIA,Miami Heat,1631107,Nikola Jović,2023-24,Regular Season,2024-02-29,1610612747,LAL,Los Angeles Lakers,False,True,L,19.8,8,3,8,0,0,2,3,4,2,6,3,4,3,3,0,13
0000000066,1610612744,GSW,Golden State Warriors,201939,Stephen Curry,2023-24,Regular Season,2024-03-02,1610612747,LAL,Los Angeles Lakers,True,False,L,19.4,34,13,22,0,1,0,5,0,0,0,10,0,0,5,1,-13
0000000066,1610612744,GSW,Golden State Warriors,202691,Klay Thompson,2023-24,Regular Season,2024-03-02,1610612747,LAL,Los Angeles Lakers,True,False,L,31.5,15,6,9,0,0,0,7,0,0,0,1,0,1,1,4,6
0000000066,1610612744,GSW,Golden State Warriors,203110,Draymond Green,2023-24,Regular Season,2024-03-02,1610612747,LAL,Los Angeles Lakers,True,False,L,29.1,14,5,8,5,6,0,1,4,8,12,8,1,1,3,0,-6
0000000066,1610612744,GSW,Golden State Warriors,1630228,Jonathan Kuminga,2023-24,Regular Season,2024-03-02,1610612747,LAL,Los Angeles Lakers,True,False,L,37.8,17,6,9,1,4,1,5,2,3,5,2,0,0,0,1,15
0000000066,1610612744,GSW,Golden State Warriors,1626172,Kevon Looney,2023-24,Regular Season,2024-03-02,1610612747,LAL,Los Angeles Lakers,True,False,L,18.5,9,3,5,0,0,5,7,4,5,9,2,2,2,1,0,6
0000000066,1610612744,GSW,Golden State Warriors,1630541,Brandin Podziemski,2023-24,Regular Season,2024-03-02,1610612747,LAL,Los Angeles Lakers,True,False,L,18.1,9,3,9,0,6,3,5,0,0,0,1,2,2,0,1,18
0000000066,1610612747,LAL,Los Angeles Lakers,2544,LeBron James,2023-24,Regular Season,2024-03-02,1610612744,GSW,Golden State Warriors,False,True,W,36.6,27,10,19,1,6,2,8,2,9,11,6,2,1,0,0,-10
0000000066,1610612747,LAL,Los Angeles Lakers,1629029,Luka Dončić,2023-24,Regular Season,2024-03-02,1610612744,GSW,Golden State Warriors,False,True,W,18.3,23,9,12,2,3,5,6,0,5,5,10,2,2,1,4,11
0000000066,1610612747,LAL,Los Angeles Lakers,203076,Anthony Davis,2023-24,Regular Season,2024-03-02,1610612744,GSW,Golden State Warriors,False,True,W,32.2,27,10,18,2,2,2,4,1,9,10,4,4,2,3,2,5
0000000066,1610612747,LAL,Los Angeles Lakers,1630559,Austin Reaves,2023-24,Regular Season,2024-03-02,1610612744,GSW,Golden State Warriors,False,True,W,28.1,17,6,9,4,5,1,2,1,1,2,7,3,1,0,3,4
0000000066,1610612747,LAL,Los Angeles Lakers,1626156,Dalton Knecht,2023-24,Regular Season,2024-03-02,1610612744,GSW,Golden State Warriors,False,True,W,26.3,1,5,9,5,9,0,0,0,0,0,5,1,2,1,4,-6
0000000066,1610612747,LAL,Los Angeles Lakers,1629020,Rui Hachimura,2023-24,Regular Season,2024-03-02,1610612744,GSW,Golden State Warriors,False,True,W,18.4,12,5,9,5,9,4,6,4,3,7,1,3,2,1,1,-7
0000000067,1610612744,GSW,Golden State Warriors,201939,Stephen Curry,2023-24,Regular Season,2024-03-04,1610612743,DEN,Denver Nuggets,True,False,W,27.2,21,8,16,0,1,0,1,2,2,4,7,0,2,0,1,-7
0000000067,1610612744,GSW,Golden State Warriors,202691,Klay Thompson,2023-24,Regular Season,2024-03-04,1610612743,DEN,Denver Nuggets,True,False,W,22.8,17,6,11,4,4,4,6,4,1,5,4,2,2,2,2,-8
0000000067,1610612744,GSW,Golden State Warriors,203110,Draymond Green,2023-24,Regular Season,2024-03-04,1610612743,DEN,Denver Nuggets,True,False,W,30.5,9,10,10,10,10,4,4,1,0,1,5,1,3,0,2,-3
0000000067,1610612744,GSW,Golden State Warriors,1630228,Jonathan Kuminga,2023-24,Regular Season,2024-03-04,1610612743,DEN,Denver Nuggets,True,False,W,29.5,31,12,16,3,6,2,3,1,0,1,2,3,3,2,4,10
0000000067,1610612744,GSW,Golden State Warriors,1626172,Kevon Looney,2023-24,Regular Season,2024-03-04,1610612743,DEN,Denver Nuggets,True,False,W,19.3,4,1,3,0,3,1,3,1,10,11,3,4,3,0,5,-8
0000000067,1610612744,GSW,Golden State Warriors,1630541,Brandin Podziemski,2023-24,Regular Season,2024-03-04,1610612743,DEN,Denver Nuggets,True,False,W,26.5,7,8,8,8,8,0,0,4,4,8,9,3,3,4,5,-10
0000000067,1610612743,DEN,Denver Nuggets,203999,Nikola Jokić,2023-24,Regular Season,2024-03-04,1610612744,GSW,Golden State Warriors,False,True,L,32.1,35,14,18,0,1,1,5,3,9,12,7,0,3,5,2,8
0000000067,1610612743,DEN,Denver Nuggets,1627750,Jamal Murray,2023-24,Regular Season,2024-03-04,1610612744,GSW,Golden State Warriors,False,True,L,25.1,21,8,16,2,3,1,8,4,0,4,8,3,1,3,5,17
0000000067,1610612743,DEN,Denver Nuggets,1628420,Aaron Gordon,2023-24,Regular Season,2024-03-04,1610612744,GSW,Golden State Warriors,False,True,L,18.2,15,6,11,3,10,4,8,1,11,12,3,0,2,2,1,3
0000000067,1610612743,DEN,Denver Nuggets,1630166,Christian Braun,2023-24,Regular Season,2024-03-04,1610612744,GSW,Golden State Warriors,False,True,L,20.7,3,3,9,3,9,0,2,0,5,5,4,0,1,1,5,-4
0000000067,1610612743,DEN,Denver Nuggets,203914,Kentavious Caldwell-Pope,2023-24,Regular Season,2024-03-04,1610612744,GSW,Golden State Warriors,False,True,L,29.5,5,2,6,2,6,0,0,1,2,3,2,0,3,0,2,12
0000000067,1610612743,DEN,Denver Nuggets,1631128,Peyton Watson,2023-24,Regular Season,2024-03-04,1610612744,GSW,Golden State Warriors,False,True,L,23.8,9,3,8,2,2,2,2,0,0,0,0,0,3,1,0,13
0000000068,1610612744,GSW,Golden State Warriors,201939,Stephen Curry,2023-24,Regular Season,2024-03-06,1610612738,BOS,Boston Celtics,True,False,L,22.7,27,10,14,1,2,0,0,0,4,4,8,2,2,5,2,13
0000000068,1610612744,GSW,Golden State Warriors,202691,Klay Thompson,2023-24,Regular Season,2024-03-06,1610612738,BOS,Boston Celtics,True,False,L,36.9,23,9,17,3,8,1,2,2,3,5,0,4,2,5,2,-8
0000000068,1610612744,GSW,Golden State Warriors,203110,Draymond Green,2023-24,Regular Season,2024-03-06,1610612738,BOS,Boston Celtics,True,False,L,26.8,1,7,10,7,10,6,8,3,5,8,4,0,0,2,3,-18
0000000068,1610612744,GSW,Golden State Warriors,1630228,Jonathan Kuminga,2023-24,Regular Season,2024-03-06,1610612738,BOS,Boston Celtics,True,False,L,25.9,24,9,14,3,4,6,8,1,1,2,1,1,0,1,0,-10
0000000068,1610612744,GSW,Golden State Warriors,1626172,Kevon Looney,2023-24,Regular Season,2024-03-06,1610612738,BOS,Boston Celtics,True,False,L,30.4,19,7,10,1,1,0,1,0,10,10,1,3,3,1,1,-18
0000000068,1610612744,GSW,Golden State Warriors,1630541,Brandin Podziemski,2023-24,Regular Season,2024-03-06,1610612738,BOS,Boston Celtics,True,False,L,18.5,8,3,7,3,5,5,6,2,2,4,5,1,0,3,0,5
0000000068,1610612738,BOS,Boston Celtics,1628369,Jayson Tatum,2023-24,Regular Season,2024-03-06,1610612744,GSW,Golden State Warriors,False,True,W,19.8,28,11,20,6,7,0,2,0,7,7,7,3,0,4,0,-1
0000000068,1610612738,BOS,Boston Celtics,1627759,Jaylen Brown,2023-24,Regular Season,2024-03-06,1610612744,GSW,Golden State Warriors,False,True,W,26.8,22,8,14,0,0,4,7,0,7,7,4,1,0,3,3,-11
0000000068,1610612738,BOS,Boston Celtics,201950,Jrue Holiday,2023-24,Regular Season,2024-03-06,1610612744,GSW,Golden State Warriors,False,True,W,36.6,5,5,8,5,7,2,5,1,10,11,6,2,1,3,1,5
0000000068,1610612738,BOS,Boston Celtics,1628464,Derrick White,2023-24,Regular Season,2024-03-06,1610612744,GSW,Golden State Warriors,False,True,W,37.4,21,8,16,7,9,3,3,2,0,2,5,3,2,1,3,-16
0000000068,1610612738,BOS,Boston Celtics,203935,Kristaps Porziņģis,2023-24,Regular Season,2024-03-06,1610612744,GSW,Golden State Warriors,False,True,W,20.2,30,12,17,1,1,0,0,2,4,6,2,1,1,0,3,8
0000000068,1610612738,BOS,Boston Celtics,1629057,Robert Williams,2023-24,Regular Season,2024-03-06,1610612744,GSW,Golden State Warriors,False,True,W,29.2,6,2,5,0,0,4,5,3,3,6,3,2,0,3,2,7
0000000069,1610612744,GSW,Golden State Warriors,201939,Stephen Curry,2023-24,Regular Season,2024-03-08,1610612752,NYK,New York Knicks,True,False,L,35.1,28,11,18,2,3,5,5,1,3,4,7,2,3,1,0,-11
0000000069,1610612744,GSW,Golden State Warriors,202691,Klay Thompson,2023-24,Regular Season,2024-03-08,1610612752,NYK,New York Knicks,True,False,L,26.2,21,8,13,5,5,2,3,4,0,4,1,3,1,4,1,-16
0000000069,1610612744,GSW,Golden State Warriors,203110,Draymond Green,2023-24,Regular Season,2024-03-08,1610612752,NYK,New York Knicks,True,False,L,18.2,10,4,11,4,7,1,8,2,4,6,3,2,3,2,1,-7
0000000069,1610612744,GSW,Golden State Warriors,1630228,Jonathan Kuminga,2023-24,Regular Season,2024-03-08,1610612752,NYK,New York Knicks,True,False,L,28.8,16,6,11,6,6,1,6,0,0,0,2,0,1,2,5,-13
0000000069,1610612744,GSW,Golden State Warriors,1626172,Kevon Looney,2023-24,Regular Season,2024-03-08,1610612752,NYK,New York Knicks,True,False,L,29.9,0,1,2,1,1,1,1,4,6,10,2,3,1,5,2,-10
0000000069,1610612744,GSW,Golden State Warriors,1630541,Brandin Podziemski,2023-24,Regular Season,2024-03-08,1610612752,NYK,New York Knicks,True,False,L,26.9,8,4,9,4,5,1,1,0,8,8,3,4,1,3,0,13
0000000069,1610612752,NYK,New York Knicks,1628973,Jalen Brunson,2023-24,Regular Season,2024-03-08,1610612744,GSW,Golden State Warriors,False,True,W,33.2,22,8,14,5,7,7,7,2,1,3,5,0,3,0,2,15
0000000069,1610612752,NYK,New York Knicks,1626157,Karl-Anthony Towns,2023-24,Regular Season,2024-03-08,1610612744,GSW,Golden State Warriors,False,True,W,35.0,23,9,12,0,0,1,7,0,12,12,2,4,0,1,4,18
0000000069,1610612752,NYK,New York Knicks,1629628,RJ Barrett,2023-24,Regular Season,2024-03-08,1610612744,GSW,Golden State Warriors,False,True,W,35.1,18,7,13,1,1,0,7,2,5,7,1,2,1,0,2,-2
0000000069,1610612752,NYK,New York Knicks,1630193,Immanuel Quickley,2023-24,Regular Season,2024-03-08,1610612744,GSW,Golden State Warriors,False,True,W,37.5,8,3,9,3,7,0,3,0,0,0,4,1,3,4,3,11
0000000069,1610612752,NYK,New York Knicks,203944,Julius Randle,2023-24,Regular Season,2024-03-08,1610612744,GSW,Golden State Warriors,False,True,W,22.9,23,9,17,3,4,0,2,2,3,5,4,1,3,3,0,-14
0000000069,1610612752,NYK,New York Knicks,1631216,Miles McBride,2023-24,Regular Season,2024-03-08,1610612744,GSW,Golden State Warriors,False,True,W,21.9,0,1,2,1,2,0,3,1,0,1,2,4,2,1,2,-10
0000000070,1610612744,GSW,Golden State Warriors,201939,Stephen Curry,2023-24,Regular Season,2024-03-10,1610612748,MIA,Miami Heat,True,False,L,32.7,28,11,18,2,8,0,1,4,2,6,5,3,2,0,1,-5
0000000070,1610612744,GSW,Golden State Warriors,202691,Klay Thompson,2023-24,Regular Season,2024-03-10,1610612748,MIA,Miami Heat,True,False,L,28.2,17,6,14,1,2,0,0,1,6,7,1,0,1,5,1,12
0000000070,1610612744,GSW,Golden State Warriors,203110,Draymond Green,2023-24,Regular Season,2024-03-10,1610612748,MIA,Miami Heat,True,False,L,21.1,6,3,9,3,9,5,8,0,0,0,2,0,3,4,5,-13
0000000070,1610612744,GSW,Golden State Warriors,1630228,Jonathan Kuminga,2023-24,Regular Season,2024-03-10,1610612748,MIA,Miami Heat,True,False,L,26.5,27,10,18,0,2,1,4,2,0,2,4,1,1,4,4,-5
0000000070,1610612744,GSW,Golden State Warriors,1626172,Kevon Looney,2023-24,Regular Season,2024-03-10,1610612748,MIA,Miami Heat,True,False,L,30.5,16,6,9,2,2,1,7,2,5,7,0,1,2,5,1,7
0000000070,1610612744,GSW,Golden State Warriors,1630541,Brandin Podziemski,2023-24,Regular Season,2024-03-10,1610612748,MIA,Miami Heat,True,False,L,27.0,3,5,7,5,6,2,2,1,7,8,2,0,0,3,5,-3
0000000070,1610612748,MIA,Miami Heat,202710,Jimmy Butler,2023-24,Regular Season,2024-03-10,1610612744,GSW,Golden State Warriors,False,True,W,37.4,18,7,11,0,1,0,7,0,3,3,8,0,3,2,5,6
0000000070,1610612748,MIA,Miami Heat,1629639,Tyler Herro,2023-24,Regular Season,2024-03-10,1610612744,GSW,Golden State Warriors,False,True,W,21.2,27,10,18,0,0,3,8,2,1,3,3,1,2,1,4,17
0000000070,1610612748,MIA,Miami Heat,202355,Bam Adebayo,2023-24,Regular Season,2024-03-10,1610612744,GSW,Golden State Warriors,False,True,W,26.8,14,5,10,0,1,3,4,0,10,10,0,2,2,5,0,18
0000000070,1610612748,MIA,Miami Heat,1631170,Jaime Jaquez,2023-24,Regular Season,2024-03-10,1610612744,GSW,Golden State Warriors,False,True,W,37.7,22,8,17,0,0,3,8,1,1,2,1,3,2,1,4,6
0000000070,1610612748,MIA,Miami Heat,203482,Kelly Olynyk,2023-24,Regular Season,2024-03-10,1610612744,GSW,Golden State Warriors,False,True,W,23.9,9,3,8,0,1,1,2,0,7,7,1,4,1,5,1,5
0000000070,1610612748,MIA,Miami Heat,1631107,Nikola Jović,2023-24,Regular Season,2024-03-10,1610612744,GSW,Golden State Warriors,False,True,W,37.7,10,4,11,0,8,0,0,2,1,3,0,4,1,4,4,11
0000000071,1610612743,DEN,Denver Nuggets,203999,Nikola Jokić,2023-24,Regular Season,2024-03-12,1610612747,LAL,Los Angeles Lakers,True,False,L,36.9,34,13,20,2,3,2,4,4,7,11,14,2,0,4,1,-17
0000000071,1610612743,DEN,Denver Nuggets,1627750,Jamal Murray,2023-24,Regular Season,2024-03-12,1610612747,LAL,Los Angeles Lakers,True,False,L,29.4,23,9,16,0,0,1,4,0,3,3,4,4,1,1,5,-8
0000000071,1610612743,DEN,Denver Nuggets,1628420,Aaron Gordon,2023-24,Regular Season,2024-03-12,1610612747,LAL,Los Angeles Lakers,True,False,L,20.5,9,7,7,7,7,4,6,4,3,7,3,1,3,2,5,1
0000000071,1610612743,DEN,Denver Nuggets,1630166,Christian Braun,2023-24,Regular Season,2024-03-12,1610612747,LAL,Los Angeles Lakers,True,False,L,20.9,13,5,10,3,7,7,8,2,0,2,0,3,2,4,3,1
0000000071,1610612743,DEN,Denver Nuggets,203914,Kentavious Caldwell-Pope,2023-24,Regular Season,2024-03-12,1610612747,LAL,Los Angeles Lakers,True,False,L,20.0,7,2,8,0,1,0,1,2,3,5,2,0,1,4,4,0
0000000071,1610612743,DEN,Denver Nuggets,1631128,Peyton Watson,2023-24,Regular Season,2024-03-12,1610612747,LAL,Los Angeles Lakers,True,False,L,23.9,0,3,6,3,6,3,6,1,3,4,3,2,1,5,4,13
0000000071,1610612747,LAL,Los Angeles Lakers,2544,LeBron James,2023-24,Regular Season,2024-03-12,1610612743,DEN,Denver Nuggets,False,True,W,35.2,18,7,10,3,3,1,2,2,7,9,9,1,2,0,4,-17
0000000071,1610612747,LAL,Los Angeles Lakers,1629029,Luka Dončić,2023-24,Regular Season,2024-03-12,1610612743,DEN,Denver Nuggets,False,True,W,32.9,24,9,16,2,6,3,3,1,8,9,8,2,3,0,2,-10
0000000071,1610612747,LAL,Los Angeles Lakers,203076,Anthony Davis,2023-24,Regular Season,2024-03-12,1610612743,DEN,Denver Nuggets,False,True,W,30.1,24,9,14,2,2,1,6,0,16,16,3,3,1,3,5,-13
0000000071,1610612747,LAL,Los Angeles Lakers,1630559,Austin Reaves,2023-24,Regular Season,2024-03-12,1610612743,DEN,Denver Nuggets,False,True,W,18.8,20,8,16,6,9,0,4,0,0,0,4,4,3,0,4,10
0000000071,1610612747,LAL,Los Angeles Lakers,1626156,Dalton Knecht,2023-24,Regular Season,2024-03-12,1610612743,DEN,Denver Nuggets,False,True,W,20.1,11,4,7,2,2,0,1,3,0,3,4,3,1,4,3,-18
0000000071,1610612747,LAL,Los Angeles Lakers,1629020,Rui Hachimura,2023-24,Regular Season,2024-03-12,1610612743,DEN,Denver Nuggets,False,True,W,30.1,10,4,10,0,8,1,2,0,0,0,0,2,3,5,1,3
0000000072,1610612743,DEN,Denver Nuggets,203999,Nikola Jokić,2023-24,Regular Season,2024-03-14,1610612744,GSW,Golden State Warriors,True,False,W,33.8,31,12,18,0,1,4,4,2,10,12,9,0,1,0,5,8
0000000072,1610612743,DEN,Denver Nuggets,1627750,Jamal Murray,2023-24,Regular Season,2024-03-14,1610612744,GSW,Golden State Warriors,True,False,W,37.4,20,8,13,0,1,0,6,3,0,3,6,4,3,1,2,-2
0000000072,1610612743,DEN,Denver Nuggets,1628420,Aaron Gordon,2023-24,Regular Season,2024-03-14,1610612744,GSW,Golden State Warriors,True,False,W,19.1,13,5,11,5,7,0,2,4,3,7,4,0,0,2,1,-16
0000000072,1610612743,DEN,Denver Nuggets,1630166,Christian Braun,2023-24,Regular Season,2024-03-14,1610612744,GSW,Golden State Warriors,True,False,W,36.2,7,2,5,0,4,1,1,0,5,5,2,2,0,5,2,8
0000000072,1610612743,DEN,Denver Nuggets,203914,Kentavious Caldwell-Pope,2023-24,Regular Season,2024-03-14,1610612744,GSW,Golden State Warriors,True,False,W,26.0,7,2,9,1,9,3,7,0,4,4,0,0,2,3,4,6
0000000072,1610612743,DEN,Denver Nuggets,1631128,Peyton Watson,2023-24,Regular Season,2024-03-14,1610612744,GSW,Golden State Warriors,True,False,W,31.8,11,4,10,0,1,0,0,1,0,1,1,1,2,2,0,16
0000000072,1610612744,GSW,Golden State Warriors,201939,Stephen Curry,2023-24,Regular Season,2024-03-14,1610612743,DEN,Denver Nuggets,False,True,L,37.5,26,10,14,2,3,2,8,2,0,2,7,3,0,4,1,-6
0000000072,1610612744,GSW,Golden State Warriors,202691,Klay Thompson,2023-24,Regular Season,2024-03-14,1610612743,DEN,Denver Nuggets,False,True,L,26.1,14,5,8,4,8,0,0,1,5,6,2,1,0,5,3,-10
0000000072,1610612744,GSW,Golden State Warriors,203110,Draymond Green,2023-24,Regular Season,2024-03-14,1610612743,DEN,Denver Nuggets,False,True,L,37.1,19,10,13,10,10,2,4,3,5,8,7,3,2,2,3,-10
0000000072,1610612744,GSW,Golden State Warriors,1630228,Jonathan Kuminga,2023-24,Regular Season,2024-03-14,1610612743,DEN,Denver Nuggets,False,True,L,21.9,1,0,6,0,6,2,3,4,4,8,3,3,2,1,4,18
0000000072,1610612744,GSW,Golden State Warriors,1626172,Kevon Looney,2023-24,Regular Season,2024-03-14,1610612743,DEN,Denver Nuggets,False,True,L,23.3,0,1,1,1,1,8,8,1,8,9,0,0,1,0,0,10
0000000072,1610612744,GSW,Golden State Warriors,1630541,Brandin Podziemski,2023-24,Regular Season,2024-03-14,1610612743,DEN,Denver Nuggets,False,True,L,27.0,0,1,4,1,1,0,1,4,0,4,3,4,0,2,5,17
0000000073,1610612743,DEN,Denver Nuggets,203999,Nikola Jokić,2023-24,Regular Season,2024-03-16,1610612738,BOS,Boston Celtics,True,False,W,34.2,37,14,24,0,0,1,1,2,10,12,6,4,0,2,0,-6
0000000073,1610612743,DEN,Denver Nuggets,1627750,Jamal Murray,2023-24,Regular Season,2024-03-16,1610612738,BOS,Boston Celtics,True,False,W,22.4,26,10,18,0,0,0,1,2,3,5,4,3,2,1,4,-6
0000000073,1610612743,DEN,Denver Nuggets,1628420,Aaron Gordon,2023-24,Regular Season,2024-03-16,1610612738,BOS,Boston Celtics,True,False,W,19.0,14,9,12,9,9,1,5,3,5,8,4,3,0,5,5,-5
0000000073,1610612743,DEN,Denver Nuggets,1630166,Christian Braun,2023-24,Regular Season,2024-03-16,1610612738,BOS,Boston Celtics,True,False,W,19.8,14,5,11,0,1,0,4,0,0,0,3,2,3,3,4,17
0000000073,1610612743,DEN,Denver Nuggets,203914,Kentavious Caldwell-Pope,2023-24,Regular Season,2024-03-16,1610612738,BOS,Boston Celtics,True,False,W,26.8,15,6,10,4,10,5,5,3,1,4,1,4,2,2,4,16
0000000073,1610612743,DEN,Denver Nuggets,1631128,Peyton Watson,2023-24,Regular Season,2024-03-16,1610612738,BOS,Boston Celtics,True,False,W,18.6,6,2,5,0,0,1,2,4,6,10,0,2,2,5,4,13
0000000073,1610612738,BOS,Boston Celtics,1628369,Jayson Tatum,2023-24,Regular Season,2024-03-16,1610612743,DEN,Denver Nuggets,False,True,L,28.0,31,12,21,6,9,3,3,1,7,8,4,1,1,1,0,17
0000000073,1610612738,BOS,Boston Celtics,1627759,Jaylen Brown,2023-24,Regular Season,2024-03-16,1610612743,DEN,Denver Nuggets,False,True,L,19.8,25,10,16,2,9,0,1,0,3,3,1,2,3,1,4,-17
0000000073,1610612738,BOS,Boston Celtics,201950,Jrue Holiday,2023-24,Regular Season,2024-03-16,1610612743,DEN,Denver Nuggets,False,True,L,25.6,7,2,4,0,1,1,5,3,2,5,5,4,1,5,1,-5
0000000073,1610612738,BOS,Boston Celtics,1628464,Derrick White,2023-24,Regular Season,2024-03-16,1610612743,DEN,Denver Nuggets,False,True,L,37.7,21,8,16,8,8,6,6,2,2,4,4,4,1,2,5,-11
0000000073,1610612738,BOS,Boston Celtics,203935,Kristaps Porziņģis,2023-24,Regular Season,2024-03-16,1610612743,DEN,Denver Nuggets,False,True,L,19.5,13,5,12,0,2,5,6,0,10,10,4,1,0,2,4,15
0000000073,1610612738,BOS,Boston Celtics,1629057,Robert Williams,2023-24,Regular Season,2024-03-16,1610612743,DEN,Denver Nuggets,False,True,L,28.0,14,5,12,1,1,1,8,1,8,9,2,0,2,1,3,6
0000000074,1610612743,DEN,Denver Nuggets,203999,Nikola Jokić,2023-24,Regular Season,2024-03-18,1610612752,NYK,New York Knicks,True,False,W,29.7,27,10,17,2,3,0,1,2,10,12,8,3,2,1,0,-17
0000000074,1610612743,DEN,Denver Nuggets,1627750,Jamal Murray,2023-24,Regular Season,2024-03-18,1610612752,NYK,New York Knicks,True,False,W,30.8,25,10,16,2,2,0,4,0,0,0,2,0,3,1,1,-13
0000000074,1610612743,DEN,Denver Nuggets,1628420,Aaron Gordon,2023-24,Regular Season,2024-03-18,1610612752,NYK,New York Knicks,True,False,W,30.7,14,5,8,1,1,2,4,1,0,1,2,3,3,3,5,-10
0000000074,1610612743,DEN,Denver Nuggets,1630166,Christian Braun,2023-24,Regular Season,2024-03-18,1610612752,NYK,New York Knicks,True,False,W,35.7,3,3,8,3,8,2,5,0,0,0,2,1,3,1,4,18
0000000074,1610612743,DEN,Denver Nuggets,203914,Kentavious Caldwell-Pope,2023-24,Regular Season,2024-03-18,1610612752,NYK,New York Knicks,True,False,W,34.6,15,6,8,0,0,4,4,1,0,1,1,0,0,3,3,-13
0000000074,1610612743,DEN,Denver Nuggets,1631128,Peyton Watson,2023-24,Regular Season,2024-03-18,1610612752,NYK,New York Knicks,True,False,W,29.6,3,3,5,3,4,0,6,0,4,4,1,1,2,0,5,11
0000000074,1610612752,NYK,New York Knicks,1628973,Jalen Brunson,2023-24,Regular Season,2024-03-18,1610612743,DEN,Denver Nuggets,False,True,L,23.5,25,10,15,3,4,5,8,3,1,4,9,4,3,3,0,11
0000000074,1610612752,NYK,New York Knicks,1626157,Karl-Anthony Towns,2023-24,Regular Season,2024-03-18,1610612743,DEN,Denver Nuggets,False,True,L,28.7,17,6,10,1,1,0,0,0,8,8,0,0,2,0,5,17
0000000074,1610612752,NYK,New York Knicks,1629628,RJ Barrett,2023-24,Regular Season,2024-03-18,1610612743,DEN,Denver Nuggets,False,True,L,31.5,13,5,10,0,0,0,0,2,3,5,8,1,3,1,3,9
0000000074,1610612752,NYK,New York Knicks,1630193,Immanuel Quickley,2023-24,Regular Season,2024-03-18,1610612743,DEN,Denver Nuggets,False,True,L,31.4,0,5,10,5,10,1,1,0,10,10,5,4,1,5,0,-2
0000000074,1610612752,NYK,New York Knicks,203944,Julius Randle,2023-24,Regular Season,2024-03-18,1610612743,DEN,Denver Nuggets,False,True,L,32.6,16,6,12,1,3,0,0,2,7,9,6,2,3,3,0,-8
0000000074,1610612752,NYK,New York Knicks,1631216,Miles McBride,2023-24,Regular Season,2024-03-18,1610612743,DEN,Denver Nuggets,False,True,L,34.4,15,6,13,6,8,1,1,0,0,0,0,4,2,5,2,-9
0000000075,1610612743,DEN,Denver Nuggets,203999,Nikola Jokić,2023-24,Regular Season,2024-03-20,1610612748,MIA,Miami Heat,True,False,L,20.0,29,11,17,1,2,2,8,0,8,8,10,4,1,0,0,-15
0000000075,1610612743,DEN,Denver Nuggets,1627750,Jamal Murray,2023-24,Regular Season,2024-03-20,1610612748,MIA,Miami Heat,True,False,L,24.0,16,6,12,0,2,1,8,3,3,6,4,0,3,5,2,-6
0000000075,1610612743,DEN,Denver Nuggets,1628420,Aaron Gordon,2023-24,Regular Season,2024-03-20,1610612748,MIA,Miami Heat,True,False,L,37.6,10,9,11,9,9,5,6,3,3,6,5,0,2,4,4,11
0000000075,1610612743,DEN,Denver Nuggets,1630166,Christian Braun,2023-24,Regular Season,2024-03-20,1610612748,MIA,Miami Heat,True,False,L,26.2,3,8,8,8,8,0,0,1,6,7,0,3,0,5,0,4
0000000075,1610612743,DEN,Denver Nuggets,203914,Kentavious Caldwell-Pope,2023-24,Regular Season,2024-03-20,1610612748,MIA,Miami Heat,True,False,L,18.2,20,8,15,4,10,1,1,4,2,6,2,2,2,0,3,1
0000000075,1610612743,DEN,Denver Nuggets,1631128,Peyton Watson,2023-24,Regular Season,2024-03-20,1610612748,MIA,Miami Heat,True,False,L,19.8,0,3,8,3,8,1,8,3,0,3,0,4,2,4,5,-7
0000000075,1610612748,MIA,Miami Heat,202710,Jimmy Butler,2023-24,Regular Season,2024-03-20,1610612743,DEN,Denver Nuggets,False,True,W,29.4,23,9,17,1,2,3,4,2,4,6,7,2,3,5,1,18
0000000075,1610612748,MIA,Miami Heat,1629639,Tyler Herro,2023-24,Regular Season,2024-03-20,1610612743,DEN,Denver Nuggets,False,True,W,21.0,20,8,13,1,4,0,3,3,5,8,5,0,0,0,3,-5
0000000075,1610612748,MIA,Miami Heat,202355,Bam Adebayo,2023-24,Regular Season,2024-03-20,1610612743,DEN,Denver Nuggets,False,True,W,26.3,30,12,19,0,0,6,8,3,8,11,2,4,1,1,0,10
0000000075,1610612748,MIA,Miami Heat,1631170,Jaime Jaquez,2023-24,Regular Season,2024-03-20,1610612743,DEN,Denver Nuggets,False,True,W,32.8,13,5,9,0,1,3,3,1,1,2,3,1,2,1,1,-12
0000000075,1610612748,MIA,Miami Heat,203482,Kelly Olynyk,2023-24,Regular Season,2024-03-20,1610612743,DEN,Denver Nuggets,False,True,W,28.8,0,1,6,1,1,0,0,1,7,8,2,1,1,3,5,7
0000000075,1610612748,MIA,Miami Heat,1631107,Nikola Jović,2023-24,Regular Season,2024-03-20,1610612743,DEN,Denver Nuggets,False,True,W,34.7,12,4,8,4,6,0,4,2,1,3,0,4,2,4,2,17
0000000076,1610612738,BOS,Boston Celtics,1628369,Jayson Tatum,2023-24,Regular Season,2024-03-22,1610612747,LAL,Los Angeles Lakers,True,False,W,35.2,38,15,22,0,1,0,3,4,4,8,3,4,0,2,1,3
0000000076,1610612738,BOS,Boston Celtics,1627759,Jaylen Brown,2023-24,Regular Season,2024-03-22,1610612747,LAL,Los Angeles Lakers,True,False,W,31.5,24,9,14,0,3,0,1,1,6,7,3,2,0,5,4,6
0000000076,1610612738,BOS,Boston Celtics,201950,Jrue Holiday,2023-24,Regular Season,2024-03-22,1610612747,LAL,Los Angeles Lakers,True,False,W,32.0,16,6,9,1,5,4,7,0,5,5,2,1,0,2,5,6
0000000076,1610612738,BOS,Boston Celtics,1628464,Derrick White,2023-24,Regular Season,2024-03-22,1610612747,LAL,Los Angeles Lakers,True,False,W,37.0,26,10,16,0,8,2,6,1,0,1,5,3,1,1,0,10
0000000076,1610612738,BOS,Boston Celtics,203935,Kristaps Porziņģis,2023-24,Regular Season,2024-03-22,1610612747,LAL,Los Angeles Lakers,True,False,W,33.0,15,6,10,1,2,4,7,3,8,11,2,2,3,5,1,5
0000000076,1610612738,BOS,Boston Celtics,1629057,Robert Williams,2023-24,Regular Season,2024-03-22,1610612747,LAL,Los Angeles Lakers,True,False,W,18.5,2,2,3,2,3,1,4,3,7,10,1,1,1,5,1,12
0000000076,1610612747,LAL,Los Angeles Lakers,2544,LeBron James,2023-24,Regular Season,2024-03-22,1610612738,BOS,Boston Celtics,False,True,L,22.6,24,9,18,5,7,1,1,2,0,2,6,4,2,1,4,-16
0000000076,1610612747,LAL,Los Angeles Lakers,1629029,Luka Dončić,2023-24,Regular Season,2024-03-22,1610612738,BOS,Boston Celtics,False,True,L,24.8,21,8,16,1,6,0,5,0,11,11,7,2,1,0,1,16
0000000076,1610612747,LAL,Los Angeles Lakers,203076,Anthony Davis,2023-24,Regular Season,2024-03-22,1610612738,BOS,Boston Celtics,False,True,L,23.4,16,6,9,0,2,1,7,4,1,5,5,4,1,3,2,-10
0000000076,1610612747,LAL,Los Angeles Lakers,1630559,Austin Reaves,2023-24,Regular Season,2024-03-22,1610612738,BOS,Boston Celtics,False,True,L,32.3,21,8,13,3,5,0,6,0,0,0,2,1,2,2,2,7
0000000076,1610612747,LAL,Los Angeles Lakers,1626156,Dalton Knecht,2023-24,Regular Season,2024-03-22,1610612738,BOS,Boston Celtics,False,True,L,36.2,7,3,9,3,9,0,0,2,0,2,3,0,0,4,4,-10
0000000076,1610612747,LAL,Los Angeles Lakers,1629020,Rui Hachimura,2023-24,Regular Season,2024-03-22,1610612738,BOS,Boston Celtics,False,True,L,28.2,7,2,5,2,2,0,7,0,5,5,3,1,1,4,3,1
0000000077,1610612738,BOS,Boston Celtics,1628369,Jayson Tatum,2023-24,Regular Season,2024-03-24,1610612744,GSW,Golden State Warriors,True,False,W,20.3,27,10,14,2,3,0,6,1,5,6,4,0,1,4,1,-3
0000000077,1610612738,BOS,Boston Celtics,1627759,Jaylen Brown,2023-24,Regular Season,2024-03-24,1610612744,GSW,Golden State Warriors,True,False,W,34.7,26,10,16,2,2,3,4,0,5,5,2,0,3,0,3,-14
0000000077,1610612738,BOS,Boston Celtics,201950,Jrue Holiday,2023-24,Regular Season,2024-03-24,1610612744,GSW,Golden State Warriors,True,False,W,36.9,21,8,11,0,1,2,2,0,3,3,2,3,3,2,1,-4
0000000077,1610612738,BOS,Boston Celtics,1628464,Derrick White,2023-24,Regular Season,2024-03-24,1610612744,GSW,Golden State Warriors,True,False,W,19.7,7,4,7,4,6,6,7,4,1,5,4,3,3,1,4,-17
0000000077,1610612738,BOS,Boston Celtics,203935,Kristaps Porziņģis,2023-24,Regular Season,2024-03-24,1610612744,GSW,Golden State Warriors,True,False,W,21.6,23,9,12,1,1,4,8,2,7,9,5,4,2,1,4,1
0000000077,1610612738,BOS,Boston Celtics,1629057,Robert Williams,2023-24,Regular Season,2024-03-24,1610612744,GSW,Golden State Warriors,True,False,W,34.0,0,0,3,0,1,0,0,1,9,10,0,2,2,3,2,-4
0000000077,1610612744,GSW,Golden State Warriors,201939,Stephen Curry,2023-24,Regular Season,2024-03-24,1610612738,BOS,Boston Celtics,False,True,L,26.9,28,11,17,3,7,1,8,0,8,8,3,4,0,5,0,13
0000000077,1610612744,GSW,Golden State Warriors,202691,Klay Thompson,2023-24,Regular Season,2024-03-24,1610612738,BOS,Boston Celtics,False,True,L,24.2,6,2,5,0,0,0,1,2,0,2,1,0,1,1,5,-12
0000000077,1610612744,GSW,Golden State Warriors,203110,Draymond Green,2023-24,Regular Season,2024-03-24,1610612738,BOS,Boston Celtics,False,True,L,29.1,8,8,10,8,9,2,2,2,2,4,4,0,0,0,0,-1
0000000077,1610612744,GSW,Golden State Warriors,1630228,Jonathan Kuminga,2023-24,Regular Season,2024-03-24,1610612738,BOS,Boston Celtics,False,True,L,36.8,18,7,11,4,9,5,5,0,8,8,2,0,2,2,3,4
0000000077,1610612744,GSW,Golden State Warriors,1626172,Kevon Looney,2023-24,Regular Season,2024-03-24,1610612738,BOS,Boston Celtics,False,True,L,24.3,5,2,6,1,2,5,5,3,7,10,3,1,3,2,4,-4
0000000077,1610612744,GSW,Golden State Warriors,1630541,Brandin Podziemski,2023-24,Regular Season,2024-03-24,1610612738,BOS,Boston Celtics,False,True,L,22.2,14,5,11,2,4,0,0,0,5,5,2,3,3,5,3,3
0000000078,1610612738,BOS,Boston Celtics,1628369,Jayson Tatum,2023-24,Regular Season,2024-03-26,1610612743,DEN,Denver Nuggets,True,False,L,19.4,28,11,15,5,6,6,7,3,11,14,14,3,0,2,3,10
0000000078,1610612738,BOS,Boston Celtics,1627759,Jaylen Brown,2023-24,Regular Season,2024-03-26,1610612743,DEN,Denver Nuggets,True,False,L,35.7,12,4,7,0,0,6,8,0,0,0,0,4,1,4,3,15
0000000078,1610612738,BOS,Boston Celtics,201950,Jrue Holiday,2023-24,Regular Season,2024-03-26,1610612743,DEN,Denver Nuggets,True,False,L,30.3,14,5,10,5,9,0,1,3,5,8,3,4,1,3,4,0
0000000078,1610612738,BOS,Boston Celtics,1628464,Derrick White,2023-24,Regular Season,2024-03-26,1610612743,DEN,Denver Nuggets,True,False,L,35.5,11,4,7,0,2,4,6,0,0,0,3,0,1,1,2,7
0000000078,1610612738,BOS,Boston Celtics,203935,Kristaps Porziņģis,2023-24,Regular Season,2024-03-26,1610612743,DEN,Denver Nuggets,True,False,L,18.5,19,7,12,0,2,1,5,4,2,6,2,2,3,0,1,9
0000000078,1610612738,BOS,Boston Celtics,1629057,Robert Williams,2023-24,Regular Season,2024-03-26,1610612743,DEN,Denver Nuggets,True,False,L,26.5,2,2,7,2,2,5,8,1,7,8,0,0,0,1,1,1
0000000078,1610612743,DEN,Denver Nuggets,203999,Nikola Jokić,2023-24,Regular Season,2024-03-26,1610612738,BOS,Boston Celtics,False,True,W,37.9,30,12,21,2,3,1,1,0,11,11,6,0,3,0,0,-17
0000000078,1610612743,DEN,Denver Nuggets,1627750,Jamal Murray,2023-24,Regular Season,2024-03-26,1610612738,BOS,Boston Celtics,False,True,W,31.1,21,8,16,8,9,1,1,2,5,7,10,3,2,1,3,-10
0000000078,1610612743,DEN,Denver Nuggets,1628420,Aaron Gordon,2023-24,Regular Season,2024-03-26,1610612738,BOS,Boston Celtics,False,True,W,33.3,2,2,6,2,6,7,7,4,4,8,5,1,1,1,1,12
0000000078,1610612743,DEN,Denver Nuggets,1630166,Christian Braun,2023-24,Regular Season,2024-03-26,1610612738,BOS,Boston Celtics,False,True,W,36.3,12,4,9,3,8,0,0,0,1,1,0,4,0,1,3,4
0000000078,1610612743,DEN,Denver Nuggets,203914,Kentavious Caldwell-Pope,2023-24,Regular Season,2024-03-26,1610612738,BOS,Boston Celtics,False,True,W,28.9,11,4,7,1,2,0,3,1,2,3,4,1,2,2,4,13
0000000078,1610612743,DEN,Denver Nuggets,1631128,Peyton Watson,2023-24,Regular Season,2024-03-26,1610612738,BOS,Boston Celtics,False,True,W,35.0,11,6,6,6,6,4,6,1,0,1,2,4,1,3,3,1
0000000079,1610612738,BOS,Boston Celtics,1628369,Jayson Tatum,2023-24,Regular Season,2024-03-28,1610612752,NYK,New York Knicks,True,False,L,35.0,34,13,18,4,8,6,8,3,3,6,5,1,3,1,2,-5
0000000079,1610612738,BOS,Boston Celtics,1627759,Jaylen Brown,2023-24,Regular Season,2024-03-28,1610612752,NYK,New York Knicks,True,False,L,25.5,17,9,9,9,9,3,5,2,6,8,3,3,3,5,3,-11
0000000079,1610612738,BOS,Boston Celtics,201950,Jrue Holiday,2023-24,Regular Season,2024-03-28,1610612752,NYK,New York Knicks,True,False,L,32.5,8,3,6,0,6,3,3,4,3,7,4,4,1,1,2,-15
0000000079,1610612738,BOS,Boston Celtics,1628464,Derrick White,2023-24,Regular Season,2024-03-28,1610612752,NYK,New York Knicks,True,False,L,26.2,24,9,17,0,9,4,5,2,0,2,10,3,1,2,4,12
0000000079,1610612738,BOS,Boston Celtics,203935,Kristaps Porziņģis,2023-24,Regular Season,2024-03-28,1610612752,NYK,New York Knicks,True,False,L,26.5,20,8,16,0,3,1,7,2,0,2,2,1,1,2,2,12
0000000079,1610612738,BOS,Boston Celtics,1629057,Robert Williams,2023-24,Regular Season,2024-03-28,1610612752,NYK,New York Knicks,True,False,L,18.9,4,1,8,0,0,0,0,4,4,8,0,4,2,0,5,10
0000000079,1610612752,NYK,New York Knicks,1628973,Jalen Brunson,2023-24,Regular Season,2024-03-28,1610612738,BOS,Boston Celtics,False,True,W,24.7,10,4,7,1,4,2,2,2,2,4,9,1,3,3,0,18
0000000079,1610612752,NYK,New York Knicks,1626157,Karl-Anthony Towns,2023-24,Regular Season,2024-03-28,1610612738,BOS,Boston Celtics,False,True,W,25.9,24,9,18,0,0,5,5,4,2,6,3,1,1,4,3,-2
0000000079,1610612752,NYK,New York Knicks,1629628,RJ Barrett,2023-24,Regular Season,2024-03-28,1610612738,BOS,Boston Celtics,False,True,W,38.0,18,7,15,4,7,1,6,0,9,9,0,4,1,4,0,-7
0000000079,1610612752,NYK,New York Knicks,1630193,Immanuel Quickley,2023-24,Regular Season,2024-03-28,1610612738,BOS,Boston Celtics,False,True,W,36.1,21,8,15,0,2,0,1,4,1,5,5,2,3,0,4,-15
0000000079,1610612752,NYK,New York Knicks,203944,Julius Randle,2023-24,Regular Season,2024-03-28,1610612738,BOS,Boston Celtics,False,True,W,29.0,25,10,17,5,5,1,3,0,6,6,5,4,3,0,1,-4
0000000079,1610612752,NYK,New York Knicks,1631216,Miles McBride,2023-24,Regular Season,2024-03-28,1610612738,BOS,Boston Celtics,False,True,W,27.7,13,5,10,0,3,0,0,0,0,0,3,3,1,4,0,-4
0000000080,1610612738,BOS,Boston Celtics,1628369,Jayson Tatum,2023-24,Regular Season,2024-03-30,1610612748,MIA,Miami Heat,True,False,W,19.5,25,10,16,6,10,0,5,3,11,14,5,1,1,4,1,11
0000000080,1610612738,BOS,Boston Celtics,1627759,Jaylen Brown,2023-24,Regular Season,2024-03-30,1610612748,MIA,Miami Heat,True,False,W,31.5,24,9,16,1,1,5,5,1,6,7,0,1,3,5,1,-12
0000000080,1610612738,BOS,Boston Celtics,201950,Jrue Holiday,2023-24,Regular Season,2024-03-30,1610612748,MIA,Miami Heat,True,False,W,33.5,14,5,9,3,4,2,4,0,0,0,4,1,0,5,1,2
0000000080,1610612738,BOS,Boston Celtics,1628464,Derrick White,2023-24,Regular Season,2024-03-30,1610612748,MIA,Miami Heat,True,False,W,25.3,21,8,15,6,7,4,4,0,0,0,6,3,2,2,1,-2
0000000080,1610612738,BOS,Boston Celtics,203935,Kristaps Porziņģis,2023-24,Regular Season,2024-03-30,1610612748,MIA,Miami Heat,True,False,W,18.6,24,9,13,1,1,0,0,1,14,15,1,0,1,0,3,9
0000000080,1610612738,BOS,Boston Celtics,1629057,Robert Williams,2023-24,Regular Season,2024-03-30,1610612748,MIA,Miami Heat,True,False,W,36.8,0,1,6,1,3,3,3,1,9,10,0,3,0,4,3,6
0000000080,1610612748,MIA,Miami Heat,202710,Jimmy Butler,2023-24,Regular Season,2024-03-30,1610612738,BOS,Boston Celtics,False,True,L,32.5,32,12,17,2,6,0,0,2,4,6,2,3,2,5,0,6
0000000080,1610612748,MIA,Miami Heat,1629639,Tyler Herro,2023-24,Regular Season,2024-03-30,1610612738,BOS,Boston Celtics,False,True,L,23.8,18,7,13,3,4,4,6,2,5,7,5,4,2,3,0,-1
0000000080,1610612748,MIA,Miami Heat,202355,Bam Adebayo,2023-24,Regular Season,2024-03-30,1610612738,BOS,Boston Celtics,False,True,L,35.2,20,8,13,3,3,3,4,3,6,9,3,2,2,4,0,11
0000000080,1610612748,MIA,Miami Heat,1631170,Jaime Jaquez,2023-24,Regular Season,2024-03-30,1610612738,BOS,Boston Celtics,False,True,L,22.0,7,2,9,1,9,3,3,2,4,6,4,2,1,4,1,6
0000000080,1610612748,MIA,Miami Heat,203482,Kelly Olynyk,2023-24,Regular Season,2024-03-30,1610612738,BOS,Boston Celtics,False,True,L,31.9,20,8,11,0,0,2,5,0,4,4,1,4,3,3,2,18
0000000080,1610612748,MIA,Miami Heat,1631107,Nikola Jović,2023-24,Regular Season,2024-03-30,1610612738,BOS,Boston Celtics,False,True,L,18.4,10,4,8,3,3,7,8,0,3,3,3,2,0,2,5,11
0000000081,1610612752,NYK,New York Knicks,1628973,Jalen Brunson,2023-24,Regular Season,2024-04-01,1610612747,LAL,Los Angeles Lakers,True,False,W,31.4,21,8,13,0,9,4,8,1,0,1,2,4,1,4,4,1
0000000081,1610612752,NYK,New York Knicks,1626157,Karl-Anthony Towns,2023-24,Regular Season,2024-04-01,1610612747,LAL,Los Angeles Lakers,True,False,W,22.5,25,10,17,3,3,3,3,4,5,9,0,3,2,0,1,-14
0000000081,1610612752,NYK,New York Knicks,1629628,RJ Barrett,2023-24,Regular Season,2024-04-01,1610612747,LAL,Los Angeles Lakers,True,False,W,36.1,30,12,20,0,0,0,0,2,1,3,1,2,2,1,1,-15
0000000081,1610612752,NYK,New York Knicks,1630193,Immanuel Quickley,2023-24,Regular Season,2024-04-01,1610612747,LAL,Los Angeles Lakers,True,False,W,28.8,9,3,8,1,1,2,3,3,3,6,2,3,2,5,0,8
0000000081,1610612752,NYK,New York Knicks,203944,Julius Randle,2023-24,Regular Season,2024-04-01,1610612747,LAL,Los Angeles Lakers,True,False,W,34.0,11,5,10,5,5,1,4,1,5,6,3,4,3,2,5,17
0000000081,1610612752,NYK,New York Knicks,1631216,Miles McBride,2023-24,Regular Season,2024-04-01,1610612747,LAL,Los Angeles Lakers,True,False,W,34.3,6,2,8,2,2,3,4,0,0,0,2,2,3,3,3,-18
0000000081,1610612747,LAL,Los Angeles Lakers,2544,LeBron James,2023-24,Regular Season,2024-04-01,1610612752,NYK,New York Knicks,False,True,L,29.9,19,7,11,5,10,3,4,0,0,0,13,2,3,3,3,6
0000000081,1610612747,LAL,Los Angeles Lakers,1629029,Luka Dončić,2023-24,Regular Season,2024-04-01,1610612752,NYK,New York Knicks,False,True,L,25.6,15,6,10,0,2,3,3,3,2,5,7,1,0,0,0,4
0000000081,1610612747,LAL,Los Angeles Lakers,203076,Anthony Davis,2023-24,Regular Season,2024-04-01,1610612752,NYK,New York Knicks,False,True,L,35.3,24,9,13,3,3,1,6,3,10,13,1,0,0,5,0,-12
0000000081,1610612747,LAL,Los Angeles Lakers,1630559,Austin Reaves,2023-24,Regular Season,2024-04-01,1610612752,NYK,New York Knicks,False,True,L,34.1,11,4,7,2,7,0,0,1,1,2,9,3,1,3,3,9
0000000081,1610612747,LAL,Los Angeles Lakers,1626156,Dalton Knecht,2023-24,Regular Season,2024-04-01,1610612752,NYK,New York Knicks,False,True,L,18.9,5,2,7,0,7,2,2,1,6,7,2,0,3,3,0,16
0000000081,1610612747,LAL,Los Angeles Lakers,1629020,Rui Hachimura,2023-24,Regular Season,2024-04-01,1610612752,NYK,New York Knicks,False,True,L,19.4,11,4,10,2,3,5,8,2,3,5,0,2,1,2,4,3
0000000082,1610612752,NYK,New York Knicks,1628973,Jalen Brunson,2023-24,Regular Season,2024-04-03,1610612744,GSW,Golden State Warriors,True,False,W,26.7,37,14,24,5,6,0,2,1,1,2,6,2,2,1,1,16
0000000082,1610612752,NYK,New York Knicks,1626157,Karl-Anthony Towns,2023-24,Regular Season,2024-04-03,1610612744,GSW,Golden State Warriors,True,False,W,32.5,20,8,13,0,0,0,5,0,13,13,0,0,1,0,2,-6
0000000082,1610612752,NYK,New York Knicks,1629628,RJ Barrett,2023-24,Regular Season,2024-04-03,1610612744,GSW,Golden State Warriors,True,False,W,24.7,11,4,7,3,3,0,0,4,6,10,1,0,1,0,1,16
0000000082,1610612752,NYK,New York Knicks,1630193,Immanuel Quickley,2023-24,Regular Season,2024-04-03,1610612744,GSW,Golden State Warriors,True,False,W,35.5,9,3,6,1,3,0,4,0,0,0,5,0,2,0,5,-7
0000000082,1610612752,NYK,New York Knicks,203944,Julius Randle,2023-24,Regular Season,2024-04-03,1610612744,GSW,Golden State Warriors,True,False,W,18.2,35,14,20,0,10,1,2,2,0,2,4,1,3,0,5,6
0000000082,1610612752,NYK,New York Knicks,1631216,Miles McBride,2023-24,Regular Season,2024-04-03,1610612744,GSW,Golden State Warriors,True,False,W,19.8,2,1,7,1,3,0,1,1,0,1,1,1,2,2,5,-9
0000000082,1610612744,GSW,Golden State Warriors,201939,Stephen Curry,2023-24,Regular Season,2024-04-03,1610612752,NYK,New York Knicks,False,True,L,34.8,25,10,18,6,10,1,1,3,2,5,9,2,2,0,0,0
0000000082,1610612744,GSW,Golden State Warriors,202691,Klay Thompson,2023-24,Regular Season,2024-04-03,1610612752,NYK,New York Knicks,False,True,L,27.4,7,3,4,3,3,1,2,0,7,7,1,0,0,1,1,-1
0000000082,1610612744,GSW,Golden State Warriors,203110,Draymond Green,2023-24,Regular Season,2024-04-03,1610612752,NYK,New York Knicks,False,True,L,22.1,14,5,10,0,1,3,3,4,6,10,3,4,0,0,4,18
0000000082,1610612744,GSW,Golden State Warriors,1630228,Jonathan Kuminga,2023-24,Regular Season,2024-04-03,1610612752,NYK,New York Knicks,False,True,L,24.3,23,9,14,2,10,1,4,1,2,3,5,0,1,5,5,16
0000000082,1610612744,GSW,Golden State Warriors,1626172,Kevon Looney,2023-24,Regular Season,2024-04-03,1610612752,NYK,New York Knicks,False,True,L,23.1,8,3,6,0,2,0,2,0,9,9,0,0,2,0,0,-13
0000000082,1610612744,GSW,Golden State Warriors,1630541,Brandin Podziemski,2023-24,Regular Season,2024-04-03,1610612752,NYK,New York Knicks,False,True,L,32.7,4,2,6,2,4,0,0,4,5,9,3,0,1,5,5,-4
0000000083,1610612752,NYK,New York Knicks,1628973,Jalen Brunson,2023-24,Regular Season,2024-04-05,1610612743,DEN,Denver Nuggets,True,False,W,31.6,33,13,17,5,6,6,7,1,3,4,7,0,0,0,5,-14
0000000083,1610612752,NYK,New York Knicks,1626157,Karl-Anthony Towns,2023-24,Regular Season,2024-04-05,1610612743,DEN,Denver Nuggets,True,False,W,33.8,26,10,19,2,2,7,8,3,8,11,3,2,2,0,0,-4
0000000083,1610612752,NYK,New York Knicks,1629628,RJ Barrett,2023-24,Regular Season,2024-04-05,1610612743,DEN,Denver Nuggets,True,False,W,28.4,22,8,17,6,8,0,0,4,7,11,4,3,0,3,3,16
0000000083,1610612752,NYK,New York Knicks,1630193,Immanuel Quickley,2023-24,Regular Season,2024-04-05,1610612743,DEN,Denver Nuggets,True,False,W,34.2,10,4,6,2,3,2,8,1,3,4,4,1,2,4,5,13
0000000083,1610612752,NYK,New York Knicks,203944,Julius Randle,2023-24,Regular Season,2024-04-05,1610612743,DEN,Denver Nuggets,True,False,W,30.8,14,6,13,6,8,0,0,4,5,9,3,3,1,2,3,15
0000000083,1610612752,NYK,New York Knicks,1631216,Miles McBride,2023-24,Regular Season,2024-04-05,1610612743,DEN,Denver Nuggets,True,False,W,18.3,11,4,11,1,7,1,1,0,0,0,3,4,0,3,4,1
0000000083,1610612743,DEN,Denver Nuggets,203999,Nikola Jokić,2023-24,Regular Season,2024-04-05,1610612752,NYK,New York Knicks,False,True,L,24.7,24,9,18,0,0,0,1,3,11,14,11,0,2,2,0,-17
0000000083,1610612743,DEN,Denver Nuggets,1627750,Jamal Murray,2023-24,Regular Season,2024-04-05,1610612752,NYK,New York Knicks,False,True,L,34.8,15,6,9,1,4,2,7,1,5,6,4,0,1,2,2,1
0000000083,1610612743,DEN,Denver Nuggets,1628420,Aaron Gordon,2023-24,Regular Season,2024-04-05,1610612752,NYK,New York Knicks,False,True,L,18.3,16,7,10,7,8,5,7,2,4,6,5,2,2,5,2,7
0000000083,1610612743,DEN,Denver Nuggets,1630166,Christian Braun,2023-24,Regular Season,2024-04-05,1610612752,NYK,New York Knicks,False,True,L,33.4,5,4,7,4,7,0,2,0,0,0,0,1,1,0,3,-3
0000000083,1610612743,DEN,Denver Nuggets,203914,Kentavious Caldwell-Pope,2023-24,Regular Season,2024-04-05,1610612752,NYK,New York Knicks,False,True,L,22.3,11,4,6,2,2,2,2,1,0,1,0,1,3,3,1,16
0000000083,1610612743,DEN,Denver Nuggets,1631128,Peyton Watson,2023-24,Regular Season,2024-04-05,1610612752,NYK,New York Knicks,False,True,L,21.0,10,4,6,1,2,5,7,0,0,0,0,2,1,4,5,-10
0000000084,1610612752,NYK,New York Knicks,1628973,Jalen Brunson,2023-24,Regular Season,2024-04-07,1610612738,BOS,Boston Celtics,True,False,W,26.9,32,12,18,0,4,2,8,0,8,8,8,4,0,5,4,7
0000000084,1610612752,NYK,New York Knicks,1626157,Karl-Anthony Towns,2023-24,Regular Season,2024-04-07,1610612738,BOS,Boston Celtics,True,False,W,33.9,25,10,18,0,2,0,4,4,7,11,0,2,1,2,5,-2
0000000084,1610612752,NYK,New York Knicks,1629628,RJ Barrett,2023-24,Regular Season,2024-04-07,1610612738,BOS,Boston Celtics,True,False,W,22.1,28,11,19,0,2,1,7,1,11,12,3,4,1,4,4,8
0000000084,1610612752,NYK,New York Knicks,1630193,Immanuel Quickley,2023-24,Regular Season,2024-04-07,1610612738,BOS,Boston Celtics,True,False,W,34.6,11,4,11,0,1,0,0,2,0,2,5,3,0,1,5,-15
0000000084,1610612752,NYK,New York Knicks,203944,Julius Randle,2023-24,Regular Season,2024-04-07,1610612738,BOS,Boston Celtics,True,False,W,35.7,26,10,14,0,3,1,4,3,5,8,7,4,1,4,2,9
0000000084,1610612752,NYK,New York Knicks,1631216,Miles McBride,2023-24,Regular Season,2024-04-07,1610612738,BOS,Boston Celtics,True,False,W,31.6,0,0,6,0,0,7,8,3,0,3,1,1,0,0,1,17
0000000084,1610612738,BOS,Boston Celtics,1628369,Jayson Tatum,2023-24,Regular Season,2024-04-07,1610612752,NYK,New York Knicks,False,True,L,24.3,25,10,17,3,7,3,4,1,6,7,4,3,2,4,3,-4
0000000084,1610612738,BOS,Boston Celtics,1627759,Jaylen Brown,2023-24,Regular Season,2024-04-07,1610612752,NYK,New York Knicks,False,True,L,36.8,22,8,17,2,6,6,6,0,1,1,4,3,1,4,5,13
0000000084,1610612738,BOS,Boston Celtics,201950,Jrue Holiday,2023-24,Regular Season,2024-04-07,1610612752,NYK,New York Knicks,False,True,L,18.2,19,7,13,6,10,1,4,2,0,2,4,3,1,1,5,18
0000000084,1610612738,BOS,Boston Celtics,1628464,Derrick White,2023-24,Regular Season,2024-04-07,1610612752,NYK,New York Knicks,False,True,L,25.6,17,6,12,3,6,4,7,0,0,0,4,4,1,0,2,2
0000000084,1610612738,BOS,Boston Celtics,203935,Kristaps Porziņģis,2023-24,Regular Season,2024-04-07,1610612752,NYK,New York Knicks,False,True,L,37.1,25,10,17,1,1,5,8,4,0,4,4,0,2,1,1,-4
0000000084,1610612738,BOS,Boston Celtics,1629057,Robert Williams,2023-24,Regular Season,2024-04-07,1610612752,NYK,New York Knicks,False,True,L,28.9,5,2,4,0,0,0,5,2,9,11,1,2,3,1,3,17
0000000085,1610612752,NYK,New York Knicks,1628973,Jalen Brunson,2023-24,Regular Season,2024-04-09,1610612748,MIA,Miami Heat,True,False,W,30.0,26,10,15,3,5,0,8,2,12,14,11,4,1,1,1,-14
0000000085,1610612752,NYK,New York Knicks,1626157,Karl-Anthony Towns,2023-24,Regular Season,2024-04-09,1610612748,MIA,Miami Heat,True,False,W,28.7,21,8,14,1,2,0,2,4,7,11,5,3,1,4,4,-13
0000000085,1610612752,NYK,New York Knicks,1629628,RJ Barrett,2023-24,Regular Season,2024-04-09,1610612748,MIA,Miami Heat,True,False,W,22.9,17,6,10,0,0,1,2,3,0,3,5,1,3,5,3,-14
0000000085,1610612752,NYK,New York Knicks,1630193,Immanuel Quickley,2023-24,Regular Season,2024-04-09,1610612748,MIA,Miami Heat,True,False,W,22.8,20,8,11,2,9,3,3,0,0,0,6,2,1,0,2,-5
0000000085,1610612752,NYK,New York Knicks,203944,Julius Randle,2023-24,Regular Season,2024-04-09,1610612748,MIA,Miami Heat,True,False,W,27.5,25,10,18,6,8,1,1,4,4,8,4,0,2,0,1,16
0000000085,1610612752,NYK,New York Knicks,1631216,Miles McBride,2023-24,Regular Season,2024-04-09,1610612748,MIA,Miami Heat,True,False,W,21.2,3,8,10,8,10,0,0,0,0,0,0,0,1,2,1,-14
0000000085,1610612748,MIA,Miami Heat,202710,Jimmy Butler,2023-24,Regular Season,2024-04-09,1610612752,NYK,New York Knicks,False,True,L,27.8,26,10,16,5,9,0,7,3,5,8,6,3,1,1,5,-14
0000000085,1610612748,MIA,Miami Heat,1629639,Tyler Herro,2023-24,Regular Season,2024-04-09,1610612752,NYK,New York Knicks,False,True,L,26.6,24,9,14,9,10,1,1,4,0,4,9,4,0,4,0,11
0000000085,1610612748,MIA,Miami Heat,202355,Bam Adebayo,2023-24,Regular Season,2024-04-09,1610612752,NYK,New York Knicks,False,True,L,22.4,21,8,11,2,2,0,0,4,8,12,3,1,3,5,3,-6
0000000085,1610612748,MIA,Miami Heat,1631170,Jaime Jaquez,2023-24,Regular Season,2024-04-09,1610612752,NYK,New York Knicks,False,True,L,31.5,10,4,10,1,4,1,4,3,3,6,0,3,2,2,5,-9
0000000085,1610612748,MIA,Miami Heat,203482,Kelly Olynyk,2023-24,Regular Season,2024-04-09,1610612752,NYK,New York Knicks,False,True,L,25.7,24,9,15,0,3,0,4,3,0,3,6,3,2,4,2,12
0000000085,1610612748,MIA,Miami Heat,1631107,Nikola Jović,2023-24,Regular Season,2024-04-09,1610612752,NYK,New York Knicks,False,True,L,35.5,6,2,7,0,7,4,6,0,2,2,0,0,2,5,3,10
0000000086,1610612748,MIA,Miami Heat,202710,Jimmy Butler,2023-24,Regular Season,2024-04-11,1610612747,LAL,Los Angeles Lakers,True,False,L,24.8,18,7,14,0,5,1,7,0,7,7,6,3,1,5,3,6
0000000086,1610612748,MIA,Miami Heat,1629639,Tyler Herro,2023-24,Regular Season,2024-04-11,1610612747,LAL,Los Angeles Lakers,True,False,L,30.0,11,4,11,0,10,0,1,4,1,5,6,4,2,1,5,11
0000000086,1610612748,MIA,Miami Heat,202355,Bam Adebayo,2023-24,Regular Season,2024-04-11,1610612747,LAL,Los Angeles Lakers,True,False,L,36.7,20,8,11,2,3,0,1,2,7,9,6,2,1,1,3,8
0000000086,1610612748,MIA,Miami Heat,1631170,Jaime Jaquez,2023-24,Regular Season,2024-04-11,1610612747,LAL,Los Angeles Lakers,True,False,L,19.2,6,2,4,1,3,0,3,0,8,8,4,3,1,1,1,-13
0000000086,1610612748,MIA,Miami Heat,203482,Kelly Olynyk,2023-24,Regular Season,2024-04-11,1610612747,LAL,Los Angeles Lakers,True,False,L,33.2,6,2,9,2,2,1,4,0,3,3,1,4,3,1,4,5
0000000086,1610612748,MIA,Miami Heat,1631107,Nikola Jović,2023-24,Regular Season,2024-04-11,1610612747,LAL,Los Angeles Lakers,True,False,L,34.8,12,4,8,2,4,0,2,4,0,4,2,1,1,3,3,-14
0000000086,1610612747,LAL,Los Angeles Lakers,2544,LeBron James,2023-24,Regular Season,2024-04-11,1610612748,MIA,Miami Heat,False,True,W,19.8,23,9,17,3,7,5,5,2,1,3,8,2,2,5,1,18
0000000086,1610612747,LAL,Los Angeles Lakers,1629029,Luka Dončić,2023-24,Regular Season,2024-04-11,1610612748,MIA,Miami Heat,False,True,W,31.7,28,11,19,4,6,2,3,0,2,2,7,1,1,5,0,9
0000000086,1610612747,LAL,Los Angeles Lakers,203076,Anthony Davis,2023-24,Regular Season,2024-04-11,1610612748,MIA,Miami Heat,False,True,W,35.8,23,9,12,2,3,0,0,4,4,8,4,0,0,3,4,15
0000000086,1610612747,LAL,Los Angeles Lakers,1630559,Austin Reaves,2023-24,Regular Season,2024-04-11,1610612748,MIA,Miami Heat,False,True,W,25.0,7,2,8,0,8,6,8,2,0,2,5,2,0,5,5,-5
0000000086,1610612747,LAL,Los Angeles Lakers,1626156,Dalton Knecht,2023-24,Regular Season,2024-04-11,1610612748,MIA,Miami Heat,False,True,W,29.3,6,2,9,0,7,5,5,1,5,6,0,0,0,2,0,3
0000000086,1610612747,LAL,Los Angeles Lakers,1629020,Rui Hachimura,2023-24,Regular Season,2024-04-11,1610612748,MIA,Miami Heat,False,True,W,33.8,7,2,9,1,1,0,0,0,0,0,1,1,1,3,2,0
0000000087,1610612748,MIA,Miami Heat,202710,Jimmy Butler,2023-24,Regular Season,2024-04-13,1610612744,GSW,Golden State Warriors,True,False,L,22.3,25,10,14,5,5,0,0,1,3,4,7,4,2,4,5,-15
0000000087,1610612748,MIA,Miami Heat,1629639,Tyler Herro,2023-24,Regular Season,2024-04-13,1610612744,GSW,Golden State Warriors,True,False,L,34.1,16,6,14,0,2,3,5,4,5,9,2,3,2,4,0,-13
0000000087,1610612748,MIA,Miami Heat,202355,Bam Adebayo,2023-24,Regular Season,2024-04-13,1610612744,GSW,Golden State Warriors,True,False,L,21.9,10,4,10,0,0,1,5,3,9,12,3,3,1,0,5,-11
0000000087,1610612748,MIA,Miami Heat,1631170,Jaime Jaquez,2023-24,Regular Season,2024-04-13,1610612744,GSW,Golden State Warriors,True,False,L,31.3,6,8,8,8,8,0,4,1,0,1,1,4,3,1,4,4
0000000087,1610612748,MIA,Miami Heat,203482,Kelly Olynyk,2023-24,Regular Season,2024-04-13,1610612744,GSW,Golden State Warriors,True,False,L,36.0,10,4,7,2,2,3,4,1,6,7,3,2,2,2,5,9
0000000087,1610612748,MIA,Miami Heat,1631107,Nikola Jović,2023-24,Regular Season,2024-04-13,1610612744,GSW,Golden State Warriors,True,False,L,35.2,9,3,8,1,2,3,6,3,1,4,3,4,3,5,2,-14
0000000087,1610612744,GSW,Golden State Warriors,201939,Stephen Curry,2023-24,Regular Season,2024-04-13,1610612748,MIA,Miami Heat,False,True,W,31.6,25,10,15,4,6,4,8,0,0,0,7,3,0,0,5,-3
0000000087,1610612744,GSW,Golden State Warriors,202691,Klay Thompson,2023-24,Regular Season,2024-04-13,1610612748,MIA,Miami Heat,False,True,W,31.4,19,7,13,3,4,6,8,3,3,6,3,3,0,5,5,12
0000000087,1610612744,GSW,Golden State Warriors,203110,Draymond Green,2023-24,Regular Season,2024-04-13,1610612748,MIA,Miami Heat,False,True,W,30.6,17,6,10,0,0,4,8,1,5,6,8,0,1,0,0,15
0000000087,1610612744,GSW,Golden State Warriors,1630228,Jonathan Kuminga,2023-24,Regular Season,2024-04-13,1610612748,MIA,Miami Heat,False,True,W,26.3,11,4,10,0,10,6,6,3,0,3,0,2,0,5,2,-10
0000000087,1610612744,GSW,Golden State Warriors,1626172,Kevon Looney,2023-24,Regular Season,2024-04-13,1610612748,MIA,Miami Heat,False,True,W,28.8,18,7,12,3,3,1,1,0,8,8,3,1,3,4,5,12
0000000087,1610612744,GSW,Golden State Warriors,1630541,Brandin Podziemski,2023-24,Regular Season,2024-04-13,1610612748,MIA,Miami Heat,False,True,W,38.0,7,2,8,1,6,4,4,1,9,10,3,2,2,4,1,12
0000000088,1610612748,MIA,Miami Heat,202710,Jimmy Butler,2023-24,Regular Season,2024-04-15,1610612743,DEN,Denver Nuggets,True,False,L,18.5,14,5,9,0,0,1,1,0,4,4,8,4,2,0,0,12
0000000088,1610612748,MIA,Miami Heat,1629639,Tyler Herro,2023-24,Regular Season,2024-04-15,1610612743,DEN,Denver Nuggets,True,False,L,32.2,23,9,14,0,7,5,7,2,5,7,7,0,0,2,3,-17
0000000088,1610612748,MIA,Miami Heat,202355,Bam Adebayo,2023-24,Regular Season,2024-04-15,1610612743,DEN,Denver Nuggets,True,False,L,19.2,18,7,13,1,2,3,7,3,8,11,1,3,0,4,2,-16
0000000088,1610612748,MIA,Miami Heat,1631170,Jaime Jaquez,2023-24,Regular Season,2024-04-15,1610612743,DEN,Denver Nuggets,True,False,L,23.2,0,4,8,4,8,3,5,0,1,1,0,3,1,1,2,-16
0000000088,1610612748,MIA,Miami Heat,203482,Kelly Olynyk,2023-24,Regular Season,2024-04-15,1610612743,DEN,Denver Nuggets,True,False,L,30.9,6,2,6,2,3,3,7,0,1,1,0,3,3,0,1,14
0000000088,1610612748,MIA,Miami Heat,1631107,Nikola Jović,2023-24,Regular Season,2024-04-15,1610612743,DEN,Denver Nuggets,True,False,L,27.7,9,3,6,0,4,3,7,2,3,5,3,1,1,5,5,15
0000000088,1610612743,DEN,Denver Nuggets,203999,Nikola Jokić,2023-24,Regular Season,2024-04-15,1610612748,MIA,Miami Heat,False,True,W,22.6,26,10,15,0,3,2,6,3,6,9,12,3,2,4,1,3
0000000088,1610612743,DEN,Denver Nuggets,1627750,Jamal Murray,2023-24,Regular Season,2024-04-15,1610612748,MIA,Miami Heat,False,True,W,22.0,27,10,17,0,5,0,1,3,4,7,10,4,1,0,0,-17
0000000088,1610612743,DEN,Denver Nuggets,1628420,Aaron Gordon,2023-24,Regular Season,2024-04-15,1610612748,MIA,Miami Heat,False,True,W,25.5,15,6,12,2,2,4,4,0,0,0,0,2,3,3,2,12
0000000088,1610612743,DEN,Denver Nuggets,1630166,Christian Braun,2023-24,Regular Season,2024-04-15,1610612748,MIA,Miami Heat,False,True,W,22.0,9,3,9,0,2,2,4,1,7,8,4,0,2,0,0,-12
0000000088,1610612743,DEN,Denver Nuggets,203914,Kentavious Caldwell-Pope,2023-24,Regular Season,2024-04-15,1610612748,MIA,Miami Heat,False,True,W,25.1,16,6,14,5,10,4,4,1,3,4,0,3,2,2,2,1
0000000088,1610612743,DEN,Denver Nuggets,1631128,Peyton Watson,2023-24,Regular Season,2024-04-15,1610612748,MIA,Miami Heat,False,True,W,22.9,0,1,1,1,1,2,2,0,0,0,0,2,3,0,3,11
0000000089,1610612748,MIA,Miami Heat,202710,Jimmy Butler,2023-24,Regular Season,2024-04-17,1610612738,BOS,Boston Celtics,True,False,W,34.1,16,6,14,4,4,1,6,0,9,9,5,3,1,4,1,10
0000000089,1610612748,MIA,Miami Heat,1629639,Tyler Herro,2023-24,Regular Season,2024-04-17,1610612738,BOS,Boston Celtics,True,False,W,28.2,30,12,18,1,4,1,8,0,6,6,6,0,3,4,4,-17
0000000089,1610612748,MIA,Miami Heat,202355,Bam Adebayo,2023-24,Regular Season,2024-04-17,1610612738,BOS,Boston Celtics,True,False,W,20.1,21,8,12,0,0,0,8,3,15,18,5,2,2,3,3,-9
0000000089,1610612748,MIA,Miami Heat,1631170,Jaime Jaquez,2023-24,Regular Season,2024-04-17,1610612738,BOS,Boston Celtics,True,False,W,26.1,22,8,12,3,3,0,0,2,0,2,3,4,2,1,4,14
0000000089,1610612748,MIA,Miami Heat,203482,Kelly Olynyk,2023-24,Regular Season,2024-04-17,1610612738,BOS,Boston Celtics,True,False,W,37.4,13,5,8,1,1,6,7,0,3,3,1,1,2,0,1,-6
0000000089,1610612748,MIA,Miami Heat,1631107,Nikola Jović,2023-24,Regular Season,2024-04-17,1610612738,BOS,Boston Celtics,True,False,W,19.9,4,3,8,3,4,0,0,0,6,6,1,4,3,5,0,11
0000000089,1610612738,BOS,Boston Celtics,1628369,Jayson Tatum,2023-24,Regular Season,2024-04-17,1610612748,MIA,Miami Heat,False,True,L,22.3,28,11,15,3,4,7,7,4,6,10,6,0,3,5,2,13
0000000089,1610612738,BOS,Boston Celtics,1627759,Jaylen Brown,2023-24,Regular Season,2024-04-17,1610612748,MIA,Miami Heat,False,True,L,33.6,22,8,12,0,0,1,3,0,4,4,4,3,1,3,2,-12
0000000089,1610612738,BOS,Boston Celtics,201950,Jrue Holiday,2023-24,Regular Season,2024-04-17,1610612748,MIA,Miami Heat,False,True,L,28.4,5,2,6,1,6,3,3,1,3,4,2,2,0,2,2,-7
0000000089,1610612738,BOS,Boston Celtics,1628464,Derrick White,2023-24,Regular Season,2024-04-17,1610612748,MIA,Miami Heat,False,True,L,36.5,11,4,6,2,6,1,4,1,0,1,4,0,2,1,4,9
0000000089,1610612738,BOS,Boston Celtics,203935,Kristaps Porziņģis,2023-24,Regular Season,2024-04-17,1610612748,MIA,Miami Heat,False,True,L,35.2,26,10,18,3,3,0,3,3,4,7,6,1,0,5,1,7
0000000089,1610612738,BOS,Boston Celtics,1629057,Robert Williams,2023-24,Regular Season,2024-04-17,1610612748,MIA,Miami Heat,False,True,L,26.5,9,3,10,2,3,1,4,4,4,8,0,4,1,5,5,-12
0000000090,1610612748,MIA,Miami Heat,202710,Jimmy Butler,2023-24,Regular Season,2024-04-19,1610612752,NYK,New York Knicks,True,False,L,35.4,23,9,17,7,10,0,1,4,3,7,3,1,2,1,1,6
0000000090,1610612748,MIA,Miami Heat,1629639,Tyler Herro,2023-24,Regular Season,2024-04-19,1610612752,NYK,New York Knicks,True,False,L,29.9,24,9,18,2,7,0,0,0,0,0,4,2,3,5,1,12
0000000090,1610612748,MIA,Miami Heat,202355,Bam Adebayo,2023-24,Regular Season,2024-04-19,1610612752,NYK,New York Knicks,True,False,L,24.8,16,6,13,0,0,0,0,0,8,8,3,1,2,3,0,5
0000000090,1610612748,MIA,Miami Heat,1631170,Jaime Jaquez,2023-24,Regular Season,2024-04-19,1610612752,NYK,New York Knicks,True,False,L,23.2,9,3,9,1,1,7,7,3,0,3,3,2,1,4,3,12
0000000090,1610612748,MIA,Miami Heat,203482,Kelly Olynyk,2023-24,Regular Season,2024-04-19,1610612752,NYK,New York Knicks,True,False,L,20.7,0,0,4,0,0,8,8,4,0,4,1,2,2,2,5,-1
0000000090,1610612748,MIA,Miami Heat,1631107,Nikola Jović,2023-24,Regular Season,2024-04-19,1610612752,NYK,New York Knicks,True,False,L,35.3,6,2,6,2,5,0,0,0,0,0,7,0,2,4,1,18
0000000090,1610612752,NYK,New York Knicks,1628973,Jalen Brunson,2023-24,Regular Season,2024-04-19,1610612748,MIA,Miami Heat,False,True,W,30.2,35,14,23,2,2,3,4,2,3,5,7,1,0,2,1,17
0000000090,1610612752,NYK,New York Knicks,1626157,Karl-Anthony Towns,2023-24,Regular Season,2024-04-19,1610612748,MIA,Miami Heat,False,True,W,22.8,31,12,18,0,0,4,6,3,8,11,2,2,3,2,1,18
0000000090,1610612752,NYK,New York Knicks,1629628,RJ Barrett,2023-24,Regular Season,2024-04-19,1610612748,MIA,Miami Heat,False,True,W,36.5,9,3,10,1,4,5,5,0,5,5,2,1,0,3,0,-18
0000000090,1610612752,NYK,New York Knicks,1630193,Immanuel Quickley,2023-24,Regular Season,2024-04-19,1610612748,MIA,Miami Heat,False,True,W,28.8,7,6,7,6,7,3,4,2,2,4,2,3,1,0,0,14
0000000090,1610612752,NYK,New York Knicks,203944,Julius Randle,2023-24,Regular Season,2024-04-19,1610612748,MIA,Miami Heat,False,True,W,21.3,20,8,15,5,10,5,5,0,10,10,3,1,3,4,3,-12
0000000090,1610612752,NYK,New York Knicks,1631216,Miles McBride,2023-24,Regular Season,2024-04-19,1610612748,MIA,Miami Heat,False,True,W,30.3,13,5,10,5,7,4,6,3,4,7,0,1,0,3,5,6
0000000091,1610612747,LAL,Los Angeles Lakers,2544,LeBron James,2023-24,Regular Season,2024-04-21,1610612744,GSW,Golden State Warriors,True,False,W,30.8,18,7,13,0,0,3,6,3,3,6,10,3,3,3,3,-2
0000000091,1610612747,LAL,Los Angeles Lakers,1629029,Luka Dončić,2023-24,Regular Season,2024-04-21,1610612744,GSW,Golden State Warriors,True,False,W,23.9,30,12,21,0,0,2,6,3,5,8,10,4,2,5,0,4
0000000091,1610612747,LAL,Los Angeles Lakers,203076,Anthony Davis,2023-24,Regular Season,2024-04-21,1610612744,GSW,Golden State Warriors,True,False,W,32.0,21,8,11,0,3,4,8,4,3,7,2,3,3,3,1,8
0000000091,1610612747,LAL,Los Angeles Lakers,1630559,Austin Reaves,2023-24,Regular Season,2024-04-21,1610612744,GSW,Golden State Warriors,True,False,W,30.7,21,8,14,0,4,0,3,0,0,0,2,1,2,3,5,8
0000000091,1610612747,LAL,Los Angeles Lakers,1626156,Dalton Knecht,2023-24,Regular Season,2024-04-21,1610612744,GSW,Golden State Warriors,True,False,W,18.6,9,6,7,6,6,0,0,3,2,5,1,3,3,4,0,4
0000000091,1610612747,LAL,Los Angeles Lakers,1629020,Rui Hachimura,2023-24,Regular Season,2024-04-21,1610612744,GSW,Golden State Warriors,True,False,W,18.2,7,2,10,1,10,6,6,0,3,3,0,4,2,3,3,17
0000000091,1610612744,GSW,Golden State Warriors,201939,Stephen Curry,2023-24,Regular Season,2024-04-21,1610612747,LAL,Los Angeles Lakers,False,True,L,33.7,27,10,18,1,3,4,4,4,3,7,5,1,2,1,0,-1
0000000091,1610612744,GSW,Golden State Warriors,202691,Klay Thompson,2023-24,Regular Season,2024-04-21,1610612747,LAL,Los Angeles Lakers,False,True,L,20.6,18,7,12,0,5,0,4,3,1,4,0,0,2,0,4,-1
0000000091,1610612744,GSW,Golden State Warriors,203110,Draymond Green,2023-24,Regular Season,2024-04-21,1610612747,LAL,Los Angeles Lakers,False,True,L,33.1,0,0,5,0,1,3,3,2,4,6,9,1,1,1,4,5
0000000091,1610612744,GSW,Golden State Warriors,1630228,Jonathan Kuminga,2023-24,Regular Season,2024-04-21,1610612747,LAL,Los Angeles Lakers,False,True,L,29.4,15,6,11,3,10,2,3,2,8,10,3,0,0,4,4,11
0000000091,1610612744,GSW,Golden State Warriors,1626172,Kevon Looney,2023-24,Regular Season,2024-04-21,1610612747,LAL,Los Angeles Lakers,False,True,L,35.5,11,4,11,0,0,0,2,4,6,10,0,4,0,1,1,15
0000000091,1610612744,GSW,Golden State Warriors,1630541,Brandin Podziemski,2023-24,Regular Season,2024-04-21,1610612747,LAL,Los Angeles Lakers,False,True,L,31.5,5,5,8,5,8,0,8,4,4,8,6,0,0,4,1,3
0000000092,1610612747,LAL,Los Angeles Lakers,2544,LeBron James,2023-24,Regular Season,2024-04-23,1610612743,DEN,Denver Nuggets,True,False,W,35.4,23,9,15,2,9,3,6,0,8,8,6,4,3,4,5,-10
0000000092,1610612747,LAL,Los Angeles Lakers,1629029,Luka Dončić,2023-24,Regular Season,2024-04-23,1610612743,DEN,Denver Nuggets,True,False,W,36.7,34,13,18,2,7,0,2,4,6,10,10,1,1,3,0,-1
0000000092,1610612747,LAL,Los Angeles Lakers,203076,Anthony Davis,2023-24,Regular Season,2024-04-23,1610612743,DEN,Denver Nuggets,True,False,W,26.5,31,12,18,0,3,5,6,0,13,13,2,0,3,1,5,16
0000000092,1610612747,LAL,Los Angeles Lakers,1630559,Austin Reaves,2023-24,Regular Season,2024-04-23,1610612743,DEN,Denver Nuggets,True,False,W,28.2,20,8,16,6,8,5,8,0,1,1,4,1,1,3,2,17
0000000092,1610612747,LAL,Los Angeles Lakers,1626156,Dalton Knecht,2023-24,Regular Season,2024-04-23,1610612743,DEN,Denver Nuggets,True,False,W,27.4,0,5,7,5,7,0,2,0,0,0,0,0,3,5,1,-7
0000000092,1610612747,LAL,Los Angeles Lakers,1629020,Rui Hachimura,2023-24,Regular Season,2024-04-23,1610612743,DEN,Denver Nuggets,True,False,W,22.5,13,5,11,1,1,0,0,3,0,3,0,4,2,1,5,-7
0000000092,1610612743,DEN,Denver Nuggets,203999,Nikola Jokić,2023-24,Regular Season,2024-04-23,1610612747,LAL,Los Angeles Lakers,False,True,L,33.9,25,10,16,0,0,5,7,1,8,9,12,0,1,0,4,-6
0000000092,1610612743,DEN,Denver Nuggets,1627750,Jamal Murray,2023-24,Regular Season,2024-04-23,1610612747,LAL,Los Angeles Lakers,False,True,L,30.6,22,8,17,0,4,2,2,0,5,5,6,4,0,4,5,16
0000000092,1610612743,DEN,Denver Nuggets,1628420,Aaron Gordon,2023-24,Regular Season,2024-04-23,1610612747,LAL,Los Angeles Lakers,False,True,L,31.0,12,4,12,2,9,0,7,4,4,8,5,1,0,4,5,5
0000000092,1610612743,DEN,Denver Nuggets,1630166,Christian Braun,2023-24,Regular Season,2024-04-23,1610612747,LAL,Los Angeles Lakers,False,True,L,34.4,0,7,9,7,9,0,6,0,7,7,0,1,0,5,4,17
0000000092,1610612743,DEN,Denver Nuggets,203914,Kentavious Caldwell-Pope,2023-24,Regular Season,2024-04-23,1610612747,LAL,Los Angeles Lakers,False,True,L,26.9,6,3,7,3,3,3,6,1,3,4,1,2,0,4,4,14
0000000092,1610612743,DEN,Denver Nuggets,1631128,Peyton Watson,2023-24,Regular Season,2024-04-23,1610612747,LAL,Los Angeles Lakers,False,True,L,34.0,2,0,3,0,0,2,5,4,1,5,1,0,2,1,3,7
0000000093,1610612747,LAL,Los Angeles Lakers,2544,LeBron James,2023-24,Regular Season,2024-04-25,1610612738,BOS,Boston Celtics,True,False,W,30.6,28,11,20,3,10,4,8,1,8,9,10,1,0,0,3,-12
0000000093,1610612747,LAL,Los Angeles Lakers,1629029,Luka Dončić,2023-24,Regular Season,2024-04-25,1610612738,BOS,Boston Celtics,True,False,W,31.0,19,7,15,0,0,3,7,0,9,9,5,1,2,2,5,-6
0000000093,1610612747,LAL,Los Angeles Lakers,203076,Anthony Davis,2023-24,Regular Season,2024-04-25,1610612738,BOS,Boston Celtics,True,False,W,20.2,29,11,16,0,1,3,6,3,11,14,3,0,3,4,1,9
0000000093,1610612747,LAL,Los Angeles Lakers,1630559,Austin Reaves,2023-24,Regular Season,2024-04-25,1610612738,BOS,Boston Celtics,True,False,W,25.1,17,6,14,3,9,4,5,2,6,8,7,3,1,2,5,-6
0000000093,1610612747,LAL,Los Angeles Lakers,1626156,Dalton Knecht,2023-24,Regular Season,2024-04-25,1610612738,BOS,Boston Celtics,True,False,W,30.3,9,3,8,1,8,0,3,0,0,0,2,4,2,4,0,7
0000000093,1610612747,LAL,Los Angeles Lakers,1629020,Rui Hachimura,2023-24,Regular Season,2024-04-25,1610612738,BOS,Boston Celtics,True,False,W,35.0,22,8,13,5,10,3,4,0,0,0,0,0,0,3,0,1
0000000093,1610612738,BOS,Boston Celtics,1628369,Jayson Tatum,2023-24,Regular Season,2024-04-25,1610612747,LAL,Los Angeles Lakers,False,True,L,37.5,32,12,22,4,5,1,4,0,9,9,3,3,3,5,4,1
0000000093,1610612738,BOS,Boston Celtics,1627759,Jaylen Brown,2023-24,Regular Season,2024-04-25,1610612747,LAL,Los Angeles Lakers,False,True,L,37.8,20,8,16,3,4,0,0,1,3,4,4,4,3,1,0,2
0000000093,1610612738,BOS,Boston Celtics,201950,Jrue Holiday,2023-24,Regular Season,2024-04-25,1610612747,LAL,Los Angeles Lakers,False,True,L,21.6,10,4,7,0,0,4,8,2,4,6,5,1,0,2,3,5
0000000093,1610612738,BOS,Boston Celtics,1628464,Derrick White,2023-24,Regular Season,2024-04-25,1610612747,LAL,Los Angeles Lakers,False,True,L,20.8,11,4,9,3,9,1,1,2,0,2,3,1,1,3,0,-8
0000000093,1610612738,BOS,Boston Celtics,203935,Kristaps Porziņģis,2023-24,Regular Season,2024-04-25,1610612747,LAL,Los Angeles Lakers,False,True,L,30.2,15,6,9,3,3,0,6,0,10,10,1,3,3,3,3,-1
0000000093,1610612738,BOS,Boston Celtics,1629057,Robert Williams,2023-24,Regular Season,2024-04-25,1610612747,LAL,Los Angeles Lakers,False,True,L,20.4,11,4,9,1,1,0,1,4,2,6,1,2,3,5,3,14
0000000094,1610612747,LAL,Los Angeles Lakers,2544,LeBron James,2023-24,Regular Season,2024-04-27,1610612752,NYK,New York Knicks,True,False,W,19.2,25,10,16,3,5,1,7,0,7,7,11,2,3,2,4,-2
0000000094,1610612747,LAL,Los Angeles Lakers,1629029,Luka Dončić,2023-24,Regular Season,2024-04-27,1610612752,NYK,New York Knicks,True,False,W,21.1,20,8,14,6,7,0,1,3,9,12,7,4,0,2,5,-1
0000000094,1610612747,LAL,Los Angeles Lakers,203076,Anthony Davis,2023-24,Regular Season,2024-04-27,1610612752,NYK,New York Knicks,True,False,W,37.9,26,10,19,2,3,0,0,3,8,11,2,2,3,5,5,-14
0000000094,1610612747,LAL,Los Angeles Lakers,1630559,Austin Reaves,2023-24,Regular Season,2024-04-27,1610612752,NYK,New York Knicks,True,False,W,26.2,8,3,6,1,2,2,7,0,6,6,7,2,2,4,3,11
0000000094,1610612747,LAL,Los Angeles Lakers,1626156,Dalton Knecht,2023-24,Regular Season,2024-04-27,1610612752,NYK,New York Knicks,True,False,W,24.7,14,5,13,2,3,1,1,1,1,2,0,0,2,3,3,17
0000000094,1610612747,LAL,Los Angeles Lakers,1629020,Rui Hachimura,2023-24,Regular Season,2024-04-27,1610612752,NYK,New York Knicks,True,False,W,18.9,8,3,6,1,5,0,0,1,2,3,0,1,2,5,3,-17
0000000094,1610612752,NYK,New York Knicks,1628973,Jalen Brunson,2023-24,Regular Season,2024-04-27,1610612747,LAL,Los Angeles Lakers,False,True,L,19.9,17,6,14,2,4,2,7,0,0,0,8,4,1,1,4,1
0000000094,1610612752,NYK,New York Knicks,1626157,Karl-Anthony Towns,2023-24,Regular Season,2024-04-27,1610612747,LAL,Los Angeles Lakers,False,True,L,21.6,21,8,14,0,1,3,4,0,10,10,1,4,2,3,3,0
0000000094,1610612752,NYK,New York Knicks,1629628,RJ Barrett,2023-24,Regular Season,2024-04-27,1610612747,LAL,Los Angeles Lakers,False,True,L,23.5,22,8,12,2,2,5,5,3,8,11,2,1,1,2,3,-7
0000000094,1610612752,NYK,New York Knicks,1630193,Immanuel Quickley,2023-24,Regular Season,2024-04-27,1610612747,LAL,Los Angeles Lakers,False,True,L,22.8,9,3,9,0,2,4,8,0,0,0,5,2,0,5,0,0
0000000094,1610612752,NYK,New York Knicks,203944,Julius Randle,2023-24,Regular Season,2024-04-27,1610612747,LAL,Los Angeles Lakers,False,True,L,27.8,21,8,16,2,8,1,1,0,12,12,4,0,1,1,5,-13
0000000094,1610612752,NYK,New York Knicks,1631216,Miles McBride,2023-24,Regular Season,2024-04-27,1610612747,LAL,Los Angeles Lakers,False,True,L,25.3,9,3,10,3,7,0,0,3,0,3,3,4,1,3,2,5
0000000095,1610612747,LAL,Los Angeles Lakers,2544,LeBron James,2023-24,Regular Season,2024-04-29,1610612748,MIA,Miami Heat,True,False,W,20.9,27,10,18,2,5,3,6,1,3,4,6,3,1,3,1,5
0000000095,1610612747,LAL,Los Angeles Lakers,1629029,Luka Dončić,2023-24,Regular Season,2024-04-29,1610612748,MIA,Miami Heat,True,False,W,35.6,29,11,16,2,7,0,5,2,2,4,7,2,3,5,4,-9
0000000095,1610612747,LAL,Los Angeles Lakers,203076,Anthony Davis,2023-24,Regular Season,2024-04-29,1610612748,MIA,Miami Heat,True,False,W,33.1,27,10,15,2,3,5,7,1,10,11,6,1,0,5,2,-12
0000000095,1610612747,LAL,Los Angeles Lakers,1630559,Austin Reaves,2023-24,Regular Season,2024-04-29,1610612748,MIA,Miami Heat,True,False,W,22.7,18,7,12,1,6,6,7,1,4,5,3,0,0,3,1,2
0000000095,1610612747,LAL,Los Angeles Lakers,1626156,Dalton Knecht,2023-24,Regular Season,2024-04-29,1610612748,MIA,Miami Heat,True,False,W,26.9,9,3,10,1,7,1,8,3,2,5,4,1,2,3,2,-4
0000000095,1610612747,LAL,Los Angeles Lakers,1629020,Rui Hachimura,2023-24,Regular Season,2024-04-29,1610612748,MIA,Miami Heat,True,False,W,36.1,9,6,9,6,6,8,8,2,9,11,0,4,0,1,1,-10
0000000095,1610612748,MIA,Miami Heat,202710,Jimmy Butler,2023-24,Regular Season,2024-04-29,1610612747,LAL,Los Angeles Lakers,False,True,L,34.2,21,8,15,2,3,0,5,1,2,3,8,1,2,5,5,-2
0000000095,1610612748,MIA,Miami Heat,1629639,Tyler Herro,2023-24,Regular Season,2024-04-29,1610612747,LAL,Los Angeles Lakers,False,True,L,18.8,28,11,15,4,4,1,3,3,2,5,5,4,1,0,2,3
0000000095,1610612748,MIA,Miami Heat,202355,Bam Adebayo,2023-24,Regular Season,2024-04-29,1610612747,LAL,Los Angeles Lakers,False,True,L,37.1,15,6,13,2,2,0,0,1,8,9,1,0,1,2,5,4
0000000095,1610612748,MIA,Miami Heat,1631170,Jaime Jaquez,2023-24,Regular Season,2024-04-29,1610612747,LAL,Los Angeles Lakers,False,True,L,24.5,15,6,11,0,5,0,7,1,2,3,6,1,1,4,4,-4
0000000095,1610612748,MIA,Miami Heat,203482,Kelly Olynyk,2023-24,Regular Season,2024-04-29,1610612747,LAL,Los Angeles Lakers,False,True,L,30.8,10,4,7,0,0,3,5,2,8,10,0,2,2,1,0,6
0000000095,1610612748,MIA,Miami Heat,1631107,Nikola Jović,2023-24,Regular Season,2024-04-29,1610612747,LAL,Los Angeles Lakers,False,True,L,35.9,14,7,11,7,9,1,4,0,3,3,2,4,3,0,5,1
0000000096,1610612744,GSW,Golden State Warriors,201939,Stephen Curry,2023-24,Regular Season,2024-05-01,1610612747,LAL,Los Angeles Lakers,True,False,L,34.6,28,11,19,0,10,2,7,2,6,8,3,0,0,2,0,-9
0000000096,1610612744,GSW,Golden State Warriors,202691,Klay Thompson,2023-24,Regular Season,2024-05-01,1610612747,LAL,Los Angeles Lakers,True,False,L,28.2,10,4,11,1,9,6,6,3,0,3,4,4,1,4,2,-7
0000000096,1610612744,GSW,Golden State Warriors,203110,Draymond Green,2023-24,Regular Season,2024-05-01,1610612747,LAL,Los Angeles Lakers,True,False,L,19.6,11,4,6,1,1,0,8,4,0,4,7,0,0,0,3,-7
0000000096,1610612744,GSW,Golden State Warriors,1630228,Jonathan Kuminga,2023-24,Regular Season,2024-05-01,1610612747,LAL,Los Angeles Lakers,True,False,L,19.3,23,9,17,0,9,4,7,1,3,4,0,2,1,5,3,-14
0000000096,1610612744,GSW,Golden State Warriors,1626172,Kevon Looney,2023-24,Regular Season,2024-05-01,1610612747,LAL,Los Angeles Lakers,True,False,L,27.8,2,0,7,0,3,4,6,2,11,13,1,1,2,1,5,-3
0000000096,1610612744,GSW,Golden State Warriors,1630541,Brandin Podziemski,2023-24,Regular Season,2024-05-01,1610612747,LAL,Los Angeles Lakers,True,False,L,30.0,5,3,5,3,5,1,7,2,5,7,5,1,0,2,4,11
0000000096,1610612747,LAL,Los Angeles Lakers,2544,LeBron James,2023-24,Regular Season,2024-05-01,1610612744,GSW,Golden State Warriors,False,True,W,20.5,35,14,19,5,8,4,6,2,5,7,9,1,1,0,4,-9
0000000096,1610612747,LAL,Los Angeles Lakers,1629029,Luka Dončić,2023-24,Regular Season,2024-05-01,1610612744,GSW,Golden State Warriors,False,True,W,30.0,27,10,17,3,9,0,2,0,2,2,8,3,1,2,3,-5
0000000096,1610612747,LAL,Los Angeles Lakers,203076,Anthony Davis,2023-24,Regular Season,2024-05-01,1610612744,GSW,Golden State Warriors,False,True,W,32.9,28,11,18,0,1,1,2,1,13,14,0,1,3,4,1,-10
0000000096,1610612747,LAL,Los Angeles Lakers,1630559,Austin Reaves,2023-24,Regular Season,2024-05-01,1610612744,GSW,Golden State Warriors,False,True,W,22.9,17,6,11,0,0,1,2,3,0,3,4,1,2,2,4,13
0000000096,1610612747,LAL,Los Angeles Lakers,1626156,Dalton Knecht,2023-24,Regular Season,2024-05-01,1610612744,GSW,Golden State Warriors,False,True,W,24.6,11,4,10,3,7,0,1,0,0,0,0,0,3,3,0,-3
0000000096,1610612747,LAL,Los Angeles Lakers,1629020,Rui Hachimura,2023-24,Regular Season,2024-05-01,1610612744,GSW,Golden State Warriors,False,True,W,31.4,5,3,6,3,5,0,1,0,3,3,0,4,3,0,3,9
0000000097,1610612744,GSW,Golden State Warriors,201939,Stephen Curry,2023-24,Regular Season,2024-05-03,1610612743,DEN,Denver Nuggets,True,False,L,34.5,18,7,15,5,8,2,4,0,4,4,8,3,0,2,5,-13
0000000097,1610612744,GSW,Golden State Warriors,202691,Klay Thompson,2023-24,Regular Season,2024-05-03,1610612743,DEN,Denver Nuggets,True,False,L,29.9,16,6,11,3,4,0,3,2,2,4,4,4,0,0,2,-14
0000000097,1610612744,GSW,Golden State Warriors,203110,Draymond Green,2023-24,Regular Season,2024-05-03,1610612743,DEN,Denver Nuggets,True,False,L,30.4,6,2,8,0,0,0,1,3,1,4,7,3,2,0,0,-18
0000000097,1610612744,GSW,Golden State Warriors,1630228,Jonathan Kuminga,2023-24,Regular Season,2024-05-03,1610612743,DEN,Denver Nuggets,True,False,L,30.0,21,9,16,9,10,2,8,0,6,6,0,2,2,0,2,-13
0000000097,1610612744,GSW,Golden State Warriors,1626172,Kevon Looney,2023-24,Regular Season,2024-05-03,1610612743,DEN,Denver Nuggets,True,False,L,33.1,0,2,5,2,3,1,4,3,1,4,5,1,3,3,2,1
0000000097,1610612744,GSW,Golden State Warriors,1630541,Brandin Podziemski,2023-24,Regular Season,2024-05-03,1610612743,DEN,Denver Nuggets,True,False,L,31.4,16,8,13,8,8,4,8,0,6,6,4,3,2,3,3,14
0000000097,1610612743,DEN,Denver Nuggets,203999,Nikola Jokić,2023-24,Regular Season,2024-05-03,1610612744,GSW,Golden State Warriors,False,True,W,24.2,27,10,19,0,0,4,4,4,9,13,7,2,0,2,0,-10
0000000097,1610612743,DEN,Denver Nuggets,1627750,Jamal Murray,2023-24,Regular Season,2024-05-03,1610612744,GSW,Golden State Warriors,False,True,W,20.5,20,8,11,1,1,2,5,0,6,6,6,4,2,5,0,11
0000000097,1610612743,DEN,Denver Nuggets,1628420,Aaron Gordon,2023-24,Regular Season,2024-05-03,1610612744,GSW,Golden State Warriors,False,True,W,19.3,15,6,8,1,1,0,8,1,1,2,3,3,0,5,2,7
0000000097,1610612743,DEN,Denver Nuggets,1630166,Christian Braun,2023-24,Regular Season,2024-05-03,1610612744,GSW,Golden State Warriors,False,True,W,37.2,8,3,8,3,6,7,7,2,0,2,4,4,2,4,0,-13
0000000097,1610612743,DEN,Denver Nuggets,203914,Kentavious Caldwell-Pope,2023-24,Regular Season,2024-05-03,1610612744,GSW,Golden State Warriors,False,True,W,36.6,10,5,11,5,6,6,8,1,1,2,1,0,2,4,5,1
0000000097,1610612743,DEN,Denver Nuggets,1631128,Peyton Watson,2023-24,Regular Season,2024-05-03,1610612744,GSW,Golden State Warriors,False,True,W,33.9,12,4,7,0,1,0,2,2,0,2,0,4,1,0,3,-3
0000000098,1610612744,GSW,Golden State Warriors,201939,Stephen Curry,2023-24,Regular Season,2024-05-05,1610612738,BOS,Boston Celtics,True,False,L,22.6,34,13,21,4,7,0,2,2,6,8,6,0,2,1,4,-11
0000000098,1610612744,GSW,Golden State Warriors,202691,Klay Thompson,2023-24,Regular Season,2024-05-05,1610612738,BOS,Boston Celtics,True,False,L,24.6,16,6,12,1,5,0,6,0,0,0,2,4,3,1,5,-4
0000000098,1610612744,GSW,Golden State Warriors,203110,Draymond Green,2023-24,Regular Season,2024-05-05,1610612738,BOS,Boston Celtics,True,False,L,29.7,3,6,7,6,7,4,5,2,4,6,8,0,2,2,0,-16
0000000098,1610612744,GSW,Golden State Warriors,1630228,Jonathan Kuminga,2023-24,Regular Season,2024-05-05,1610612738,BOS,Boston Celtics,True,False,L,29.6,8,8,9,8,8,1,1,1,2,3,4,3,3,1,2,-4
0000000098,1610612744,GSW,Golden State Warriors,1626172,Kevon Looney,2023-24,Regular Season,2024-05-05,1610612738,BOS,Boston Celtics,True,False,L,18.4,5,2,7,0,0,0,1,2,3,5,0,3,3,1,2,18
0000000098,1610612744,GSW,Golden State Warriors,1630541,Brandin Podziemski,2023-24,Regular Season,2024-05-05,1610612738,BOS,Boston Celtics,True,False,L,30.8,1,0,6,0,6,1,2,1,0,1,5,3,2,3,1,-3
0000000098,1610612738,BOS,Boston Celtics,1628369,Jayson Tatum,2023-24,Regular Season,2024-05-05,1610612744,GSW,Golden State Warriors,False,True,W,32.0,20,8,16,4,4,4,7,3,2,5,7,4,2,5,5,-3
0000000098,1610612738,BOS,Boston Celtics,1627759,Jaylen Brown,2023-24,Regular Season,2024-05-05,1610612744,GSW,Golden State Warriors,False,True,W,37.9,14,5,9,2,8,1,5,3,5,8,4,4,3,5,4,6
0000000098,1610612738,BOS,Boston Celtics,201950,Jrue Holiday,2023-24,Regular Season,2024-05-05,1610612744,GSW,Golden State Warriors,False,True,W,25.4,9,5,9,5,9,3,4,4,3,7,0,4,0,5,0,10
0000000098,1610612738,BOS,Boston Celtics,1628464,Derrick White,2023-24,Regular Season,2024-05-05,1610612744,GSW,Golden State Warriors,False,True,W,21.2,23,9,13,4,5,1,2,1,9,10,2,1,2,3,0,-8
0000000098,1610612738,BOS,Boston Celtics,203935,Kristaps Porziņģis,2023-24,Regular Season,2024-05-05,1610612744,GSW,Golden State Warriors,False,True,W,29.3,19,7,10,1,2,2,3,3,5,8,0,3,0,5,5,9
0000000098,1610612738,BOS,Boston Celtics,1629057,Robert Williams,2023-24,Regular Season,2024-05-05,1610612744,GSW,Golden State Warriors,False,True,W,34.7,1,0,1,0,0,0,7,2,9,11,1,0,0,2,1,0
0000000099,1610612744,GSW,Golden State Warriors,201939,Stephen Curry,2023-24,Regular Season,2024-05-07,1610612752,NYK,New York Knicks,True,False,L,28.3,27,10,16,2,2,2,3,2,11,13,12,4,2,5,0,-11
0000000099,1610612744,GSW,Golden State Warriors,202691,Klay Thompson,2023-24,Regular Season,2024-05-07,1610612752,NYK,New York Knicks,True,False,L,32.5,6,3,9,3,7,2,5,3,1,4,0,3,2,4,1,-2
0000000099,1610612744,GSW,Golden State Warriors,203110,Draymond Green,2023-24,Regular Season,2024-05-07,1610612752,NYK,New York Knicks,True,False,L,24.5,4,1,6,0,6,4,8,4,7,11,6,3,0,4,5,-16
0000000099,1610612744,GSW,Golden State Warriors,1630228,Jonathan Kuminga,2023-24,Regular Season,2024-05-07,1610612752,NYK,New York Knicks,True,False,L,20.6,13,5,9,2,9,0,0,4,0,4,3,0,0,3,2,-11
0000000099,1610612744,GSW,Golden State Warriors,1626172,Kevon Looney,2023-24,Regular Season,2024-05-07,1610612752,NYK,New York Knicks,True,False,L,33.2,4,3,5,3,3,1,8,0,12,12,2,0,1,4,0,-10
0000000099,1610612744,GSW,Golden State Warriors,1630541,Brandin Podziemski,2023-24,Regular Season,2024-05-07,1610612752,NYK,New York Knicks,True,False,L,34.7,7,5,7,5,6,0,0,4,1,5,3,2,3,4,1,10
0000000099,1610612752,NYK,New York Knicks,1628973,Jalen Brunson,2023-24,Regular Season,2024-05-07,1610612744,GSW,Golden State Warriors,False,True,W,29.1,32,12,20,0,1,1,4,3,4,7,8,1,3,3,2,14
0000000099,1610612752,NYK,New York Knicks,1626157,Karl-Anthony Towns,2023-24,Regular Season,2024-05-07,1610612744,GSW,Golden State Warriors,False,True,W,33.2,26,10,14,0,1,0,5,2,10,12,6,0,0,0,4,11
0000000099,1610612752,NYK,New York Knicks,1629628,RJ Barrett,2023-24,Regular Season,2024-05-07,1610612744,GSW,Golden State Warriors,False,True,W,31.4,26,10,14,0,7,1,4,3,8,11,0,1,2,0,0,7
0000000099,1610612752,NYK,New York Knicks,1630193,Immanuel Quickley,2023-24,Regular Season,2024-05-07,1610612744,GSW,Golden State Warriors,False,True,W,37.3,10,4,7,0,1,4,5,1,1,2,4,4,0,1,2,8
0000000099,1610612752,NYK,New York Knicks,203944,Julius Randle,2023-24,Regular Season,2024-05-07,1610612744,GSW,Golden State Warriors,False,True,W,19.1,17,6,13,6,6,3,4,0,4,4,4,2,2,4,5,7
0000000099,1610612752,NYK,New York Knicks,1631216,Miles McBride,2023-24,Regular Season,2024-05-07,1610612744,GSW,Golden State Warriors,False,True,W,20.2,5,8,9,8,9,0,1,0,0,0,3,4,0,5,2,-3
0000000100,1610612744,GSW,Golden State Warriors,201939,Stephen Curry,2023-24,Regular Season,2024-05-09,1610612748,MIA,Miami Heat,True,False,L,28.5,33,13,17,1,7,0,4,0,0,0,3,3,3,5,3,17
0000000100,1610612744,GSW,Golden State Warriors,202691,Klay Thompson,2023-24,Regular Season,2024-05-09,1610612748,MIA,Miami Heat,True,False,L,34.8,14,5,8,1,2,2,3,2,1,3,4,4,3,4,4,1
0000000100,1610612744,GSW,Golden State Warriors,203110,Draymond Green,2023-24,Regular Season,2024-05-09,1610612748,MIA,Miami Heat,True,False,L,34.5,1,6,8,6,8,0,2,4,5,9,5,3,1,4,4,-3
0000000100,1610612744,GSW,Golden State Warriors,1630228,Jonathan Kuminga,2023-24,Regular Season,2024-05-09,1610612748,MIA,Miami Heat,True,False,L,32.2,18,7,14,2,2,0,0,1,2,3,1,3,1,0,3,9
0000000100,1610612744,GSW,Golden State Warriors,1626172,Kevon Looney,2023-24,Regular Season,2024-05-09,1610612748,MIA,Miami Heat,True,False,L,28.2,0,0,5,0,0,3,8,0,5,5,3,0,1,1,5,14
0000000100,1610612744,GSW,Golden State Warriors,1630541,Brandin Podziemski,2023-24,Regular Season,2024-05-09,1610612748,MIA,Miami Heat,True,False,L,33.8,4,1,7,0,3,2,5,0,2,2,7,0,2,1,5,11
0000000100,1610612748,MIA,Miami Heat,202710,Jimmy Butler,2023-24,Regular Season,2024-05-09,1610612744,GSW,Golden State Warriors,False,True,W,27.6,21,8,16,5,7,1,4,0,6,6,6,0,1,2,1,5
0000000100,1610612748,MIA,Miami Heat,1629639,Tyler Herro,2023-24,Regular Season,2024-05-09,1610612744,GSW,Golden State Warriors,False,True,W,25.8,17,6,9,4,4,7,8,2,1,3,6,2,0,3,5,10
0000000100,1610612748,MIA,Miami Heat,202355,Bam Adebayo,2023-24,Regular Season,2024-05-09,1610612744,GSW,Golden State Warriors,False,True,W,23.2,16,6,13,0,0,2,2,2,9,11,4,0,2,5,2,3
0000000100,1610612748,MIA,Miami Heat,1631170,Jaime Jaquez,2023-24,Regular Season,2024-05-09,1610612744,GSW,Golden State Warriors,False,True,W,23.3,4,1,5,1,5,1,1,2,1,3,3,4,3,3,5,-12
0000000100,1610612748,MIA,Miami Heat,203482,Kelly Olynyk,2023-24,Regular Season,2024-05-09,1610612744,GSW,Golden State Warriors,False,True,W,19.4,7,2,4,0,0,3,3,3,4,7,1,4,3,0,3,10
0000000100,1610612748,MIA,Miami Heat,1631107,Nikola Jović,2023-24,Regular Season,2024-05-09,1610612744,GSW,Golden State Warriors,False,True,W,36.1,11,4,6,1,5,0,3,0,0,0,0,3,1,4,2,-15
0000000101,1610612743,DEN,Denver Nuggets,203999,Nikola Jokić,2023-24,Regular Season,2024-05-11,1610612747,LAL,Los Angeles Lakers,True,False,L,30.4,23,9,13,0,0,2,4,1,11,12,7,4,0,1,2,-5
0000000101,1610612743,DEN,Denver Nuggets,1627750,Jamal Murray,2023-24,Regular Season,2024-05-11,1610612747,LAL,Los Angeles Lakers,True,False,L,32.1,23,9,17,5,8,3,6,0,0,0,5,3,1,3,5,-18
0000000101,1610612743,DEN,Denver Nuggets,1628420,Aaron Gordon,2023-24,Regular Season,2024-05-11,1610612747,LAL,Los Angeles Lakers,True,False,L,27.2,15,6,11,0,1,4,4,1,5,6,3,0,3,3,2,-16
0000000101,1610612743,DEN,Denver Nuggets,1630166,Christian Braun,2023-24,Regular Season,2024-05-11,1610612747,LAL,Los Angeles Lakers,True,False,L,20.6,9,3,7,0,0,5,5,0,0,0,0,0,2,4,1,-17
0000000101,1610612743,DEN,Denver Nuggets,203914,Kentavious Caldwell-Pope,2023-24,Regular Season,2024-05-11,1610612747,LAL,Los Angeles Lakers,True,False,L,28.7,10,4,9,0,0,4,6,0,0,0,2,1,3,2,0,-16
0000000101,1610612743,DEN,Denver Nuggets,1631128,Peyton Watson,2023-24,Regular Season,2024-05-11,1610612747,LAL,Los Angeles Lakers,True,False,L,31.9,13,5,11,1,1,3,4,3,2,5,1,0,0,3,5,-11
0000000101,1610612747,LAL,Los Angeles Lakers,2544,LeBron James,2023-24,Regular Season,2024-05-11,1610612743,DEN,Denver Nuggets,False,True,W,35.4,28,11,19,2,2,7,7,0,9,9,8,3,0,0,3,15
0000000101,1610612747,LAL,Los Angeles Lakers,1629029,Luka Dončić,2023-24,Regular Season,2024-05-11,1610612743,DEN,Denver Nuggets,False,True,W,35.8,24,9,18,3,3,0,2,4,8,12,10,0,3,1,4,-12
0000000101,1610612747,LAL,Los Angeles Lakers,203076,Anthony Davis,2023-24,Regular Season,2024-05-11,1610612743,DEN,Denver Nuggets,False,True,W,30.5,33,13,20,1,1,0,0,0,15,15,2,2,1,4,5,3
0000000101,1610612747,LAL,Los Angeles Lakers,1630559,Austin Reaves,2023-24,Regular Season,2024-05-11,1610612743,DEN,Denver Nuggets,False,True,W,22.4,20,8,16,4,4,2,6,2,3,5,3,0,1,4,3,-6
0000000101,1610612747,LAL,Los Angeles Lakers,1626156,Dalton Knecht,2023-24,Regular Season,2024-05-11,1610612743,DEN,Denver Nuggets,False,True,W,23.5,0,0,6,0,6,2,5,0,4,4,0,0,0,5,1,18
0000000101,1610612747,LAL,Los Angeles Lakers,1629020,Rui Hachimura,2023-24,Regular Season,2024-05-11,1610612743,DEN,Denver Nuggets,False,True,W,33.1,14,5,10,0,0,1,7,1,3,4,0,1,2,3,1,15
0000000102,1610612743,DEN,Denver Nuggets,203999,Nikola Jokić,2023-24,Regular Season,2024-05-13,1610612744,GSW,Golden State Warriors,True,False,L,24.6,19,7,14,1,1,6,6,2,13,15,8,2,0,0,5,12
0000000102,1610612743,DEN,Denver Nuggets,1627750,Jamal Murray,2023-24,Regular Season,2024-05-13,1610612744,GSW,Golden State Warriors,True,False,L,27.7,13,6,9,6,9,3,5,1,1,2,4,0,2,5,0,-1
0000000102,1610612743,DEN,Denver Nuggets,1628420,Aaron Gordon,2023-24,Regular Season,2024-05-13,1610612744,GSW,Golden State Warriors,True,False,L,32.3,10,4,10,2,5,2,3,1,0,1,4,0,1,4,0,-15
0000000102,1610612743,DEN,Denver Nuggets,1630166,Christian Braun,2023-24,Regular Season,2024-05-13,1610612744,GSW,Golden State Warriors,True,False,L,23.5,5,4,6,4,6,0,1,2,1,3,3,0,0,1,5,-13
0000000102,1610612743,DEN,Denver Nuggets,203914,Kentavious Caldwell-Pope,2023-24,Regular Season,2024-05-13,1610612744,GSW,Golden State Warriors,True,False,L,19.4,13,5,12,0,2,7,8,3,1,4,0,4,0,1,3,-2
0000000102,1610612743,DEN,Denver Nuggets,1631128,Peyton Watson,2023-24,Regular Season,2024-05-13,1610612744,GSW,Golden State Warriors,True,False,L,32.8,4,2,8,2,5,2,2,1,0,1,1,3,1,0,5,5
0000000102,1610612744,GSW,Golden State Warriors,201939,Stephen Curry,2023-24,Regular Season,2024-05-13,1610612743,DEN,Denver Nuggets,False,True,W,27.8,24,9,14,3,8,1,1,0,4,4,4,2,3,3,2,10
0000000102,1610612744,GSW,Golden State Warriors,202691,Klay Thompson,2023-24,Regular Season,2024-05-13,1610612743,DEN,Denver Nuggets,False,True,W,23.3,7,2,6,0,5,0,0,0,0,0,3,1,2,2,4,12
0000000102,1610612744,GSW,Golden State Warriors,203110,Draymond Green,2023-24,Regular Season,2024-05-13,1610612743,DEN,Denver Nuggets,False,True,W,35.1,12,5,10,5,10,0,0,3,5,8,6,3,1,4,1,-8
0000000102,1610612744,GSW,Golden State Warriors,1630228,Jonathan Kuminga,2023-24,Regular Season,2024-05-13,1610612743,DEN,Denver Nuggets,False,True,W,33.6,19,7,14,3,4,2,8,2,1,3,1,2,2,5,2,-1
0000000102,1610612744,GSW,Golden State Warriors,1626172,Kevon Looney,2023-24,Regular Season,2024-05-13,1610612743,DEN,Denver Nuggets,False,True,W,20.1,0,0,1,0,0,1,5,0,5,5,0,4,2,2,1,8
0000000102,1610612744,GSW,Golden State Warriors,1630541,Brandin Podziemski,2023-24,Regular Season,2024-05-13,1610612743,DEN,Denver Nuggets,False,True,W,28.3,14,8,10,8,10,0,0,0,0,0,2,0,2,4,5,9
0000000103,1610612743,DEN,Denver Nuggets,203999,Nikola Jokić,2023-24,Regular Season,2024-05-15,1610612738,BOS,Boston Celtics,True,False,L,29.5,15,6,11,0,0,6,6,4,2,6,10,3,3,5,5,1
0000000103,1610612743,DEN,Denver Nuggets,1627750,Jamal Murray,2023-24,Regular Season,2024-05-15,1610612738,BOS,Boston Celtics,True,False,L,21.3,18,7,13,1,1,3,3,2,0,2,6,2,3,0,5,18
0000000103,1610612743,DEN,Denver Nuggets,1628420,Aaron Gordon,2023-24,Regular Season,2024-05-15,1610612738,BOS,Boston Celtics,True,False,L,32.6,18,7,11,0,1,3,4,2,3,5,4,3,2,4,5,13
0000000103,1610612743,DEN,Denver Nuggets,1630166,Christian Braun,2023-24,Regular Season,2024-05-15,1610612738,BOS,Boston Celtics,True,False,L,26.2,14,5,11,1,1,0,2,0,0,0,0,1,2,2,4,8
0000000103,1610612743,DEN,Denver Nuggets,203914,Kentavious Caldwell-Pope,2023-24,Regular Season,2024-05-15,1610612738,BOS,Boston Celtics,True,False,L,23.9,5,2,8,0,0,2,5,1,0,1,4,0,0,3,3,-5
0000000103,1610612743,DEN,Denver Nuggets,1631128,Peyton Watson,2023-24,Regular Season,2024-05-15,1610612738,BOS,Boston Celtics,True,False,L,30.5,2,3,6,3,5,1,1,2,2,4,0,3,1,1,5,-18
0000000103,1610612738,BOS,Boston Celtics,1628369,Jayson Tatum,2023-24,Regular Season,2024-05-15,1610612743,DEN,Denver Nuggets,False,True,W,23.8,28,11,19,1,2,1,4,1,9,10,4,1,0,0,5,-15
0000000103,1610612738,BOS,Boston Celtics,1627759,Jaylen Brown,2023-24,Regular Season,2024-05-15,1610612743,DEN,Denver Nuggets,False,True,W,33.5,30,12,21,3,3,6,6,0,4,4,2,0,2,0,3,-4
0000000103,1610612738,BOS,Boston Celtics,201950,Jrue Holiday,2023-24,Regular Season,2024-05-15,1610612743,DEN,Denver Nuggets,False,True,W,31.8,2,2,10,2,10,3,4,2,3,5,2,2,2,4,3,-12
0000000103,1610612738,BOS,Boston Celtics,1628464,Derrick White,2023-24,Regular Season,2024-05-15,1610612743,DEN,Denver Nuggets,False,True,W,23.8,21,8,13,2,6,0,0,2,1,3,5,1,1,4,1,-16
0000000103,1610612738,BOS,Boston Celtics,203935,Kristaps Porziņģis,2023-24,Regular Season,2024-05-15,1610612743,DEN,Denver Nuggets,False,True,W,28.6,21,8,13,1,3,2,8,3,3,6,0,2,2,2,0,15
0000000103,1610612738,BOS,Boston Celtics,1629057,Robert Williams,2023-24,Regular Season,2024-05-15,1610612743,DEN,Denver Nuggets,False,True,W,24.4,4,2,7,2,2,1,2,3,10,13,0,2,1,4,1,7
0000000104,1610612743,DEN,Denver Nuggets,203999,Nikola Jokić,2023-24,Regular Season,2024-05-17,1610612752,NYK,New York Knicks,True,False,L,29.4,34,13,20,0,2,1,5,2,5,7,9,3,2,3,0,-3
0000000104,1610612743,DEN,Denver Nuggets,1627750,Jamal Murray,2023-24,Regular Season,2024-05-17,1610612752,NYK,New York Knicks,True,False,L,23.0,20,8,12,3,8,1,1,2,0,2,8,2,2,3,4,-18
0000000104,1610612743,DEN,Denver Nuggets,1628420,Aaron Gordon,2023-24,Regular Season,2024-05-17,1610612752,NYK,New York Knicks,True,False,L,24.8,4,3,8,3,8,0,0,2,4,6,1,1,1,2,0,-1
0000000104,1610612743,DEN,Denver Nuggets,1630166,Christian Braun,2023-24,Regular Season,2024-05-17,1610612752,NYK,New York Knicks,True,False,L,19.8,7,4,6,4,6,2,4,2,0,2,1,3,1,2,4,-3
0000000104,1610612743,DEN,Denver Nuggets,203914,Kentavious Caldwell-Pope,2023-24,Regular Season,2024-05-17,1610612752,NYK,New York Knicks,True,False,L,25.6,13,5,7,4,4,3,8,1,0,1,2,3,2,4,0,-4
0000000104,1610612743,DEN,Denver Nuggets,1631128,Peyton Watson,2023-24,Regular Season,2024-05-17,1610612752,NYK,New York Knicks,True,False,L,29.0,8,3,9,0,8,1,2,0,0,0,3,4,3,2,0,9
0000000104,1610612752,NYK,New York Knicks,1628973,Jalen Brunson,2023-24,Regular Season,2024-05-17,1610612743,DEN,Denver Nuggets,False,True,W,29.4,23,9,16,0,3,5,5,3,1,4,7,2,1,1,2,-7
0000000104,1610612752,NYK,New York Knicks,1626157,Karl-Anthony Towns,2023-24,Regular Season,2024-05-17,1610612743,DEN,Denver Nuggets,False,True,W,23.9,12,4,8,0,0,1,6,0,11,11,1,1,3,1,3,13
0000000104,1610612752,NYK,New York Knicks,1629628,RJ Barrett,2023-24,Regular Season,2024-05-17,1610612743,DEN,Denver Nuggets,False,True,W,31.8,13,5,10,5,5,0,2,3,6,9,5,4,2,2,5,-8
0000000104,1610612752,NYK,New York Knicks,1630193,Immanuel Quickley,2023-24,Regular Season,2024-05-17,1610612743,DEN,Denver Nuggets,False,True,W,37.0,18,7,15,3,7,3,3,0,0,0,0,1,0,5,0,10
0000000104,1610612752,NYK,New York Knicks,203944,Julius Randle,2023-24,Regular Season,2024-05-17,1610612743,DEN,Denver Nuggets,False,True,W,21.0,20,8,12,2,5,1,8,4,8,12,2,2,2,0,1,-10
0000000104,1610612752,NYK,New York Knicks,1631216,Miles McBride,2023-24,Regular Season,2024-05-17,1610612743,DEN,Denver Nuggets,False,True,W,21.3,8,3,7,1,3,7,7,4,2,6,1,0,0,5,3,-16
0000000105,1610612743,DEN,Denver Nuggets,203999,Nikola Jokić,2023-24,Regular Season,2024-05-19,1610612748,MIA,Miami Heat,True,False,W,34.2,38,15,22,0,0,1,5,1,13,14,9,4,0,3,2,-17
0000000105,1610612743,DEN,Denver Nuggets,1627750,Jamal Murray,2023-24,Regular Season,2024-05-19,1610612748,MIA,Miami Heat,True,False,W,29.4,23,9,15,4,5,4,4,4,2,6,10,4,0,1,0,-16
0000000105,1610612743,DEN,Denver Nuggets,1628420,Aaron Gordon,2023-24,Regular Season,2024-05-19,1610612748,MIA,Miami Heat,True,False,W,31.8,15,6,10,2,5,0,1,0,5,5,4,4,3,3,2,-12
0000000105,1610612743,DEN,Denver Nuggets,1630166,Christian Braun,2023-24,Regular Season,2024-05-19,1610612748,MIA,Miami Heat,True,False,W,27.6,7,5,7,5,6,5,8,1,3,4,4,3,3,0,4,-11
0000000105,1610612743,DEN,Denver Nuggets,203914,Kentavious Caldwell-Pope,2023-24,Regular Season,2024-05-19,1610612748,MIA,Miami Heat,True,False,W,31.7,12,4,11,0,9,0,8,1,0,1,2,1,0,0,0,-18
0000000105,1610612743,DEN,Denver Nuggets,1631128,Peyton Watson,2023-24,Regular Season,2024-05-19,1610612748,MIA,Miami Heat,True,False,W,23.2,4,5,7,5,7,0,0,2,1,3,0,2,3,1,3,-13
0000000105,1610612748,MIA,Miami Heat,202710,Jimmy Butler,2023-24,Regular Season,2024-05-19,1610612743,DEN,Denver Nuggets,False,True,L,20.1,20,8,15,2,7,0,0,1,0,1,2,2,3,0,3,-1
0000000105,1610612748,MIA,Miami Heat,1629639,Tyler Herro,2023-24,Regular Season,2024-05-19,1610612743,DEN,Denver Nuggets,False,True,L,25.2,21,8,15,0,3,0,1,0,5,5,2,1,3,3,3,16
0000000105,1610612748,MIA,Miami Heat,202355,Bam Adebayo,2023-24,Regular Season,2024-05-19,1610612743,DEN,Denver Nuggets,False,True,L,28.8,16,6,10,2,3,3,4,2,8,10,2,0,1,2,2,-4
0000000105,1610612748,MIA,Miami Heat,1631170,Jaime Jaquez,2023-24,Regular Season,2024-05-19,1610612743,DEN,Denver Nuggets,False,True,L,30.2,12,4,10,1,5,1,6,3,2,5,0,0,1,1,5,-16
0000000105,1610612748,MIA,Miami Heat,203482,Kelly Olynyk,2023-24,Regular Season,2024-05-19,1610612743,DEN,Denver Nuggets,False,True,L,24.6,18,7,10,0,2,0,0,2,0,2,4,4,0,1,3,17
0000000105,1610612748,MIA,Miami Heat,1631107,Nikola Jović,2023-24,Regular Season,2024-05-19,1610612743,DEN,Denver Nuggets,False,True,L,23.2,10,4,9,0,3,0,0,4,0,4,0,1,0,5,0,-7
0000000106,1610612738,BOS,Boston Celtics,1628369,Jayson Tatum,2023-24,Regular Season,2024-05-21,1610612747,LAL,Los Angeles Lakers,True,False,W,25.8,31,12,17,1,1,6,8,3,10,13,14,0,0,4,0,-13
0000000106,1610612738,BOS,Boston Celtics,1627759,Jaylen Brown,2023-24,Regular Season,2024-05-21,1610612747,LAL,Los Angeles Lakers,True,False,W,20.8,14,5,13,1,1,1,7,4,0,4,3,3,0,4,0,-7
0000000106,1610612738,BOS,Boston Celtics,201950,Jrue Holiday,2023-24,Regular Season,2024-05-21,1610612747,LAL,Los Angeles Lakers,True,False,W,28.0,16,6,9,2,2,2,3,4,3,7,6,1,1,1,2,-10
0000000106,1610612738,BOS,Boston Celtics,1628464,Derrick White,2023-24,Regular Season,2024-05-21,1610612747,LAL,Los Angeles Lakers,True,False,W,30.6,15,6,12,2,10,2,2,2,0,2,3,3,2,3,1,-2
0000000106,1610612738,BOS,Boston Celtics,203935,Kristaps Porziņģis,2023-24,Regular Season,2024-05-21,1610612747,LAL,Los Angeles Lakers,True,False,W,25.8,19,7,10,1,1,3,8,2,5,7,2,1,1,2,2,0
0000000106,1610612738,BOS,Boston Celtics,1629057,Robert Williams,2023-24,Regular Season,2024-05-21,1610612747,LAL,Los Angeles Lakers,True,False,W,28.0,13,5,10,0,1,4,8,0,7,7,3,1,3,4,3,-7
0000000106,1610612747,LAL,Los Angeles Lakers,2544,LeBron James,2023-24,Regular Season,2024-05-21,1610612738,BOS,Boston Celtics,False,True,L,24.4,24,9,18,0,4,0,0,1,9,10,9,3,1,1,1,14
0000000106,1610612747,LAL,Los Angeles Lakers,1629029,Luka Dončić,2023-24,Regular Season,2024-05-21,1610612738,BOS,Boston Celtics,False,True,L,27.8,34,13,18,2,6,0,0,4,3,7,9,3,0,2,3,15
0000000106,1610612747,LAL,Los Angeles Lakers,203076,Anthony Davis,2023-24,Regular Season,2024-05-21,1610612738,BOS,Boston Celtics,False,True,L,34.3,28,11,15,0,0,5,7,2,2,4,1,4,2,4,0,-11
0000000106,1610612747,LAL,Los Angeles Lakers,1630559,Austin Reaves,2023-24,Regular Season,2024-05-21,1610612738,BOS,Boston Celtics,False,True,L,32.1,9,3,6,0,0,0,0,2,7,9,4,3,2,2,0,17
0000000106,1610612747,LAL,Los Angeles Lakers,1626156,Dalton Knecht,2023-24,Regular Season,2024-05-21,1610612738,BOS,Boston Celtics,False,True,L,23.0,1,2,2,2,2,3,4,2,9,11,1,3,3,0,4,-16
0000000106,1610612747,LAL,Los Angeles Lakers,1629020,Rui Hachimura,2023-24,Regular Season,2024-05-21,1610612738,BOS,Boston Celtics,False,True,L,18.2,9,3,10,1,4,2,4,3,5,8,0,3,1,2,3,14
0000000107,1610612738,BOS,Boston Celtics,1628369,Jayson Tatum,2023-24,Regular Season,2024-05-23,1610612744,GSW,Golden State Warriors,True,False,W,34.3,24,9,15,1,8,2,7,0,11,11,1,4,2,1,5,12
0000000107,1610612738,BOS,Boston Celtics,1627759,Jaylen Brown,2023-24,Regular Season,2024-05-23,1610612744,GSW,Golden State Warriors,True,False,W,37.6,16,6,12,1,9,5,5,2,6,8,4,3,2,0,5,-5
0000000107,1610612738,BOS,Boston Celtics,201950,Jrue Holiday,2023-24,Regular Season,2024-05-23,1610612744,GSW,Golden State Warriors,True,False,W,18.6,20,8,11,7,9,1,1,1,3,4,3,4,2,4,4,15
0000000107,1610612738,BOS,Boston Celtics,1628464,Derrick White,2023-24,Regular Season,2024-05-23,1610612744,GSW,Golden State Warriors,True,False,W,26.6,15,6,9,0,8,1,1,3,0,3,6,0,2,3,5,14
0000000107,1610612738,BOS,Boston Celtics,203935,Kristaps Porziņģis,2023-24,Regular Season,2024-05-23,1610612744,GSW,Golden State Warriors,True,False,W,33.0,26,10,18,1,1,2,5,0,12,12,3,0,2,5,3,-11
0000000107,1610612738,BOS,Boston Celtics,1629057,Robert Williams,2023-24,Regular Season,2024-05-23,1610612744,GSW,Golden State Warriors,True,False,W,35.5,12,4,11,0,1,2,7,2,12,14,2,0,0,3,2,-16
0000000107,1610612744,GSW,Golden State Warriors,201939,Stephen Curry,2023-24,Regular Season,2024-05-23,1610612738,BOS,Boston Celtics,False,True,L,28.4,25,10,16,3,3,2,2,0,9,9,4,1,1,0,5,1
0000000107,1610612744,GSW,Golden State Warriors,202691,Klay Thompson,2023-24,Regular Season,2024-05-23,1610612738,BOS,Boston Celtics,False,True,L,20.8,15,6,13,0,3,6,6,1,0,1,3,1,2,0,3,-14
0000000107,1610612744,GSW,Golden State Warriors,203110,Draymond Green,2023-24,Regular Season,2024-05-23,1610612738,BOS,Boston Celtics,False,True,L,29.6,10,4,6,0,3,0,0,3,5,8,2,2,3,1,3,11
0000000107,1610612744,GSW,Golden State Warriors,1630228,Jonathan Kuminga,2023-24,Regular Season,2024-05-23,1610612738,BOS,Boston Celtics,False,True,L,33.4,13,10,10,10,10,2,2,0,0,0,0,3,1,0,4,-9
0000000107,1610612744,GSW,Golden State Warriors,1626172,Kevon Looney,2023-24,Regular Season,2024-05-23,1610612738,BOS,Boston Celtics,False,True,L,21.0,0,1,4,1,1,2,5,0,8,8,3,2,2,4,1,7
0000000107,1610612744,GSW,Golden State Warriors,1630541,Brandin Podziemski,2023-24,Regular Season,2024-05-23,1610612738,BOS,Boston Celtics,False,True,L,18.8,3,5,8,5,8,1,1,0,0,0,1,4,0,5,0,-1
0000000108,1610612738,BOS,Boston Celtics,1628369,Jayson Tatum,2023-24,Regular Season,2024-05-25,1610612743,DEN,Denver Nuggets,True,False,L,18.8,15,6,9,3,6,1,8,3,3,6,7,0,2,4,0,-13
0000000108,1610612738,BOS,Boston Celtics,1627759,Jaylen Brown,2023-24,Regular Season,2024-05-25,1610612743,DEN,Denver Nuggets,True,False,L,34.8,21,8,13,4,5,4,4,1,4,5,3,3,2,2,5,-2
0000000108,1610612738,BOS,Boston Celtics,201950,Jrue Holiday,2023-24,Regular Season,2024-05-25,1610612743,DEN,Denver Nuggets,True,False,L,28.7,4,1,8,0,8,0,7,2,2,4,1,0,0,4,3,9
0000000108,1610612738,BOS,Boston Celtics,1628464,Derrick White,2023-24,Regular Season,2024-05-25,1610612743,DEN,Denver Nuggets,True,False,L,36.3,18,7,12,0,4,2,3,1,2,3,6,3,0,4,1,15
0000000108,1610612738,BOS,Boston Celtics,203935,Kristaps Porziņģis,2023-24,Regular Season,2024-05-25,1610612743,DEN,Denver Nuggets,True,False,L,26.3,11,4,9,3,3,1,5,1,6,7,0,2,3,3,5,-7
0000000108,1610612738,BOS,Boston Celtics,1629057,Robert Williams,2023-24,Regular Season,2024-05-25,1610612743,DEN,Denver Nuggets,True,False,L,20.6,0,1,6,1,1,0,6,1,2,3,0,1,3,0,3,-7
0000000108,1610612743,DEN,Denver Nuggets,203999,Nikola Jokić,2023-24,Regular Season,2024-05-25,1610612738,BOS,Boston Celtics,False,True,W,19.8,32,12,20,0,0,4,7,0,8,8,7,3,2,5,1,1
0000000108,1610612743,DEN,Denver Nuggets,1627750,Jamal Murray,2023-24,Regular Season,2024-05-25,1610612738,BOS,Boston Celtics,False,True,W,22.4,18,7,15,2,2,3,3,2,0,2,4,3,2,2,3,3
0000000108,1610612743,DEN,Denver Nuggets,1628420,Aaron Gordon,2023-24,Regular Season,2024-05-25,1610612738,BOS,Boston Celtics,False,True,W,23.8,9,3,7,2,3,7,7,1,2,3,1,0,1,2,3,-3
0000000108,1610612743,DEN,Denver Nuggets,1630166,Christian Braun,2023-24,Regular Season,2024-05-25,1610612738,BOS,Boston Celtics,False,True,W,32.2,11,4,10,4,7,3,5,2,5,7,0,0,3,5,0,-6
0000000108,1610612743,DEN,Denver Nuggets,203914,Kentavious Caldwell-Pope,2023-24,Regular Season,2024-05-25,1610612738,BOS,Boston Celtics,False,True,W,21.6,8,3,6,0,0,6,7,2,0,2,0,3,0,4,4,-6
0000000108,1610612743,DEN,Denver Nuggets,1631128,Peyton Watson,2023-24,Regular Season,2024-05-25,1610612738,BOS,Boston Celtics,False,True,W,18.3,0,0,10,0,10,1,1,1,0,1,0,0,2,1,5,11
0000000109,1610612738,BOS,Boston Celtics,1628369,Jayson Tatum,2023-24,Regular Season,2024-05-27,1610612752,NYK,New York Knicks,True,False,L,19.5,29,11,18,3,8,0,1,0,7,7,5,0,0,2,1,12
0000000109,1610612738,BOS,Boston Celtics,1627759,Jaylen Brown,2023-24,Regular Season,2024-05-27,1610612752,NYK,New York Knicks,True,False,L,37.7,17,6,12,2,2,0,8,4,0,4,2,1,0,0,5,-13
0000000109,1610612738,BOS,Boston Celtics,201950,Jrue Holiday,2023-24,Regular Season,2024-05-27,1610612752,NYK,New York Knicks,True,False,L,28.4,19,7,15,7,9,2,2,2,3,5,5,4,0,3,2,-10
0000000109,1610612738,BOS,Boston Celtics,1628464,Derrick White,2023-24,Regular Season,2024-05-27,1610612752,NYK,New York Knicks,True,False,L,20.8,18,7,11,6,9,2,4,1,2,3,8,4,3,1,5,3
0000000109,1610612738,BOS,Boston Celtics,203935,Kristaps Porziņģis,2023-24,Regular Season,2024-05-27,1610612752,NYK,New York Knicks,True,False,L,29.8,10,4,10,0,0,4,6,3,1,4,2,3,3,2,1,6
0000000109,1610612738,BOS,Boston Celtics,1629057,Robert Williams,2023-24,Regular Season,2024-05-27,1610612752,NYK,New York Knicks,True,False,L,23.4,0,1,5,1,1,1,4,4,7,11,1,3,2,0,0,-3
0000000109,1610612752,NYK,New York Knicks,1628973,Jalen Brunson,2023-24,Regular Season,2024-05-27,1610612738,BOS,Boston Celtics,False,True,W,33.0,25,10,17,1,4,0,3,0,0,0,8,4,0,0,2,8
0000000109,1610612752,NYK,New York Knicks,1626157,Karl-Anthony Towns,2023-24,Regular Season,2024-05-27,1610612738,BOS,Boston Celtics,False,True,W,23.4,16,6,11,0,2,0,3,0,8,8,0,3,3,3,0,2
0000000109,1610612752,NYK,New York Knicks,1629628,RJ Barrett,2023-24,Regular Season,2024-05-27,1610612738,BOS,Boston Celtics,False,True,W,35.9,27,10,14,3,10,1,1,2,1,3,3,3,1,1,2,18
0000000109,1610612752,NYK,New York Knicks,1630193,Immanuel Quickley,2023-24,Regular Season,2024-05-27,1610612738,BOS,Boston Celtics,False,True,W,28.1,30,12,21,1,5,4,6,1,1,2,3,2,2,5,3,-9
0000000109,1610612752,NYK,New York Knicks,203944,Julius Randle,2023-24,Regular Season,2024-05-27,1610612738,BOS,Boston Celtics,False,True,W,33.6,18,7,12,1,2,0,3,4,9,13,5,2,2,5,1,-4
0000000109,1610612752,NYK,New York Knicks,1631216,Miles McBride,2023-24,Regular Season,2024-05-27,1610612738,BOS,Boston Celtics,False,True,W,31.1,8,3,7,2,2,0,5,2,5,7,3,2,1,5,4,-17
0000000110,1610612738,BOS,Boston Celtics,1628369,Jayson Tatum,2023-24,Regular Season,2024-05-29,1610612748,MIA,Miami Heat,True,False,W,19.0,27,10,19,0,5,5,8,3,8,11,7,2,1,2,3,-4
0000000110,1610612738,BOS,Boston Celtics,1627759,Jaylen Brown,2023-24,Regular Season,2024-05-29,1610612748,MIA,Miami Heat,True,False,W,20.3,24,9,16,4,8,1,1,0,0,0,2,2,2,4,3,-5
0000000110,1610612738,BOS,Boston Celtics,201950,Jrue Holiday,2023-24,Regular Season,2024-05-29,1610612748,MIA,Miami Heat,True,False,W,32.8,10,4,10,2,8,4,6,0,0,0,4,2,0,1,4,-8
0000000110,1610612738,BOS,Boston Celtics,1628464,Derrick White,2023-24,Regular Season,2024-05-29,1610612748,MIA,Miami Heat,True,False,W,18.3,15,6,13,2,2,0,3,4,4,8,5,0,3,4,5,-18
0000000110,1610612738,BOS,Boston Celtics,203935,Kristaps Porziņģis,2023-24,Regular Season,2024-05-29,1610612748,MIA,Miami Heat,True,False,W,19.6,23,9,12,1,2,7,8,3,7,10,1,1,0,1,3,-3
0000000110,1610612738,BOS,Boston Celtics,1629057,Robert Williams,2023-24,Regular Season,2024-05-29,1610612748,MIA,Miami Heat,True,False,W,27.2,13,5,10,2,3,6,6,4,9,13,1,1,0,4,0,11
0000000110,1610612748,MIA,Miami Heat,202710,Jimmy Butler,2023-24,Regular Season,2024-05-29,1610612738,BOS,Boston Celtics,False,True,L,36.7,20,9,12,9,9,2,6,1,7,8,6,1,0,4,5,-11
0000000110,1610612748,MIA,Miami Heat,1629639,Tyler Herro,2023-24,Regular Season,2024-05-29,1610612738,BOS,Boston Celtics,False,True,L,24.4,24,9,13,4,4,1,4,1,7,8,3,4,2,0,5,-2
0000000110,1610612748,MIA,Miami Heat,202355,Bam Adebayo,2023-24,Regular Season,2024-05-29,1610612738,BOS,Boston Celtics,False,True,L,25.6,17,6,10,0,3,3,4,1,5,6,0,0,1,0,4,-7
0000000110,1610612748,MIA,Miami Heat,1631170,Jaime Jaquez,2023-24,Regular Season,2024-05-29,1610612738,BOS,Boston Celtics,False,True,L,19.9,1,2,8,2,8,0,1,0,0,0,5,4,0,4,2,0
0000000110,1610612748,MIA,Miami Heat,203482,Kelly Olynyk,2023-24,Regular Season,2024-05-29,1610612738,BOS,Boston Celtics,False,True,L,29.7,8,3,6,2,2,6,8,1,0,1,3,2,1,2,4,14
0000000110,1610612748,MIA,Miami Heat,1631107,Nikola Jović,2023-24,Regular Season,2024-05-29,1610612738,BOS,Boston Celtics,False,True,L,24.8,4,1,8,1,6,2,4,1,6,7,0,4,3,5,0,-4
0000000111,1610612752,NYK,New York Knicks,1628973,Jalen Brunson,2023-24,Regular Season,2024-05-31,1610612747,LAL,Los Angeles Lakers,True,False,W,32.0,28,11,20,4,6,2,2,4,6,10,7,2,2,0,4,-11
0000000111,1610612752,NYK,New York Knicks,1626157,Karl-Anthony Towns,2023-24,Regular Season,2024-05-31,1610612747,LAL,Los Angeles Lakers,True,False,W,22.6,30,12,19,1,1,5,6,3,10,13,6,2,3,1,0,6
0000000111,1610612752,NYK,New York Knicks,1629628,RJ Barrett,2023-24,Regular Season,2024-05-31,1610612747,LAL,Los Angeles Lakers,True,False,W,34.6,9,3,8,2,7,4,4,0,7,7,4,4,2,2,3,4
0000000111,1610612752,NYK,New York Knicks,1630193,Immanuel Quickley,2023-24,Regular Season,2024-05-31,1610612747,LAL,Los Angeles Lakers,True,False,W,25.3,16,6,14,1,1,2,4,1,3,4,7,1,2,4,3,18
0000000111,1610612752,NYK,New York Knicks,203944,Julius Randle,2023-24,Regular Season,2024-05-31,1610612747,LAL,Los Angeles Lakers,True,False,W,34.1,20,8,12,1,1,3,4,2,7,9,2,4,1,0,3,15
0000000111,1610612752,NYK,New York Knicks,1631216,Miles McBride,2023-24,Regular Season,2024-05-31,1610612747,LAL,Los Angeles Lakers,True,False,W,26.6,0,0,5,0,1,3,3,0,0,0,1,1,1,5,5,-5
0000000111,1610612747,LAL,Los Angeles Lakers,2544,LeBron James,2023-24,Regular Season,2024-05-31,1610612752,NYK,New York Knicks,False,True,L,18.3,24,9,14,1,8,0,1,1,2,3,6,2,3,0,3,5
0000000111,1610612747,LAL,Los Angeles Lakers,1629029,Luka Dončić,2023-24,Regular Season,2024-05-31,1610612752,NYK,New York Knicks,False,True,L,27.2,19,7,11,0,0,5,6,2,2,4,9,2,3,1,3,3
0000000111,1610612747,LAL,Los Angeles Lakers,203076,Anthony Davis,2023-24,Regular Season,2024-05-31,1610612752,NYK,New York Knicks,False,True,L,19.6,25,10,17,0,0,0,3,0,14,14,3,0,3,0,2,12
0000000111,1610612747,LAL,Los Angeles Lakers,1630559,Austin Reaves,2023-24,Regular Season,2024-05-31,1610612752,NYK,New York Knicks,False,True,L,33.4,18,7,12,7,10,0,1,1,3,4,5,0,3,5,2,-17
0000000111,1610612747,LAL,Los Angeles Lakers,1626156,Dalton Knecht,2023-24,Regular Season,2024-05-31,1610612752,NYK,New York Knicks,False,True,L,21.6,7,2,9,0,1,1,2,3,4,7,1,0,0,5,0,2
0000000111,1610612747,LAL,Los Angeles Lakers,1629020,Rui Hachimura,2023-24,Regular Season,2024-05-31,1610612752,NYK,New York Knicks,False,True,L,20.6,8,3,10,0,7,1,8,0,4,4,1,1,3,5,2,13
0000000112,1610612752,NYK,New York Knicks,1628973,Jalen Brunson,2023-24,Regular Season,2024-06-02,1610612744,GSW,Golden State Warriors,True,False,W,31.6,10,4,11,1,2,4,4,4,1,5,6,0,2,3,2,-11
0000000112,1610612752,NYK,New York Knicks,1626157,Karl-Anthony Towns,2023-24,Regular Season,2024-06-02,1610612744,GSW,Golden State Warriors,True,False,W,21.3,23,9,12,0,2,0,2,0,12,12,2,4,1,1,5,14
0000000112,1610612752,NYK,New York Knicks,1629628,RJ Barrett,2023-24,Regular Season,2024-06-02,1610612744,GSW,Golden State Warriors,True,False,W,37.7,5,2,8,1,8,0,0,2,12,14,2,3,0,5,4,-11
0000000112,1610612752,NYK,New York Knicks,1630193,Immanuel Quickley,2023-24,Regular Season,2024-06-02,1610612744,GSW,Golden State Warriors,True,False,W,23.7,12,4,10,1,2,3,7,0,0,0,2,1,0,4,3,-14
0000000112,1610612752,NYK,New York Knicks,203944,Julius Randle,2023-24,Regular Season,2024-06-02,1610612744,GSW,Golden State Warriors,True,False,W,20.6,27,10,18,2,9,5,5,0,12,12,5,3,3,2,2,7
0000000112,1610612752,NYK,New York Knicks,1631216,Miles McBride,2023-24,Regular Season,2024-06-02,1610612744,GSW,Golden State Warriors,True,False,W,23.2,7,4,8,4,7,1,2,1,0,1,2,1,1,4,0,-15
0000000112,1610612744,GSW,Golden State Warriors,201939,Stephen Curry,2023-24,Regular Season,2024-06-02,1610612752,NYK,New York Knicks,False,True,L,19.1,18,7,15,0,0,2,4,2,0,2,7,0,2,3,4,9
0000000112,1610612744,GSW,Golden State Warriors,202691,Klay Thompson,2023-24,Regular Season,2024-06-02,1610612752,NYK,New York Knicks,False,True,L,31.1,14,5,8,0,0,7,8,1,9,10,3,1,0,1,0,-5
0000000112,1610612744,GSW,Golden State Warriors,203110,Draymond Green,2023-24,Regular Season,2024-06-02,1610612752,NYK,New York Knicks,False,True,L,24.4,11,4,11,0,2,2,6,1,10,11,7,4,0,1,4,-9
0000000112,1610612744,GSW,Golden State Warriors,1630228,Jonathan Kuminga,2023-24,Regular Season,2024-06-02,1610612752,NYK,New York Knicks,False,True,L,27.7,26,10,15,0,8,0,1,4,1,5,0,1,2,1,5,-9
0000000112,1610612744,GSW,Golden State Warriors,1626172,Kevon Looney,2023-24,Regular Season,2024-06-02,1610612752,NYK,New York Knicks,False,True,L,23.3,7,2,8,0,1,2,4,2,7,9,4,4,1,1,3,-4
0000000112,1610612744,GSW,Golden State Warriors,1630541,Brandin Podziemski,2023-24,Regular Season,2024-06-02,1610612752,NYK,New York Knicks,False,True,L,33.0,7,2,8,2,5,1,2,2,4,6,6,3,3,1,0,6
0000000113,1610612752,NYK,New York Knicks,1628973,Jalen Brunson,2023-24,Regular Season,2024-06-04,1610612743,DEN,Denver Nuggets,True,False,W,32.8,24,9,16,1,1,3,3,4,8,12,10,2,2,5,2,0
0000000113,1610612752,NYK,New York Knicks,1626157,Karl-Anthony Towns,2023-24,Regular Season,2024-06-04,1610612743,DEN,Denver Nuggets,True,False,W,19.9,28,11,20,0,0,3,6,1,7,8,4,4,1,4,1,-13
0000000113,1610612752,NYK,New York Knicks,1629628,RJ Barrett,2023-24,Regular Season,2024-06-04,1610612743,DEN,Denver Nuggets,True,False,W,35.6,25,10,18,1,4,1,1,2,5,7,0,0,1,5,0,-8
0000000113,1610612752,NYK,New York Knicks,1630193,Immanuel Quickley,2023-24,Regular Season,2024-06-04,1610612743,DEN,Denver Nuggets,True,False,W,33.5,15,6,8,2,5,0,1,0,0,0,4,2,0,5,0,-16
0000000113,1610612752,NYK,New York Knicks,203944,Julius Randle,2023-24,Regular Season,2024-06-04,1610612743,DEN,Denver Nuggets,True,False,W,23.3,20,8,14,0,6,2,7,2,10,12,2,4,3,5,5,-16
0000000113,1610612752,NYK,New York Knicks,1631216,Miles McBride,2023-24,Regular Season,2024-06-04,1610612743,DEN,Denver Nuggets,True,False,W,21.1,7,4,9,4,5,1,6,3,0,3,6,0,1,1,0,17
0000000113,1610612743,DEN,Denver Nuggets,203999,Nikola Jokić,2023-24,Regular Season,2024-06-04,1610612752,NYK,New York Knicks,False,True,L,23.0,21,8,15,1,2,5,5,3,11,14,7,3,0,2,0,5
0000000113,1610612743,DEN,Denver Nuggets,1627750,Jamal Murray,2023-24,Regular Season,2024-06-04,1610612752,NYK,New York Knicks,False,True,L,36.0,19,7,11,3,10,6,6,2,0,2,5,2,3,3,0,-14
0000000113,1610612743,DEN,Denver Nuggets,1628420,Aaron Gordon,2023-24,Regular Season,2024-06-04,1610612752,NYK,New York Knicks,False,True,L,23.9,10,4,11,3,7,3,6,4,0,4,2,1,0,1,2,-16
0000000113,1610612743,DEN,Denver Nuggets,1630166,Christian Braun,2023-24,Regular Season,2024-06-04,1610612752,NYK,New York Knicks,False,True,L,33.4,4,1,4,0,0,1,3,0,0,0,0,1,3,2,3,-18
0000000113,1610612743,DEN,Denver Nuggets,203914,Kentavious Caldwell-Pope,2023-24,Regular Season,2024-06-04,1610612752,NYK,New York Knicks,False,True,L,32.5,12,4,8,0,0,5,6,0,2,2,2,1,0,3,5,-13
0000000113,1610612743,DEN,Denver Nuggets,1631128,Peyton Watson,2023-24,Regular Season,2024-06-04,1610612752,NYK,New York Knicks,False,True,L,23.0,10,4,10,0,4,3,3,0,4,4,0,4,1,2,1,-7
0000000114,1610612752,NYK,New York Knicks,1628973,Jalen Brunson,2023-24,Regular Season,2024-06-06,1610612738,BOS,Boston Celtics,True,False,W,26.0,37,14,22,4,4,1,1,3,0,3,2,3,1,5,0,1
0000000114,1610612752,NYK,New York Knicks,1626157,Karl-Anthony Towns,2023-24,Regular Season,2024-06-06,1610612738,BOS,Boston Celtics,True,False,W,31.1,23,9,17,0,0,0,0,0,10,10,0,4,3,4,1,-11
0000000114,1610612752,NYK,New York Knicks,1629628,RJ Barrett,2023-24,Regular Season,2024-06-06,1610612738,BOS,Boston Celtics,True,False,W,37.9,17,6,10,4,5,0,4,3,1,4,3,1,2,4,0,-12
0000000114,1610612752,NYK,New York Knicks,1630193,Immanuel Quickley,2023-24,Regular Season,2024-06-06,1610612738,BOS,Boston Celtics,True,False,W,31.2,7,2,7,0,4,4,7,1,4,5,3,2,2,3,4,13
0000000114,1610612752,NYK,New York Knicks,203944,Julius Randle,2023-24,Regular Season,2024-06-06,1610612738,BOS,Boston Celtics,True,False,W,33.6,31,12,19,1,4,3,7,1,3,4,2,4,0,2,5,-2
0000000114,1610612752,NYK,New York Knicks,1631216,Miles McBride,2023-24,Regular Season,2024-06-06,1610612738,BOS,Boston Celtics,True,False,W,18.2,3,1,10,0,10,1,6,0,0,0,5,2,0,2,0,5
0000000114,1610612738,BOS,Boston Celtics,1628369,Jayson Tatum,2023-24,Regular Season,2024-06-06,1610612752,NYK,New York Knicks,False,True,L,36.9,16,8,12,8,9,0,0,4,4,8,4,4,0,5,5,15
0000000114,1610612738,BOS,Boston Celtics,1627759,Jaylen Brown,2023-24,Regular Season,2024-06-06,1610612752,NYK,New York Knicks,False,True,L,18.7,27,10,17,0,6,2,4,4,2,6,0,3,3,5,0,-5
0000000114,1610612738,BOS,Boston Celtics,201950,Jrue Holiday,2023-24,Regular Season,2024-06-06,1610612752,NYK,New York Knicks,False,True,L,37.3,10,4,8,0,1,1,5,4,3,7,6,0,3,0,5,13
0000000114,1610612738,BOS,Boston Celtics,1628464,Derrick White,2023-24,Regular Season,2024-06-06,1610612752,NYK,New York Knicks,False,True,L,19.8,16,6,14,0,3,6,7,1,4,5,4,0,2,2,2,-3
0000000114,1610612738,BOS,Boston Celtics,203935,Kristaps Porziņģis,2023-24,Regular Season,2024-06-06,1610612752,NYK,New York Knicks,False,True,L,25.8,19,7,10,0,1,3,3,2,2,4,0,2,2,2,5,-17
0000000114,1610612738,BOS,Boston Celtics,1629057,Robert Williams,2023-24,Regular Season,2024-06-06,1610612752,NYK,New York Knicks,False,True,L,37.7,12,4,9,0,0,4,8,3,5,8,0,4,0,0,5,-8
0000000115,1610612752,NYK,New York Knicks,1628973,Jalen Brunson,2023-24,Regular Season,2024-06-08,1610612748,MIA,Miami Heat,True,False,W,30.1,32,12,19,8,10,7,7,0,3,3,8,3,0,1,1,3
0000000115,1610612752,NYK,New York Knicks,1626157,Karl-Anthony Towns,2023-24,Regular Season,2024-06-08,1610612748,MIA,Miami Heat,True,False,W,21.8,22,8,16,0,0,0,2,1,8,9,3,3,0,0,1,-16
0000000115,1610612752,NYK,New York Knicks,1629628,RJ Barrett,2023-24,Regular Season,2024-06-08,1610612748,MIA,Miami Heat,True,False,W,30.1,20,8,14,3,8,4,5,4,2,6,5,0,1,3,5,-14
0000000115,1610612752,NYK,New York Knicks,1630193,Immanuel Quickley,2023-24,Regular Season,2024-06-08,1610612748,MIA,Miami Heat,True,False,W,21.5,16,6,9,2,4,0,0,0,0,0,2,0,0,3,5,-7
0000000115,1610612752,NYK,New York Knicks,203944,Julius Randle,2023-24,Regular Season,2024-06-08,1610612748,MIA,Miami Heat,True,False,W,29.6,11,4,9,0,0,0,0,4,9,13,3,4,2,4,1,14
0000000115,1610612752,NYK,New York Knicks,1631216,Miles McBride,2023-24,Regular Season,2024-06-08,1610612748,MIA,Miami Heat,True,False,W,24.4,11,4,6,3,6,0,3,1,0,1,0,2,1,4,1,-7
0000000115,1610612748,MIA,Miami Heat,202710,Jimmy Butler,2023-24,Regular Season,2024-06-08,1610612752,NYK,New York Knicks,False,True,L,20.5,20,8,15,1,1,2,8,4,1,5,3,4,3,4,1,0
0000000115,1610612748,MIA,Miami Heat,1629639,Tyler Herro,2023-24,Regular Season,2024-06-08,1610612752,NYK,New York Knicks,False,True,L,31.8,20,8,12,0,1,0,4,2,4,6,3,2,1,2,4,15
0000000115,1610612748,MIA,Miami Heat,202355,Bam Adebayo,2023-24,Regular Season,2024-06-08,1610612752,NYK,New York Knicks,False,True,L,21.3,22,8,13,0,1,6,6,4,5,9,1,3,0,2,4,-13
0000000115,1610612748,MIA,Miami Heat,1631170,Jaime Jaquez,2023-24,Regular Season,2024-06-08,1610612752,NYK,New York Knicks,False,True,L,35.6,14,8,9,8,8,4,5,1,0,1,2,1,1,4,4,-17
0000000115,1610612748,MIA,Miami Heat,203482,Kelly Olynyk,2023-24,Regular Season,2024-06-08,1610612752,NYK,New York Knicks,False,True,L,35.7,8,3,6,0,1,1,3,1,4,5,2,4,2,5,2,-6
0000000115,1610612748,MIA,Miami Heat,1631107,Nikola Jović,2023-24,Regular Season,2024-06-08,1610612752,NYK,New York Knicks,False,True,L,22.4,12,4,11,1,1,4,4,2,5,7,1,1,1,5,3,9
0000000116,1610612748,MIA,Miami Heat,202710,Jimmy Butler,2023-24,Regular Season,2024-06-10,1610612747,LAL,Los Angeles Lakers,True,False,L,26.1,21,8,13,0,3,1,1,0,3,3,5,3,3,0,4,5
0000000116,1610612748,MIA,Miami Heat,1629639,Tyler Herro,2023-24,Regular Season,2024-06-10,1610612747,LAL,Los Angeles Lakers,True,False,L,28.0,17,6,12,0,0,1,8,2,0,2,6,0,0,3,4,-15
0000000116,1610612748,MIA,Miami Heat,202355,Bam Adebayo,2023-24,Regular Season,2024-06-10,1610612747,LAL,Los Angeles Lakers,True,False,L,34.0,29,11,20,1,2,3,3,4,10,14,5,1,3,5,3,15
0000000116,1610612748,MIA,Miami Heat,1631170,Jaime Jaquez,2023-24,Regular Season,2024-06-10,1610612747,LAL,Los Angeles Lakers,True,False,L,31.3,7,2,7,2,2,1,1,1,1,2,5,2,2,5,4,15
0000000116,1610612748,MIA,Miami Heat,203482,Kelly Olynyk,2023-24,Regular Season,2024-06-10,1610612747,LAL,Los Angeles Lakers,True,False,L,25.2,0,1,1,1,1,1,1,0,7,7,0,1,0,5,5,-18
0000000116,1610612748,MIA,Miami Heat,1631107,Nikola Jović,2023-24,Regular Season,2024-06-10,1610612747,LAL,Los Angeles Lakers,True,False,L,20.0,1,0,4,0,0,1,1,1,6,7,0,4,3,2,0,1
0000000116,1610612747,LAL,Los Angeles Lakers,2544,LeBron James,2023-24,Regular Season,2024-06-10,1610612748,MIA,Miami Heat,False,True,W,18.5,16,6,11,0,0,0,3,4,6,10,7,3,0,5,1,11
0000000116,1610612747,LAL,Los Angeles Lakers,1629029,Luka Dončić,2023-24,Regular Season,2024-06-10,1610612748,MIA,Miami Heat,False,True,W,23.9,31,12,20,0,3,1,1,1,6,7,5,2,0,1,4,-11
0000000116,1610612747,LAL,Los Angeles Lakers,203076,Anthony Davis,2023-24,Regular Season,2024-06-10,1610612748,MIA,Miami Heat,False,True,W,35.8,29,11,19,0,2,0,0,2,4,6,2,2,2,4,5,-1
0000000116,1610612747,LAL,Los Angeles Lakers,1630559,Austin Reaves,2023-24,Regular Season,2024-06-10,1610612748,MIA,Miami Heat,False,True,W,28.5,18,7,12,4,4,4,8,0,5,5,6,2,2,2,0,0
0000000116,1610612747,LAL,Los Angeles Lakers,1626156,Dalton Knecht,2023-24,Regular Season,2024-06-10,1610612748,MIA,Miami Heat,False,True,W,23.4,8,3,9,1,5,5,7,0,0,0,4,4,3,4,4,-1
0000000116,1610612747,LAL,Los Angeles Lakers,1629020,Rui Hachimura,2023-24,Regular Season,2024-06-10,1610612748,MIA,Miami Heat,False,True,W,33.5,15,6,11,2,4,2,7,0,9,9,1,0,1,0,3,-11
0000000117,1610612748,MIA,Miami Heat,202710,Jimmy Butler,2023-24,Regular Season,2024-06-12,1610612744,GSW,Golden State Warriors,True,False,L,24.7,21,9,12,9,9,3,4,3,6,9,9,2,1,3,0,6
0000000117,1610612748,MIA,Miami Heat,1629639,Tyler Herro,2023-24,Regular Season,2024-06-12,1610612744,GSW,Golden State Warriors,True,False,L,24.4,13,5,7,0,3,2,5,2,5,7,4,3,3,4,1,-6
0000000117,1610612748,MIA,Miami Heat,202355,Bam Adebayo,2023-24,Regular Season,2024-06-12,1610612744,GSW,Golden State Warriors,True,False,L,27.1,12,4,7,0,3,4,6,1,8,9,1,4,1,4,2,-2
0000000117,1610612748,MIA,Miami Heat,1631170,Jaime Jaquez,2023-24,Regular Season,2024-06-12,1610612744,GSW,Golden State Warriors,True,False,L,32.4,23,9,17,9,10,5,8,0,5,5,3,3,0,1,1,18
0000000117,1610612748,MIA,Miami Heat,203482,Kelly Olynyk,2023-24,Regular Season,2024-06-12,1610612744,GSW,Golden State Warriors,True,False,L,31.1,3,1,3,1,2,1,1,0,0,0,2,0,3,3,4,-6
0000000117,1610612748,MIA,Miami Heat,1631107,Nikola Jović,2023-24,Regular Season,2024-06-12,1610612744,GSW,Golden State Warriors,True,False,L,24.2,6,2,7,1,1,1,4,2,0,2,6,2,0,0,4,15
0000000117,1610612744,GSW,Golden State Warriors,201939,Stephen Curry,2023-24,Regular Season,2024-06-12,1610612748,MIA,Miami Heat,False,True,W,25.6,26,10,17,1,3,4,6,0,7,7,7,4,3,3,0,-2
0000000117,1610612744,GSW,Golden State Warriors,202691,Klay Thompson,2023-24,Regular Season,2024-06-12,1610612748,MIA,Miami Heat,False,True,W,23.9,28,11,19,4,6,2,5,2,0,2,3,2,1,4,1,-2
0000000117,1610612744,GSW,Golden State Warriors,203110,Draymond Green,2023-24,Regular Season,2024-06-12,1610612748,MIA,Miami Heat,False,True,W,28.0,5,5,6,5,6,4,8,1,7,8,6,4,3,0,0,8
0000000117,1610612744,GSW,Golden State Warriors,1630228,Jonathan Kuminga,2023-24,Regular Season,2024-06-12,1610612748,MIA,Miami Heat,False,True,W,23.6,14,5,8,3,6,2,4,3,0,3,4,0,1,0,0,-10
0000000117,1610612744,GSW,Golden State Warriors,1626172,Kevon Looney,2023-24,Regular Season,2024-06-12,1610612748,MIA,Miami Heat,False,True,W,23.0,2,0,3,0,0,1,6,2,4,6,4,1,3,3,1,0
0000000117,1610612744,GSW,Golden State Warriors,1630541,Brandin Podziemski,2023-24,Regular Season,2024-06-12,1610612748,MIA,Miami Heat,False,True,W,32.0,9,6,9,6,9,2,3,3,5,8,5,3,0,2,2,1
0000000118,1610612748,MIA,Miami Heat,202710,Jimmy Butler,2023-24,Regular Season,2024-06-14,1610612743,DEN,Denver Nuggets,True,False,L,19.7,21,8,11,0,0,0,1,0,8,8,6,4,0,2,4,18
0000000118,1610612748,MIA,Miami Heat,1629639,Tyler Herro,2023-24,Regular Season,2024-06-14,1610612743,DEN,Denver Nuggets,True,False,L,32.5,14,5,13,0,0,1,5,0,5,5,7,1,3,2,3,2
0000000118,1610612748,MIA,Miami Heat,202355,Bam Adebayo,2023-24,Regular Season,2024-06-14,1610612743,DEN,Denver Nuggets,True,False,L,25.6,17,6,12,0,0,2,4,2,3,5,5,4,1,0,2,5
0000000118,1610612748,MIA,Miami Heat,1631170,Jaime Jaquez,2023-24,Regular Season,2024-06-14,1610612743,DEN,Denver Nuggets,True,False,L,32.5,18,7,12,1,6,5,8,1,0,1,5,0,3,0,3,-14
0000000118,1610612748,MIA,Miami Heat,203482,Kelly Olynyk,2023-24,Regular Season,2024-06-14,1610612743,DEN,Denver Nuggets,True,False,L,35.8,8,3,8,0,0,4,7,0,5,5,0,3,1,3,4,-1
0000000118,1610612748,MIA,Miami Heat,1631107,Nikola Jović,2023-24,Regular Season,2024-06-14,1610612743,DEN,Denver Nuggets,True,False,L,30.8,7,2,4,0,2,2,5,0,1,1,0,2,3,4,2,-16
0000000118,1610612743,DEN,Denver Nuggets,203999,Nikola Jokić,2023-24,Regular Season,2024-06-14,1610612748,MIA,Miami Heat,False,True,W,21.9,34,13,21,0,0,4,8,1,11,12,8,1,0,3,5,-14
0000000118,1610612743,DEN,Denver Nuggets,1627750,Jamal Murray,2023-24,Regular Season,2024-06-14,1610612748,MIA,Miami Heat,False,True,W,22.3,24,9,15,4,5,5,6,1,4,5,6,0,2,5,5,-10
0000000118,1610612743,DEN,Denver Nuggets,1628420,Aaron Gordon,2023-24,Regular Season,2024-06-14,1610612748,MIA,Miami Heat,False,True,W,35.0,14,5,8,2,6,3,3,4,0,4,1,0,2,4,2,-3
0000000118,1610612743,DEN,Denver Nuggets,1630166,Christian Braun,2023-24,Regular Season,2024-06-14,1610612748,MIA,Miami Heat,False,True,W,31.1,3,5,6,5,6,4,5,0,0,0,1,1,3,5,5,1
0000000118,1610612743,DEN,Denver Nuggets,203914,Kentavious Caldwell-Pope,2023-24,Regular Season,2024-06-14,1610612748,MIA,Miami Heat,False,True,W,26.6,18,7,15,2,3,2,4,1,0,1,0,3,2,0,0,7
0000000118,1610612743,DEN,Denver Nuggets,1631128,Peyton Watson,2023-24,Regular Season,2024-06-14,1610612748,MIA,Miami Heat,False,True,W,24.3,4,5,5,5,5,0,1,0,0,0,2,2,2,4,4,-9
0000000119,1610612748,MIA,Miami Heat,202710,Jimmy Butler,2023-24,Regular Season,2024-06-16,1610612738,BOS,Boston Celtics,True,False,L,30.3,25,10,18,2,3,0,2,3,0,3,4,2,0,5,3,-4
0000000119,1610612748,MIA,Miami Heat,1629639,Tyler Herro,2023-24,Regular Season,2024-06-16,1610612738,BOS,Boston Celtics,True,False,L,36.9,21,8,13,5,9,2,6,2,1,3,7,3,3,5,3,8
0000000119,1610612748,MIA,Miami Heat,202355,Bam Adebayo,2023-24,Regular Season,2024-06-16,1610612738,BOS,Boston Celtics,True,False,L,20.0,16,6,14,0,0,6,7,3,6,9,5,3,2,1,5,-4
0000000119,1610612748,MIA,Miami Heat,1631170,Jaime Jaquez,2023-24,Regular Season,2024-06-16,1610612738,BOS,Boston Celtics,True,False,L,24.6,1,3,5,3,5,4,6,2,2,4,0,3,3,0,4,0
0000000119,1610612748,MIA,Miami Heat,203482,Kelly Olynyk,2023-24,Regular Season,2024-06-16,1610612738,BOS,Boston Celtics,True,False,L,31.0,7,3,9,3,3,0,0,1,0,1,3,2,1,4,4,-7
0000000119,1610612748,MIA,Miami Heat,1631107,Nikola Jović,2023-24,Regular Season,2024-06-16,1610612738,BOS,Boston Celtics,True,False,L,21.0,7,2,10,1,10,2,6,1,2,3,0,4,0,2,3,-16
0000000119,1610612738,BOS,Boston Celtics,1628369,Jayson Tatum,2023-24,Regular Season,2024-06-16,1610612748,MIA,Miami Heat,False,True,W,18.4,21,8,16,0,0,2,5,4,5,9,8,3,0,5,1,15
0000000119,1610612738,BOS,Boston Celtics,1627759,Jaylen Brown,2023-24,Regular Season,2024-06-16,1610612748,MIA,Miami Heat,False,True,W,36.3,25,10,13,10,10,2,2,3,2,5,1,3,2,5,1,-13
0000000119,1610612738,BOS,Boston Celtics,201950,Jrue Holiday,2023-24,Regular Season,2024-06-16,1610612748,MIA,Miami Heat,False,True,W,36.1,10,4,7,0,4,1,7,0,3,3,2,1,0,2,2,3
0000000119,1610612738,BOS,Boston Celtics,1628464,Derrick White,2023-24,Regular Season,2024-06-16,1610612748,MIA,Miami Heat,False,True,W,20.9,17,6,10,3,10,0,0,3,2,5,8,2,1,0,1,8
0000000119,1610612738,BOS,Boston Celtics,203935,Kristaps Porziņģis,2023-24,Regular Season,2024-06-16,1610612748,MIA,Miami Heat,False,True,W,23.3,11,4,6,0,3,2,8,3,5,8,0,2,3,5,1,-10
0000000119,1610612738,BOS,Boston Celtics,1629057,Robert Williams,2023-24,Regular Season,2024-06-16,1610612748,MIA,Miami Heat,False,True,W,26.1,19,7,12,0,0,3,7,1,6,7,0,4,3,3,2,16
0000000120,1610612748,MIA,Miami Heat,202710,Jimmy Butler,2023-24,Regular Season,2024-06-18,1610612752,NYK,New York Knicks,True,False,L,19.5,25,10,14,4,5,1,1,0,12,12,13,3,1,1,5,7
0000000120,1610612748,MIA,Miami Heat,1629639,Tyler Herro,2023-24,Regular Season,2024-06-18,1610612752,NYK,New York Knicks,True,False,L,30.0,17,6,9,0,1,0,1,1,9,10,7,4,3,1,5,15
0000000120,1610612748,MIA,Miami Heat,202355,Bam Adebayo,2023-24,Regular Season,2024-06-18,1610612752,NYK,New York Knicks,True,False,L,35.8,23,9,15,0,3,0,2,4,5,9,6,0,3,4,2,8
0000000120,1610612748,MIA,Miami Heat,1631170,Jaime Jaquez,2023-24,Regular Season,2024-06-18,1610612752,NYK,New York Knicks,True,False,L,28.1,14,5,10,0,0,0,0,1,4,5,3,1,1,0,1,10
0000000120,1610612748,MIA,Miami Heat,203482,Kelly Olynyk,2023-24,Regular Season,2024-06-18,1610612752,NYK,New York Knicks,True,False,L,22.6,2,1,7,1,2,5,7,2,0,2,0,4,1,2,1,-11
0000000120,1610612748,MIA,Miami Heat,1631107,Nikola Jović,2023-24,Regular Season,2024-06-18,1610612752,NYK,New York Knicks,True,False,L,37.8,4,2,8,2,8,5,7,0,5,5,0,3,0,2,0,-5
0000000120,1610612752,NYK,New York Knicks,1628973,Jalen Brunson,2023-24,Regular Season,2024-06-18,1610612748,MIA,Miami Heat,False,True,W,26.2,26,10,17,0,8,3,6,0,5,5,8,0,1,2,0,-13
0000000120,1610612752,NYK,New York Knicks,1626157,Karl-Anthony Towns,2023-24,Regular Season,2024-06-18,1610612748,MIA,Miami Heat,False,True,W,29.2,18,7,14,1,3,4,5,0,9,9,4,4,0,3,4,6
0000000120,1610612752,NYK,New York Knicks,1629628,RJ Barrett,2023-24,Regular Season,2024-06-18,1610612748,MIA,Miami Heat,False,True,W,32.4,18,7,15,2,3,8,8,0,3,3,3,3,3,3,5,3
0000000120,1610612752,NYK,New York Knicks,1630193,Immanuel Quickley,2023-24,Regular Season,2024-06-18,1610612748,MIA,Miami Heat,False,True,W,25.2,14,5,13,0,1,1,2,3,0,3,2,2,0,5,3,-14
0000000120,1610612752,NYK,New York Knicks,203944,Julius Randle,2023-24,Regular Season,2024-06-18,1610612748,MIA,Miami Heat,False,True,W,27.7,29,11,17,4,7,2,2,3,7,10,3,2,1,0,1,-1
0000000120,1610612752,NYK,New York Knicks,1631216,Miles McBride,2023-24,Regular Season,2024-06-18,1610612748,MIA,Miami Heat,False,True,W,26.0,7,2,7,0,7,0,0,3,0,3,3,4,2,4,0,-12
0000000121,1610612747,LAL,Los Angeles Lakers,2544,LeBron James,2023-24,Regular Season,2024-06-20,1610612744,GSW,Golden State Warriors,True,False,L,19.3,24,9,14,0,5,0,1,4,5,9,7,4,3,2,4,2
0000000121,1610612747,LAL,Los Angeles Lakers,1629029,Luka Dončić,2023-24,Regular Season,2024-06-20,1610612744,GSW,Golden State Warriors,True,False,L,31.3,18,7,11,3,7,0,2,3,5,8,4,3,3,2,2,-5
0000000121,1610612747,LAL,Los Angeles Lakers,203076,Anthony Davis,2023-24,Regular Season,2024-06-20,1610612744,GSW,Golden State Warriors,True,False,L,25.8,25,10,17,0,0,0,1,4,6,10,1,0,3,2,4,-12
0000000121,1610612747,LAL,Los Angeles Lakers,1630559,Austin Reaves,2023-24,Regular Season,2024-06-20,1610612744,GSW,Golden State Warriors,True,False,L,20.2,18,7,15,2,3,0,3,3,0,3,6,4,1,3,0,-4
0000000121,1610612747,LAL,Los Angeles Lakers,1626156,Dalton Knecht,2023-24,Regular Season,2024-06-20,1610612744,GSW,Golden State Warriors,True,False,L,25.4,5,2,6,2,4,2,2,0,0,0,0,1,3,0,1,15
0000000121,1610612747,LAL,Los Angeles Lakers,1629020,Rui Hachimura,2023-24,Regular Season,2024-06-20,1610612744,GSW,Golden State Warriors,True,False,L,29.2,12,4,10,0,0,0,0,2,1,3,4,0,0,1,4,10
0000000121,1610612744,GSW,Golden State Warriors,201939,Stephen Curry,2023-24,Regular Season,2024-06-20,1610612747,LAL,Los Angeles Lakers,False,True,W,30.2,32,12,22,0,4,2,8,2,6,8,4,2,3,4,0,-13
0000000121,1610612744,GSW,Golden State Warriors,202691,Klay Thompson,2023-24,Regular Season,2024-06-20,1610612747,LAL,Los Angeles Lakers,False,True,W,19.8,22,8,14,2,9,0,1,1,3,4,0,4,3,4,1,-8
0000000121,1610612744,GSW,Golden State Warriors,203110,Draymond Green,2023-24,Regular Season,2024-06-20,1610612747,LAL,Los Angeles Lakers,False,True,W,25.4,10,6,7,6,7,1,1,3,2,5,9,3,1,5,5,10
0000000121,1610612744,GSW,Golden State Warriors,1630228,Jonathan Kuminga,2023-24,Regular Season,2024-06-20,1610612747,LAL,Los Angeles Lakers,False,True,W,34.7,18,7,11,5,5,1,3,1,6,7,0,1,3,1,4,-15
0000000121,1610612744,GSW,Golden State Warriors,1626172,Kevon Looney,2023-24,Regular Season,2024-06-20,1610612747,LAL,Los Angeles Lakers,False,True,W,32.2,11,4,7,1,2,0,0,3,6,9,3,2,1,3,1,9
0000000121,1610612744,GSW,Golden State Warriors,1630541,Brandin Podziemski,2023-24,Regular Season,2024-06-20,1610612747,LAL,Los Angeles Lakers,False,True,W,28.4,11,4,9,0,0,5,8,0,0,0,4,2,2,0,4,14
0000000122,1610612747,LAL,Los Angeles Lakers,2544,LeBron James,2023-24,Regular Season,2024-06-22,1610612743,DEN,Denver Nuggets,True,False,W,18.7,24,9,18,2,3,3,4,3,3,6,9,2,0,3,4,3
0000000122,1610612747,LAL,Los Angeles Lakers,1629029,Luka Dončić,2023-24,Regular Season,2024-06-22,1610612743,DEN,Denver Nuggets,True,False,W,18.2,27,10,15,4,10,4,4,2,9,11,7,3,0,5,3,-18
0000000122,1610612747,LAL,Los Angeles Lakers,203076,Anthony Davis,2023-24,Regular Season,2024-06-22,1610612743,DEN,Denver Nuggets,True,False,W,32.9,29,11,16,3,3,4,4,4,5,9,5,2,3,0,0,8
0000000122,1610612747,LAL,Los Angeles Lakers,1630559,Austin Reaves,2023-24,Regular Season,2024-06-22,1610612743,DEN,Denver Nuggets,True,False,W,29.8,17,6,13,4,6,1,1,0,9,9,5,4,0,4,1,7
0000000122,1610612747,LAL,Los Angeles Lakers,1626156,Dalton Knecht,2023-24,Regular Season,2024-06-22,1610612743,DEN,Denver Nuggets,True,False,W,27.9,2,4,7,4,4,0,5,1,5,6,0,2,0,3,1,12
0000000122,1610612747,LAL,Los Angeles Lakers,1629020,Rui Hachimura,2023-24,Regular Season,2024-06-22,1610612743,DEN,Denver Nuggets,True,False,W,27.3,15,6,8,0,0,2,4,1,0,1,2,0,2,0,1,9
0000000122,1610612743,DEN,Denver Nuggets,203999,Nikola Jokić,2023-24,Regular Season,2024-06-22,1610612747,LAL,Los Angeles Lakers,False,True,L,36.1,36,14,22,0,0,5,7,4,11,15,9,0,1,5,5,-13
0000000122,1610612743,DEN,Denver Nuggets,1627750,Jamal Murray,2023-24,Regular Season,2024-06-22,1610612747,LAL,Los Angeles Lakers,False,True,L,36.3,13,5,7,3,6,0,7,2,3,5,6,0,1,3,1,-4
0000000122,1610612743,DEN,Denver Nuggets,1628420,Aaron Gordon,2023-24,Regular Season,2024-06-22,1610612747,LAL,Los Angeles Lakers,False,True,L,37.0,12,5,12,5,10,1,7,3,4,7,5,0,2,3,5,-3
0000000122,1610612743,DEN,Denver Nuggets,1630166,Christian Braun,2023-24,Regular Season,2024-06-22,1610612747,LAL,Los Angeles Lakers,False,True,L,33.4,5,7,7,7,7,5,5,2,2,4,4,3,2,1,4,10
0000000122,1610612743,DEN,Denver Nuggets,203914,Kentavious Caldwell-Pope,2023-24,Regular Season,2024-06-22,1610612747,LAL,Los Angeles Lakers,False,True,L,31.4,16,8,12,8,8,2,6,4,0,4,0,2,2,2,4,-5
0000000122,1610612743,DEN,Denver Nuggets,1631128,Peyton Watson,2023-24,Regular Season,2024-06-22,1610612747,LAL,Los Angeles Lakers,False,True,L,28.3,0,1,3,1,2,7,7,3,0,3,0,2,3,4,5,-6
0000000123,1610612747,LAL,Los Angeles Lakers,2544,LeBron James,2023-24,Regular Season,2024-06-24,1610612738,BOS,Boston Celtics,True,False,L,34.4,18,7,14,0,0,1,7,1,7,8,6,0,0,2,5,6
0000000123,1610612747,LAL,Los Angeles Lakers,1629029,Luka Dončić,2023-24,Regular Season,2024-06-24,1610612738,BOS,Boston Celtics,True,False,L,19.2,19,7,13,1,2,0,0,1,0,1,9,2,2,3,2,15
0000000123,1610612747,LAL,Los Angeles Lakers,203076,Anthony Davis,2023-24,Regular Season,2024-06-24,1610612738,BOS,Boston Celtics,True,False,L,21.1,31,12,18,0,3,1,2,1,9,10,8,1,3,3,2,15
0000000123,1610612747,LAL,Los Angeles Lakers,1630559,Austin Reaves,2023-24,Regular Season,2024-06-24,1610612738,BOS,Boston Celtics,True,False,L,30.8,11,4,10,2,10,5,5,4,0,4,8,1,3,4,4,11
0000000123,1610612747,LAL,Los Angeles Lakers,1626156,Dalton Knecht,2023-24,Regular Season,2024-06-24,1610612738,BOS,Boston Celtics,True,False,L,37.7,6,2,7,0,0,2,7,3,6,9,0,2,1,1,5,-1
0000000123,1610612747,LAL,Los Angeles Lakers,1629020,Rui Hachimura,2023-24,Regular Season,2024-06-24,1610612738,BOS,Boston Celtics,True,False,L,20.5,12,5,9,5,9,1,2,3,1,4,0,3,0,2,0,2
0000000123,1610612738,BOS,Boston Celtics,1628369,Jayson Tatum,2023-24,Regular Season,2024-06-24,1610612747,LAL,Los Angeles Lakers,False,True,W,18.5,39,15,25,0,8,8,8,4,7,11,2,0,0,4,0,-9
0000000123,1610612738,BOS,Boston Celtics,1627759,Jaylen Brown,2023-24,Regular Season,2024-06-24,1610612747,LAL,Los Angeles Lakers,False,True,W,34.9,23,9,16,5,8,0,1,0,8,8,2,3,0,5,1,-10
0000000123,1610612738,BOS,Boston Celtics,201950,Jrue Holiday,2023-24,Regular Season,2024-06-24,1610612747,LAL,Los Angeles Lakers,False,True,W,20.6,15,10,11,10,10,1,6,0,2,2,6,4,1,0,5,-18
0000000123,1610612738,BOS,Boston Celtics,1628464,Derrick White,2023-24,Regular Season,2024-06-24,1610612747,LAL,Los Angeles Lakers,False,True,W,25.8,17,6,14,5,6,4,4,1,4,5,5,3,3,4,0,-12
0000000123,1610612738,BOS,Boston Celtics,203935,Kristaps Porziņģis,2023-24,Regular Season,2024-06-24,1610612747,LAL,Los Angeles Lakers,False,True,W,33.4,25,10,16,0,0,3,3,1,3,4,0,3,0,1,3,-13
0000000123,1610612738,BOS,Boston Celtics,1629057,Robert Williams,2023-24,Regular Season,2024-06-24,1610612747,LAL,Los Angeles Lakers,False,True,W,18.2,0,2,5,2,3,0,0,1,8,9,0,1,1,2,0,17
0000000124,1610612747,LAL,Los Angeles Lakers,2544,LeBron James,2023-24,Regular Season,2024-06-26,1610612752,NYK,New York Knicks,True,False,W,35.1,18,7,12,0,3,0,2,4,0,4,9,3,3,4,4,10
0000000124,1610612747,LAL,Los Angeles Lakers,1629029,Luka Dončić,2023-24,Regular Season,2024-06-26,1610612752,NYK,New York Knicks,True,False,W,25.7,25,10,15,1,5,0,2,4,8,12,11,1,3,1,5,2
0000000124,1610612747,LAL,Los Angeles Lakers,203076,Anthony Davis,2023-24,Regular Season,2024-06-26,1610612752,NYK,New York Knicks,True,False,W,20.5,28,11,16,1,1,0,6,1,13,14,2,3,3,4,5,10
0000000124,1610612747,LAL,Los Angeles Lakers,1630559,Austin Reaves,2023-24,Regular Season,2024-06-26,1610612752,NYK,New York Knicks,True,False,W,27.4,18,7,15,1,1,0,7,0,7,7,5,1,1,4,2,9
0000000124,1610612747,LAL,Los Angeles Lakers,1626156,Dalton Knecht,2023-24,Regular Season,2024-06-26,1610612752,NYK,New York Knicks,True,False,W,18.9,14,5,10,1,4,2,5,4,0,4,1,4,0,0,0,16
0000000124,1610612747,LAL,Los Angeles Lakers,1629020,Rui Hachimura,2023-24,Regular Season,2024-06-26,1610612752,NYK,New York Knicks,True,False,W,31.6,2,3,7,3,7,0,1,0,6,6,0,3,3,3,2,-15
0000000124,1610612752,NYK,New York Knicks,1628973,Jalen Brunson,2023-24,Regular Season,2024-06-26,1610612747,LAL,Los Angeles Lakers,False,True,L,37.4,28,11,19,8,10,3,3,0,0,0,7,0,1,2,1,2
0000000124,1610612752,NYK,New York Knicks,1626157,Karl-Anthony Towns,2023-24,Regular Season,2024-06-26,1610612747,LAL,Los Angeles Lakers,False,True,L,34.3,16,6,9,0,0,3,3,3,13,16,2,0,3,4,2,12
0000000124,1610612752,NYK,New York Knicks,1629628,RJ Barrett,2023-24,Regular Season,2024-06-26,1610612747,LAL,Los Angeles Lakers,False,True,L,22.2,20,8,16,0,7,6,7,2,6,8,5,4,0,0,3,-4
0000000124,1610612752,NYK,New York Knicks,1630193,Immanuel Quickley,2023-24,Regular Season,2024-06-26,1610612747,LAL,Los Angeles Lakers,False,True,L,30.2,18,7,12,1,10,3,8,0,0,0,4,4,3,0,4,2
0000000124,1610612752,NYK,New York Knicks,203944,Julius Randle,2023-24,Regular Season,2024-06-26,1610612747,LAL,Los Angeles Lakers,False,True,L,29.1,20,8,16,1,4,1,6,4,5,9,2,3,1,4,4,-14
0000000124,1610612752,NYK,New York Knicks,1631216,Miles McBride,2023-24,Regular Season,2024-06-26,1610612747,LAL,Los Angeles Lakers,False,True,L,20.0,0,3,8,3,8,0,0,1,2,3,2,3,3,4,2,6
0000000125,1610612747,LAL,Los Angeles Lakers,2544,LeBron James,2023-24,Regular Season,2024-06-28,1610612748,MIA,Miami Heat,True,False,W,18.1,27,10,14,5,8,1,2,1,6,7,7,4,2,1,0,-15
0000000125,1610612747,LAL,Los Angeles Lakers,1629029,Luka Dončić,2023-24,Regular Season,2024-06-28,1610612748,MIA,Miami Heat,True,False,W,27.4,37,14,19,3,4,4,5,1,6,7,11,1,3,0,3,-12
0000000125,1610612747,LAL,Los Angeles Lakers,203076,Anthony Davis,2023-24,Regular Season,2024-06-28,1610612748,MIA,Miami Heat,True,False,W,23.5,25,10,15,1,1,1,7,2,5,7,6,2,0,0,5,11
0000000125,1610612747,LAL,Los Angeles Lakers,1630559,Austin Reaves,2023-24,Regular Season,2024-06-28,1610612748,MIA,Miami Heat,True,False,W,27.1,8,3,9,1,4,0,0,3,0,3,3,2,3,0,3,-2
0000000125,1610612747,LAL,Los Angeles Lakers,1626156,Dalton Knecht,2023-24,Regular Season,2024-06-28,1610612748,MIA,Miami Heat,True,False,W,25.6,4,1,7,0,1,5,8,1,10,11,1,1,3,3,1,13
0000000125,1610612747,LAL,Los Angeles Lakers,1629020,Rui Hachimura,2023-24,Regular Season,2024-06-28,1610612748,MIA,Miami Heat,True,False,W,25.9,0,0,6,0,6,4,5,0,1,1,4,4,1,0,4,-17
0000000125,1610612748,MIA,Miami Heat,202710,Jimmy Butler,2023-24,Regular Season,2024-06-28,1610612747,LAL,Los Angeles Lakers,False,True,L,37.0,24,9,13,2,9,3,3,4,5,9,7,3,0,1,4,7
0000000125,1610612748,MIA,Miami Heat,1629639,Tyler Herro,2023-24,Regular Season,2024-06-28,1610612747,LAL,Los Angeles Lakers,False,True,L,22.2,16,8,12,8,10,2,3,2,2,4,5,2,2,2,3,-6
0000000125,1610612748,MIA,Miami Heat,202355,Bam Adebayo,2023-24,Regular Season,2024-06-28,1610612747,LAL,Los Angeles Lakers,False,True,L,30.2,15,6,11,1,3,1,1,2,6,8,1,4,3,3,3,16
0000000125,1610612748,MIA,Miami Heat,1631170,Jaime Jaquez,2023-24,Regular Season,2024-06-28,1610612747,LAL,Los Angeles Lakers,False,True,L,25.8,1,2,6,2,6,0,0,0,1,1,5,3,2,5,0,2
0000000125,1610612748,MIA,Miami Heat,203482,Kelly Olynyk,2023-24,Regular Season,2024-06-28,1610612747,LAL,Los Angeles Lakers,False,True,L,37.5,1,3,3,3,3,0,2,0,0,0,2,3,3,2,4,2
0000000125,1610612748,MIA,Miami Heat,1631107,Nikola Jović,2023-24,Regular Season,2024-06-28,1610612747,LAL,Los Angeles Lakers,False,True,L,18.5,0,3,3,3,3,0,1,0,0,0,1,2,1,2,0,-16
0000000126,1610612744,GSW,Golden State Warriors,201939,Stephen Curry,2023-24,Regular Season,2024-06-30,1610612747,LAL,Los Angeles Lakers,True,False,L,25.1,20,8,15,2,2,6,7,2,2,4,3,4,1,4,4,-5
0000000126,1610612744,GSW,Golden State Warriors,202691,Klay Thompson,2023-24,Regular Season,2024-06-30,1610612747,LAL,Los Angeles Lakers,True,False,L,27.7,21,8,11,0,1,2,5,1,3,4,3,4,1,3,5,-18
0000000126,1610612744,GSW,Golden State Warriors,203110,Draymond Green,2023-24,Regular Season,2024-06-30,1610612747,LAL,Los Angeles Lakers,True,False,L,30.4,9,3,9,1,9,1,2,1,8,9,7,1,0,0,4,11
0000000126,1610612744,GSW,Golden State Warriors,1630228,Jonathan Kuminga,2023-24,Regular Season,2024-06-30,1610612747,LAL,Los Angeles Lakers,True,False,L,38.0,19,7,13,1,6,1,1,0,8,8,1,0,3,2,3,0
0000000126,1610612744,GSW,Golden State Warriors,1626172,Kevon Looney,2023-24,Regular Season,2024-06-30,1610612747,LAL,Los Angeles Lakers,True,False,L,35.9,0,2,5,2,2,0,2,0,4,4,2,1,3,0,4,9
0000000126,1610612744,GSW,Golden State Warriors,1630541,Brandin Podziemski,2023-24,Regular Season,2024-06-30,1610612747,LAL,Los Angeles Lakers,True,False,L,33.5,11,4,8,3,4,1,6,1,6,7,2,3,3,3,0,-10
0000000126,1610612747,LAL,Los Angeles Lakers,2544,LeBron James,2023-24,Regular Season,2024-06-30,1610612744,GSW,Golden State Warriors,False,True,W,34.9,22,8,16,3,8,7,7,4,4,8,6,4,2,5,4,-10
0000000126,1610612747,LAL,Los Angeles Lakers,1629029,Luka Dončić,2023-24,Regular Season,2024-06-30,1610612744,GSW,Golden State Warriors,False,True,W,31.2,35,14,22,0,1,1,1,2,0,2,3,1,2,0,4,10
0000000126,1610612747,LAL,Los Angeles Lakers,203076,Anthony Davis,2023-24,Regular Season,2024-06-30,1610612744,GSW,Golden State Warriors,False,True,W,30.1,22,8,16,0,2,8,8,0,9,9,2,4,1,4,3,-17
0000000126,1610612747,LAL,Los Angeles Lakers,1630559,Austin Reaves,2023-24,Regular Season,2024-06-30,1610612744,GSW,Golden State Warriors,False,True,W,21.9,15,6,10,3,8,1,6,3,0,3,4,4,2,3,2,17
0000000126,1610612747,LAL,Los Angeles Lakers,1626156,Dalton Knecht,2023-24,Regular Season,2024-06-30,1610612744,GSW,Golden State Warriors,False,True,W,20.3,16,6,9,2,5,0,4,1,0,1,2,2,1,3,3,-16
0000000126,1610612747,LAL,Los Angeles Lakers,1629020,Rui Hachimura,2023-24,Regular Season,2024-06-30,1610612744,GSW,Golden State Warriors,False,True,W,34.4,13,5,10,3,10,2,3,0,0,0,0,2,0,2,0,-1
0000000127,1610612744,GSW,Golden State Warriors,201939,Stephen Curry,2023-24,Regular Season,2024-07-02,1610612743,DEN,Denver Nuggets,True,False,W,35.7,33,13,17,1,3,4,4,4,11,15,12,4,1,4,0,5
0000000127,1610612744,GSW,Golden State Warriors,202691,Klay Thompson,2023-24,Regular Season,2024-07-02,1610612743,DEN,Denver Nuggets,True,False,W,24.5,8,3,8,2,8,8,8,3,4,7,0,4,3,1,0,18
0000000127,1610612744,GSW,Golden State Warriors,203110,Draymond Green,2023-24,Regular Season,2024-07-02,1610612743,DEN,Denver Nuggets,True,False,W,32.6,14,5,11,4,4,0,8,3,0,3,6,0,3,0,5,-1
0000000127,1610612744,GSW,Golden State Warriors,1630228,Jonathan Kuminga,2023-24,Regular Season,2024-07-02,1610612743,DEN,Denver Nuggets,True,False,W,24.5,23,9,17,1,6,2,5,3,1,4,0,3,2,2,3,3
0000000127,1610612744,GSW,Golden State Warriors,1626172,Kevon Looney,2023-24,Regular Season,2024-07-02,1610612743,DEN,Denver Nuggets,True,False,W,32.9,3,1,6,1,3,1,4,0,10,10,2,3,3,2,1,-9
0000000127,1610612744,GSW,Golden State Warriors,1630541,Brandin Podziemski,2023-24,Regular Season,2024-07-02,1610612743,DEN,Denver Nuggets,True,False,W,20.5,16,6,14,0,0,3,3,2,0,2,5,1,0,4,0,-17
0000000127,1610612743,DEN,Denver Nuggets,203999,Nikola Jokić,2023-24,Regular Season,2024-07-02,1610612744,GSW,Golden State Warriors,False,True,L,27.2,19,7,10,1,1,5,6,3,7,10,7,3,3,1,0,-8
0000000127,1610612743,DEN,Denver Nuggets,1627750,Jamal Murray,2023-24,Regular Season,2024-07-02,1610612744,GSW,Golden State Warriors,False,True,L,33.3,3,1,5,0,3,1,3,1,0,1,3,3,3,2,1,6
0000000127,1610612743,DEN,Denver Nuggets,1628420,Aaron Gordon,2023-24,Regular Season,2024-07-02,1610612744,GSW,Golden State Warriors,False,True,L,22.6,6,2,4,1,2,4,4,4,0,4,1,0,2,0,3,-12
0000000127,1610612743,DEN,Denver Nuggets,1630166,Christian Braun,2023-24,Regular Season,2024-07-02,1610612744,GSW,Golden State Warriors,False,True,L,29.4,5,3,4,3,4,3,4,0,3,3,2,0,3,5,5,-2
0000000127,1610612743,DEN,Denver Nuggets,203914,Kentavious Caldwell-Pope,2023-24,Regular Season,2024-07-02,1610612744,GSW,Golden State Warriors,False,True,L,18.8,5,2,5,0,2,6,7,1,2,3,3,3,3,1,0,13
0000000127,1610612743,DEN,Denver Nuggets,1631128,Peyton Watson,2023-24,Regular Season,2024-07-02,1610612744,GSW,Golden State Warriors,False,True,L,33.1,3,1,4,1,4,2,6,2,0,2,2,3,0,1,4,12
0000000128,1610612744,GSW,Golden State Warriors,201939,Stephen Curry,2023-24,Regular Season,2024-07-04,1610612738,BOS,Boston Celtics,True,False,L,35.8,24,9,13,0,1,5,6,4,1,5,4,0,0,3,3,-13
0000000128,1610612744,GSW,Golden State Warriors,202691,Klay Thompson,2023-24,Regular Season,2024-07-04,1610612738,BOS,Boston Celtics,True,False,L,27.6,16,6,12,5,6,0,1,2,2,4,0,3,3,0,3,-1
0000000128,1610612744,GSW,Golden State Warriors,203110,Draymond Green,2023-24,Regular Season,2024-07-04,1610612738,BOS,Boston Celtics,True,False,L,34.1,2,3,5,3,4,5,5,3,2,5,6,0,0,1,2,-13
0000000128,1610612744,GSW,Golden State Warriors,1630228,Jonathan Kuminga,2023-24,Regular Season,2024-07-04,1610612738,BOS,Boston Celtics,True,False,L,26.0,24,9,18,1,6,2,7,1,3,4,1,1,0,2,5,8
0000000128,1610612744,GSW,Golden State Warriors,1626172,Kevon Looney,2023-24,Regular Season,2024-07-04,1610612738,BOS,Boston Celtics,True,False,L,22.4,5,2,5,1,2,1,5,4,6,10,2,0,3,4,3,6
0000000128,1610612744,GSW,Golden State Warriors,1630541,Brandin Podziemski,2023-24,Regular Season,2024-07-04,1610612738,BOS,Boston Celtics,True,False,L,21.2,6,2,9,0,9,1,4,0,0,0,7,1,0,1,3,-7
0000000128,1610612738,BOS,Boston Celtics,1628369,Jayson Tatum,2023-24,Regular Season,2024-07-04,1610612744,GSW,Golden State Warriors,False,True,W,30.7,27,10,18,5,10,7,7,1,9,10,3,1,2,0,3,12
0000000128,1610612738,BOS,Boston Celtics,1627759,Jaylen Brown,2023-24,Regular Season,2024-07-04,1610612744,GSW,Golden State Warriors,False,True,W,31.4,21,8,11,2,6,0,0,4,0,4,6,0,1,3,2,16
0000000128,1610612738,BOS,Boston Celtics,201950,Jrue Holiday,2023-24,Regular Season,2024-07-04,1610612744,GSW,Golden State Warriors,False,True,W,18.2,8,3,7,3,7,0,1,1,9,10,0,4,2,2,5,4
0000000128,1610612738,BOS,Boston Celtics,1628464,Derrick White,2023-24,Regular Season,2024-07-04,1610612744,GSW,Golden State Warriors,False,True,W,27.1,22,8,13,2,2,2,2,2,0,2,8,1,2,0,0,-11
0000000128,1610612738,BOS,Boston Celtics,203935,Kristaps Porziņģis,2023-24,Regular Season,2024-07-04,1610612744,GSW,Golden State Warriors,False,True,W,35.5,17,6,13,1,2,8,8,1,4,5,2,0,0,3,4,-8
0000000128,1610612738,BOS,Boston Celtics,1629057,Robert Williams,2023-24,Regular Season,2024-07-04,1610612744,GSW,Golden State Warriors,False,True,W,36.1,8,3,6,1,2,0,0,0,9,9,0,3,2,0,0,18
0000000129,1610612744,GSW,Golden State Warriors,201939,Stephen Curry,2023-24,Regular Season,2024-07-06,1610612752,NYK,New York Knicks,True,False,L,36.1,26,10,15,0,4,5,6,0,0,0,6,4,3,1,4,-12
0000000129,1610612744,GSW,Golden State Warriors,202691,Klay Thompson,2023-24,Regular Season,2024-07-06,1610612752,NYK,New York Knicks,True,False,L,35.2,17,6,9,0,7,0,0,0,0,0,1,1,1,3,2,-12
0000000129,1610612744,GSW,Golden State Warriors,203110,Draymond Green,2023-24,Regular Season,2024-07-06,1610612752,NYK,New York Knicks,True,False,L,35.7,5,4,8,4,8,5,8,4,1,5,6,4,2,1,5,18
0000000129,1610612744,GSW,Golden State Warriors,1630228,Jonathan Kuminga,2023-24,Regular Season,2024-07-06,1610612752,NYK,New York Knicks,True,False,L,24.9,10,4,9,1,7,5,7,0,4,4,2,2,2,5,3,-11
0000000129,1610612744,GSW,Golden State Warriors,1626172,Kevon Looney,2023-24,Regular Season,2024-07-06,1610612752,NYK,New York Knicks,True,False,L,35.7,7,2,8,0,2,1,2,3,0,3,6,3,1,0,0,11
0000000129,1610612744,GSW,Golden State Warriors,1630541,Brandin Podziemski,2023-24,Regular Season,2024-07-06,1610612752,NYK,New York Knicks,True,False,L,35.2,7,2,8,0,1,0,2,4,5,9,3,2,3,3,1,-4
0000000129,1610612752,NYK,New York Knicks,1628973,Jalen Brunson,2023-24,Regular Season,2024-07-06,1610612744,GSW,Golden State Warriors,False,True,W,31.5,21,8,12,1,1,2,2,2,0,2,2,0,2,5,3,-4
0000000129,1610612752,NYK,New York Knicks,1626157,Karl-Anthony Towns,2023-24,Regular Season,2024-07-06,1610612744,GSW,Golden State Warriors,False,True,W,19.6,22,8,13,1,3,1,4,4,4,8,2,1,2,1,0,-14
0000000129,1610612752,NYK,New York Knicks,1629628,RJ Barrett,2023-24,Regular Season,2024-07-06,1610612744,GSW,Golden State Warriors,False,True,W,37.5,19,7,10,2,10,6,8,0,7,7,1,0,3,3,3,-14
0000000129,1610612752,NYK,New York Knicks,1630193,Immanuel Quickley,2023-24,Regular Season,2024-07-06,1610612744,GSW,Golden State Warriors,False,True,W,32.9,18,7,13,5,8,0,5,1,1,2,4,3,0,4,3,12
0000000129,1610612752,NYK,New York Knicks,203944,Julius Randle,2023-24,Regular Season,2024-07-06,1610612744,GSW,Golden State Warriors,False,True,W,37.8,19,7,11,2,2,1,8,4,4,8,4,2,1,4,1,9
0000000129,1610612752,NYK,New York Knicks,1631216,Miles McBride,2023-24,Regular Season,2024-07-06,1610612744,GSW,Golden State Warriors,False,True,W,21.0,1,2,4,2,4,1,2,3,1,4,3,0,1,0,4,8
0000000130,1610612744,GSW,Golden State Warriors,201939,Stephen Curry,2023-24,Regular Season,2024-07-08,1610612748,MIA,Miami Heat,True,False,W,37.8,29,11,16,1,2,3,8,1,0,1,4,0,1,5,4,-6
0000000130,1610612744,GSW,Golden State Warriors,202691,Klay Thompson,2023-24,Regular Season,2024-07-08,1610612748,MIA,Miami Heat,True,False,W,29.9,19,7,13,6,9,0,1,0,0,0,4,0,1,3,1,-11
0000000130,1610612744,GSW,Golden State Warriors,203110,Draymond Green,2023-24,Regular Season,2024-07-08,1610612748,MIA,Miami Heat,True,False,W,24.3,17,6,13,0,0,3,4,3,5,8,0,2,3,5,2,-16
0000000130,1610612744,GSW,Golden State Warriors,1630228,Jonathan Kuminga,2023-24,Regular Season,2024-07-08,1610612748,MIA,Miami Heat,True,False,W,30.9,21,8,16,1,1,0,1,3,2,5,0,1,3,4,2,-1
0000000130,1610612744,GSW,Golden State Warriors,1626172,Kevon Looney,2023-24,Regular Season,2024-07-08,1610612748,MIA,Miami Heat,True,False,W,31.4,4,1,3,0,1,2,7,1,7,8,0,1,3,5,1,8
0000000130,1610612744,GSW,Golden State Warriors,1630541,Brandin Podziemski,2023-24,Regular Season,2024-07-08,1610612748,MIA,Miami Heat,True,False,W,29.4,12,4,9,2,9,2,8,4,6,10,4,1,0,5,2,11
0000000130,1610612748,MIA,Miami Heat,202710,Jimmy Butler,2023-24,Regular Season,2024-07-08,1610612744,GSW,Golden State Warriors,False,True,L,29.8,24,9,15,4,5,2,2,3,3,6,4,0,1,2,2,0
0000000130,1610612748,MIA,Miami Heat,1629639,Tyler Herro,2023-24,Regular Season,2024-07-08,1610612744,GSW,Golden State Warriors,False,True,L,25.5,18,7,10,0,0,2,3,0,3,3,5,2,1,3,5,-16
0000000130,1610612748,MIA,Miami Heat,202355,Bam Adebayo,2023-24,Regular Season,2024-07-08,1610612744,GSW,Golden State Warriors,False,True,L,23.5,16,6,13,0,2,0,2,0,10,10,3,4,0,4,0,-4
0000000130,1610612748,MIA,Miami Heat,1631170,Jaime Jaquez,2023-24,Regular Season,2024-07-08,1610612744,GSW,Golden State Warriors,False,True,L,21.3,11,4,10,0,10,0,2,3,4,7,4,0,3,1,1,13
0000000130,1610612748,MIA,Miami Heat,203482,Kelly Olynyk,2023-24,Regular Season,2024-07-08,1610612744,GSW,Golden State Warriors,False,True,L,33.1,16,6,9,2,3,4,4,4,0,4,2,4,1,4,1,-8
0000000130,1610612748,MIA,Miami Heat,1631107,Nikola Jović,2023-24,Regular Season,2024-07-08,1610612744,GSW,Golden State Warriors,False,True,L,20.7,5,5,5,5,5,3,3,0,0,0,3,4,0,5,4,8
0000000131,1610612743,DEN,Denver Nuggets,203999,Nikola Jokić,2023-24,Regular Season,2024-07-10,1610612747,LAL,Los Angeles Lakers,True,False,L,23.0,24,9,18,0,0,6,8,1,6,7,7,4,3,2,3,-1
0000000131,1610612743,DEN,Denver Nuggets,1627750,Jamal Murray,2023-24,Regular Season,2024-07-10,1610612747,LAL,Los Angeles Lakers,True,False,L,37.4,21,8,12,2,2,1,4,1,7,8,6,2,0,5,3,8
0000000131,1610612743,DEN,Denver Nuggets,1628420,Aaron Gordon,2023-24,Regular Season,2024-07-10,1610612747,LAL,Los Angeles Lakers,True,False,L,18.4,4,5,9,5,9,1,4,2,5,7,3,2,0,0,4,3
0000000131,1610612743,DEN,Denver Nuggets,1630166,Christian Braun,2023-24,Regular Season,2024-07-10,1610612747,LAL,Los Angeles Lakers,True,False,L,18.5,3,7,7,7,7,0,1,1,0,1,4,2,3,2,2,-12
0000000131,1610612743,DEN,Denver Nuggets,203914,Kentavious Caldwell-Pope,2023-24,Regular Season,2024-07-10,1610612747,LAL,Los Angeles Lakers,True,False,L,35.8,13,5,9,3,9,8,8,0,0,0,4,4,1,5,1,7
0000000131,1610612743,DEN,Denver Nuggets,1631128,Peyton Watson,2023-24,Regular Season,2024-07-10,1610612747,LAL,Los Angeles Lakers,True,False,L,23.1,9,3,8,3,3,6,6,1,7,8,0,2,1,0,5,11
0000000131,1610612747,LAL,Los Angeles Lakers,2544,LeBron James,2023-24,Regular Season,2024-07-10,1610612743,DEN,Denver Nuggets,False,True,W,27.2,27,10,15,10,10,4,4,4,5,9,6,0,0,0,2,4
0000000131,1610612747,LAL,Los Angeles Lakers,1629029,Luka Dončić,2023-24,Regular Season,2024-07-10,1610612743,DEN,Denver Nuggets,False,True,W,20.0,13,5,7,2,4,7,7,3,8,11,5,2,2,3,0,6
0000000131,1610612747,LAL,Los Angeles Lakers,203076,Anthony Davis,2023-24,Regular Season,2024-07-10,1610612743,DEN,Denver Nuggets,False,True,W,35.2,28,11,19,0,0,0,0,1,15,16,4,0,0,0,1,17
0000000131,1610612747,LAL,Los Angeles Lakers,1630559,Austin Reaves,2023-24,Regular Season,2024-07-10,1610612743,DEN,Denver Nuggets,False,True,W,37.3,18,7,13,1,2,2,2,1,0,1,1,2,3,5,5,-12
0000000131,1610612747,LAL,Los Angeles Lakers,1626156,Dalton Knecht,2023-24,Regular Season,2024-07-10,1610612743,DEN,Denver Nuggets,False,True,W,31.3,11,4,7,2,2,5,6,1,0,1,0,1,0,4,3,-14
0000000131,1610612747,LAL,Los Angeles Lakers,1629020,Rui Hachimura,2023-24,Regular Season,2024-07-10,1610612743,DEN,Denver Nuggets,False,True,W,18.2,14,5,10,3,10,0,6,2,0,2,0,3,0,5,0,0
0000000132,1610612743,DEN,Denver Nuggets,203999,Nikola Jokić,2023-24,Regular Season,2024-07-12,1610612744,GSW,Golden State Warriors,True,False,L,23.7,32,12,18,0,1,1,8,3,10,13,9,0,1,3,2,2
0000000132,1610612743,DEN,Denver Nuggets,1627750,Jamal Murray,2023-24,Regular Season,2024-07-12,1610612744,GSW,Golden State Warriors,True,False,L,34.7,17,6,11,3,7,3,5,2,2,4,6,2,0,2,5,12
0000000132,1610612743,DEN,Denver Nuggets,1628420,Aaron Gordon,2023-24,Regular Season,2024-07-12,1610612744,GSW,Golden State Warriors,True,False,L,32.9,12,4,12,0,1,7,8,1,9,10,3,3,2,3,5,-9
0000000132,1610612743,DEN,Denver Nuggets,1630166,Christian Braun,2023-24,Regular Season,2024-07-12,1610612744,GSW,Golden State Warriors,True,False,L,26.7,12,4,12,0,0,0,1,1,0,1,0,2,2,2,1,-8
0000000132,1610612743,DEN,Denver Nuggets,203914,Kentavious Caldwell-Pope,2023-24,Regular Season,2024-07-12,1610612744,GSW,Golden State Warriors,True,False,L,18.6,9,6,10,6,9,2,5,1,2,3,3,4,1,1,0,-5
0000000132,1610612743,DEN,Denver Nuggets,1631128,Peyton Watson,2023-24,Regular Season,2024-07-12,1610612744,GSW,Golden State Warriors,True,False,L,30.0,10,4,10,1,2,7,8,2,6,8,3,2,2,3,2,6
0000000132,1610612744,GSW,Golden State Warriors,201939,Stephen Curry,2023-24,Regular Season,2024-07-12,1610612743,DEN,Denver Nuggets,False,True,W,25.9,21,8,16,0,8,3,7,0,0,0,3,0,1,0,3,1
0000000132,1610612744,GSW,Golden State Warriors,202691,Klay Thompson,2023-24,Regular Season,2024-07-12,1610612743,DEN,Denver Nuggets,False,True,W,31.3,23,9,13,1,1,0,4,4,4,8,0,3,0,2,5,-15
0000000132,1610612744,GSW,Golden State Warriors,203110,Draymond Green,2023-24,Regular Season,2024-07-12,1610612743,DEN,Denver Nuggets,False,True,W,28.1,10,4,11,1,6,0,0,1,9,10,2,3,0,1,5,-17
0000000132,1610612744,GSW,Golden State Warriors,1630228,Jonathan Kuminga,2023-24,Regular Season,2024-07-12,1610612743,DEN,Denver Nuggets,False,True,W,18.6,14,5,8,1,1,2,2,0,7,7,2,4,0,0,0,-6
0000000132,1610612744,GSW,Golden State Warriors,1626172,Kevon Looney,2023-24,Regular Season,2024-07-12,1610612743,DEN,Denver Nuggets,False,True,W,27.8,14,5,10,3,3,0,6,2,5,7,0,2,0,2,5,12
0000000132,1610612744,GSW,Golden State Warriors,1630541,Brandin Podziemski,2023-24,Regular Season,2024-07-12,1610612743,DEN,Denver Nuggets,False,True,W,26.0,17,6,12,0,0,3,8,2,2,4,6,3,2,2,2,3
0000000133,1610612743,DEN,Denver Nuggets,203999,Nikola Jokić,2023-24,Regular Season,2024-07-14,1610612738,BOS,Boston Celtics,True,False,L,22.5,25,10,16,1,2,0,5,4,11,15,11,4,2,3,0,17
0000000133,1610612743,DEN,Denver Nuggets,1627750,Jamal Murray,2023-24,Regular Season,2024-07-14,1610612738,BOS,Boston Celtics,True,False,L,23.3,23,9,13,7,8,0,5,1,3,4,7,1,3,1,0,-8
0000000133,1610612743,DEN,Denver Nuggets,1628420,Aaron Gordon,2023-24,Regular Season,2024-07-14,1610612738,BOS,Boston Celtics,True,False,L,21.8,22,8,15,2,9,6,8,1,5,6,2,3,1,0,3,-9
0000000133,1610612743,DEN,Denver Nuggets,1630166,Christian Braun,2023-24,Regular Season,2024-07-14,1610612738,BOS,Boston Celtics,True,False,L,31.9,9,3,5,0,0,7,8,0,0,0,0,3,3,5,0,-18
0000000133,1610612743,DEN,Denver Nuggets,203914,Kentavious Caldwell-Pope,2023-24,Regular Season,2024-07-14,1610612738,BOS,Boston Celtics,True,False,L,32.4,22,8,17,0,4,0,2,0,0,0,0,2,2,1,3,-10
0000000133,1610612743,DEN,Denver Nuggets,1631128,Peyton Watson,2023-24,Regular Season,2024-07-14,1610612738,BOS,Boston Celtics,True,False,L,30.4,0,6,9,6,9,5,6,4,0,4,0,4,3,4,2,-5
0000000133,1610612738,BOS,Boston Celtics,1628369,Jayson Tatum,2023-24,Regular Season,2024-07-14,1610612743,DEN,Denver Nuggets,False,True,W,20.2,22,8,14,0,2,0,1,3,1,4,5,3,1,0,5,15
0000000133,1610612738,BOS,Boston Celtics,1627759,Jaylen Brown,2023-24,Regular Season,2024-07-14,1610612743,DEN,Denver Nuggets,False,True,W,26.5,30,12,18,2,2,4,8,3,3,6,1,1,0,0,3,17
0000000133,1610612738,BOS,Boston Celtics,201950,Jrue Holiday,2023-24,Regular Season,2024-07-14,1610612743,DEN,Denver Nuggets,False,True,W,26.4,26,10,16,2,2,0,1,3,0,3,7,1,1,5,0,18
0000000133,1610612738,BOS,Boston Celtics,1628464,Derrick White,2023-24,Regular Season,2024-07-14,1610612743,DEN,Denver Nuggets,False,True,W,23.3,26,10,16,0,6,5,6,2,2,4,9,2,0,1,5,-16
0000000133,1610612738,BOS,Boston Celtics,203935,Kristaps Porziņģis,2023-24,Regular Season,2024-07-14,1610612743,DEN,Denver Nuggets,False,True,W,33.6,14,5,8,0,0,3,5,4,1,5,1,4,1,1,5,-10
0000000133,1610612738,BOS,Boston Celtics,1629057,Robert Williams,2023-24,Regular Season,2024-07-14,1610612743,DEN,Denver Nuggets,False,True,W,21.6,14,5,13,0,0,0,0,0,7,7,3,3,0,1,2,-3
0000000134,1610612743,DEN,Denver Nuggets,203999,Nikola Jokić,2023-24,Regular Season,2024-07-16,1610612752,NYK,New York Knicks,True,False,L,24.6,30,12,18,2,2,2,3,2,11,13,12,3,0,1,5,-11
0000000134,1610612743,DEN,Denver Nuggets,1627750,Jamal Murray,2023-24,Regular Season,2024-07-16,1610612752,NYK,New York Knicks,True,False,L,31.5,21,8,12,2,6,2,4,1,0,1,7,2,3,4,3,-6
0000000134,1610612743,DEN,Denver Nuggets,1628420,Aaron Gordon,2023-24,Regular Season,2024-07-16,1610612752,NYK,New York Knicks,True,False,L,18.6,12,4,8,2,4,1,1,1,9,10,2,1,3,2,0,9
0000000134,1610612743,DEN,Denver Nuggets,1630166,Christian Braun,2023-24,Regular Season,2024-07-16,1610612752,NYK,New York Knicks,True,False,L,26.8,15,6,10,5,8,1,6,0,1,1,2,0,3,1,0,17
0000000134,1610612743,DEN,Denver Nuggets,203914,Kentavious Caldwell-Pope,2023-24,Regular Season,2024-07-16,1610612752,NYK,New York Knicks,True,False,L,31.8,8,3,10,3,3,3,7,0,3,3,0,3,2,2,2,11
0000000134,1610612743,DEN,Denver Nuggets,1631128,Peyton Watson,2023-24,Regular Season,2024-07-16,1610612752,NYK,New York Knicks,True,False,L,27.1,7,7,10,7,10,0,3,0,0,0,0,0,0,0,5,16
0000000134,1610612752,NYK,New York Knicks,1628973,Jalen Brunson,2023-24,Regular Season,2024-07-16,1610612743,DEN,Denver Nuggets,False,True,W,31.2,24,9,13,4,7,5,8,2,7,9,8,3,0,5,2,6
0000000134,1610612752,NYK,New York Knicks,1626157,Karl-Anthony Towns,2023-24,Regular Season,2024-07-16,1610612743,DEN,Denver Nuggets,False,True,W,27.1,22,8,13,0,0,8,8,0,14,14,1,0,1,0,2,-4
0000000134,1610612752,NYK,New York Knicks,1629628,RJ Barrett,2023-24,Regular Season,2024-07-16,1610612743,DEN,Denver Nuggets,False,True,W,36.2,17,6,12,0,10,2,6,0,2,2,3,0,1,2,4,-15
0000000134,1610612752,NYK,New York Knicks,1630193,Immanuel Quickley,2023-24,Regular Season,2024-07-16,1610612743,DEN,Denver Nuggets,False,True,W,22.7,4,2,8,2,2,1,1,0,1,1,4,3,1,2,4,7
0000000134,1610612752,NYK,New York Knicks,203944,Julius Randle,2023-24,Regular Season,2024-07-16,1610612743,DEN,Denver Nuggets,False,True,W,37.2,23,9,17,4,10,4,4,3,6,9,1,3,1,2,2,-13
0000000134,1610612752,NYK,New York Knicks,1631216,Miles McBride,2023-24,Regular Season,2024-07-16,1610612743,DEN,Denver Nuggets,False,True,W,24.6,7,2,8,1,1,1,2,4,1,5,0,2,2,5,1,2
0000000135,1610612743,DEN,Denver Nuggets,203999,Nikola Jokić,2023-24,Regular Season,2024-07-18,1610612748,MIA,Miami Heat,True,False,W,30.9,32,12,17,2,3,3,3,4,18,22,6,0,1,0,3,-14
0000000135,1610612743,DEN,Denver Nuggets,1627750,Jamal Murray,2023-24,Regular Season,2024-07-18,1610612748,MIA,Miami Heat,True,False,W,34.2,17,8,11,8,10,1,2,1,7,8,7,2,3,2,2,16
0000000135,1610612743,DEN,Denver Nuggets,1628420,Aaron Gordon,2023-24,Regular Season,2024-07-18,1610612748,MIA,Miami Heat,True,False,W,30.8,15,6,10,1,1,4,6,4,0,4,5,1,0,0,0,-17
0000000135,1610612743,DEN,Denver Nuggets,1630166,Christian Braun,2023-24,Regular Season,2024-07-18,1610612748,MIA,Miami Heat,True,False,W,33.7,20,8,11,0,6,1,2,4,2,6,2,0,2,0,4,-2
0000000135,1610612743,DEN,Denver Nuggets,203914,Kentavious Caldwell-Pope,2023-24,Regular Season,2024-07-18,1610612748,MIA,Miami Heat,True,False,W,24.6,0,0,4,0,0,4,7,0,0,0,1,4,2,3,2,12
0000000135,1610612743,DEN,Denver Nuggets,1631128,Peyton Watson,2023-24,Regular Season,2024-07-18,1610612748,MIA,Miami Heat,True,False,W,24.8,13,5,7,1,1,1,2,3,0,3,2,4,2,5,5,4
0000000135,1610612748,MIA,Miami Heat,202710,Jimmy Butler,2023-24,Regular Season,2024-07-18,1610612743,DEN,Denver Nuggets,False,True,L,32.0,19,7,13,6,7,0,4,3,0,3,5,1,3,1,4,8
0000000135,1610612748,MIA,Miami Heat,1629639,Tyler Herro,2023-24,Regular Season,2024-07-18,1610612743,DEN,Denver Nuggets,False,True,L,37.2,30,12,17,0,1,5,6,0,9,9,8,1,0,1,2,14
0000000135,1610612748,MIA,Miami Heat,202355,Bam Adebayo,2023-24,Regular Season,2024-07-18,1610612743,DEN,Denver Nuggets,False,True,L,18.3,19,7,14,0,0,2,2,3,11,14,4,2,3,2,4,17
0000000135,1610612748,MIA,Miami Heat,1631170,Jaime Jaquez,2023-24,Regular Season,2024-07-18,1610612743,DEN,Denver Nuggets,False,True,L,24.3,0,1,4,1,4,4,4,2,1,3,1,1,3,3,3,14
0000000135,1610612748,MIA,Miami Heat,203482,Kelly Olynyk,2023-24,Regular Season,2024-07-18,1610612743,DEN,Denver Nuggets,False,True,L,31.2,7,2,4,2,3,6,6,3,2,5,2,3,3,2,2,-11
0000000135,1610612748,MIA,Miami Heat,1631107,Nikola Jović,2023-24,Regular Season,2024-07-18,1610612743,DEN,Denver Nuggets,False,True,L,37.2,9,3,6,0,0,0,0,1,0,1,3,2,0,5,1,14
0000000136,1610612738,BOS,Boston Celtics,1628369,Jayson Tatum,2023-24,Regular Season,2024-07-20,1610612747,LAL,Los Angeles Lakers,True,False,W,29.7,36,14,19,0,5,0,0,2,1,3,5,3,3,5,3,-15
0000000136,1610612738,BOS,Boston Celtics,1627759,Jaylen Brown,2023-24,Regular Season,2024-07-20,1610612747,LAL,Los Angeles Lakers,True,False,W,34.7,26,10,16,10,10,2,2,0,5,5,4,1,0,0,4,5
0000000136,1610612738,BOS,Boston Celtics,201950,Jrue Holiday,2023-24,Regular Season,2024-07-20,1610612747,LAL,Los Angeles Lakers,True,False,W,25.6,6,2,9,2,5,3,6,3,2,5,7,2,1,5,1,3
0000000136,1610612738,BOS,Boston Celtics,1628464,Derrick White,2023-24,Regular Season,2024-07-20,1610612747,LAL,Los Angeles Lakers,True,False,W,31.2,27,10,14,2,2,1,2,2,2,4,7,2,0,2,2,3
0000000136,1610612738,BOS,Boston Celtics,203935,Kristaps Porziņģis,2023-24,Regular Season,2024-07-20,1610612747,LAL,Los Angeles Lakers,True,False,W,22.6,16,6,14,0,1,0,0,2,14,16,1,0,2,5,1,4
0000000136,1610612738,BOS,Boston Celtics,1629057,Robert Williams,2023-24,Regular Season,2024-07-20,1610612747,LAL,Los Angeles Lakers,True,False,W,34.9,0,0,1,0,0,1,3,4,3,7,1,1,2,2,3,12
0000000136,1610612747,LAL,Los Angeles Lakers,2544,LeBron James,2023-24,Regular Season,2024-07-20,1610612738,BOS,Boston Celtics,False,True,L,30.2,14,5,8,1,2,2,7,4,1,5,8,2,2,0,0,1
0000000136,1610612747,LAL,Los Angeles Lakers,1629029,Luka Dončić,2023-24,Regular Season,2024-07-20,1610612738,BOS,Boston Celtics,False,True,L,18.5,32,12,22,3,9,1,1,1,7,8,7,2,2,4,4,16
0000000136,1610612747,LAL,Los Angeles Lakers,203076,Anthony Davis,2023-24,Regular Season,2024-07-20,1610612738,BOS,Boston Celtics,False,True,L,20.4,23,9,16,2,2,1,2,4,3,7,3,2,1,5,0,-11
0000000136,1610612747,LAL,Los Angeles Lakers,1630559,Austin Reaves,2023-24,Regular Season,2024-07-20,1610612738,BOS,Boston Celtics,False,True,L,31.0,13,5,12,0,6,6,8,0,0,0,6,1,0,3,0,-3
0000000136,1610612747,LAL,Los Angeles Lakers,1626156,Dalton Knecht,2023-24,Regular Season,2024-07-20,1610612738,BOS,Boston Celtics,False,True,L,35.4,10,5,10,5,10,0,4,0,0,0,3,0,3,4,3,-1
0000000136,1610612747,LAL,Los Angeles Lakers,1629020,Rui Hachimura,2023-24,Regular Season,2024-07-20,1610612738,BOS,Boston Celtics,False,True,L,36.8,9,3,6,0,1,1,7,0,0,0,1,1,2,2,1,13
0000000137,1610612738,BOS,Boston Celtics,1628369,Jayson Tatum,2023-24,Regular Season,2024-07-22,1610612744,GSW,Golden State Warriors,True,False,W,24.7,22,8,16,2,5,1,1,1,11,12,4,0,2,3,5,-8
0000000137,1610612738,BOS,Boston Celtics,1627759,Jaylen Brown,2023-24,Regular Season,2024-07-22,1610612744,GSW,Golden State Warriors,True,False,W,23.0,12,6,8,6,8,0,0,2,7,9,3,0,3,0,3,-14
0000000137,1610612738,BOS,Boston Celtics,201950,Jrue Holiday,2023-24,Regular Season,2024-07-22,1610612744,GSW,Golden State Warriors,True,False,W,28.5,15,6,12,3,7,2,5,2,2,4,5,2,0,4,3,-15
0000000137,1610612738,BOS,Boston Celtics,1628464,Derrick White,2023-24,Regular Season,2024-07-22,1610612744,GSW,Golden State Warriors,True,False,W,23.3,8,3,7,1,1,1,3,2,3,5,7,2,3,1,3,-10
0000000137,1610612738,BOS,Boston Celtics,203935,Kristaps Porziņģis,2023-24,Regular Season,2024-07-22,1610612744,GSW,Golden State Warriors,True,False,W,21.4,10,4,8,3,3,0,1,0,7,7,1,3,3,2,5,-16
0000000137,1610612738,BOS,Boston Celtics,1629057,Robert Williams,2023-24,Regular Season,2024-07-22,1610612744,GSW,Golden State Warriors,True,False,W,18.8,19,7,15,0,1,2,4,2,6,8,0,3,0,1,3,-8
0000000137,1610612744,GSW,Golden State Warriors,201939,Stephen Curry,2023-24,Regular Season,2024-07-22,1610612738,BOS,Boston Celtics,False,True,L,22.8,25,10,15,0,3,0,3,1,2,3,3,0,1,2,1,9
0000000137,1610612744,GSW,Golden State Warriors,202691,Klay Thompson,2023-24,Regular Season,2024-07-22,1610612738,BOS,Boston Celtics,False,True,L,21.0,12,5,9,5,9,0,1,2,0,2,0,2,0,0,5,14
0000000137,1610612744,GSW,Golden State Warriors,203110,Draymond Green,2023-24,Regular Season,2024-07-22,1610612738,BOS,Boston Celtics,False,True,L,32.4,9,3,10,1,7,0,5,4,2,6,6,0,1,3,4,-15
0000000137,1610612744,GSW,Golden State Warriors,1630228,Jonathan Kuminga,2023-24,Regular Season,2024-07-22,1610612738,BOS,Boston Celtics,False,True,L,22.3,18,7,13,0,5,3,4,2,1,3,0,4,2,2,2,9
0000000137,1610612744,GSW,Golden State Warriors,1626172,Kevon Looney,2023-24,Regular Season,2024-07-22,1610612738,BOS,Boston Celtics,False,True,L,19.7,0,0,6,0,0,0,0,2,8,10,3,2,2,1,5,-3
0000000137,1610612744,GSW,Golden State Warriors,1630541,Brandin Podziemski,2023-24,Regular Season,2024-07-22,1610612738,BOS,Boston Celtics,False,True,L,35.4,9,3,7,2,3,0,0,3,4,7,4,3,3,5,2,-8
0000000138,1610612738,BOS,Boston Celtics,1628369,Jayson Tatum,2023-24,Regular Season,2024-07-24,1610612743,DEN,Denver Nuggets,True,False,L,35.4,15,6,13,0,0,6,6,2,7,9,11,1,2,2,5,0
0000000138,1610612738,BOS,Boston Celtics,1627759,Jaylen Brown,2023-24,Regular Season,2024-07-24,1610612743,DEN,Denver Nuggets,True,False,L,34.4,16,6,13,6,6,7,7,2,0,2,1,3,3,5,1,13
0000000138,1610612738,BOS,Boston Celtics,201950,Jrue Holiday,2023-24,Regular Season,2024-07-24,1610612743,DEN,Denver Nuggets,True,False,L,24.0,21,8,13,4,5,5,8,3,6,9,1,2,2,3,3,8
0000000138,1610612738,BOS,Boston Celtics,1628464,Derrick White,2023-24,Regular Season,2024-07-24,1610612743,DEN,Denver Nuggets,True,False,L,37.4,20,10,13,10,10,2,8,1,5,6,3,0,2,0,1,-8
0000000138,1610612738,BOS,Boston Celtics,203935,Kristaps Porziņģis,2023-24,Regular Season,2024-07-24,1610612743,DEN,Denver Nuggets,True,False,L,33.7,20,8,14,0,1,1,6,1,0,1,0,1,2,4,4,-14
0000000138,1610612738,BOS,Boston Celtics,1629057,Robert Williams,2023-24,Regular Season,2024-07-24,1610612743,DEN,Denver Nuggets,True,False,L,29.3,8,3,5,1,1,5,6,0,8,8,0,0,2,5,1,14
0000000138,1610612743,DEN,Denver Nuggets,203999,Nikola Jokić,2023-24,Regular Season,2024-07-24,1610612738,BOS,Boston Celtics,False,True,W,27.9,28,11,15,2,2,3,4,2,12,14,11,0,1,0,2,2
0000000138,1610612743,DEN,Denver Nuggets,1627750,Jamal Murray,2023-24,Regular Season,2024-07-24,1610612738,BOS,Boston Celtics,False,True,W,29.6,31,12,17,1,4,0,4,4,2,6,4,2,1,5,2,-17
0000000138,1610612743,DEN,Denver Nuggets,1628420,Aaron Gordon,2023-24,Regular Season,2024-07-24,1610612738,BOS,Boston Celtics,False,True,W,24.4,20,8,13,0,2,2,3,2,2,4,2,4,2,2,5,13
0000000138,1610612743,DEN,Denver Nuggets,1630166,Christian Braun,2023-24,Regular Season,2024-07-24,1610612738,BOS,Boston Celtics,False,True,W,18.5,19,7,15,1,9,2,2,4,6,10,4,0,1,2,5,-8
0000000138,1610612743,DEN,Denver Nuggets,203914,Kentavious Caldwell-Pope,2023-24,Regular Season,2024-07-24,1610612738,BOS,Boston Celtics,False,True,W,28.6,2,2,5,2,4,1,1,1,1,2,0,3,0,0,2,-5
0000000138,1610612743,DEN,Denver Nuggets,1631128,Peyton Watson,2023-24,Regular Season,2024-07-24,1610612738,BOS,Boston Celtics,False,True,W,27.1,7,2,8,2,2,1,2,0,0,0,3,0,3,3,3,-10
0000000139,1610612738,BOS,Boston Celtics,1628369,Jayson Tatum,2023-24,Regular Season,2024-07-26,1610612752,NYK,New York Knicks,True,False,W,23.6,19,7,15,0,1,0,0,1,4,5,5,1,1,0,2,1
0000000139,1610612738,BOS,Boston Celtics,1627759,Jaylen Brown,2023-24,Regular Season,2024-07-26,1610612752,NYK,New York Knicks,True,False,W,34.0,29,11,15,7,8,3,4,1,8,9,2,0,2,2,1,12
0000000139,1610612738,BOS,Boston Celtics,201950,Jrue Holiday,2023-24,Regular Season,2024-07-26,1610612752,NYK,New York Knicks,True,False,W,29.5,12,4,7,4,7,4,4,2,4,6,4,2,0,5,2,18
0000000139,1610612738,BOS,Boston Celtics,1628464,Derrick White,2023-24,Regular Season,2024-07-26,1610612752,NYK,New York Knicks,True,False,W,25.7,20,8,11,6,10,4,8,1,1,2,2,2,3,3,2,-5
0000000139,1610612738,BOS,Boston Celtics,203935,Kristaps Porziņģis,2023-24,Regular Season,2024-07-26,1610612752,NYK,New York Knicks,True,False,W,26.3,17,6,12,0,1,1,4,1,8,9,3,4,1,4,2,-3
0000000139,1610612738,BOS,Boston Celtics,1629057,Robert Williams,2023-24,Regular Season,2024-07-26,1610612752,NYK,New York Knicks,True,False,W,32.8,14,5,11,1,3,1,4,0,11,11,1,3,2,0,1,-2
0000000139,1610612752,NYK,New York Knicks,1628973,Jalen Brunson,2023-24,Regular Season,2024-07-26,1610612738,BOS,Boston Celtics,False,True,L,36.3,26,10,15,1,2,6,8,3,0,3,10,2,1,2,3,-10
0000000139,1610612752,NYK,New York Knicks,1626157,Karl-Anthony Towns,2023-24,Regular Season,2024-07-26,1610612738,BOS,Boston Celtics,False,True,L,22.8,28,11,19,0,3,1,1,0,12,12,3,1,3,5,5,-9
0000000139,1610612752,NYK,New York Knicks,1629628,RJ Barrett,2023-24,Regular Season,2024-07-26,1610612738,BOS,Boston Celtics,False,True,L,35.5,15,6,8,0,2,0,1,3,4,7,3,0,1,5,4,5
0000000139,1610612752,NYK,New York Knicks,1630193,Immanuel Quickley,2023-24,Regular Season,2024-07-26,1610612738,BOS,Boston Celtics,False,True,L,20.9,11,4,10,2,4,1,3,2,4,6,2,4,1,0,0,8
0000000139,1610612752,NYK,New York Knicks,203944,Julius Randle,2023-24,Regular Season,2024-07-26,1610612738,BOS,Boston Celtics,False,True,L,29.2,10,4,9,1,2,1,7,0,13,13,4,1,0,4,0,-4
0000000139,1610612752,NYK,New York Knicks,1631216,Miles McBride,2023-24,Regular Season,2024-07-26,1610612738,BOS,Boston Celtics,False,True,L,28.7,2,0,7,0,0,5,5,0,5,5,0,0,0,0,1,-10
0000000140,1610612738,BOS,Boston Celtics,1628369,Jayson Tatum,2023-24,Regular Season,2024-07-28,1610612748,MIA,Miami Heat,True,False,W,32.8,32,12,17,9,10,0,0,2,6,8,3,0,1,5,5,-15
0000000140,1610612738,BOS,Boston Celtics,1627759,Jaylen Brown,2023-24,Regular Season,2024-07-28,1610612748,MIA,Miami Heat,True,False,W,34.3,17,6,13,1,5,3,3,0,3,3,1,1,2,5,3,-15
0000000140,1610612738,BOS,Boston Celtics,201950,Jrue Holiday,2023-24,Regular Season,2024-07-28,1610612748,MIA,Miami Heat,True,False,W,37.6,9,3,7,2,7,0,0,1,9,10,4,4,1,3,4,18
0000000140,1610612738,BOS,Boston Celtics,1628464,Derrick White,2023-24,Regular Season,2024-07-28,1610612748,MIA,Miami Heat,True,False,W,30.3,17,6,14,4,10,3,6,0,0,0,6,0,1,0,4,17
0000000140,1610612738,BOS,Boston Celtics,203935,Kristaps Porziņģis,2023-24,Regular Season,2024-07-28,1610612748,MIA,Miami Heat,True,False,W,18.9,11,4,7,0,1,4,8,2,5,7,0,2,3,1,3,6
0000000140,1610612738,BOS,Boston Celtics,1629057,Robert Williams,2023-24,Regular Season,2024-07-28,1610612748,MIA,Miami Heat,True,False,W,25.7,15,6,10,0,0,1,1,3,5,8,2,0,1,3,5,10
0000000140,1610612748,MIA,Miami Heat,202710,Jimmy Butler,2023-24,Regular Season,2024-07-28,1610612738,BOS,Boston Celtics,False,True,L,35.3,21,8,14,0,6,0,0,2,0,2,7,4,1,0,4,11
0000000140,1610612748,MIA,Miami Heat,1629639,Tyler Herro,2023-24,Regular Season,2024-07-28,1610612738,BOS,Boston Celtics,False,True,L,30.3,18,7,15,3,6,6,7,2,1,3,3,3,1,3,4,0
0000000140,1610612748,MIA,Miami Heat,202355,Bam Adebayo,2023-24,Regular Season,2024-07-28,1610612738,BOS,Boston Celtics,False,True,L,37.0,16,6,12,0,1,1,1,1,14,15,2,1,2,3,2,-4
0000000140,1610612748,MIA,Miami Heat,1631170,Jaime Jaquez,2023-24,Regular Season,2024-07-28,1610612738,BOS,Boston Celtics,False,True,L,28.3,17,6,10,0,5,2,4,2,1,3,3,0,2,0,4,-1
0000000140,1610612748,MIA,Miami Heat,203482,Kelly Olynyk,2023-24,Regular Season,2024-07-28,1610612738,BOS,Boston Celtics,False,True,L,33.0,15,6,8,3,3,4,5,1,0,1,3,4,2,1,4,9
0000000140,1610612748,MIA,Miami Heat,1631107,Nikola Jović,2023-24,Regular Season,2024-07-28,1610612738,BOS,Boston Celtics,False,True,L,33.9,9,6,9,6,9,1,8,2,4,6,4,1,2,4,2,7
0000000141,1610612752,NYK,New York Knicks,1628973,Jalen Brunson,2023-24,Regular Season,2024-07-30,1610612747,LAL,Los Angeles Lakers,True,False,L,19.8,29,11,19,1,4,7,7,0,13,13,13,0,3,3,1,4
0000000141,1610612752,NYK,New York Knicks,1626157,Karl-Anthony Towns,2023-24,Regular Season,2024-07-30,1610612747,LAL,Los Angeles Lakers,True,False,L,23.3,27,10,14,3,3,5,5,3,9,12,2,0,1,5,5,-14
0000000141,1610612752,NYK,New York Knicks,1629628,RJ Barrett,2023-24,Regular Season,2024-07-30,1610612747,LAL,Los Angeles Lakers,True,False,L,32.5,24,9,18,4,4,1,7,2,1,3,2,2,3,5,1,-14
0000000141,1610612752,NYK,New York Knicks,1630193,Immanuel Quickley,2023-24,Regular Season,2024-07-30,1610612747,LAL,Los Angeles Lakers,True,False,L,21.6,2,4,10,4,10,3,4,0,0,0,5,2,2,3,5,2
0000000141,1610612752,NYK,New York Knicks,203944,Julius Randle,2023-24,Regular Season,2024-07-30,1610612747,LAL,Los Angeles Lakers,True,False,L,26.9,18,7,15,1,5,2,2,4,2,6,5,2,0,5,2,9
0000000141,1610612752,NYK,New York Knicks,1631216,Miles McBride,2023-24,Regular Season,2024-07-30,1610612747,LAL,Los Angeles Lakers,True,False,L,24.3,10,4,8,2,4,2,2,4,2,6,6,1,1,3,1,15
0000000141,1610612747,LAL,Los Angeles Lakers,2544,LeBron James,2023-24,Regular Season,2024-07-30,1610612752,NYK,New York Knicks,False,True,W,24.4,27,10,19,10,10,4,4,3,4,7,7,3,0,4,5,-18
0000000141,1610612747,LAL,Los Angeles Lakers,1629029,Luka Dončić,2023-24,Regular Season,2024-07-30,1610612752,NYK,New York Knicks,False,True,W,26.2,29,11,16,1,8,3,6,3,1,4,9,3,3,3,4,-8
0000000141,1610612747,LAL,Los Angeles Lakers,203076,Anthony Davis,2023-24,Regular Season,2024-07-30,1610612752,NYK,New York Knicks,False,True,W,26.4,25,10,15,0,1,3,6,3,8,11,1,0,3,0,1,-5
0000000141,1610612747,LAL,Los Angeles Lakers,1630559,Austin Reaves,2023-24,Regular Season,2024-07-30,1610612752,NYK,New York Knicks,False,True,W,34.6,14,5,13,0,0,0,8,2,3,5,1,4,2,1,5,12
0000000141,1610612747,LAL,Los Angeles Lakers,1626156,Dalton Knecht,2023-24,Regular Season,2024-07-30,1610612752,NYK,New York Knicks,False,True,W,31.0,18,7,13,1,5,0,1,3,0,3,0,1,2,0,0,5
0000000141,1610612747,LAL,Los Angeles Lakers,1629020,Rui Hachimura,2023-24,Regular Season,2024-07-30,1610612752,NYK,New York Knicks,False,True,W,19.0,18,7,10,0,4,5,5,0,3,3,4,1,2,2,3,0
0000000142,1610612752,NYK,New York Knicks,1628973,Jalen Brunson,2023-24,Regular Season,2024-08-01,1610612744,GSW,Golden State Warriors,True,False,W,18.6,16,6,9,0,3,0,0,4,1,5,6,1,3,3,4,2
0000000142,1610612752,NYK,New York Knicks,1626157,Karl-Anthony Towns,2023-24,Regular Season,2024-08-01,1610612744,GSW,Golden State Warriors,True,False,W,36.6,29,11,19,0,2,0,1,0,12,12,4,2,2,0,0,5
0000000142,1610612752,NYK,New York Knicks,1629628,RJ Barrett,2023-24,Regular Season,2024-08-01,1610612744,GSW,Golden State Warriors,True,False,W,31.8,21,8,14,4,10,1,2,0,5,5,0,0,2,3,4,10
0000000142,1610612752,NYK,New York Knicks,1630193,Immanuel Quickley,2023-24,Regular Season,2024-08-01,1610612744,GSW,Golden State Warriors,True,False,W,33.9,7,6,8,6,8,0,1,1,4,5,6,3,2,3,0,12
0000000142,1610612752,NYK,New York Knicks,203944,Julius Randle,2023-24,Regular Season,2024-08-01,1610612744,GSW,Golden State Warriors,True,False,W,36.7,18,7,10,6,6,2,2,3,6,9,2,1,2,3,0,17
0000000142,1610612752,NYK,New York Knicks,1631216,Miles McBride,2023-24,Regular Season,2024-08-01,1610612744,GSW,Golden State Warriors,True,False,W,24.4,5,2,5,0,2,1,3,2,4,6,2,1,3,2,0,9
0000000142,1610612744,GSW,Golden State Warriors,201939,Stephen Curry,2023-24,Regular Season,2024-08-01,1610612752,NYK,New York Knicks,False,True,L,20.3,14,5,10,4,7,4,5,4,4,8,4,0,2,2,2,-8
0000000142,1610612744,GSW,Golden State Warriors,202691,Klay Thompson,2023-24,Regular Season,2024-08-01,1610612752,NYK,New York Knicks,False,True,L,19.3,14,5,12,1,8,0,0,0,0,0,5,3,2,4,3,-13
0000000142,1610612744,GSW,Golden State Warriors,203110,Draymond Green,2023-24,Regular Season,2024-08-01,1610612752,NYK,New York Knicks,False,True,L,32.6,4,1,5,0,0,2,4,0,9,9,5,3,2,4,2,3
0000000142,1610612744,GSW,Golden State Warriors,1630228,Jonathan Kuminga,2023-24,Regular Season,2024-08-01,1610612752,NYK,New York Knicks,False,True,L,34.7,22,8,14,0,3,1,2,1,0,1,0,0,0,1,5,6
0000000142,1610612744,GSW,Golden State Warriors,1626172,Kevon Looney,2023-24,Regular Season,2024-08-01,1610612752,NYK,New York Knicks,False,True,L,33.3,0,0,5,0,1,0,0,2,14,16,0,0,0,0,4,-6
0000000142,1610612744,GSW,Golden State Warriors,1630541,Brandin Podziemski,2023-24,Regular Season,2024-08-01,1610612752,NYK,New York Knicks,False,True,L,19.9,13,5,9,0,5,3,6,2,2,4,5,1,0,0,4,7
0000000143,1610612752,NYK,New York Knicks,1628973,Jalen Brunson,2023-24,Regular Season,2024-08-03,1610612743,DEN,Denver Nuggets,True,False,L,20.1,17,6,12,1,3,4,6,3,2,5,9,1,2,5,5,-4
0000000143,1610612752,NYK,New York Knicks,1626157,Karl-Anthony Towns,2023-24,Regular Season,2024-08-03,1610612743,DEN,Denver Nuggets,True,False,L,23.8,15,6,12,2,3,0,0,0,11,11,0,0,3,5,4,-18
0000000143,1610612752,NYK,New York Knicks,1629628,RJ Barrett,2023-24,Regular Season,2024-08-03,1610612743,DEN,Denver Nuggets,True,False,L,26.7,16,6,13,4,7,0,4,1,8,9,2,3,3,0,5,6
0000000143,1610612752,NYK,New York Knicks,1630193,Immanuel Quickley,2023-24,Regular Season,2024-08-03,1610612743,DEN,Denver Nuggets,True,False,L,35.7,8,3,9,1,4,1,4,0,5,5,5,3,1,4,1,6
0000000143,1610612752,NYK,New York Knicks,203944,Julius Randle,2023-24,Regular Season,2024-08-03,1610612743,DEN,Denver Nuggets,True,False,L,35.5,25,10,15,7,9,5,6,0,7,7,3,0,3,0,0,9
0000000143,1610612752,NYK,New York Knicks,1631216,Miles McBride,2023-24,Regular Season,2024-08-03,1610612743,DEN,Denver Nuggets,True,False,L,22.8,7,2,6,0,4,5,5,0,0,0,3,2,0,3,1,-2
0000000143,1610612743,DEN,Denver Nuggets,203999,Nikola Jokić,2023-24,Regular Season,2024-08-03,1610612752,NYK,New York Knicks,False,True,W,25.4,30,12,18,0,0,4,5,1,10,11,8,4,0,0,3,-8
0000000143,1610612743,DEN,Denver Nuggets,1627750,Jamal Murray,2023-24,Regular Season,2024-08-03,1610612752,NYK,New York Knicks,False,True,W,22.3,23,9,13,2,3,0,0,3,0,3,7,3,3,3,2,-17
0000000143,1610612743,DEN,Denver Nuggets,1628420,Aaron Gordon,2023-24,Regular Season,2024-08-03,1610612752,NYK,New York Knicks,False,True,W,33.0,24,9,16,6,6,1,1,2,6,8,2,4,3,0,3,6
0000000143,1610612743,DEN,Denver Nuggets,1630166,Christian Braun,2023-24,Regular Season,2024-08-03,1610612752,NYK,New York Knicks,False,True,W,23.7,0,6,7,6,7,1,1,0,0,0,3,3,3,3,5,9
0000000143,1610612743,DEN,Denver Nuggets,203914,Kentavious Caldwell-Pope,2023-24,Regular Season,2024-08-03,1610612752,NYK,New York Knicks,False,True,W,27.3,0,8,8,8,8,2,5,3,0,3,1,2,0,2,2,10
0000000143,1610612743,DEN,Denver Nuggets,1631128,Peyton Watson,2023-24,Regular Season,2024-08-03,1610612752,NYK,New York Knicks,False,True,W,18.3,22,8,14,4,9,0,0,0,0,0,4,3,2,1,1,8
0000000144,1610612752,NYK,New York Knicks,1628973,Jalen Brunson,2023-24,Regular Season,2024-08-05,1610612738,BOS,Boston Celtics,True,False,L,19.0,20,8,13,1,9,2,3,0,0,0,7,0,0,1,3,13
0000000144,1610612752,NYK,New York Knicks,1626157,Karl-Anthony Towns,2023-24,Regular Season,2024-08-05,1610612738,BOS,Boston Celtics,True,False,L,19.5,31,12,20,0,0,5,7,2,14,16,1,0,0,5,3,10
0000000144,1610612752,NYK,New York Knicks,1629628,RJ Barrett,2023-24,Regular Season,2024-08-05,1610612738,BOS,Boston Celtics,True,False,L,37.1,12,7,11,7,7,0,0,3,6,9,1,2,1,1,0,-3
0000000144,1610612752,NYK,New York Knicks,1630193,Immanuel Quickley,2023-24,Regular Season,2024-08-05,1610612738,BOS,Boston Celtics,True,False,L,34.8,19,7,14,7,9,2,6,3,0,3,1,1,2,3,5,-11
0000000144,1610612752,NYK,New York Knicks,203944,Julius Randle,2023-24,Regular Season,2024-08-05,1610612738,BOS,Boston Celtics,True,False,L,18.3,22,8,13,2,2,2,7,0,13,13,2,3,2,2,0,17
0000000144,1610612752,NYK,New York Knicks,1631216,Miles McBride,2023-24,Regular Season,2024-08-05,1610612738,BOS,Boston Celtics,True,False,L,28.8,10,4,11,0,0,0,2,0,0,0,4,3,2,0,0,15
0000000144,1610612738,BOS,Boston Celtics,1628369,Jayson Tatum,2023-24,Regular Season,2024-08-05,1610612752,NYK,New York Knicks,False,True,W,38.0,24,9,13,9,10,0,0,1,9,10,2,4,0,1,1,14
0000000144,1610612738,BOS,Boston Celtics,1627759,Jaylen Brown,2023-24,Regular Season,2024-08-05,1610612752,NYK,New York Knicks,False,True,W,28.6,27,10,19,1,1,5,7,0,9,9,6,2,2,1,1,2
0000000144,1610612738,BOS,Boston Celtics,201950,Jrue Holiday,2023-24,Regular Season,2024-08-05,1610612752,NYK,New York Knicks,False,True,W,31.3,16,6,14,3,6,6,6,4,1,5,4,2,1,3,5,-17
0000000144,1610612738,BOS,Boston Celtics,1628464,Derrick White,2023-24,Regular Season,2024-08-05,1610612752,NYK,New York Knicks,False,True,W,29.8,20,8,16,4,7,1,2,1,0,1,6,0,2,0,1,12
0000000144,1610612738,BOS,Boston Celtics,203935,Kristaps Porziņģis,2023-24,Regular Season,2024-08-05,1610612752,NYK,New York Knicks,False,True,W,34.1,29,11,17,1,3,0,3,2,9,11,1,0,0,2,1,17
0000000144,1610612738,BOS,Boston Celtics,1629057,Robert Williams,2023-24,Regular Season,2024-08-05,1610612752,NYK,New York Knicks,False,True,W,37.3,2,0,4,0,0,2,7,3,0,3,0,2,0,3,5,-4
0000000145,1610612752,NYK,New York Knicks,1628973,Jalen Brunson,2023-24,Regular Season,2024-08-07,1610612748,MIA,Miami Heat,True,False,W,35.5,23,9,17,3,7,7,8,1,8,9,7,0,2,1,0,15
0000000145,1610612752,NYK,New York Knicks,1626157,Karl-Anthony Towns,2023-24,Regular Season,2024-08-07,1610612748,MIA,Miami Heat,True,False,W,24.9,21,8,11,0,3,4,6,1,12,13,0,4,2,0,5,-14
0000000145,1610612752,NYK,New York Knicks,1629628,RJ Barrett,2023-24,Regular Season,2024-08-07,1610612748,MIA,Miami Heat,True,False,W,19.2,18,7,10,2,2,1,2,3,6,9,0,0,0,5,2,-11
0000000145,1610612752,NYK,New York Knicks,1630193,Immanuel Quickley,2023-24,Regular Season,2024-08-07,1610612748,MIA,Miami Heat,True,False,W,19.0,10,4,8,2,2,0,3,0,0,0,6,4,3,5,5,-8
0000000145,1610612752,NYK,New York Knicks,203944,Julius Randle,2023-24,Regular Season,2024-08-07,1610612748,MIA,Miami Heat,True,False,W,28.3,28,11,20,2,4,2,4,4,1,5,3,4,3,3,0,16
0000000145,1610612752,NYK,New York Knicks,1631216,Miles McBride,2023-24,Regular Season,2024-08-07,1610612748,MIA,Miami Heat,True,False,W,34.4,13,5,10,4,8,0,0,4,11,15,3,0,3,0,4,-16
0000000145,1610612748,MIA,Miami Heat,202710,Jimmy Butler,2023-24,Regular Season,2024-08-07,1610612752,NYK,New York Knicks,False,True,L,37.6,9,3,5,1,2,0,4,3,4,7,0,0,2,0,5,8
0000000145,1610612748,MIA,Miami Heat,1629639,Tyler Herro,2023-24,Regular Season,2024-08-07,1610612752,NYK,New York Knicks,False,True,L,19.8,10,5,8,5,7,0,6,0,7,7,5,4,2,3,3,9
0000000145,1610612748,MIA,Miami Heat,202355,Bam Adebayo,2023-24,Regular Season,2024-08-07,1610612752,NYK,New York Knicks,False,True,L,31.0,18,7,14,0,0,0,4,2,7,9,1,1,3,2,5,-3
0000000145,1610612748,MIA,Miami Heat,1631170,Jaime Jaquez,2023-24,Regular Season,2024-08-07,1610612752,NYK,New York Knicks,False,True,L,34.2,10,4,10,1,3,3,7,0,5,5,3,2,0,0,4,-16
0000000145,1610612748,MIA,Miami Heat,203482,Kelly Olynyk,2023-24,Regular Season,2024-08-07,1610612752,NYK,New York Knicks,False,True,L,22.8,0,0,3,0,3,3,3,1,5,6,4,3,0,5,2,2
0000000145,1610612748,MIA,Miami Heat,1631107,Nikola Jović,2023-24,Regular Season,2024-08-07,1610612752,NYK,New York Knicks,False,True,L,23.6,2,1,7,1,7,1,7,2,2,4,4,0,0,1,4,5
0000000146,1610612748,MIA,Miami Heat,202710,Jimmy Butler,2023-24,Regular Season,2024-08-09,1610612747,LAL,Los Angeles Lakers,True,False,L,35.2,32,12,22,2,5,4,6,1,5,6,4,2,0,3,0,-7
0000000146,1610612748,MIA,Miami Heat,1629639,Tyler Herro,2023-24,Regular Season,2024-08-09,1610612747,LAL,Los Angeles Lakers,True,False,L,37.7,16,6,11,1,9,4,7,2,0,2,5,2,1,1,1,-16
0000000146,1610612748,MIA,Miami Heat,202355,Bam Adebayo,2023-24,Regular Season,2024-08-09,1610612747,LAL,Los Angeles Lakers,True,False,L,30.2,18,7,10,1,2,4,6,0,6,6,3,1,3,0,4,18
0000000146,1610612748,MIA,Miami Heat,1631170,Jaime Jaquez,2023-24,Regular Season,2024-08-09,1610612747,LAL,Los Angeles Lakers,True,False,L,31.2,13,5,8,0,0,0,1,0,6,6,3,1,3,0,4,16
0000000146,1610612748,MIA,Miami Heat,203482,Kelly Olynyk,2023-24,Regular Season,2024-08-09,1610612747,LAL,Los Angeles Lakers,True,False,L,35.8,8,3,5,3,3,1,3,0,6,6,1,1,2,4,4,-12
0000000146,1610612748,MIA,Miami Heat,1631107,Nikola Jović,2023-24,Regular Season,2024-08-09,1610612747,LAL,Los Angeles Lakers,True,False,L,36.4,8,5,8,5,8,1,8,0,10,10,0,3,2,4,3,-14
0000000146,1610612747,LAL,Los Angeles Lakers,2544,LeBron James,2023-24,Regular Season,2024-08-09,1610612748,MIA,Miami Heat,False,True,W,35.8,30,12,17,0,2,1,8,3,6,9,6,3,3,0,3,8
0000000146,1610612747,LAL,Los Angeles Lakers,1629029,Luka Dončić,2023-24,Regular Season,2024-08-09,1610612748,MIA,Miami Heat,False,True,W,23.6,38,15,24,3,5,0,4,1,4,5,8,0,3,2,2,11
0000000146,1610612747,LAL,Los Angeles Lakers,203076,Anthony Davis,2023-24,Regular Season,2024-08-09,1610612748,MIA,Miami Heat,False,True,W,34.5,17,6,10,0,2,5,7,3,7,10,9,3,0,5,2,12
0000000146,1610612747,LAL,Los Angeles Lakers,1630559,Austin Reaves,2023-24,Regular Season,2024-08-09,1610612748,MIA,Miami Heat,False,True,W,21.1,24,9,17,2,2,3,3,3,0,3,3,0,3,0,4,11
0000000146,1610612747,LAL,Los Angeles Lakers,1626156,Dalton Knecht,2023-24,Regular Season,2024-08-09,1610612748,MIA,Miami Heat,False,True,W,25.6,11,7,10,7,9,0,6,0,6,6,0,1,0,4,3,-10
0000000146,1610612747,LAL,Los Angeles Lakers,1629020,Rui Hachimura,2023-24,Regular Season,2024-08-09,1610612748,MIA,Miami Heat,False,True,W,34.7,13,5,7,4,7,2,5,0,0,0,1,2,0,2,3,0
0000000147,1610612748,MIA,Miami Heat,202710,Jimmy Butler,2023-24,Regular Season,2024-08-11,1610612744,GSW,Golden State Warriors,True,False,L,27.3,15,6,8,0,2,5,5,1,5,6,3,0,3,3,1,-2
0000000147,1610612748,MIA,Miami Heat,1629639,Tyler Herro,2023-24,Regular Season,2024-08-11,1610612744,GSW,Golden State Warriors,True,False,L,19.4,17,6,11,1,6,0,0,0,7,7,6,3,3,1,5,-9
0000000147,1610612748,MIA,Miami Heat,202355,Bam Adebayo,2023-24,Regular Season,2024-08-11,1610612744,GSW,Golden State Warriors,True,False,L,27.9,4,1,3,0,0,0,2,1,7,8,2,3,0,5,4,-7
0000000147,1610612748,MIA,Miami Heat,1631170,Jaime Jaquez,2023-24,Regular Season,2024-08-11,1610612744,GSW,Golden State Warriors,True,False,L,19.3,13,5,9,1,3,1,5,0,0,0,5,2,2,4,3,-6
0000000147,1610612748,MIA,Miami Heat,203482,Kelly Olynyk,2023-24,Regular Season,2024-08-11,1610612744,GSW,Golden State Warriors,True,False,L,30.6,5,2,5,0,3,1,4,4,2,6,3,0,1,0,5,18
0000000147,1610612748,MIA,Miami Heat,1631107,Nikola Jović,2023-24,Regular Season,2024-08-11,1610612744,GSW,Golden State Warriors,True,False,L,34.7,6,2,7,1,6,0,3,1,2,3,1,0,3,2,4,18
0000000147,1610612744,GSW,Golden State Warriors,201939,Stephen Curry,2023-24,Regular Season,2024-08-11,1610612748,MIA,Miami Heat,False,True,W,26.8,32,12,18,3,3,0,5,4,2,6,5,2,0,4,0,8
0000000147,1610612744,GSW,Golden State Warriors,202691,Klay Thompson,2023-24,Regular Season,2024-08-11,1610612748,MIA,Miami Heat,False,True,W,31.4,10,4,6,2,3,1,4,1,2,3,1,4,2,2,2,-8
0000000147,1610612744,GSW,Golden State Warriors,203110,Draymond Green,2023-24,Regular Season,2024-08-11,1610612748,MIA,Miami Heat,False,True,W,30.1,11,4,9,1,5,5,8,4,7,11,6,1,0,4,2,-16
0000000147,1610612744,GSW,Golden State Warriors,1630228,Jonathan Kuminga,2023-24,Regular Season,2024-08-11,1610612748,MIA,Miami Heat,False,True,W,25.6,17,6,12,1,9,0,0,4,4,8,0,3,3,1,1,-8
0000000147,1610612744,GSW,Golden State Warriors,1626172,Kevon Looney,2023-24,Regular Season,2024-08-11,1610612748,MIA,Miami Heat,False,True,W,21.0,0,1,5,1,2,4,5,2,7,9,1,2,3,1,3,3
0000000147,1610612744,GSW,Golden State Warriors,1630541,Brandin Podziemski,2023-24,Regular Season,2024-08-11,1610612748,MIA,Miami Heat,False,True,W,30.3,2,0,6,0,0,1,6,0,0,0,1,3,3,4,4,-2
0000000148,1610612748,MIA,Miami Heat,202710,Jimmy Butler,2023-24,Regular Season,2024-08-13,1610612743,DEN,Denver Nuggets,True,False,L,35.8,22,8,14,1,6,1,1,0,15,15,14,3,2,3,5,-12
0000000148,1610612748,MIA,Miami Heat,1629639,Tyler Herro,2023-24,Regular Season,2024-08-13,1610612743,DEN,Denver Nuggets,True,False,L,20.3,19,7,15,5,6,2,2,4,1,5,5,0,3,4,2,-6
0000000148,1610612748,MIA,Miami Heat,202355,Bam Adebayo,2023-24,Regular Season,2024-08-13,1610612743,DEN,Denver Nuggets,True,False,L,25.8,22,8,15,1,1,0,3,4,7,11,9,3,3,4,0,-3
0000000148,1610612748,MIA,Miami Heat,1631170,Jaime Jaquez,2023-24,Regular Season,2024-08-13,1610612743,DEN,Denver Nuggets,True,False,L,22.6,7,8,9,8,9,1,7,1,1,2,3,3,2,0,5,-17
0000000148,1610612748,MIA,Miami Heat,203482,Kelly Olynyk,2023-24,Regular Season,2024-08-13,1610612743,DEN,Denver Nuggets,True,False,L,32.0,15,6,13,1,1,0,0,1,1,2,0,1,0,0,0,14
0000000148,1610612748,MIA,Miami Heat,1631107,Nikola Jović,2023-24,Regular Season,2024-08-13,1610612743,DEN,Denver Nuggets,True,False,L,24.0,7,3,6,3,3,3,3,0,0,0,0,4,2,1,4,15
0000000148,1610612743,DEN,Denver Nuggets,203999,Nikola Jokić,2023-24,Regular Season,2024-08-13,1610612748,MIA,Miami Heat,False,True,W,23.8,36,14,21,0,0,3,4,2,6,8,9,4,1,2,4,17
0000000148,1610612743,DEN,Denver Nuggets,1627750,Jamal Murray,2023-24,Regular Season,2024-08-13,1610612748,MIA,Miami Heat,False,True,W,37.8,21,8,14,1,1,3,4,0,0,0,6,4,0,3,0,-18
0000000148,1610612743,DEN,Denver Nuggets,1628420,Aaron Gordon,2023-24,Regular Season,2024-08-13,1610612748,MIA,Miami Heat,False,True,W,28.8,9,3,6,0,5,6,7,1,0,1,2,0,0,1,5,3
0000000148,1610612743,DEN,Denver Nuggets,1630166,Christian Braun,2023-24,Regular Season,2024-08-13,1610612748,MIA,Miami Heat,False,True,W,35.4,11,4,8,3,4,0,0,0,4,4,1,3,2,5,3,-6
0000000148,1610612743,DEN,Denver Nuggets,203914,Kentavious Caldwell-Pope,2023-24,Regular Season,2024-08-13,1610612748,MIA,Miami Heat,False,True,W,25.2,14,5,9,3,5,0,2,0,2,2,0,0,2,0,2,13
0000000148,1610612743,DEN,Denver Nuggets,1631128,Peyton Watson,2023-24,Regular Season,2024-08-13,1610612748,MIA,Miami Heat,False,True,W,24.0,6,3,7,3,4,3,3,0,1,1,0,4,3,5,5,6
0000000149,1610612748,MIA,Miami Heat,202710,Jimmy Butler,2023-24,Regular Season,2024-08-15,1610612738,BOS,Boston Celtics,True,False,W,20.6,26,10,16,1,3,4,5,0,8,8,7,2,0,1,1,-12
0000000149,1610612748,MIA,Miami Heat,1629639,Tyler Herro,2023-24,Regular Season,2024-08-15,1610612738,BOS,Boston Celtics,True,False,W,34.3,9,6,6,6,6,0,6,4,2,6,8,0,2,5,1,10
0000000149,1610612748,MIA,Miami Heat,202355,Bam Adebayo,2023-24,Regular Season,2024-08-15,1610612738,BOS,Boston Celtics,True,False,W,32.7,27,10,14,1,2,1,7,3,9,12,7,0,2,3,5,15
0000000149,1610612748,MIA,Miami Heat,1631170,Jaime Jaquez,2023-24,Regular Season,2024-08-15,1610612738,BOS,Boston Celtics,True,False,W,35.3,18,7,15,5,6,7,7,1,0,1,0,0,2,4,1,0
0000000149,1610612748,MIA,Miami Heat,203482,Kelly Olynyk,2023-24,Regular Season,2024-08-15,1610612738,BOS,Boston Celtics,True,False,W,21.5,12,4,11,2,3,0,1,0,0,0,2,4,1,4,4,10
0000000149,1610612748,MIA,Miami Heat,1631107,Nikola Jović,2023-24,Regular Season,2024-08-15,1610612738,BOS,Boston Celtics,True,False,W,27.3,0,6,6,6,6,0,6,1,5,6,0,1,2,2,2,-5
0000000149,1610612738,BOS,Boston Celtics,1628369,Jayson Tatum,2023-24,Regular Season,2024-08-15,1610612748,MIA,Miami Heat,False,True,L,26.5,32,12,17,0,0,3,4,2,0,2,5,2,3,5,0,-2
0000000149,1610612738,BOS,Boston Celtics,1627759,Jaylen Brown,2023-24,Regular Season,2024-08-15,1610612748,MIA,Miami Heat,False,True,L,37.1,13,5,11,1,4,1,1,4,1,5,3,1,0,0,4,-9
0000000149,1610612738,BOS,Boston Celtics,201950,Jrue Holiday,2023-24,Regular Season,2024-08-15,1610612748,MIA,Miami Heat,False,True,L,32.0,7,2,8,0,5,2,3,3,6,9,6,3,1,1,0,-8
0000000149,1610612738,BOS,Boston Celtics,1628464,Derrick White,2023-24,Regular Season,2024-08-15,1610612748,MIA,Miami Heat,False,True,L,29.1,6,2,6,0,6,4,4,0,0,0,8,1,1,2,5,-15
0000000149,1610612738,BOS,Boston Celtics,203935,Kristaps Porziņģis,2023-24,Regular Season,2024-08-15,1610612748,MIA,Miami Heat,False,True,L,19.4,19,7,14,1,3,4,5,1,7,8,0,0,3,5,0,17
0000000149,1610612738,BOS,Boston Celtics,1629057,Robert Williams,2023-24,Regular Season,2024-08-15,1610612748,MIA,Miami Heat,False,True,L,36.3,2,2,3,2,2,0,0,2,11,13,0,2,1,5,1,2
0000000150,1610612748,MIA,Miami Heat,202710,Jimmy Butler,2023-24,Regular Season,2024-08-17,1610612752,NYK,New York Knicks,True,False,L,29.8,16,6,14,5,8,7,7,0,0,0,7,1,2,2,1,-14
0000000150,1610612748,MIA,Miami Heat,1629639,Tyler Herro,2023-24,Regular Season,2024-08-17,1610612752,NYK,New York Knicks,True,False,L,22.0,27,10,19,2,8,0,4,0,0,0,7,3,0,5,5,-15
0000000150,1610612748,MIA,Miami Heat,202355,Bam Adebayo,2023-24,Regular Season,2024-08-17,1610612752,NYK,New York Knicks,True,False,L,33.9,24,9,14,2,2,6,6,0,8,8,6,0,2,2,5,18
0000000150,1610612748,MIA,Miami Heat,1631170,Jaime Jaquez,2023-24,Regular Season,2024-08-17,1610612752,NYK,New York Knicks,True,False,L,26.5,15,6,9,6,9,7,8,3,7,10,3,4,2,1,4,10
0000000150,1610612748,MIA,Miami Heat,203482,Kelly Olynyk,2023-24,Regular Season,2024-08-17,1610612752,NYK,New York Knicks,True,False,L,23.4,16,6,9,1,1,6,8,1,3,4,1,2,2,3,4,-1
0000000150,1610612748,MIA,Miami Heat,1631107,Nikola Jović,2023-24,Regular Season,2024-08-17,1610612752,NYK,New York Knicks,True,False,L,37.9,9,3,8,0,0,4,6,2,1,3,0,1,3,1,0,2
0000000150,1610612752,NYK,New York Knicks,1628973,Jalen Brunson,2023-24,Regular Season,2024-08-17,1610612748,MIA,Miami Heat,False,True,W,22.7,32,12,22,6,9,2,2,0,0,0,5,4,1,1,1,-10
0000000150,1610612752,NYK,New York Knicks,1626157,Karl-Anthony Towns,2023-24,Regular Season,2024-08-17,1610612748,MIA,Miami Heat,False,True,W,35.3,30,12,19,0,1,1,6,0,13,13,3,0,2,4,5,15
0000000150,1610612752,NYK,New York Knicks,1629628,RJ Barrett,2023-24,Regular Season,2024-08-17,1610612748,MIA,Miami Heat,False,True,W,30.7,17,6,13,1,1,1,2,0,6,6,5,1,1,2,0,-16
0000000150,1610612752,NYK,New York Knicks,1630193,Immanuel Quickley,2023-24,Regular Season,2024-08-17,1610612748,MIA,Miami Heat,False,True,W,26.6,7,5,8,5,8,5,6,2,0,2,2,0,0,5,5,18
0000000150,1610612752,NYK,New York Knicks,203944,Julius Randle,2023-24,Regular Season,2024-08-17,1610612748,MIA,Miami Heat,False,True,W,36.3,21,8,15,2,4,5,8,3,10,13,4,4,1,3,1,-18
0000000150,1610612752,NYK,New York Knicks,1631216,Miles McBride,2023-24,Regular Season,2024-08-17,1610612748,MIA,Miami Heat,False,True,W,23.4,4,1,4,1,4,0,0,0,2,2,2,2,1,4,2,-18
0000000151,1610612747,LAL,Los Angeles Lakers,2544,LeBron James,2023-24,Regular Season,2024-08-19,1610612744,GSW,Golden State Warriors,True,False,L,33.8,28,11,18,0,2,0,2,2,4,6,7,2,0,2,5,4
0000000151,1610612747,LAL,Los Angeles Lakers,1629029,Luka Dončić,2023-24,Regular Season,2024-08-19,1610612744,GSW,Golden State Warriors,True,False,L,28.5,33,13,17,1,2,5,5,0,7,7,7,4,2,3,3,10
0000000151,1610612747,LAL,Los Angeles Lakers,203076,Anthony Davis,2023-24,Regular Season,2024-08-19,1610612744,GSW,Golden State Warriors,True,False,L,18.5,24,9,16,0,2,2,2,4,11,15,4,1,0,0,4,17
0000000151,1610612747,LAL,Los Angeles Lakers,1630559,Austin Reaves,2023-24,Regular Season,2024-08-19,1610612744,GSW,Golden State Warriors,True,False,L,33.1,10,4,11,2,9,0,0,2,2,4,3,2,0,2,1,12
0000000151,1610612747,LAL,Los Angeles Lakers,1626156,Dalton Knecht,2023-24,Regular Season,2024-08-19,1610612744,GSW,Golden State Warriors,True,False,L,34.5,5,2,8,2,8,0,0,1,1,2,0,4,0,2,0,16
0000000151,1610612747,LAL,Los Angeles Lakers,1629020,Rui Hachimura,2023-24,Regular Season,2024-08-19,1610612744,GSW,Golden State Warriors,True,False,L,34.9,0,3,4,3,4,1,6,2,4,6,2,0,1,0,1,18
0000000151,1610612744,GSW,Golden State Warriors,201939,Stephen Curry,2023-24,Regular Season,2024-08-19,1610612747,LAL,Los Angeles Lakers,False,True,W,36.2,33,13,21,4,7,0,0,1,1,2,9,3,1,4,4,7
0000000151,1610612744,GSW,Golden State Warriors,202691,Klay Thompson,2023-24,Regular Season,2024-08-19,1610612747,LAL,Los Angeles Lakers,False,True,W,33.9,19,7,14,2,5,6,7,3,7,10,1,4,2,3,5,16
0000000151,1610612744,GSW,Golden State Warriors,203110,Draymond Green,2023-24,Regular Season,2024-08-19,1610612747,LAL,Los Angeles Lakers,False,True,W,18.3,12,5,11,5,8,4,5,1,11,12,6,0,3,5,5,2
0000000151,1610612744,GSW,Golden State Warriors,1630228,Jonathan Kuminga,2023-24,Regular Season,2024-08-19,1610612747,LAL,Los Angeles Lakers,False,True,W,30.4,14,5,10,2,9,0,7,0,4,4,2,4,2,3,0,-18
0000000151,1610612744,GSW,Golden State Warriors,1626172,Kevon Looney,2023-24,Regular Season,2024-08-19,1610612747,LAL,Los Angeles Lakers,False,True,W,35.8,17,6,10,2,2,0,2,4,6,10,2,2,3,0,5,-6
0000000151,1610612744,GSW,Golden State Warriors,1630541,Brandin Podziemski,2023-24,Regular Season,2024-08-19,1610612747,LAL,Los Angeles Lakers,False,True,W,28.5,12,4,10,3,4,4,7,1,7,8,3,4,2,1,4,16
0000000152,1610612747,LAL,Los Angeles Lakers,2544,LeBron James,2023-24,Regular Season,2024-08-21,1610612743,DEN,Denver Nuggets,True,False,W,25.7,35,14,20,2,2,2,3,2,9,11,8,2,1,0,0,-9
0000000152,1610612747,LAL,Los Angeles Lakers,1629029,Luka Dončić,2023-24,Regular Season,2024-08-21,1610612743,DEN,Denver Nuggets,True,False,W,35.2,30,12,20,3,8,1,1,2,8,10,7,2,1,4,5,-2
0000000152,1610612747,LAL,Los Angeles Lakers,203076,Anthony Davis,2023-24,Regular Season,2024-08-21,1610612743,DEN,Denver Nuggets,True,False,W,31.7,28,11,19,0,1,0,7,1,9,10,3,2,2,4,2,-7
0000000152,1610612747,LAL,Los Angeles Lakers,1630559,Austin Reaves,2023-24,Regular Season,2024-08-21,1610612743,DEN,Denver Nuggets,True,False,W,20.5,18,7,13,7,10,0,0,0,0,0,8,3,2,1,2,-1
0000000152,1610612747,LAL,Los Angeles Lakers,1626156,Dalton Knecht,2023-24,Regular Season,2024-08-21,1610612743,DEN,Denver Nuggets,True,False,W,37.6,11,4,7,3,6,0,3,0,0,0,1,0,3,2,5,7
0000000152,1610612747,LAL,Los Angeles Lakers,1629020,Rui Hachimura,2023-24,Regular Season,2024-08-21,1610612743,DEN,Denver Nuggets,True,False,W,26.0,18,7,11,0,10,0,0,2,0,2,1,0,3,2,0,14
0000000152,1610612743,DEN,Denver Nuggets,203999,Nikola Jokić,2023-24,Regular Season,2024-08-21,1610612747,LAL,Los Angeles Lakers,False,True,L,37.8,25,10,17,1,3,5,5,1,7,8,10,1,2,0,1,0
0000000152,1610612743,DEN,Denver Nuggets,1627750,Jamal Murray,2023-24,Regular Season,2024-08-21,1610612747,LAL,Los Angeles Lakers,False,True,L,30.6,22,10,13,10,10,6,6,3,0,3,6,0,3,0,4,-1
0000000152,1610612743,DEN,Denver Nuggets,1628420,Aaron Gordon,2023-24,Regular Season,2024-08-21,1610612747,LAL,Los Angeles Lakers,False,True,L,31.4,13,5,11,0,9,0,4,4,0,4,5,1,2,5,3,-5
0000000152,1610612743,DEN,Denver Nuggets,1630166,Christian Braun,2023-24,Regular Season,2024-08-21,1610612747,LAL,Los Angeles Lakers,False,True,L,32.4,4,3,3,3,3,0,7,2,0,2,1,4,0,1,0,-15
0000000152,1610612743,DEN,Denver Nuggets,203914,Kentavious Caldwell-Pope,2023-24,Regular Season,2024-08-21,1610612747,LAL,Los Angeles Lakers,False,True,L,24.9,6,5,8,5,8,0,1,0,0,0,1,2,3,0,3,0
0000000152,1610612743,DEN,Denver Nuggets,1631128,Peyton Watson,2023-24,Regular Season,2024-08-21,1610612747,LAL,Los Angeles Lakers,False,True,L,35.7,13,5,8,1,1,2,4,0,0,0,0,3,2,5,1,2
0000000153,1610612747,LAL,Los Angeles Lakers,2544,LeBron James,2023-24,Regular Season,2024-08-23,1610612738,BOS,Boston Celtics,True,False,L,32.8,24,9,13,1,3,5,6,4,9,13,4,3,3,3,4,2
0000000153,1610612747,LAL,Los Angeles Lakers,1629029,Luka Dončić,2023-24,Regular Season,2024-08-23,1610612738,BOS,Boston Celtics,True,False,L,26.7,30,12,16,7,7,2,7,0,7,7,9,1,1,0,2,14
0000000153,1610612747,LAL,Los Angeles Lakers,203076,Anthony Davis,2023-24,Regular Season,2024-08-23,1610612738,BOS,Boston Celtics,True,False,L,36.8,22,8,12,3,3,1,7,0,14,14,2,4,1,3,3,3
0000000153,1610612747,LAL,Los Angeles Lakers,1630559,Austin Reaves,2023-24,Regular Season,2024-08-23,1610612738,BOS,Boston Celtics,True,False,L,29.9,5,2,6,1,1,4,7,0,4,4,5,2,2,1,1,-2
0000000153,1610612747,LAL,Los Angeles Lakers,1626156,Dalton Knecht,2023-24,Regular Season,2024-08-23,1610612738,BOS,Boston Celtics,True,False,L,24.0,6,3,5,3,5,0,0,3,1,4,0,4,1,2,0,-10
0000000153,1610612747,LAL,Los Angeles Lakers,1629020,Rui Hachimura,2023-24,Regular Season,2024-08-23,1610612738,BOS,Boston Celtics,True,False,L,34.9,6,2,9,2,3,7,8,0,4,4,0,3,0,0,1,18
0000000153,1610612738,BOS,Boston Celtics,1628369,Jayson Tatum,2023-24,Regular Season,2024-08-23,1610612747,LAL,Los Angeles Lakers,False,True,W,34.0,14,5,8,0,0,0,5,0,8,8,5,0,1,5,2,10
0000000153,1610612738,BOS,Boston Celtics,1627759,Jaylen Brown,2023-24,Regular Season,2024-08-23,1610612747,LAL,Los Angeles Lakers,False,True,W,29.8,21,8,14,6,7,1,2,2,2,4,0,1,3,3,4,-13
0000000153,1610612738,BOS,Boston Celtics,201950,Jrue Holiday,2023-24,Regular Season,2024-08-23,1610612747,LAL,Los Angeles Lakers,False,True,W,32.3,17,6,11,3,5,2,3,2,0,2,9,4,1,0,1,8
0000000153,1610612738,BOS,Boston Celtics,1628464,Derrick White,2023-24,Regular Season,2024-08-23,1610612747,LAL,Los Angeles Lakers,False,True,W,30.8,16,6,11,0,0,6,8,1,6,7,2,3,1,5,4,-11
0000000153,1610612738,BOS,Boston Celtics,203935,Kristaps Porziņģis,2023-24,Regular Season,2024-08-23,1610612747,LAL,Los Angeles Lakers,False,True,W,37.0,23,9,12,0,1,4,7,4,8,12,1,0,3,4,4,-6
0000000153,1610612738,BOS,Boston Celtics,1629057,Robert Williams,2023-24,Regular Season,2024-08-23,1610612747,LAL,Los Angeles Lakers,False,True,W,23.3,12,4,11,1,2,1,1,2,5,7,0,1,0,4,5,-16
0000000154,1610612747,LAL,Los Angeles Lakers,2544,LeBron James,2023-24,Regular Season,2024-08-25,1610612752,NYK,New York Knicks,True,False,L,30.9,20,8,15,4,10,0,7,0,17,17,4,2,0,1,1,-17
0000000154,1610612747,LAL,Los Angeles Lakers,1629029,Luka Dončić,2023-24,Regular Season,2024-08-25,1610612752,NYK,New York Knicks,True,False,L,28.7,24,9,15,0,0,6,6,1,3,4,3,0,1,2,5,2
0000000154,1610612747,LAL,Los Angeles Lakers,203076,Anthony Davis,2023-24,Regular Season,2024-08-25,1610612752,NYK,New York Knicks,True,False,L,36.2,22,8,15,0,1,1,1,0,15,15,2,0,3,2,2,-7
0000000154,1610612747,LAL,Los Angeles Lakers,1630559,Austin Reaves,2023-24,Regular Season,2024-08-25,1610612752,NYK,New York Knicks,True,False,L,24.8,3,8,10,8,10,1,1,1,2,3,5,2,2,4,4,-8
0000000154,1610612747,LAL,Los Angeles Lakers,1626156,Dalton Knecht,2023-24,Regular Season,2024-08-25,1610612752,NYK,New York Knicks,True,False,L,24.3,5,2,7,2,7,4,4,2,4,6,3,4,0,3,2,15
0000000154,1610612747,LAL,Los Angeles Lakers,1629020,Rui Hachimura,2023-24,Regular Season,2024-08-25,1610612752,NYK,New York Knicks,True,False,L,21.0,11,4,7,1,1,5,5,1,7,8,4,3,0,0,2,-14
0000000154,1610612752,NYK,New York Knicks,1628973,Jalen Brunson,2023-24,Regular Season,2024-08-25,1610612747,LAL,Los Angeles Lakers,False,True,W,32.6,26,10,17,6,8,0,8,3,3,6,7,1,1,4,1,-14
0000000154,1610612752,NYK,New York Knicks,1626157,Karl-Anthony Towns,2023-24,Regular Season,2024-08-25,1610612747,LAL,Los Angeles Lakers,False,True,W,27.8,15,6,12,1,1,1,1,4,10,14,6,2,0,3,5,-12
0000000154,1610612752,NYK,New York Knicks,1629628,RJ Barrett,2023-24,Regular Season,2024-08-25,1610612747,LAL,Los Angeles Lakers,False,True,W,19.5,30,12,16,1,5,0,1,2,0,2,4,4,2,3,0,3
0000000154,1610612752,NYK,New York Knicks,1630193,Immanuel Quickley,2023-24,Regular Season,2024-08-25,1610612747,LAL,Los Angeles Lakers,False,True,W,18.1,9,3,8,3,3,4,4,0,1,1,0,2,3,5,2,15
0000000154,1610612752,NYK,New York Knicks,203944,Julius Randle,2023-24,Regular Season,2024-08-25,1610612747,LAL,Los Angeles Lakers,False,True,W,18.3,18,7,10,0,5,3,8,2,3,5,3,1,0,0,2,6
0000000154,1610612752,NYK,New York Knicks,1631216,Miles McBride,2023-24,Regular Season,2024-08-25,1610612747,LAL,Los Angeles Lakers,False,True,W,33.4,11,4,10,3,4,0,0,0,0,0,1,2,0,0,3,-4
0000000155,1610612747,LAL,Los Angeles Lakers,2544,LeBron James,2023-24,Regular Season,2024-08-27,1610612748,MIA,Miami Heat,True,False,W,23.5,20,8,16,6,10,4,4,4,4,8,8,3,3,3,3,5
0000000155,1610612747,LAL,Los Angeles Lakers,1629029,Luka Dončić,2023-24,Regular Season,2024-08-27,1610612748,MIA,Miami Heat,True,False,W,34.6,26,10,16,4,4,5,8,1,12,13,14,0,2,0,2,18
0000000155,1610612747,LAL,Los Angeles Lakers,203076,Anthony Davis,2023-24,Regular Season,2024-08-27,1610612748,MIA,Miami Heat,True,False,W,24.4,28,11,15,2,2,1,1,3,7,10,2,0,3,2,5,-3
0000000155,1610612747,LAL,Los Angeles Lakers,1630559,Austin Reaves,2023-24,Regular Season,2024-08-27,1610612748,MIA,Miami Heat,True,False,W,24.5,16,6,13,0,5,2,3,0,0,0,3,1,2,2,2,-10
0000000155,1610612747,LAL,Los Angeles Lakers,1626156,Dalton Knecht,2023-24,Regular Season,2024-08-27,1610612748,MIA,Miami Heat,True,False,W,21.0,16,7,9,7,7,4,6,0,2,2,0,0,2,0,4,-11
0000000155,1610612747,LAL,Los Angeles Lakers,1629020,Rui Hachimura,2023-24,Regular Season,2024-08-27,1610612748,MIA,Miami Heat,True,False,W,28.8,2,0,2,0,1,3,4,4,2,6,1,2,1,0,5,-11
0000000155,1610612748,MIA,Miami Heat,202710,Jimmy Butler,2023-24,Regular Season,2024-08-27,1610612747,LAL,Los Angeles Lakers,False,True,L,28.1,16,7,12,7,7,3,5,3,2,5,5,2,2,1,1,-17
0000000155,1610612748,MIA,Miami Heat,1629639,Tyler Herro,2023-24,Regular Season,2024-08-27,1610612747,LAL,Los Angeles Lakers,False,True,L,18.4,25,10,17,10,10,4,7,0,0,0,4,0,2,1,0,14
0000000155,1610612748,MIA,Miami Heat,202355,Bam Adebayo,2023-24,Regular Season,2024-08-27,1610612747,LAL,Los Angeles Lakers,False,True,L,37.7,14,5,9,2,2,1,4,1,14,15,0,1,0,4,3,11
0000000155,1610612748,MIA,Miami Heat,1631170,Jaime Jaquez,2023-24,Regular Season,2024-08-27,1610612747,LAL,Los Angeles Lakers,False,True,L,34.5,15,6,8,4,5,1,1,2,0,2,1,2,3,2,2,14
0000000155,1610612748,MIA,Miami Heat,203482,Kelly Olynyk,2023-24,Regular Season,2024-08-27,1610612747,LAL,Los Angeles Lakers,False,True,L,18.9,18,7,12,1,2,1,3,2,3,5,4,0,2,5,4,-5
0000000155,1610612748,MIA,Miami Heat,1631107,Nikola Jović,2023-24,Regular Season,2024-08-27,1610612747,LAL,Los Angeles Lakers,False,True,L,35.4,10,4,10,1,1,2,2,2,0,2,1,1,3,0,4,-10
0000000156,1610612744,GSW,Golden State Warriors,201939,Stephen Curry,2023-24,Regular Season,2024-08-29,1610612747,LAL,Los Angeles Lakers,True,False,L,35.5,30,12,20,1,1,1,2,2,0,2,8,1,0,5,2,16
0000000156,1610612744,GSW,Golden State Warriors,202691,Klay Thompson,2023-24,Regular Season,2024-08-29,1610612747,LAL,Los Angeles Lakers,True,False,L,36.0,13,5,12,5,10,4,7,0,0,0,5,4,1,4,5,5
0000000156,1610612744,GSW,Golden State Warriors,203110,Draymond Green,2023-24,Regular Season,2024-08-29,1610612747,LAL,Los Angeles Lakers,True,False,L,32.5,2,0,4,0,1,1,2,3,1,4,8,4,2,2,0,3
0000000156,1610612744,GSW,Golden State Warriors,1630228,Jonathan Kuminga,2023-24,Regular Season,2024-08-29,1610612747,LAL,Los Angeles Lakers,True,False,L,28.4,9,5,10,5,10,0,1,2,3,5,3,2,2,1,1,4
0000000156,1610612744,GSW,Golden State Warriors,1626172,Kevon Looney,2023-24,Regular Season,2024-08-29,1610612747,LAL,Los Angeles Lakers,True,False,L,20.1,4,2,7,2,3,3,8,1,9,10,0,3,2,5,4,-18
0000000156,1610612744,GSW,Golden State Warriors,1630541,Brandin Podziemski,2023-24,Regular Season,2024-08-29,1610612747,LAL,Los Angeles Lakers,True,False,L,18.2,23,9,13,4,9,2,4,0,6,6,2,1,1,3,4,14
0000000156,1610612747,LAL,Los Angeles Lakers,2544,LeBron James,2023-24,Regular Season,2024-08-29,1610612744,GSW,Golden State Warriors,False,True,W,26.7,19,7,15,6,9,0,0,1,2,3,9,4,3,4,4,5
0000000156,1610612747,LAL,Los Angeles Lakers,1629029,Luka Dončić,2023-24,Regular Season,2024-08-29,1610612744,GSW,Golden State Warriors,False,True,W,25.3,29,11,16,0,0,4,8,1,6,7,7,1,3,0,4,-10
0000000156,1610612747,LAL,Los Angeles Lakers,203076,Anthony Davis,2023-24,Regular Season,2024-08-29,1610612744,GSW,Golden State Warriors,False,True,W,32.7,28,11,18,1,1,2,7,2,6,8,7,4,1,1,5,17
0000000156,1610612747,LAL,Los Angeles Lakers,1630559,Austin Reaves,2023-24,Regular Season,2024-08-29,1610612744,GSW,Golden State Warriors,False,True,W,19.3,13,5,10,0,0,2,6,3,0,3,2,2,3,1,0,-13
0000000156,1610612747,LAL,Los Angeles Lakers,1626156,Dalton Knecht,2023-24,Regular Season,2024-08-29,1610612744,GSW,Golden State Warriors,False,True,W,27.2,1,8,8,8,8,5,7,3,2,5,2,0,1,1,1,-5
0000000156,1610612747,LAL,Los Angeles Lakers,1629020,Rui Hachimura,2023-24,Regular Season,2024-08-29,1610612744,GSW,Golden State Warriors,False,True,W,19.6,8,3,7,1,3,3,4,3,2,5,0,4,2,4,3,2
0000000157,1610612744,GSW,Golden State Warriors,201939,Stephen Curry,2023-24,Regular Season,2024-08-31,1610612743,DEN,Denver Nuggets,True,False,W,27.6,35,14,20,2,10,5,6,0,7,7,7,0,2,1,0,-7
0000000157,1610612744,GSW,Golden State Warriors,202691,Klay Thompson,2023-24,Regular Season,2024-08-31,1610612743,DEN,Denver Nuggets,True,False,W,25.8,22,8,16,5,10,0,5,0,0,0,0,2,1,2,4,-16
0000000157,1610612744,GSW,Golden State Warriors,203110,Draymond Green,2023-24,Regular Season,2024-08-31,1610612743,DEN,Denver Nuggets,True,False,W,30.1,7,4,9,4,9,3,5,0,13,13,5,3,1,5,5,-9
0000000157,1610612744,GSW,Golden State Warriors,1630228,Jonathan Kuminga,2023-24,Regular Season,2024-08-31,1610612743,DEN,Denver Nuggets,True,False,W,20.0,13,5,8,2,7,0,1,3,0,3,3,3,2,5,0,-16
0000000157,1610612744,GSW,Golden State Warriors,1626172,Kevon Looney,2023-24,Regular Season,2024-08-31,1610612743,DEN,Denver Nuggets,True,False,W,29.6,7,2,4,1,1,0,0,0,8,8,1,0,3,1,1,2
0000000157,1610612744,GSW,Golden State Warriors,1630541,Brandin Podziemski,2023-24,Regular Season,2024-08-31,1610612743,DEN,Denver Nuggets,True,False,W,29.2,16,6,10,3,10,0,4,0,7,7,4,3,0,3,2,10
0000000157,1610612743,DEN,Denver Nuggets,203999,Nikola Jokić,2023-24,Regular Season,2024-08-31,1610612744,GSW,Golden State Warriors,False,True,L,28.8,30,12,16,2,3,2,3,4,7,11,7,3,0,1,0,-9
0000000157,1610612743,DEN,Denver Nuggets,1627750,Jamal Murray,2023-24,Regular Season,2024-08-31,1610612744,GSW,Golden State Warriors,False,True,L,34.7,25,10,18,0,5,8,8,2,6,8,4,1,3,2,0,-12
0000000157,1610612743,DEN,Denver Nuggets,1628420,Aaron Gordon,2023-24,Regular Season,2024-08-31,1610612744,GSW,Golden State Warriors,False,True,L,22.4,16,6,12,0,0,1,5,0,11,11,2,4,3,3,0,-8
0000000157,1610612743,DEN,Denver Nuggets,1630166,Christian Braun,2023-24,Regular Season,2024-08-31,1610612744,GSW,Golden State Warriors,False,True,L,29.2,8,3,8,1,4,1,3,2,0,2,1,3,2,2,0,-3
0000000157,1610612743,DEN,Denver Nuggets,203914,Kentavious Caldwell-Pope,2023-24,Regular Season,2024-08-31,1610612744,GSW,Golden State Warriors,False,True,L,18.8,9,3,7,3,4,4,7,2,0,2,0,1,0,2,4,-8
0000000157,1610612743,DEN,Denver Nuggets,1631128,Peyton Watson,2023-24,Regular Season,2024-08-31,1610612744,GSW,Golden State Warriors,False,True,L,28.6,11,6,9,6,9,0,2,2,2,4,0,4,2,4,4,0
0000000158,1610612744,GSW,Golden State Warriors,201939,Stephen Curry,2023-24,Regular Season,2024-09-02,1610612738,BOS,Boston Celtics,True,False,L,25.4,27,10,18,2,4,4,8,0,0,0,7,4,0,1,2,-2
0000000158,1610612744,GSW,Golden State Warriors,202691,Klay Thompson,2023-24,Regular Season,2024-09-02,1610612738,BOS,Boston Celtics,True,False,L,29.2,13,5,8,5,8,0,6,4,6,10,1,1,3,5,1,-11
0000000158,1610612744,GSW,Golden State Warriors,203110,Draymond Green,2023-24,Regular Season,2024-09-02,1610612738,BOS,Boston Celtics,True,False,L,34.1,0,1,3,1,1,2,6,1,6,7,6,4,1,2,4,9
0000000158,1610612744,GSW,Golden State Warriors,1630228,Jonathan Kuminga,2023-24,Regular Season,2024-09-02,1610612738,BOS,Boston Celtics,True,False,L,20.5,25,10,15,2,8,2,5,0,0,0,0,2,2,3,3,17
0000000158,1610612744,GSW,Golden State Warriors,1626172,Kevon Looney,2023-24,Regular Season,2024-09-02,1610612738,BOS,Boston Celtics,True,False,L,23.3,3,1,7,0,0,1,2,0,10,10,0,4,2,1,0,10
0000000158,1610612744,GSW,Golden State Warriors,1630541,Brandin Podziemski,2023-24,Regular Season,2024-09-02,1610612738,BOS,Boston Celtics,True,False,L,25.8,8,3,8,1,1,0,0,1,4,5,2,3,2,5,4,18
0000000158,1610612738,BOS,Boston Celtics,1628369,Jayson Tatum,2023-24,Regular Season,2024-09-02,1610612744,GSW,Golden State Warriors,False,True,W,24.4,23,9,17,0,4,7,7,2,7,9,2,0,0,4,4,-9
0000000158,1610612738,BOS,Boston Celtics,1627759,Jaylen Brown,2023-24,Regular Season,2024-09-02,1610612744,GSW,Golden State Warriors,False,True,W,28.8,25,10,15,0,0,3,7,3,8,11,3,1,1,3,3,10
0000000158,1610612738,BOS,Boston Celtics,201950,Jrue Holiday,2023-24,Regular Season,2024-09-02,1610612744,GSW,Golden State Warriors,False,True,W,22.5,0,0,10,0,10,1,3,2,2,4,3,0,1,2,0,-12
0000000158,1610612738,BOS,Boston Celtics,1628464,Derrick White,2023-24,Regular Season,2024-09-02,1610612744,GSW,Golden State Warriors,False,True,W,23.0,15,6,11,2,2,0,2,3,0,3,1,1,3,0,3,2
0000000158,1610612738,BOS,Boston Celtics,203935,Kristaps Porziņģis,2023-24,Regular Season,2024-09-02,1610612744,GSW,Golden State Warriors,False,True,W,31.1,18,7,13,0,1,1,3,3,4,7,0,2,2,2,1,-11
0000000158,1610612738,BOS,Boston Celtics,1629057,Robert Williams,2023-24,Regular Season,2024-09-02,1610612744,GSW,Golden State Warriors,False,True,W,22.7,16,6,10,1,3,4,4,4,2,6,1,0,2,4,0,-14
0000000159,1610612744,GSW,Golden State Warriors,201939,Stephen Curry,2023-24,Regular Season,2024-09-04,1610612752,NYK,New York Knicks,True,False,L,21.7,40,16,22,8,9,6,6,3,0,3,6,2,3,1,0,-2
0000000159,1610612744,GSW,Golden State Warriors,202691,Klay Thompson,2023-24,Regular Season,2024-09-04,1610612752,NYK,New York Knicks,True,False,L,23.4,17,6,14,1,4,1,2,0,0,0,2,1,0,0,4,-1
0000000159,1610612744,GSW,Golden State Warriors,203110,Draymond Green,2023-24,Regular Season,2024-09-04,1610612752,NYK,New York Knicks,True,False,L,22.0,16,6,9,0,2,0,0,0,13,13,6,1,1,5,5,-7
0000000159,1610612744,GSW,Golden State Warriors,1630228,Jonathan Kuminga,2023-24,Regular Season,2024-09-04,1610612752,NYK,New York Knicks,True,False,L,28.2,17,6,14,5,8,3,5,0,1,1,1,3,0,0,3,6
0000000159,1610612744,GSW,Golden State Warriors,1626172,Kevon Looney,2023-24,Regular Season,2024-09-04,1610612752,NYK,New York Knicks,True,False,L,29.4,9,3,8,0,1,0,3,0,12,12,4,0,0,4,2,-9
0000000159,1610612744,GSW,Golden State Warriors,1630541,Brandin Podziemski,2023-24,Regular Season,2024-09-04,1610612752,NYK,New York Knicks,True,False,L,19.6,0,5,7,5,7,0,1,0,2,2,0,2,0,2,5,13
0000000159,1610612752,NYK,New York Knicks,1628973,Jalen Brunson,2023-24,Regular Season,2024-09-04,1610612744,GSW,Golden State Warriors,False,True,W,24.1,18,7,13,1,2,5,6,1,0,1,7,0,2,0,2,-18
0000000159,1610612752,NYK,New York Knicks,1626157,Karl-Anthony Towns,2023-24,Regular Season,2024-09-04,1610612744,GSW,Golden State Warriors,False,True,W,19.4,27,10,17,0,0,0,0,1,8,9,5,0,3,4,3,18
0000000159,1610612752,NYK,New York Knicks,1629628,RJ Barrett,2023-24,Regular Season,2024-09-04,1610612744,GSW,Golden State Warriors,False,True,W,33.1,21,8,13,2,5,1,1,0,2,2,3,0,2,1,1,17
0000000159,1610612752,NYK,New York Knicks,1630193,Immanuel Quickley,2023-24,Regular Season,2024-09-04,1610612744,GSW,Golden State Warriors,False,True,W,27.6,10,4,8,0,1,2,7,4,0,4,1,0,0,5,0,3
0000000159,1610612752,NYK,New York Knicks,203944,Julius Randle,2023-24,Regular Season,2024-09-04,1610612744,GSW,Golden State Warriors,False,True,W,26.0,27,10,15,1,3,0,3,2,13,15,3,4,3,0,2,-16
0000000159,1610612752,NYK,New York Knicks,1631216,Miles McBride,2023-24,Regular Season,2024-09-04,1610612744,GSW,Golden State Warriors,False,True,W,20.9,7,6,10,6,10,1,5,0,0,0,0,4,2,4,2,16
0000000160,1610612744,GSW,Golden State Warriors,201939,Stephen Curry,2023-24,Regular Season,2024-09-06,1610612748,MIA,Miami Heat,True,False,L,20.7,30,12,20,2,6,0,2,1,0,1,6,2,2,4,0,18
0000000160,1610612744,GSW,Golden State Warriors,202691,Klay Thompson,2023-24,Regular Season,2024-09-06,1610612748,MIA,Miami Heat,True,False,L,28.2,3,1,4,0,4,1,4,1,4,5,0,1,1,3,2,2
0000000160,1610612744,GSW,Golden State Warriors,203110,Draymond Green,2023-24,Regular Season,2024-09-06,1610612748,MIA,Miami Heat,True,False,L,26.9,7,5,9,5,9,2,2,4,5,9,8,2,0,1,2,-5
0000000160,1610612744,GSW,Golden State Warriors,1630228,Jonathan Kuminga,2023-24,Regular Season,2024-09-06,1610612748,MIA,Miami Heat,True,False,L,30.8,16,6,11,1,1,5,7,2,2,4,1,0,1,3,2,-12
0000000160,1610612744,GSW,Golden State Warriors,1626172,Kevon Looney,2023-24,Regular Season,2024-09-06,1610612748,MIA,Miami Heat,True,False,L,32.0,0,1,3,1,3,6,7,0,8,8,0,2,0,5,4,5
0000000160,1610612744,GSW,Golden State Warriors,1630541,Brandin Podziemski,2023-24,Regular Season,2024-09-06,1610612748,MIA,Miami Heat,True,False,L,33.5,7,2,9,2,9,0,1,0,5,5,0,1,0,1,3,-1
0000000160,1610612748,MIA,Miami Heat,202710,Jimmy Butler,2023-24,Regular Season,2024-09-06,1610612744,GSW,Golden State Warriors,False,True,W,20.0,16,6,10,1,7,6,8,1,8,9,6,1,3,0,0,-14
0000000160,1610612748,MIA,Miami Heat,1629639,Tyler Herro,2023-24,Regular Season,2024-09-06,1610612744,GSW,Golden State Warriors,False,True,W,37.9,10,4,11,1,6,6,6,1,3,4,3,4,2,1,5,6
0000000160,1610612748,MIA,Miami Heat,202355,Bam Adebayo,2023-24,Regular Season,2024-09-06,1610612744,GSW,Golden State Warriors,False,True,W,27.3,14,5,9,1,1,0,4,0,5,5,2,1,0,5,0,5
0000000160,1610612748,MIA,Miami Heat,1631170,Jaime Jaquez,2023-24,Regular Season,2024-09-06,1610612744,GSW,Golden State Warriors,False,True,W,30.5,8,6,10,6,10,1,7,1,1,2,6,1,0,2,4,7
0000000160,1610612748,MIA,Miami Heat,203482,Kelly Olynyk,2023-24,Regular Season,2024-09-06,1610612744,GSW,Golden State Warriors,False,True,W,32.1,17,6,14,0,3,1,2,3,2,5,3,2,0,4,4,3
0000000160,1610612748,MIA,Miami Heat,1631107,Nikola Jović,2023-24,Regular Season,2024-09-06,1610612744,GSW,Golden State Warriors,False,True,W,18.3,6,3,9,3,9,1,4,3,1,4,1,4,2,3,3,-3
0000000161,1610612743,DEN,Denver Nuggets,203999,Nikola Jokić,2023-24,Regular Season,2024-09-08,1610612747,LAL,Los Angeles Lakers,True,False,L,32.1,31,12,21,1,1,0,0,2,8,10,8,0,0,3,4,8
0000000161,1610612743,DEN,Denver Nuggets,1627750,Jamal Murray,2023-24,Regular Season,2024-09-08,1610612747,LAL,Los Angeles Lakers,True,False,L,35.6,25,10,18,3,7,5,7,2,5,7,5,0,2,3,1,-5
0000000161,1610612743,DEN,Denver Nuggets,1628420,Aaron Gordon,2023-24,Regular Season,2024-09-08,1610612747,LAL,Los Angeles Lakers,True,False,L,23.6,17,6,10,2,8,6,8,4,0,4,2,3,0,1,5,-10
0000000161,1610612743,DEN,Denver Nuggets,1630166,Christian Braun,2023-24,Regular Season,2024-09-08,1610612747,LAL,Los Angeles Lakers,True,False,L,37.0,2,3,4,3,4,5,7,0,0,0,2,3,2,0,5,-2
0000000161,1610612743,DEN,Denver Nuggets,203914,Kentavious Caldwell-Pope,2023-24,Regular Season,2024-09-08,1610612747,LAL,Los Angeles Lakers,True,False,L,31.7,15,10,12,10,10,2,8,0,0,0,3,0,3,1,3,-11
0000000161,1610612743,DEN,Denver Nuggets,1631128,Peyton Watson,2023-24,Regular Season,2024-09-08,1610612747,LAL,Los Angeles Lakers,True,False,L,25.0,4,1,7,0,7,0,2,0,0,0,0,1,1,1,5,-6
0000000161,1610612747,LAL,Los Angeles Lakers,2544,LeBron James,2023-24,Regular Season,2024-09-08,1610612743,DEN,Denver Nuggets,False,True,W,19.8,21,8,11,4,5,1,5,4,4,8,10,3,1,4,4,-3
0000000161,1610612747,LAL,Los Angeles Lakers,1629029,Luka Dončić,2023-24,Regular Season,2024-09-08,1610612743,DEN,Denver Nuggets,False,True,W,20.8,30,12,16,7,9,2,2,3,3,6,8,4,3,1,5,7
0000000161,1610612747,LAL,Los Angeles Lakers,203076,Anthony Davis,2023-24,Regular Season,2024-09-08,1610612743,DEN,Denver Nuggets,False,True,W,19.6,23,9,12,1,3,1,6,4,9,13,1,1,3,5,1,2
0000000161,1610612747,LAL,Los Angeles Lakers,1630559,Austin Reaves,2023-24,Regular Season,2024-09-08,1610612743,DEN,Denver Nuggets,False,True,W,37.1,9,7,8,7,8,1,1,1,0,1,4,0,1,2,0,3
0000000161,1610612747,LAL,Los Angeles Lakers,1626156,Dalton Knecht,2023-24,Regular Season,2024-09-08,1610612743,DEN,Denver Nuggets,False,True,W,20.5,12,4,8,0,3,5,8,4,4,8,1,4,0,1,5,-12
0000000161,1610612747,LAL,Los Angeles Lakers,1629020,Rui Hachimura,2023-24,Regular Season,2024-09-08,1610612743,DEN,Denver Nuggets,False,True,W,19.0,11,4,9,3,7,0,6,4,2,6,1,3,2,4,0,-8
0000000162,1610612743,DEN,Denver Nuggets,203999,Nikola Jokić,2023-24,Regular Season,2024-09-10,1610612744,GSW,Golden State Warriors,True,False,W,24.4,29,11,16,0,0,2,3,2,12,14,10,3,0,4,0,-11
0000000162,1610612743,DEN,Denver Nuggets,1627750,Jamal Murray,2023-24,Regular Season,2024-09-10,1610612744,GSW,Golden State Warriors,True,False,W,27.5,8,3,8,1,3,0,1,0,7,7,3,2,3,0,3,-13
0000000162,1610612743,DEN,Denver Nuggets,1628420,Aaron Gordon,2023-24,Regular Season,2024-09-10,1610612744,GSW,Golden State Warriors,True,False,W,30.6,25,10,14,0,4,2,5,4,1,5,1,1,3,0,2,2
0000000162,1610612743,DEN,Denver Nuggets,1630166,Christian Braun,2023-24,Regular Season,2024-09-10,1610612744,GSW,Golden State Warriors,True,False,W,26.6,15,6,10,2,2,2,6,2,1,3,3,3,0,3,1,-9
0000000162,1610612743,DEN,Denver Nuggets,203914,Kentavious Caldwell-Pope,2023-24,Regular Season,2024-09-10,1610612744,GSW,Golden State Warriors,True,False,W,22.5,8,3,9,1,9,3,4,1,4,5,0,1,0,0,3,14
0000000162,1610612743,DEN,Denver Nuggets,1631128,Peyton Watson,2023-24,Regular Season,2024-09-10,1610612744,GSW,Golden State Warriors,True,False,W,36.3,12,4,10,2,10,0,1,0,0,0,0,3,2,1,5,15
0000000162,1610612744,GSW,Golden State Warriors,201939,Stephen Curry,2023-24,Regular Season,2024-09-10,1610612743,DEN,Denver Nuggets,False,True,L,22.0,23,9,16,6,10,0,7,3,11,14,1,1,1,3,1,2
0000000162,1610612744,GSW,Golden State Warriors,202691,Klay Thompson,2023-24,Regular Season,2024-09-10,1610612743,DEN,Denver Nuggets,False,True,L,30.8,17,7,14,7,10,2,3,1,3,4,4,2,0,2,4,-1
0000000162,1610612744,GSW,Golden State Warriors,203110,Draymond Green,2023-24,Regular Season,2024-09-10,1610612743,DEN,Denver Nuggets,False,True,L,21.1,4,4,9,4,9,0,2,2,4,6,3,4,0,3,4,8
0000000162,1610612744,GSW,Golden State Warriors,1630228,Jonathan Kuminga,2023-24,Regular Season,2024-09-10,1610612743,DEN,Denver Nuggets,False,True,L,36.4,16,7,12,7,8,0,2,1,0,1,2,3,0,4,0,-18
0000000162,1610612744,GSW,Golden State Warriors,1626172,Kevon Looney,2023-24,Regular Season,2024-09-10,1610612743,DEN,Denver Nuggets,False,True,L,25.9,17,6,13,0,3,4,5,2,6,8,3,1,2,0,2,-11
0000000162,1610612744,GSW,Golden State Warriors,1630541,Brandin Podziemski,2023-24,Regular Season,2024-09-10,1610612743,DEN,Denver Nuggets,False,True,L,23.4,10,8,10,8,10,2,3,1,7,8,6,1,2,1,1,-1
0000000163,1610612743,DEN,Denver Nuggets,203999,Nikola Jokić,2023-24,Regular Season,2024-09-12,1610612738,BOS,Boston Celtics,True,False,L,25.1,26,10,17,3,3,0,0,4,13,17,10,3,0,5,0,5
0000000163,1610612743,DEN,Denver Nuggets,1627750,Jamal Murray,2023-24,Regular Season,2024-09-12,1610612738,BOS,Boston Celtics,True,False,L,19.5,22,8,16,8,10,0,0,0,4,4,1,4,1,1,5,6
0000000163,1610612743,DEN,Denver Nuggets,1628420,Aaron Gordon,2023-24,Regular Season,2024-09-12,1610612738,BOS,Boston Celtics,True,False,L,32.0,12,4,12,3,3,5,7,2,2,4,3,2,2,3,1,10
0000000163,1610612743,DEN,Denver Nuggets,1630166,Christian Braun,2023-24,Regular Season,2024-09-12,1610612738,BOS,Boston Celtics,True,False,L,35.4,22,8,13,0,1,0,1,2,1,3,0,2,2,3,1,13
0000000163,1610612743,DEN,Denver Nuggets,203914,Kentavious Caldwell-Pope,2023-24,Regular Season,2024-09-12,1610612738,BOS,Boston Celtics,True,False,L,28.2,6,3,8,3,3,1,1,2,1,3,2,4,3,4,1,5
0000000163,1610612743,DEN,Denver Nuggets,1631128,Peyton Watson,2023-24,Regular Season,2024-09-12,1610612738,BOS,Boston Celtics,True,False,L,26.7,8,7,9,7,9,0,1,2,0,2,3,0,3,1,2,15
0000000163,1610612738,BOS,Boston Celtics,1628369,Jayson Tatum,2023-24,Regular Season,2024-09-12,1610612743,DEN,Denver Nuggets,False,True,W,37.2,23,9,12,0,0,0,4,2,12,14,5,1,1,2,2,-6
0000000163,1610612738,BOS,Boston Celtics,1627759,Jaylen Brown,2023-24,Regular Season,2024-09-12,1610612743,DEN,Denver Nuggets,False,True,W,29.7,22,8,15,8,10,0,5,0,10,10,6,1,2,5,1,-14
0000000163,1610612738,BOS,Boston Celtics,201950,Jrue Holiday,2023-24,Regular Season,2024-09-12,1610612743,DEN,Denver Nuggets,False,True,W,31.9,8,3,8,0,3,1,2,2,1,3,6,3,1,4,2,-12
0000000163,1610612738,BOS,Boston Celtics,1628464,Derrick White,2023-24,Regular Season,2024-09-12,1610612743,DEN,Denver Nuggets,False,True,W,34.9,14,6,12,6,10,1,2,4,3,7,6,1,1,2,2,7
0000000163,1610612738,BOS,Boston Celtics,203935,Kristaps Porziņģis,2023-24,Regular Season,2024-09-12,1610612743,DEN,Denver Nuggets,False,True,W,21.9,19,7,11,0,2,0,1,3,0,3,3,1,0,0,0,-13
0000000163,1610612738,BOS,Boston Celtics,1629057,Robert Williams,2023-24,Regular Season,2024-09-12,1610612743,DEN,Denver Nuggets,False,True,W,26.9,14,5,13,0,0,1,3,2,9,11,3,3,1,4,4,1
0000000164,1610612743,DEN,Denver Nuggets,203999,Nikola Jokić,2023-24,Regular Season,2024-09-14,1610612752,NYK,New York Knicks,True,False,L,37.6,22,8,16,0,1,3,4,1,8,9,14,3,0,0,3,-11
0000000164,1610612743,DEN,Denver Nuggets,1627750,Jamal Murray,2023-24,Regular Season,2024-09-14,1610612752,NYK,New York Knicks,True,False,L,27.4,21,8,14,0,0,0,8,1,5,6,7,3,3,1,1,-12
0000000164,1610612743,DEN,Denver Nuggets,1628420,Aaron Gordon,2023-24,Regular Season,2024-09-14,1610612752,NYK,New York Knicks,True,False,L,32.3,4,1,10,1,10,1,8,4,3,7,4,4,2,3,5,-13
0000000164,1610612743,DEN,Denver Nuggets,1630166,Christian Braun,2023-24,Regular Season,2024-09-14,1610612752,NYK,New York Knicks,True,False,L,32.7,6,8,9,8,9,7,8,3,1,4,2,2,2,5,0,-16
0000000164,1610612743,DEN,Denver Nuggets,203914,Kentavious Caldwell-Pope,2023-24,Regular Season,2024-09-14,1610612752,NYK,New York Knicks,True,False,L,23.3,8,6,8,6,8,1,1,2,4,6,2,3,1,0,2,9
0000000164,1610612743,DEN,Denver Nuggets,1631128,Peyton Watson,2023-24,Regular Season,2024-09-14,1610612752,NYK,New York Knicks,True,False,L,31.2,8,3,8,0,2,1,3,2,3,5,1,4,3,1,0,-5
0000000164,1610612752,NYK,New York Knicks,1628973,Jalen Brunson,2023-24,Regular Season,2024-09-14,1610612743,DEN,Denver Nuggets,False,True,W,30.4,25,10,13,1,1,0,1,1,3,4,9,0,1,1,5,-9
0000000164,1610612752,NYK,New York Knicks,1626157,Karl-Anthony Towns,2023-24,Regular Season,2024-09-14,1610612743,DEN,Denver Nuggets,False,True,W,31.5,16,6,14,0,3,0,2,2,4,6,2,4,0,5,4,-11
0000000164,1610612752,NYK,New York Knicks,1629628,RJ Barrett,2023-24,Regular Season,2024-09-14,1610612743,DEN,Denver Nuggets,False,True,W,36.0,22,8,14,3,3,1,8,4,2,6,1,3,1,4,1,1
0000000164,1610612752,NYK,New York Knicks,1630193,Immanuel Quickley,2023-24,Regular Season,2024-09-14,1610612743,DEN,Denver Nuggets,False,True,W,23.6,6,4,7,4,7,2,7,2,3,5,1,1,2,4,0,17
0000000164,1610612752,NYK,New York Knicks,203944,Julius Randle,2023-24,Regular Season,2024-09-14,1610612743,DEN,Denver Nuggets,False,True,W,28.8,20,8,15,0,1,0,8,4,0,4,5,1,1,1,1,9
0000000164,1610612752,NYK,New York Knicks,1631216,Miles McBride,2023-24,Regular Season,2024-09-14,1610612743,DEN,Denver Nuggets,False,True,W,21.1,0,3,7,3,7,8,8,0,0,0,2,4,1,3,1,-8
0000000165,1610612743,DEN,Denver Nuggets,203999,Nikola Jokić,2023-24,Regular Season,2024-09-16,1610612748,MIA,Miami Heat,True,False,L,19.4,30,12,17,0,1,6,7,2,8,10,13,4,1,3,2,8
0000000165,1610612743,DEN,Denver Nuggets,1627750,Jamal Murray,2023-24,Regular Season,2024-09-16,1610612748,MIA,Miami Heat,True,False,L,31.1,18,7,10,3,5,0,1,2,1,3,5,3,3,1,0,-17
0000000165,1610612743,DEN,Denver Nuggets,1628420,Aaron Gordon,2023-24,Regular Season,2024-09-16,1610612748,MIA,Miami Heat,True,False,L,35.7,18,7,12,2,8,3,4,1,7,8,3,1,2,1,5,2
0000000165,1610612743,DEN,Denver Nuggets,1630166,Christian Braun,2023-24,Regular Season,2024-09-16,1610612748,MIA,Miami Heat,True,False,L,31.3,10,6,9,6,9,0,3,3,2,5,0,3,3,3,3,-2
0000000165,1610612743,DEN,Denver Nuggets,203914,Kentavious Caldwell-Pope,2023-24,Regular Season,2024-09-16,1610612748,MIA,Miami Heat,True,False,L,25.2,11,4,8,4,6,4,7,0,0,0,0,0,3,5,5,5
0000000165,1610612743,DEN,Denver Nuggets,1631128,Peyton Watson,2023-24,Regular Season,2024-09-16,1610612748,MIA,Miami Heat,True,False,L,29.6,0,0,3,0,0,0,0,0,0,0,1,2,0,0,3,15
0000000165,1610612748,MIA,Miami Heat,202710,Jimmy Butler,2023-24,Regular Season,2024-09-16,1610612743,DEN,Denver Nuggets,False,True,W,26.0,33,13,21,9,9,7,8,1,11,12,3,1,3,2,3,-18
0000000165,1610612748,MIA,Miami Heat,1629639,Tyler Herro,2023-24,Regular Season,2024-09-16,1610612743,DEN,Denver Nuggets,False,True,W,18.2,22,8,12,7,7,2,8,4,3,7,5,4,1,3,1,15
0000000165,1610612748,MIA,Miami Heat,202355,Bam Adebayo,2023-24,Regular Season,2024-09-16,1610612743,DEN,Denver Nuggets,False,True,W,31.2,24,9,14,3,3,6,8,2,8,10,1,1,2,4,5,-1
0000000165,1610612748,MIA,Miami Heat,1631170,Jaime Jaquez,2023-24,Regular Season,2024-09-16,1610612743,DEN,Denver Nuggets,False,True,W,25.7,8,3,7,0,0,6,6,0,6,6,1,3,0,5,2,-8
0000000165,1610612748,MIA,Miami Heat,203482,Kelly Olynyk,2023-24,Regular Season,2024-09-16,1610612743,DEN,Denver Nuggets,False,True,W,35.2,0,0,2,0,0,6,7,2,7,9,2,2,1,4,0,-11
0000000165,1610612748,MIA,Miami Heat,1631107,Nikola Jović,2023-24,Regular Season,2024-09-16,1610612743,DEN,Denver Nuggets,False,True,W,36.1,7,2,9,1,6,1,4,3,4,7,0,1,0,2,0,12
0000000166,1610612738,BOS,Boston Celtics,1628369,Jayson Tatum,2023-24,Regular Season,2024-09-18,1610612747,LAL,Los Angeles Lakers,True,False,W,26.5,17,6,9,0,8,2,5,1,4,5,1,3,0,3,2,-16
0000000166,1610612738,BOS,Boston Celtics,1627759,Jaylen Brown,2023-24,Regular Season,2024-09-18,1610612747,LAL,Los Angeles Lakers,True,False,W,24.0,18,9,15,9,10,5,6,1,1,2,0,0,3,4,2,17
0000000166,1610612738,BOS,Boston Celtics,201950,Jrue Holiday,2023-24,Regular Season,2024-09-18,1610612747,LAL,Los Angeles Lakers,True,False,W,31.3,10,4,8,0,0,3,4,3,1,4,5,4,0,0,5,5
0000000166,1610612738,BOS,Boston Celtics,1628464,Derrick White,2023-24,Regular Season,2024-09-18,1610612747,LAL,Los Angeles Lakers,True,False,W,26.4,27,10,15,1,6,0,0,0,2,2,7,1,0,2,5,-8
0000000166,1610612738,BOS,Boston Celtics,203935,Kristaps Porziņģis,2023-24,Regular Season,2024-09-18,1610612747,LAL,Los Angeles Lakers,True,False,W,23.0,19,7,15,1,3,0,4,3,7,10,1,4,1,3,2,8
0000000166,1610612738,BOS,Boston Celtics,1629057,Robert Williams,2023-24,Regular Season,2024-09-18,1610612747,LAL,Los Angeles Lakers,True,False,W,34.7,12,4,9,1,1,0,0,1,4,5,1,1,3,1,4,-2
0000000166,1610612747,LAL,Los Angeles Lakers,2544,LeBron James,2023-24,Regular Season,2024-09-18,1610612738,BOS,Boston Celtics,False,True,L,37.2,17,6,13,0,1,0,0,4,7,11,8,1,3,1,2,12
0000000166,1610612747,LAL,Los Angeles Lakers,1629029,Luka Dončić,2023-24,Regular Season,2024-09-18,1610612738,BOS,Boston Celtics,False,True,L,29.6,14,5,10,4,4,0,2,3,5,8,9,4,3,1,0,-1
0000000166,1610612747,LAL,Los Angeles Lakers,203076,Anthony Davis,2023-24,Regular Season,2024-09-18,1610612738,BOS,Boston Celtics,False,True,L,30.6,23,9,12,0,1,4,7,0,10,10,0,1,2,1,0,5
0000000166,1610612747,LAL,Los Angeles Lakers,1630559,Austin Reaves,2023-24,Regular Season,2024-09-18,1610612738,BOS,Boston Celtics,False,True,L,24.6,23,9,16,1,3,7,7,3,2,5,4,0,0,5,2,7
0000000166,1610612747,LAL,Los Angeles Lakers,1626156,Dalton Knecht,2023-24,Regular Season,2024-09-18,1610612738,BOS,Boston Celtics,False,True,L,28.6,7,2,9,2,7,2,4,1,0,1,3,4,3,3,0,10
0000000166,1610612747,LAL,Los Angeles Lakers,1629020,Rui Hachimura,2023-24,Regular Season,2024-09-18,1610612738,BOS,Boston Celtics,False,True,L,19.1,9,7,10,7,10,0,1,2,3,5,1,3,3,5,1,-9
0000000167,1610612738,BOS,Boston Celtics,1628369,Jayson Tatum,2023-24,Regular Season,2024-09-20,1610612744,GSW,Golden State Warriors,True,False,L,33.4,22,8,12,0,0,1,4,2,3,5,5,4,0,1,0,2
0000000167,1610612738,BOS,Boston Celtics,1627759,Jaylen Brown,2023-24,Regular Season,2024-09-20,1610612744,GSW,Golden State Warriors,True,False,L,28.9,13,5,11,3,8,2,6,2,3,5,0,2,1,1,0,17
0000000167,1610612738,BOS,Boston Celtics,201950,Jrue Holiday,2023-24,Regular Season,2024-09-20,1610612744,GSW,Golden State Warriors,True,False,L,23.8,3,1,7,0,1,0,4,1,6,7,3,1,0,4,3,-13
0000000167,1610612738,BOS,Boston Celtics,1628464,Derrick White,2023-24,Regular Season,2024-09-20,1610612744,GSW,Golden State Warriors,True,False,L,19.1,7,6,8,6,8,3,7,3,0,3,8,0,0,1,3,-8
0000000167,1610612738,BOS,Boston Celtics,203935,Kristaps Porziņģis,2023-24,Regular Season,2024-09-20,1610612744,GSW,Golden State Warriors,True,False,L,29.0,21,8,16,0,3,2,5,2,6,8,6,4,1,5,1,-2
0000000167,1610612738,BOS,Boston Celtics,1629057,Robert Williams,2023-24,Regular Season,2024-09-20,1610612744,GSW,Golden State Warriors,True,False,L,32.7,2,0,7,0,1,2,2,2,3,5,0,0,1,0,4,10
0000000167,1610612744,GSW,Golden State Warriors,201939,Stephen Curry,2023-24,Regular Season,2024-09-20,1610612738,BOS,Boston Celtics,False,True,W,25.0,31,12,20,1,6,1,6,3,4,7,5,2,0,1,1,-8
0000000167,1610612744,GSW,Golden State Warriors,202691,Klay Thompson,2023-24,Regular Season,2024-09-20,1610612738,BOS,Boston Celtics,False,True,W,34.2,20,8,15,5,10,5,5,4,1,5,0,3,0,1,0,4
0000000167,1610612744,GSW,Golden State Warriors,203110,Draymond Green,2023-24,Regular Season,2024-09-20,1610612738,BOS,Boston Celtics,False,True,W,36.1,7,2,9,0,9,6,7,0,16,16,4,1,1,2,0,-16
0000000167,1610612744,GSW,Golden State Warriors,1630228,Jonathan Kuminga,2023-24,Regular Season,2024-09-20,1610612738,BOS,Boston Celtics,False,True,W,30.1,23,9,12,1,5,8,8,0,6,6,3,4,0,4,5,-17
0000000167,1610612744,GSW,Golden State Warriors,1626172,Kevon Looney,2023-24,Regular Season,2024-09-20,1610612738,BOS,Boston Celtics,False,True,W,28.3,0,0,4,0,0,0,7,3,9,12,2,2,3,3,1,-1
0000000167,1610612744,GSW,Golden State Warriors,1630541,Brandin Podziemski,2023-24,Regular Season,2024-09-20,1610612738,BOS,Boston Celtics,False,True,W,18.9,14,5,9,2,2,2,6,0,1,1,1,2,2,5,5,15
0000000168,1610612738,BOS,Boston Celtics,1628369,Jayson Tatum,2023-24,Regular Season,2024-09-22,1610612743,DEN,Denver Nuggets,True,False,L,28.5,26,10,19,6,8,1,1,0,10,10,1,0,0,1,1,5
0000000168,1610612738,BOS,Boston Celtics,1627759,Jaylen Brown,2023-24,Regular Season,2024-09-22,1610612743,DEN,Denver Nuggets,True,False,L,30.1,27,10,17,4,4,1,8,0,0,0,3,3,3,3,4,14
0000000168,1610612738,BOS,Boston Celtics,201950,Jrue Holiday,2023-24,Regular Season,2024-09-22,1610612743,DEN,Denver Nuggets,True,False,L,22.5,12,4,8,1,7,0,0,0,10,10,8,0,1,5,4,-1
0000000168,1610612738,BOS,Boston Celtics,1628464,Derrick White,2023-24,Regular Season,2024-09-22,1610612743,DEN,Denver Nuggets,True,False,L,30.5,8,4,9,4,6,1,1,3,0,3,5,4,1,5,0,-12
0000000168,1610612738,BOS,Boston Celtics,203935,Kristaps Porziņģis,2023-24,Regular Season,2024-09-22,1610612743,DEN,Denver Nuggets,True,False,L,19.0,14,5,8,1,2,4,7,3,5,8,2,1,0,4,2,2
0000000168,1610612738,BOS,Boston Celtics,1629057,Robert Williams,2023-24,Regular Season,2024-09-22,1610612743,DEN,Denver Nuggets,True,False,L,23.0,1,0,1,0,0,1,1,4,8,12,0,2,0,1,1,16
0000000168,1610612743,DEN,Denver Nuggets,203999,Nikola Jokić,2023-24,Regular Season,2024-09-22,1610612738,BOS,Boston Celtics,False,True,W,28.7,35,14,21,1,2,0,8,3,4,7,9,1,3,2,1,18
0000000168,1610612743,DEN,Denver Nuggets,1627750,Jamal Murray,2023-24,Regular Season,2024-09-22,1610612738,BOS,Boston Celtics,False,True,W,19.4,22,8,14,1,5,4,5,0,0,0,6,4,1,2,0,-13
0000000168,1610612743,DEN,Denver Nuggets,1628420,Aaron Gordon,2023-24,Regular Season,2024-09-22,1610612738,BOS,Boston Celtics,False,True,W,26.6,11,4,9,2,6,1,6,0,9,9,2,2,0,3,5,10
0000000168,1610612743,DEN,Denver Nuggets,1630166,Christian Braun,2023-24,Regular Season,2024-09-22,1610612738,BOS,Boston Celtics,False,True,W,21.6,10,4,9,3,7,0,0,1,5,6,0,4,0,5,0,17
0000000168,1610612743,DEN,Denver Nuggets,203914,Kentavious Caldwell-Pope,2023-24,Regular Season,2024-09-22,1610612738,BOS,Boston Celtics,False,True,W,19.0,20,8,13,5,9,0,2,0,0,0,2,2,3,0,4,9
0000000168,1610612743,DEN,Denver Nuggets,1631128,Peyton Watson,2023-24,Regular Season,2024-09-22,1610612738,BOS,Boston Celtics,False,True,W,30.3,8,3,7,3,7,1,7,0,0,0,2,1,2,1,0,-12
0000000169,1610612738,BOS,Boston Celtics,1628369,Jayson Tatum,2023-24,Regular Season,2024-09-24,1610612752,NYK,New York Knicks,True,False,L,34.9,31,12,16,2,2,3,7,0,15,15,14,1,1,5,2,2
0000000169,1610612738,BOS,Boston Celtics,1627759,Jaylen Brown,2023-24,Regular Season,2024-09-24,1610612752,NYK,New York Knicks,True,False,L,19.7,23,9,17,1,2,1,6,3,0,3,2,4,2,2,1,6
0000000169,1610612738,BOS,Boston Celtics,201950,Jrue Holiday,2023-24,Regular Season,2024-09-24,1610612752,NYK,New York Knicks,True,False,L,25.4,9,3,10,0,10,2,3,0,0,0,3,1,0,5,0,18
0000000169,1610612738,BOS,Boston Celtics,1628464,Derrick White,2023-24,Regular Season,2024-09-24,1610612752,NYK,New York Knicks,True,False,L,27.2,13,5,11,3,3,1,5,0,2,2,7,4,3,2,2,-7
0000000169,1610612738,BOS,Boston Celtics,203935,Kristaps Porziņģis,2023-24,Regular Season,2024-09-24,1610612752,NYK,New York Knicks,True,False,L,20.5,17,6,14,0,0,3,4,4,5,9,2,2,3,1,4,16
0000000169,1610612738,BOS,Boston Celtics,1629057,Robert Williams,2023-24,Regular Season,2024-09-24,1610612752,NYK,New York Knicks,True,False,L,22.5,19,7,14,0,0,1,4,1,8,9,0,2,3,2,5,8
0000000169,1610612752,NYK,New York Knicks,1628973,Jalen Brunson,2023-24,Regular Season,2024-09-24,1610612738,BOS,Boston Celtics,False,True,W,26.9,30,12,20,2,7,1,6,2,1,3,10,3,1,3,2,11
0000000169,1610612752,NYK,New York Knicks,1626157,Karl-Anthony Towns,2023-24,Regular Season,2024-09-24,1610612738,BOS,Boston Celtics,False,True,W,21.4,35,14,20,2,3,6,6,1,5,6,0,4,1,1,2,-10
0000000169,1610612752,NYK,New York Knicks,1629628,RJ Barrett,2023-24,Regular Season,2024-09-24,1610612738,BOS,Boston Celtics,False,True,W,22.8,15,6,8,0,8,0,6,3,2,5,3,0,1,4,0,-17
0000000169,1610612752,NYK,New York Knicks,1630193,Immanuel Quickley,2023-24,Regular Season,2024-09-24,1610612738,BOS,Boston Celtics,False,True,W,20.5,8,3,8,2,7,0,2,3,2,5,5,4,1,0,3,-10
0000000169,1610612752,NYK,New York Knicks,203944,Julius Randle,2023-24,Regular Season,2024-09-24,1610612738,BOS,Boston Celtics,False,True,W,18.8,18,7,15,6,6,0,0,3,3,6,5,1,0,2,3,-2
0000000169,1610612752,NYK,New York Knicks,1631216,Miles McBride,2023-24,Regular Season,2024-09-24,1610612738,BOS,Boston Celtics,False,True,W,26.9,12,4,7,4,4,1,5,1,0,1,0,1,1,0,3,2
0000000170,1610612738,BOS,Boston Celtics,1628369,Jayson Tatum,2023-24,Regular Season,2024-09-26,1610612748,MIA,Miami Heat,True,False,W,36.4,36,14,24,0,0,3,3,1,7,8,1,1,2,5,2,4
0000000170,1610612738,BOS,Boston Celtics,1627759,Jaylen Brown,2023-24,Regular Season,2024-09-26,1610612748,MIA,Miami Heat,True,False,W,37.9,26,10,16,0,1,3,6,4,5,9,4,4,3,0,5,17
0000000170,1610612738,BOS,Boston Celtics,201950,Jrue Holiday,2023-24,Regular Season,2024-09-26,1610612748,MIA,Miami Heat,True,False,W,20.0,22,8,17,0,2,2,2,2,0,2,5,0,0,3,3,2
0000000170,1610612738,BOS,Boston Celtics,1628464,Derrick White,2023-24,Regular Season,2024-09-26,1610612748,MIA,Miami Heat,True,False,W,18.0,6,4,8,4,8,0,0,1,3,4,8,4,0,4,1,-11
0000000170,1610612738,BOS,Boston Celtics,203935,Kristaps Porziņģis,2023-24,Regular Season,2024-09-26,1610612748,MIA,Miami Heat,True,False,W,22.1,15,6,9,1,1,3,5,4,2,6,0,1,1,4,1,9
0000000170,1610612738,BOS,Boston Celtics,1629057,Robert Williams,2023-24,Regular Season,2024-09-26,1610612748,MIA,Miami Heat,True,False,W,31.9,3,1,7,0,1,3,6,4,1,5,1,0,0,2,5,-4
0000000170,1610612748,MIA,Miami Heat,202710,Jimmy Butler,2023-24,Regular Season,2024-09-26,1610612738,BOS,Boston Celtics,False,True,L,37.6,23,9,16,1,2,5,6,3,2,5,5,0,1,5,0,17
0000000170,1610612748,MIA,Miami Heat,1629639,Tyler Herro,2023-24,Regular Season,2024-09-26,1610612738,BOS,Boston Celtics,False,True,L,37.6,21,8,13,4,6,1,4,1,2,3,4,0,1,4,4,9
0000000170,1610612748,MIA,Miami Heat,202355,Bam Adebayo,2023-24,Regular Season,2024-09-26,1610612738,BOS,Boston Celtics,False,True,L,37.2,21,8,13,0,1,2,6,0,5,5,3,3,3,2,1,12
0000000170,1610612748,MIA,Miami Heat,1631170,Jaime Jaquez,2023-24,Regular Season,2024-09-26,1610612738,BOS,Boston Celtics,False,True,L,36.2,12,4,11,2,4,2,4,1,1,2,2,3,0,2,4,11
0000000170,1610612748,MIA,Miami Heat,203482,Kelly Olynyk,2023-24,Regular Season,2024-09-26,1610612738,BOS,Boston Celtics,False,True,L,25.3,0,0,1,0,1,1,5,3,1,4,0,1,3,4,4,-2
0000000170,1610612748,MIA,Miami Heat,1631107,Nikola Jović,2023-24,Regular Season,2024-09-26,1610612738,BOS,Boston Celtics,False,True,L,31.0,16,6,13,0,2,1,2,0,2,2,0,0,0,5,3,9
0000000171,1610612752,NYK,New York Knicks,1628973,Jalen Brunson,2023-24,Regular Season,2024-09-28,1610612747,LAL,Los Angeles Lakers,True,False,W,35.8,32,12,17,0,0,4,5,0,6,6,9,4,1,3,2,8
0000000171,1610612752,NYK,New York Knicks,1626157,Karl-Anthony Towns,2023-24,Regular Season,2024-09-28,1610612747,LAL,Los Angeles Lakers,True,False,W,34.9,17,6,13,0,3,0,1,1,8,9,0,4,3,1,1,-8
0000000171,1610612752,NYK,New York Knicks,1629628,RJ Barrett,2023-24,Regular Season,2024-09-28,1610612747,LAL,Los Angeles Lakers,True,False,W,23.6,18,7,11,1,1,1,1,4,5,9,7,2,2,2,1,15
0000000171,1610612752,NYK,New York Knicks,1630193,Immanuel Quickley,2023-24,Regular Season,2024-09-28,1610612747,LAL,Los Angeles Lakers,True,False,W,27.7,14,5,8,0,4,1,1,1,5,6,0,2,0,5,0,-9
0000000171,1610612752,NYK,New York Knicks,203944,Julius Randle,2023-24,Regular Season,2024-09-28,1610612747,LAL,Los Angeles Lakers,True,False,W,25.7,21,8,15,2,2,2,6,0,13,13,3,4,3,2,2,-10
0000000171,1610612752,NYK,New York Knicks,1631216,Miles McBride,2023-24,Regular Season,2024-09-28,1610612747,LAL,Los Angeles Lakers,True,False,W,23.4,12,4,7,1,3,1,1,0,0,0,3,3,1,5,0,4
0000000171,1610612747,LAL,Los Angeles Lakers,2544,LeBron James,2023-24,Regular Season,2024-09-28,1610612752,NYK,New York Knicks,False,True,L,32.5,25,10,13,6,8,0,1,1,2,3,9,4,0,5,3,-15
0000000171,1610612747,LAL,Los Angeles Lakers,1629029,Luka Dončić,2023-24,Regular Season,2024-09-28,1610612752,NYK,New York Knicks,False,True,L,37.0,25,10,17,6,9,1,1,0,6,6,7,4,0,2,2,11
0000000171,1610612747,LAL,Los Angeles Lakers,203076,Anthony Davis,2023-24,Regular Season,2024-09-28,1610612752,NYK,New York Knicks,False,True,L,21.3,24,9,14,0,0,5,5,4,5,9,0,3,2,5,4,12
0000000171,1610612747,LAL,Los Angeles Lakers,1630559,Austin Reaves,2023-24,Regular Season,2024-09-28,1610612752,NYK,New York Knicks,False,True,L,29.8,18,7,10,0,6,0,7,0,0,0,6,2,1,2,3,17
0000000171,1610612747,LAL,Los Angeles Lakers,1626156,Dalton Knecht,2023-24,Regular Season,2024-09-28,1610612752,NYK,New York Knicks,False,True,L,22.3,3,7,10,7,10,1,1,0,0,0,0,4,2,2,2,-11
0000000171,1610612747,LAL,Los Angeles Lakers,1629020,Rui Hachimura,2023-24,Regular Season,2024-09-28,1610612752,NYK,New York Knicks,False,True,L,35.0,15,6,12,0,0,4,4,1,2,3,0,0,1,2,3,-13
0000000172,1610612752,NYK,New York Knicks,1628973,Jalen Brunson,2023-24,Regular Season,2024-09-30,1610612744,GSW,Golden State Warriors,True,False,W,37.1,26,10,15,6,8,1,6,0,4,4,9,2,3,1,0,10
0000000172,1610612752,NYK,New York Knicks,1626157,Karl-Anthony Towns,2023-24,Regular Season,2024-09-30,1610612744,GSW,Golden State Warriors,True,False,W,26.2,14,5,8,2,3,1,1,0,10,10,4,3,3,5,0,1
0000000172,1610612752,NYK,New York Knicks,1629628,RJ Barrett,2023-24,Regular Season,2024-09-30,1610612744,GSW,Golden State Warriors,True,False,W,34.0,35,14,22,0,9,0,4,0,0,0,1,4,1,0,2,7
0000000172,1610612752,NYK,New York Knicks,1630193,Immanuel Quickley,2023-24,Regular Season,2024-09-30,1610612744,GSW,Golden State Warriors,True,False,W,20.3,2,2,7,2,7,2,4,0,0,0,5,4,1,5,5,-12
0000000172,1610612752,NYK,New York Knicks,203944,Julius Randle,2023-24,Regular Season,2024-09-30,1610612744,GSW,Golden State Warriors,True,False,W,35.8,22,8,16,0,1,3,3,2,10,12,4,1,3,5,1,-14
0000000172,1610612752,NYK,New York Knicks,1631216,Miles McBride,2023-24,Regular Season,2024-09-30,1610612744,GSW,Golden State Warriors,True,False,W,25.8,16,6,14,5,5,4,6,2,6,8,0,4,1,5,5,-2
0000000172,1610612744,GSW,Golden State Warriors,201939,Stephen Curry,2023-24,Regular Season,2024-09-30,1610612752,NYK,New York Knicks,False,True,L,24.6,25,10,14,8,8,0,8,4,4,8,4,4,2,3,0,-16
0000000172,1610612744,GSW,Golden State Warriors,202691,Klay Thompson,2023-24,Regular Season,2024-09-30,1610612752,NYK,New York Knicks,False,True,L,21.5,24,9,18,0,10,5,6,3,0,3,4,0,2,3,1,14
0000000172,1610612744,GSW,Golden State Warriors,203110,Draymond Green,2023-24,Regular Season,2024-09-30,1610612752,NYK,New York Knicks,False,True,L,18.6,7,2,9,0,0,7,8,1,10,11,8,1,3,2,4,4
0000000172,1610612744,GSW,Golden State Warriors,1630228,Jonathan Kuminga,2023-24,Regular Season,2024-09-30,1610612752,NYK,New York Knicks,False,True,L,24.7,8,5,8,5,6,1,4,2,4,6,1,3,3,3,5,-7
0000000172,1610612744,GSW,Golden State Warriors,1626172,Kevon Looney,2023-24,Regular Season,2024-09-30,1610612752,NYK,New York Knicks,False,True,L,31.7,0,2,3,2,3,4,7,4,10,14,1,1,3,1,3,-6
0000000172,1610612744,GSW,Golden State Warriors,1630541,Brandin Podziemski,2023-24,Regular Season,2024-09-30,1610612752,NYK,New York Knicks,False,True,L,18.7,13,6,9,6,9,0,1,1,0,1,2,2,1,1,4,-14
0000000173,1610612752,NYK,New York Knicks,1628973,Jalen Brunson,2023-24,Regular Season,2024-10-02,1610612743,DEN,Denver Nuggets,True,False,W,34.1,27,10,19,4,8,2,2,4,3,7,3,4,0,4,5,-15
0000000173,1610612752,NYK,New York Knicks,1626157,Karl-Anthony Towns,2023-24,Regular Season,2024-10-02,1610612743,DEN,Denver Nuggets,True,False,W,33.4,27,10,19,0,0,3,4,2,0,2,2,1,1,5,1,9
0000000173,1610612752,NYK,New York Knicks,1629628,RJ Barrett,2023-24,Regular Season,2024-10-02,1610612743,DEN,Denver Nuggets,True,False,W,26.7,21,8,11,2,5,1,8,2,2,4,2,3,2,5,2,-12
0000000173,1610612752,NYK,New York Knicks,1630193,Immanuel Quickley,2023-24,Regular Season,2024-10-02,1610612743,DEN,Denver Nuggets,True,False,W,29.1,10,4,6,2,5,3,8,4,1,5,2,1,3,0,3,9
0000000173,1610612752,NYK,New York Knicks,203944,Julius Randle,2023-24,Regular Season,2024-10-02,1610612743,DEN,Denver Nuggets,True,False,W,34.0,12,4,8,1,8,0,0,3,10,13,2,2,0,2,4,-1
0000000173,1610612752,NYK,New York Knicks,1631216,Miles McBride,2023-24,Regular Season,2024-10-02,1610612743,DEN,Denver Nuggets,True,False,W,32.8,6,2,5,0,1,1,1,0,0,0,1,1,3,3,5,12
0000000173,1610612743,DEN,Denver Nuggets,203999,Nikola Jokić,2023-24,Regular Season,2024-10-02,1610612752,NYK,New York Knicks,False,True,L,34.2,28,11,18,1,1,0,4,0,14,14,7,4,2,1,1,-2
0000000173,1610612743,DEN,Denver Nuggets,1627750,Jamal Murray,2023-24,Regular Season,2024-10-02,1610612752,NYK,New York Knicks,False,True,L,35.2,31,12,19,0,1,2,3,1,2,3,4,2,2,5,3,-12
0000000173,1610612743,DEN,Denver Nuggets,1628420,Aaron Gordon,2023-24,Regular Season,2024-10-02,1610612752,NYK,New York Knicks,False,True,L,19.3,11,4,10,1,6,0,3,3,5,8,0,0,0,5,1,-4
0000000173,1610612743,DEN,Denver Nuggets,1630166,Christian Braun,2023-24,Regular Season,2024-10-02,1610612752,NYK,New York Knicks,False,True,L,35.3,5,2,6,2,6,1,2,4,0,4,4,0,2,4,0,4
0000000173,1610612743,DEN,Denver Nuggets,203914,Kentavious Caldwell-Pope,2023-24,Regular Season,2024-10-02,1610612752,NYK,New York Knicks,False,True,L,19.5,6,6,8,6,8,5,6,1,0,1,0,3,1,2,2,14
0000000173,1610612743,DEN,Denver Nuggets,1631128,Peyton Watson,2023-24,Regular Season,2024-10-02,1610612752,NYK,New York Knicks,False,True,L,28.0,14,5,9,4,8,0,4,0,0,0,0,0,2,5,3,-7
0000000174,1610612752,NYK,New York Knicks,1628973,Jalen Brunson,2023-24,Regular Season,2024-10-04,1610612738,BOS,Boston Celtics,True,False,L,20.3,20,8,13,6,7,4,5,1,3,4,4,3,2,4,3,6
0000000174,1610612752,NYK,New York Knicks,1626157,Karl-Anthony Towns,2023-24,Regular Season,2024-10-04,1610612738,BOS,Boston Celtics,True,False,L,22.4,31,12,18,0,0,1,3,0,11,11,2,4,0,1,0,-4
0000000174,1610612752,NYK,New York Knicks,1629628,RJ Barrett,2023-24,Regular Season,2024-10-04,1610612738,BOS,Boston Celtics,True,False,L,27.8,14,5,9,2,5,4,8,3,3,6,1,0,1,0,0,0
0000000174,1610612752,NYK,New York Knicks,1630193,Immanuel Quickley,2023-24,Regular Season,2024-10-04,1610612738,BOS,Boston Celtics,True,False,L,18.9,17,6,9,1,3,0,6,0,7,7,5,4,0,0,0,-12
0000000174,1610612752,NYK,New York Knicks,203944,Julius Randle,2023-24,Regular Season,2024-10-04,1610612738,BOS,Boston Celtics,True,False,L,20.5,14,5,9,3,3,1,3,1,8,9,5,0,3,0,5,5
0000000174,1610612752,NYK,New York Knicks,1631216,Miles McBride,2023-24,Regular Season,2024-10-04,1610612738,BOS,Boston Celtics,True,False,L,29.0,8,9,9,9,9,1,4,2,0,2,3,0,3,3,4,12
0000000174,1610612738,BOS,Boston Celtics,1628369,Jayson Tatum,2023-24,Regular Season,2024-10-04,1610612752,NYK,New York Knicks,False,True,W,22.1,19,7,15,0,1,0,2,2,5,7,5,0,2,3,3,8
0000000174,1610612738,BOS,Boston Celtics,1627759,Jaylen Brown,2023-24,Regular Season,2024-10-04,1610612752,NYK,New York Knicks,False,True,W,19.9,28,11,19,1,1,7,7,0,0,0,3,3,2,2,3,-6
0000000174,1610612738,BOS,Boston Celtics,201950,Jrue Holiday,2023-24,Regular Season,2024-10-04,1610612752,NYK,New York Knicks,False,True,W,27.6,20,8,15,3,6,0,1,2,1,3,3,3,3,0,3,-16
0000000174,1610612738,BOS,Boston Celtics,1628464,Derrick White,2023-24,Regular Season,2024-10-04,1610612752,NYK,New York Knicks,False,True,W,36.8,12,6,10,6,8,2,4,1,5,6,3,1,2,2,3,-12
0000000174,1610612738,BOS,Boston Celtics,203935,Kristaps Porziņģis,2023-24,Regular Season,2024-10-04,1610612752,NYK,New York Knicks,False,True,W,24.8,25,10,15,0,1,1,4,0,6,6,3,2,3,1,0,-4
0000000174,1610612738,BOS,Boston Celtics,1629057,Robert Williams,2023-24,Regular Season,2024-10-04,1610612752,NYK,New York Knicks,False,True,W,28.0,6,2,8,0,1,3,3,1,7,8,0,1,0,3,5,-3
0000000175,1610612752,NYK,New York Knicks,1628973,Jalen Brunson,2023-24,Regular Season,2024-10-06,1610612748,MIA,Miami Heat,True,False,W,35.4,20,8,13,3,3,0,1,0,6,6,7,0,3,1,5,16
0000000175,1610612752,NYK,New York Knicks,1626157,Karl-Anthony Towns,2023-24,Regular Season,2024-10-06,1610612748,MIA,Miami Heat,True,False,W,28.2,13,5,10,0,2,1,1,1,17,18,3,4,2,3,4,4
0000000175,1610612752,NYK,New York Knicks,1629628,RJ Barrett,2023-24,Regular Season,2024-10-06,1610612748,MIA,Miami Heat,True,False,W,34.6,27,10,16,0,0,0,0,0,7,7,3,2,3,1,2,16
0000000175,1610612752,NYK,New York Knicks,1630193,Immanuel Quickley,2023-24,Regular Season,2024-10-06,1610612748,MIA,Miami Heat,True,False,W,26.7,15,6,12,1,3,2,8,0,4,4,7,0,0,3,3,4
0000000175,1610612752,NYK,New York Knicks,203944,Julius Randle,2023-24,Regular Season,2024-10-06,1610612748,MIA,Miami Heat,True,False,W,18.3,14,5,12,2,6,1,3,0,5,5,5,0,0,0,2,-16
0000000175,1610612752,NYK,New York Knicks,1631216,Miles McBride,2023-24,Regular Season,2024-10-06,1610612748,MIA,Miami Heat,True,False,W,25.4,7,2,4,0,2,2,2,1,2,3,0,2,2,5,4,16
0000000175,1610612748,MIA,Miami Heat,202710,Jimmy Butler,2023-24,Regular Season,2024-10-06,1610612752,NYK,New York Knicks,False,True,L,32.2,8,3,5,2,5,5,7,3,5,8,5,1,3,1,1,7
0000000175,1610612748,MIA,Miami Heat,1629639,Tyler Herro,2023-24,Regular Season,2024-10-06,1610612752,NYK,New York Knicks,False,True,L,18.5,27,10,15,1,1,0,0,3,0,3,4,1,2,5,5,-9
0000000175,1610612748,MIA,Miami Heat,202355,Bam Adebayo,2023-24,Regular Season,2024-10-06,1610612752,NYK,New York Knicks,False,True,L,23.0,16,6,14,0,0,1,8,1,9,10,3,4,3,4,4,7
0000000175,1610612748,MIA,Miami Heat,1631170,Jaime Jaquez,2023-24,Regular Season,2024-10-06,1610612752,NYK,New York Knicks,False,True,L,21.0,9,9,9,9,9,1,6,2,0,2,2,3,2,4,5,-5
0000000175,1610612748,MIA,Miami Heat,203482,Kelly Olynyk,2023-24,Regular Season,2024-10-06,1610612752,NYK,New York Knicks,False,True,L,24.5,0,1,6,1,1,0,3,2,0,2,3,1,1,5,5,11
0000000175,1610612748,MIA,Miami Heat,1631107,Nikola Jović,2023-24,Regular Season,2024-10-06,1610612752,NYK,New York Knicks,False,True,L,31.5,12,4,9,0,0,0,0,2,2,4,1,4,1,4,1,-18
0000000176,1610612748,MIA,Miami Heat,202710,Jimmy Butler,2023-24,Regular Season,2024-10-08,1610612747,LAL,Los Angeles Lakers,True,False,W,23.9,23,9,15,4,6,6,6,0,12,12,12,4,3,0,0,9
0000000176,1610612748,MIA,Miami Heat,1629639,Tyler Herro,2023-24,Regular Season,2024-10-08,1610612747,LAL,Los Angeles Lakers,True,False,W,24.0,29,11,20,2,2,0,5,2,0,2,6,3,1,2,4,3
0000000176,1610612748,MIA,Miami Heat,202355,Bam Adebayo,2023-24,Regular Season,2024-10-08,1610612747,LAL,Los Angeles Lakers,True,False,W,18.4,26,10,18,2,3,2,8,0,10,10,6,3,1,2,2,-8
0000000176,1610612748,MIA,Miami Heat,1631170,Jaime Jaquez,2023-24,Regular Season,2024-10-08,1610612747,LAL,Los Angeles Lakers,True,False,W,36.0,7,2,5,1,2,0,6,1,8,9,5,2,2,2,5,15
0000000176,1610612748,MIA,Miami Heat,203482,Kelly Olynyk,2023-24,Regular Season,2024-10-08,1610612747,LAL,Los Angeles Lakers,True,False,W,31.5,8,3,6,0,0,2,2,2,4,6,0,0,0,5,2,12
0000000176,1610612748,MIA,Miami Heat,1631107,Nikola Jović,2023-24,Regular Season,2024-10-08,1610612747,LAL,Los Angeles Lakers,True,False,W,34.5,23,9,16,3,6,2,4,0,0,0,5,2,2,4,0,13
0000000176,1610612747,LAL,Los Angeles Lakers,2544,LeBron James,2023-24,Regular Season,2024-10-08,1610612748,MIA,Miami Heat,False,True,L,26.8,18,7,10,6,9,1,6,1,2,3,8,1,1,2,4,4
0000000176,1610612747,LAL,Los Angeles Lakers,1629029,Luka Dončić,2023-24,Regular Season,2024-10-08,1610612748,MIA,Miami Heat,False,True,L,33.0,25,10,15,1,4,2,4,2,2,4,11,4,3,2,5,17
0000000176,1610612747,LAL,Los Angeles Lakers,203076,Anthony Davis,2023-24,Regular Season,2024-10-08,1610612748,MIA,Miami Heat,False,True,L,24.0,22,8,12,0,3,2,4,0,10,10,2,1,2,3,3,1
0000000176,1610612747,LAL,Los Angeles Lakers,1630559,Austin Reaves,2023-24,Regular Season,2024-10-08,1610612748,MIA,Miami Heat,False,True,L,25.8,13,5,12,0,1,8,8,0,2,2,3,4,3,3,2,-1
0000000176,1610612747,LAL,Los Angeles Lakers,1626156,Dalton Knecht,2023-24,Regular Season,2024-10-08,1610612748,MIA,Miami Heat,False,True,L,18.3,0,3,9,3,9,1,1,4,1,5,2,3,1,5,3,15
0000000176,1610612747,LAL,Los Angeles Lakers,1629020,Rui Hachimura,2023-24,Regular Season,2024-10-08,1610612748,MIA,Miami Heat,False,True,L,31.1,20,8,14,2,2,0,0,0,0,0,2,0,2,0,1,7
0000000177,1610612748,MIA,Miami Heat,202710,Jimmy Butler,2023-24,Regular Season,2024-10-10,1610612744,GSW,Golden State Warriors,True,False,W,30.6,26,10,17,2,2,2,5,4,2,6,6,0,2,2,1,-3
0000000177,1610612748,MIA,Miami Heat,1629639,Tyler Herro,2023-24,Regular Season,2024-10-10,1610612744,GSW,Golden State Warriors,True,False,W,34.3,24,9,14,4,4,0,4,2,6,8,3,4,2,1,3,16
0000000177,1610612748,MIA,Miami Heat,202355,Bam Adebayo,2023-24,Regular Season,2024-10-10,1610612744,GSW,Golden State Warriors,True,False,W,29.8,26,10,18,0,1,0,2,3,7,10,6,4,3,2,5,-16
0000000177,1610612748,MIA,Miami Heat,1631170,Jaime Jaquez,2023-24,Regular Season,2024-10-10,1610612744,GSW,Golden State Warriors,True,False,W,27.2,11,4,6,1,2,0,0,3,4,7,1,0,1,2,3,5
0000000177,1610612748,MIA,Miami Heat,203482,Kelly Olynyk,2023-24,Regular Season,2024-10-10,1610612744,GSW,Golden State Warriors,True,False,W,24.2,2,0,5,0,0,1,2,0,0,0,3,3,0,0,4,-8
0000000177,1610612748,MIA,Miami Heat,1631107,Nikola Jović,2023-24,Regular Season,2024-10-10,1610612744,GSW,Golden State Warriors,True,False,W,36.3,7,5,8,5,8,6,6,1,5,6,1,2,1,0,5,-1
0000000177,1610612744,GSW,Golden State Warriors,201939,Stephen Curry,2023-24,Regular Season,2024-10-10,1610612748,MIA,Miami Heat,False,True,L,26.8,33,13,22,3,3,0,5,1,1,2,4,1,3,2,2,7
0000000177,1610612744,GSW,Golden State Warriors,202691,Klay Thompson,2023-24,Regular Season,2024-10-10,1610612748,MIA,Miami Heat,False,True,L,19.4,27,10,19,2,2,0,0,3,0,3,5,1,1,2,3,8
0000000177,1610612744,GSW,Golden State Warriors,203110,Draymond Green,2023-24,Regular Season,2024-10-10,1610612748,MIA,Miami Heat,False,True,L,19.0,15,6,11,0,0,0,0,3,2,5,3,0,3,4,0,-17
0000000177,1610612744,GSW,Golden State Warriors,1630228,Jonathan Kuminga,2023-24,Regular Season,2024-10-10,1610612748,MIA,Miami Heat,False,True,L,34.9,16,7,9,7,9,3,3,0,3,3,1,0,1,4,4,-1
0000000177,1610612744,GSW,Golden State Warriors,1626172,Kevon Looney,2023-24,Regular Season,2024-10-10,1610612748,MIA,Miami Heat,False,True,L,32.8,2,1,5,1,3,4,6,2,11,13,3,0,2,0,5,17
0000000177,1610612744,GSW,Golden State Warriors,1630541,Brandin Podziemski,2023-24,Regular Season,2024-10-10,1610612748,MIA,Miami Heat,False,True,L,31.4,2,1,5,1,1,0,0,1,0,1,0,0,3,0,5,18
0000000178,1610612748,MIA,Miami Heat,202710,Jimmy Butler,2023-24,Regular Season,2024-10-12,1610612743,DEN,Denver Nuggets,True,False,W,28.8,15,6,12,2,7,2,5,2,5,7,4,1,0,2,1,7
0000000178,1610612748,MIA,Miami Heat,1629639,Tyler Herro,2023-24,Regular Season,2024-10-12,1610612743,DEN,Denver Nuggets,True,False,W,21.0,23,9,17,4,7,1,4,3,5,8,7,4,2,5,0,4
0000000178,1610612748,MIA,Miami Heat,202355,Bam Adebayo,2023-24,Regular Season,2024-10-12,1610612743,DEN,Denver Nuggets,True,False,W,31.7,26,10,18,0,0,3,3,2,11,13,5,2,3,2,0,15
0000000178,1610612748,MIA,Miami Heat,1631170,Jaime Jaquez,2023-24,Regular Season,2024-10-12,1610612743,DEN,Denver Nuggets,True,False,W,34.5,12,4,12,3,10,1,2,1,6,7,4,2,3,1,5,17
0000000178,1610612748,MIA,Miami Heat,203482,Kelly Olynyk,2023-24,Regular Season,2024-10-12,1610612743,DEN,Denver Nuggets,True,False,W,26.8,26,10,16,1,2,1,2,3,3,6,0,3,3,5,1,-3
0000000178,1610612748,MIA,Miami Heat,1631107,Nikola Jović,2023-24,Regular Season,2024-10-12,1610612743,DEN,Denver Nuggets,True,False,W,23.2,11,4,11,1,2,1,1,0,3,3,2,4,1,1,3,-16
0000000178,1610612743,DEN,Denver Nuggets,203999,Nikola Jokić,2023-24,Regular Season,2024-10-12,1610612748,MIA,Miami Heat,False,True,L,36.2,31,12,16,0,0,1,3,3,8,11,8,4,1,2,5,14
0000000178,1610612743,DEN,Denver Nuggets,1627750,Jamal Murray,2023-24,Regular Season,2024-10-12,1610612748,MIA,Miami Heat,False,True,L,23.4,17,6,9,0,5,0,7,1,0,1,9,2,0,3,0,-10
0000000178,1610612743,DEN,Denver Nuggets,1628420,Aaron Gordon,2023-24,Regular Season,2024-10-12,1610612748,MIA,Miami Heat,False,True,L,26.2,17,6,9,0,6,3,6,3,3,6,2,2,0,0,2,2
0000000178,1610612743,DEN,Denver Nuggets,1630166,Christian Braun,2023-24,Regular Season,2024-10-12,1610612748,MIA,Miami Heat,False,True,L,25.1,15,6,12,2,2,0,5,4,2,6,3,0,0,4,5,-6
0000000178,1610612743,DEN,Denver Nuggets,203914,Kentavious Caldwell-Pope,2023-24,Regular Season,2024-10-12,1610612748,MIA,Miami Heat,False,True,L,20.6,14,5,9,0,2,2,5,0,0,0,3,4,1,2,3,1
0000000178,1610612743,DEN,Denver Nuggets,1631128,Peyton Watson,2023-24,Regular Season,2024-10-12,1610612748,MIA,Miami Heat,False,True,L,20.9,6,2,8,0,5,0,5,2,0,2,5,0,2,4,2,-13
0000000179,1610612748,MIA,Miami Heat,202710,Jimmy Butler,2023-24,Regular Season,2024-10-14,1610612738,BOS,Boston Celtics,True,False,W,19.8,30,12,21,9,9,4,4,2,4,6,4,4,3,1,2,-12
0000000179,1610612748,MIA,Miami Heat,1629639,Tyler Herro,2023-24,Regular Season,2024-10-14,1610612738,BOS,Boston Celtics,True,False,W,32.2,28,11,19,7,9,0,0,1,4,5,5,3,3,0,4,10
0000000179,1610612748,MIA,Miami Heat,202355,Bam Adebayo,2023-24,Regular Season,2024-10-14,1610612738,BOS,Boston Celtics,True,False,W,23.2,16,6,14,0,0,5,5,3,7,10,1,1,2,5,1,8
0000000179,1610612748,MIA,Miami Heat,1631170,Jaime Jaquez,2023-24,Regular Season,2024-10-14,1610612738,BOS,Boston Celtics,True,False,W,37.6,16,6,13,2,8,3,3,0,3,3,4,2,0,3,4,-12
0000000179,1610612748,MIA,Miami Heat,203482,Kelly Olynyk,2023-24,Regular Season,2024-10-14,1610612738,BOS,Boston Celtics,True,False,W,23.6,12,4,12,0,2,0,0,1,2,3,3,2,2,5,2,1
0000000179,1610612748,MIA,Miami Heat,1631107,Nikola Jović,2023-24,Regular Season,2024-10-14,1610612738,BOS,Boston Celtics,True,False,W,22.0,15,6,8,1,1,0,1,3,0,3,2,4,0,1,0,16
0000000179,1610612738,BOS,Boston Celtics,1628369,Jayson Tatum,2023-24,Regular Season,2024-10-14,1610612748,MIA,Miami Heat,False,True,L,20.4,19,7,13,4,7,4,4,2,2,4,0,4,2,4,0,-11
0000000179,1610612738,BOS,Boston Celtics,1627759,Jaylen Brown,2023-24,Regular Season,2024-10-14,1610612748,MIA,Miami Heat,False,True,L,35.2,27,10,19,0,10,0,0,2,1,3,2,0,1,1,1,1
0000000179,1610612738,BOS,Boston Celtics,201950,Jrue Holiday,2023-24,Regular Season,2024-10-14,1610612748,MIA,Miami Heat,False,True,L,22.0,5,2,4,0,0,0,7,3,0,3,7,4,1,3,4,3
0000000179,1610612738,BOS,Boston Celtics,1628464,Derrick White,2023-24,Regular Season,2024-10-14,1610612748,MIA,Miami Heat,False,True,L,26.2,1,1,6,1,3,4,6,1,6,7,6,1,3,3,4,15
0000000179,1610612738,BOS,Boston Celtics,203935,Kristaps Porziņģis,2023-24,Regular Season,2024-10-14,1610612748,MIA,Miami Heat,False,True,L,19.7,24,9,18,0,0,1,7,4,2,6,0,3,3,4,5,-18
0000000179,1610612738,BOS,Boston Celtics,1629057,Robert Williams,2023-24,Regular Season,2024-10-14,1610612748,MIA,Miami Heat,False,True,L,27.0,4,1,7,0,3,1,8,1,0,1,3,2,2,5,3,2
0000000180,1610612748,MIA,Miami Heat,202710,Jimmy Butler,2023-24,Regular Season,2024-10-16,1610612752,NYK,New York Knicks,True,False,L,21.9,13,5,10,1,7,0,1,3,3,6,4,1,2,4,2,12
0000000180,1610612748,MIA,Miami Heat,1629639,Tyler Herro,2023-24,Regular Season,2024-10-16,1610612752,NYK,New York Knicks,True,False,L,31.3,15,6,13,0,0,1,2,2,3,5,5,0,1,0,4,-1
0000000180,1610612748,MIA,Miami Heat,202355,Bam Adebayo,2023-24,Regular Season,2024-10-16,1610612752,NYK,New York Knicks,True,False,L,21.4,13,5,8,0,1,0,6,1,12,13,4,3,2,2,4,-4
0000000180,1610612748,MIA,Miami Heat,1631170,Jaime Jaquez,2023-24,Regular Season,2024-10-16,1610612752,NYK,New York Knicks,True,False,L,32.7,6,2,9,0,1,4,7,0,6,6,4,2,3,0,3,16
0000000180,1610612748,MIA,Miami Heat,203482,Kelly Olynyk,2023-24,Regular Season,2024-10-16,1610612752,NYK,New York Knicks,True,False,L,29.3,11,4,11,0,0,3,7,1,0,1,1,3,1,3,0,0
0000000180,1610612748,MIA,Miami Heat,1631107,Nikola Jović,2023-24,Regular Season,2024-10-16,1610612752,NYK,New York Knicks,True,False,L,33.0,9,3,10,0,3,6,7,1,3,4,4,3,2,2,2,6
0000000180,1610612752,NYK,New York Knicks,1628973,Jalen Brunson,2023-24,Regular Season,2024-10-16,1610612748,MIA,Miami Heat,False,True,W,28.3,28,11,20,4,7,2,2,0,0,0,7,0,0,5,2,-12
0000000180,1610612752,NYK,New York Knicks,1626157,Karl-Anthony Towns,2023-24,Regular Season,2024-10-16,1610612748,MIA,Miami Heat,False,True,W,33.2,18,7,11,0,0,3,4,0,13,13,0,3,2,4,4,-10
0000000180,1610612752,NYK,New York Knicks,1629628,RJ Barrett,2023-24,Regular Season,2024-10-16,1610612748,MIA,Miami Heat,False,True,W,29.1,6,2,6,0,0,4,7,4,0,4,4,0,3,4,1,-6
0000000180,1610612752,NYK,New York Knicks,1630193,Immanuel Quickley,2023-24,Regular Season,2024-10-16,1610612748,MIA,Miami Heat,False,True,W,22.6,5,2,7,0,6,0,3,1,5,6,1,0,1,1,0,0
0000000180,1610612752,NYK,New York Knicks,203944,Julius Randle,2023-24,Regular Season,2024-10-16,1610612748,MIA,Miami Heat,False,True,W,28.8,22,8,17,8,10,0,5,4,7,11,5,1,3,3,5,-10
0000000180,1610612752,NYK,New York Knicks,1631216,Miles McBride,2023-24,Regular Season,2024-10-16,1610612748,MIA,Miami Heat,False,True,W,35.9,2,0,5,0,1,1,4,0,0,0,3,2,3,5,3,-12
