game_id,team_id,team_abbr,team_name,player_id,player_name,season,season_type,game_date,opponent_team_id,opponent_team_abbr,opponent_team_name,is_home,is_away,wl,minutes,pts,fgm,fga,fg3m,fg3a,ftm,fta,oreb,dreb,reb,ast,stl,blk,tov,pf,plus_minus
0000000181,1610612747,LAL,Los Angeles Lakers,2544,LeBron James,2024-25,Regular Season,2024-10-22,1610612744,GSW,Golden State Warriors,True,False,W,37.3,30,12,18,9,10,6,8,3,11,14,11,1,2,5,4,-6
0000000181,1610612747,LAL,Los Angeles Lakers,1629029,Luka Dončić,2024-25,Regular Season,2024-10-22,1610612744,GSW,Golden State Warriors,True,False,W,23.6,26,10,19,4,6,5,5,0,14,14,11,1,3,3,2,-8
0000000181,1610612747,LAL,Los Angeles Lakers,203076,Anthony Davis,2024-25,Regular Season,2024-10-22,1610612744,GSW,Golden State Warriors,True,False,W,21.2,26,10,16,3,3,0,1,3,9,12,5,1,3,3,3,4
0000000181,1610612747,LAL,Los Angeles Lakers,1630559,Austin Reaves,2024-25,Regular Season,2024-10-22,1610612744,GSW,Golden State Warriors,True,False,W,30.2,24,9,13,1,5,0,7,3,1,4,4,3,0,0,3,18
0000000181,1610612747,LAL,Los Angeles Lakers,1626156,Dalton Knecht,2024-25,Regular Season,2024-10-22,1610612744,GSW,Golden State Warriors,True,False,W,33.3,12,4,10,3,5,0,0,0,6,6,0,4,3,5,0,5
0000000181,1610612747,LAL,Los Angeles Lakers,1629020,Rui Hachimura,2024-25,Regular Season,2024-10-22,1610612744,GSW,Golden State Warriors,True,False,W,30.0,8,3,7,0,1,0,5,1,0,1,2,0,2,3,2,12
0000000181,1610612744,GSW,Golden State Warriors,201939,Stephen Curry,2024-25,Regular Season,2024-10-22,1610612747,LAL,Los Angeles Lakers,False,True,L,27.9,31,12,17,2,7,4,8,1,2,3,7,2,0,1,0,-16
0000000181,1610612744,GSW,Golden State Warriors,202691,Klay Thompson,2024-25,Regular Season,2024-10-22,1610612747,LAL,Los Angeles Lakers,False,True,L,20.0,20,8,12,3,8,1,2,0,0,0,3,1,3,2,3,17
0000000181,1610612744,GSW,Golden State Warriors,203110,Draymond Green,2024-25,Regular Season,2024-10-22,1610612747,LAL,Los Angeles Lakers,False,True,L,31.0,14,5,9,2,6,3,7,4,6,10,5,3,2,5,3,3
0000000181,1610612744,GSW,Golden State Warriors,1630228,Jonathan Kuminga,2024-25,Regular Season,2024-10-22,1610612747,LAL,Los Angeles Lakers,False,True,L,23.5,8,3,7,0,0,0,0,0,0,0,2,3,0,0,5,13
0000000181,1610612744,GSW,Golden State Warriors,1626172,Kevon Looney,2024-25,Regular Season,2024-10-22,1610612747,LAL,Los Angeles Lakers,False,True,L,26.9,0,1,6,1,3,2,2,4,7,11,5,1,1,1,0,-3
0000000181,1610612744,GSW,Golden State Warriors,1630541,Brandin Podziemski,2024-25,Regular Season,2024-10-22,1610612747,LAL,Los Angeles Lakers,False,True,L,23.0,10,4,8,2,2,0,2,2,7,9,5,3,3,3,2,-10
0000000182,1610612747,LAL,Los Angeles Lakers,2544,LeBron James,2024-25,Regular Season,2024-10-24,1610612743,DEN,Denver Nuggets,True,False,W,32.5,23,9,12,2,2,4,4,1,8,9,10,3,3,4,3,15
0000000182,1610612747,LAL,Los Angeles Lakers,1629029,Luka Dončić,2024-25,Regular Season,2024-10-24,1610612743,DEN,Denver Nuggets,True,False,W,27.9,25,10,17,1,4,1,5,0,7,7,8,0,0,4,2,-14
0000000182,1610612747,LAL,Los Angeles Lakers,203076,Anthony Davis,2024-25,Regular Season,2024-10-24,1610612743,DEN,Denver Nuggets,True,False,W,35.7,24,9,18,1,1,0,2,1,11,12,4,2,1,3,3,13
0000000182,1610612747,LAL,Los Angeles Lakers,1630559,Austin Reaves,2024-25,Regular Season,2024-10-24,1610612743,DEN,Denver Nuggets,True,False,W,33.6,11,4,9,1,2,1,2,3,1,4,7,1,1,1,2,11
0000000182,1610612747,LAL,Los Angeles Lakers,1626156,Dalton Knecht,2024-25,Regular Season,2024-10-24,1610612743,DEN,Denver Nuggets,True,False,W,23.7,9,3,8,0,1,0,2,1,2,3,0,1,0,5,2,7
0000000182,1610612747,LAL,Los Angeles Lakers,1629020,Rui Hachimura,2024-25,Regular Season,2024-10-24,1610612743,DEN,Denver Nuggets,True,False,W,27.7,11,4,11,4,4,7,8,0,0,0,1,4,0,0,3,-7
0000000182,1610612743,DEN,Denver Nuggets,203999,Nikola Jokić,2024-25,Regular Season,2024-10-24,1610612747,LAL,Los Angeles Lakers,False,True,L,21.7,19,7,10,0,2,2,3,3,13,16,7,0,3,0,2,-6
0000000182,1610612743,DEN,Denver Nuggets,1627750,Jamal Murray,2024-25,Regular Season,2024-10-24,1610612747,LAL,Los Angeles Lakers,False,True,L,27.8,18,7,10,0,6,8,8,2,5,7,5,1,1,5,5,-6
0000000182,1610612743,DEN,Denver Nuggets,1628420,Aaron Gordon,2024-25,Regular Season,2024-10-24,1610612747,LAL,Los Angeles Lakers,False,True,L,37.4,13,5,9,3,9,3,5,0,2,2,3,3,2,0,0,11
0000000182,1610612743,DEN,Denver Nuggets,1630166,Christian Braun,2024-25,Regular Season,2024-10-24,1610612747,LAL,Los Angeles Lakers,False,True,L,25.1,16,6,10,0,0,1,2,0,0,0,1,1,1,4,4,-8
0000000182,1610612743,DEN,Denver Nuggets,203914,Kentavious Caldwell-Pope,2024-25,Regular Season,2024-10-24,1610612747,LAL,Los Angeles Lakers,False,True,L,18.9,11,4,9,3,9,2,2,0,3,3,5,2,0,2,2,3
0000000182,1610612743,DEN,Denver Nuggets,1631128,Peyton Watson,2024-25,Regular Season,2024-10-24,1610612747,LAL,Los Angeles Lakers,False,True,L,31.7,2,2,6,2,6,7,7,0,0,0,3,4,0,2,5,18
0000000183,1610612747,LAL,Los Angeles Lakers,2544,LeBron James,2024-25,Regular Season,2024-10-26,1610612738,BOS,Boston Celtics,True,False,W,32.9,26,10,19,5,6,4,4,1,11,12,7,4,3,1,0,13
0000000183,1610612747,LAL,Los Angeles Lakers,1629029,Luka Dončić,2024-25,Regular Season,2024-10-26,1610612738,BOS,Boston Celtics,True,False,W,22.9,38,15,20,0,10,5,7,3,11,14,4,3,1,2,0,-11
0000000183,1610612747,LAL,Los Angeles Lakers,203076,Anthony Davis,2024-25,Regular Season,2024-10-26,1610612738,BOS,Boston Celtics,True,False,W,22.0,30,12,18,1,3,0,0,1,5,6,2,3,3,5,5,10
0000000183,1610612747,LAL,Los Angeles Lakers,1630559,Austin Reaves,2024-25,Regular Season,2024-10-26,1610612738,BOS,Boston Celtics,True,False,W,36.7,15,9,12,9,10,2,3,0,5,5,1,0,1,2,3,4
0000000183,1610612747,LAL,Los Angeles Lakers,1626156,Dalton Knecht,2024-25,Regular Season,2024-10-26,1610612738,BOS,Boston Celtics,True,False,W,34.9,5,5,10,5,10,1,6,3,0,3,0,2,2,1,0,-18
0000000183,1610612747,LAL,Los Angeles Lakers,1629020,Rui Hachimura,2024-25,Regular Season,2024-10-26,1610612738,BOS,Boston Celtics,True,False,W,30.0,11,4,9,2,5,6,6,1,6,7,2,3,3,4,3,9
0000000183,1610612738,BOS,Boston Celtics,1628369,Jayson Tatum,2024-25,Regular Season,2024-10-26,1610612747,LAL,Los Angeles Lakers,False,True,L,33.7,33,13,22,5,8,8,8,3,8,11,4,4,1,3,2,-10
0000000183,1610612738,BOS,Boston Celtics,1627759,Jaylen Brown,2024-25,Regular Season,2024-10-26,1610612747,LAL,Los Angeles Lakers,False,True,L,32.2,19,7,12,0,7,1,3,3,5,8,5,3,2,4,2,-2
0000000183,1610612738,BOS,Boston Celtics,201950,Jrue Holiday,2024-25,Regular Season,2024-10-26,1610612747,LAL,Los Angeles Lakers,False,True,L,18.6,24,9,18,5,7,5,5,2,0,2,4,4,1,1,5,14
0000000183,1610612738,BOS,Boston Celtics,1628464,Derrick White,2024-25,Regular Season,2024-10-26,1610612747,LAL,Los Angeles Lakers,False,True,L,22.8,17,6,9,0,0,0,0,3,0,3,5,0,1,0,2,-17
0000000183,1610612738,BOS,Boston Celtics,203935,Kristaps Porziņģis,2024-25,Regular Season,2024-10-26,1610612747,LAL,Los Angeles Lakers,False,True,L,26.6,13,5,7,1,3,4,4,0,5,5,1,1,0,5,3,-15
0000000183,1610612738,BOS,Boston Celtics,1629057,Robert Williams,2024-25,Regular Season,2024-10-26,1610612747,LAL,Los Angeles Lakers,False,True,L,35.0,3,1,4,0,1,1,4,1,8,9,0,3,0,5,0,-11
0000000184,1610612747,LAL,Los Angeles Lakers,2544,LeBron James,2024-25,Regular Season,2024-10-28,1610612752,NYK,New York Knicks,True,False,W,33.8,26,10,14,7,8,4,4,4,7,11,8,0,1,1,2,-18
0000000184,1610612747,LAL,Los Angeles Lakers,1629029,Luka Dončić,2024-25,Regular Season,2024-10-28,1610612752,NYK,New York Knicks,True,False,W,33.0,28,11,15,7,7,0,5,3,11,14,9,4,2,0,2,-14
0000000184,1610612747,LAL,Los Angeles Lakers,203076,Anthony Davis,2024-25,Regular Season,2024-10-28,1610612752,NYK,New York Knicks,True,False,W,32.5,31,12,17,0,2,1,2,2,9,11,0,4,1,0,2,1
0000000184,1610612747,LAL,Los Angeles Lakers,1630559,Austin Reaves,2024-25,Regular Season,2024-10-28,1610612752,NYK,New York Knicks,True,False,W,29.4,9,3,5,3,3,0,0,2,3,5,2,3,0,5,0,11
0000000184,1610612747,LAL,Los Angeles Lakers,1626156,Dalton Knecht,2024-25,Regular Season,2024-10-28,1610612752,NYK,New York Knicks,True,False,W,23.1,8,9,10,9,10,2,2,3,0,3,0,3,0,5,2,-17
0000000184,1610612747,LAL,Los Angeles Lakers,1629020,Rui Hachimura,2024-25,Regular Season,2024-10-28,1610612752,NYK,New York Knicks,True,False,W,26.2,17,6,14,0,9,3,3,1,0,1,0,0,0,4,4,-3
0000000184,1610612752,NYK,New York Knicks,1628973,Jalen Brunson,2024-25,Regular Season,2024-10-28,1610612747,LAL,Los Angeles Lakers,False,True,L,34.1,21,8,13,0,1,0,6,3,1,4,7,4,0,1,5,-10
0000000184,1610612752,NYK,New York Knicks,1626164,Isaiah Hartenstein,2024-25,Regular Season,2024-10-28,1610612747,LAL,Los Angeles Lakers,False,True,L,18.9,20,8,15,2,2,0,2,1,8,9,3,4,0,2,1,12
0000000184,1610612752,NYK,New York Knicks,1629628,RJ Barrett,2024-25,Regular Season,2024-10-28,1610612747,LAL,Los Angeles Lakers,False,True,L,25.3,16,6,12,0,0,3,3,2,1,3,2,0,1,0,5,7
0000000184,1610612752,NYK,New York Knicks,1630193,Immanuel Quickley,2024-25,Regular Season,2024-10-28,1610612747,LAL,Los Angeles Lakers,False,True,L,27.1,18,7,12,1,3,2,6,0,0,0,2,2,3,3,1,2
0000000184,1610612752,NYK,New York Knicks,203944,Julius Randle,2024-25,Regular Season,2024-10-28,1610612747,LAL,Los Angeles Lakers,False,True,L,27.4,28,11,15,2,2,1,6,1,7,8,5,0,3,5,4,-14
0000000184,1610612752,NYK,New York Knicks,1631216,Miles McBride,2024-25,Regular Season,2024-10-28,1610612747,LAL,Los Angeles Lakers,False,True,L,27.2,7,2,6,0,4,1,1,2,4,6,3,0,3,5,3,12
0000000185,1610612747,LAL,Los Angeles Lakers,2544,LeBron James,2024-25,Regular Season,2024-10-30,1610612748,MIA,Miami Heat,True,False,W,23.3,27,10,14,6,6,1,8,3,6,9,9,2,1,4,2,-13
0000000185,1610612747,LAL,Los Angeles Lakers,1629029,Luka Dončić,2024-25,Regular Season,2024-10-30,1610612748,MIA,Miami Heat,True,False,W,28.9,25,10,16,7,7,1,8,1,7,8,6,3,2,4,2,-6
0000000185,1610612747,LAL,Los Angeles Lakers,203076,Anthony Davis,2024-25,Regular Season,2024-10-30,1610612748,MIA,Miami Heat,True,False,W,32.8,29,11,17,1,2,3,5,2,8,10,2,4,2,4,2,-7
0000000185,1610612747,LAL,Los Angeles Lakers,1630559,Austin Reaves,2024-25,Regular Season,2024-10-30,1610612748,MIA,Miami Heat,True,False,W,24.1,6,2,9,1,7,1,2,0,5,5,5,0,0,1,0,-6
0000000185,1610612747,LAL,Los Angeles Lakers,1626156,Dalton Knecht,2024-25,Regular Season,2024-10-30,1610612748,MIA,Miami Heat,True,False,W,33.6,15,6,8,0,0,2,2,2,1,3,0,2,3,5,1,1
0000000185,1610612747,LAL,Los Angeles Lakers,1629020,Rui Hachimura,2024-25,Regular Season,2024-10-30,1610612748,MIA,Miami Heat,True,False,W,28.2,9,3,6,1,5,6,8,0,7,7,2,1,1,5,5,-18
0000000185,1610612748,MIA,Miami Heat,202710,Jimmy Butler,2024-25,Regular Season,2024-10-30,1610612747,LAL,Los Angeles Lakers,False,True,L,24.7,30,12,21,4,7,0,0,2,7,9,3,4,3,2,2,-15
0000000185,1610612748,MIA,Miami Heat,1629639,Tyler Herro,2024-25,Regular Season,2024-10-30,1610612747,LAL,Los Angeles Lakers,False,True,L,33.4,17,6,14,1,4,5,7,1,0,1,6,4,3,1,1,9
0000000185,1610612748,MIA,Miami Heat,202355,Bam Adebayo,2024-25,Regular Season,2024-10-30,1610612747,LAL,Los Angeles Lakers,False,True,L,34.2,25,10,17,0,1,0,4,0,13,13,5,1,0,4,3,-2
0000000185,1610612748,MIA,Miami Heat,1631107,Jaime Jaquez,2024-25,Regular Season,2024-10-30,1610612747,LAL,Los Angeles Lakers,False,True,L,31.6,3,3,6,3,6,3,3,0,9,9,5,1,1,1,1,-5
0000000185,1610612748,MIA,Miami Heat,203482,Kelly Olynyk,2024-25,Regular Season,2024-10-30,1610612747,LAL,Los Angeles Lakers,False,True,L,34.0,4,2,5,2,2,0,0,2,1,3,5,3,3,2,2,-18
0000000185,1610612748,MIA,Miami Heat,1630217,Caleb Martin,2024-25,Regular Season,2024-10-30,1610612747,LAL,Los Angeles Lakers,False,True,L,18.3,7,4,5,4,5,5,5,1,0,1,3,1,0,3,4,-10
0000000186,1610612744,GSW,Golden State Warriors,201939,Stephen Curry,2024-25,Regular Season,2024-11-01,1610612747,LAL,Los Angeles Lakers,True,False,L,36.6,30,12,18,1,10,2,2,2,1,3,8,4,2,1,0,2
0000000186,1610612744,GSW,Golden State Warriors,202691,Klay Thompson,2024-25,Regular Season,2024-11-01,1610612747,LAL,Los Angeles Lakers,True,False,L,27.4,18,7,14,3,9,0,1,1,0,1,0,1,0,2,2,-10
0000000186,1610612744,GSW,Golden State Warriors,203110,Draymond Green,2024-25,Regular Season,2024-11-01,1610612747,LAL,Los Angeles Lakers,True,False,L,22.7,1,0,4,0,4,2,3,3,0,3,3,3,0,0,0,11
0000000186,1610612744,GSW,Golden State Warriors,1630228,Jonathan Kuminga,2024-25,Regular Season,2024-11-01,1610612747,LAL,Los Angeles Lakers,True,False,L,30.5,22,8,14,6,8,5,5,2,0,2,1,0,0,5,0,17
0000000186,1610612744,GSW,Golden State Warriors,1626172,Kevon Looney,2024-25,Regular Season,2024-11-01,1610612747,LAL,Los Angeles Lakers,True,False,L,38.0,11,4,10,1,1,0,4,2,7,9,1,0,2,0,2,1
0000000186,1610612744,GSW,Golden State Warriors,1630541,Brandin Podziemski,2024-25,Regular Season,2024-11-01,1610612747,LAL,Los Angeles Lakers,True,False,L,33.3,0,6,6,6,6,0,8,2,2,4,2,0,2,1,1,5
0000000186,1610612747,LAL,Los Angeles Lakers,2544,LeBron James,2024-25,Regular Season,2024-11-01,1610612744,GSW,Golden State Warriors,False,True,W,21.7,25,10,14,1,2,3,3,4,4,8,7,4,2,1,3,1
0000000186,1610612747,LAL,Los Angeles Lakers,1629029,Luka Dončić,2024-25,Regular Season,2024-11-01,1610612744,GSW,Golden State Warriors,False,True,W,21.8,19,7,12,0,7,7,8,1,10,11,6,3,3,2,3,-18
0000000186,1610612747,LAL,Los Angeles Lakers,203076,Anthony Davis,2024-25,Regular Season,2024-11-01,1610612744,GSW,Golden State Warriors,False,True,W,25.9,29,11,16,1,2,4,8,2,6,8,3,4,3,5,3,11
0000000186,1610612747,LAL,Los Angeles Lakers,1630559,Austin Reaves,2024-25,Regular Season,2024-11-01,1610612744,GSW,Golden State Warriors,False,True,W,37.2,16,6,12,3,4,1,1,1,7,8,4,0,3,2,2,14
0000000186,1610612747,LAL,Los Angeles Lakers,1626156,Dalton Knecht,2024-25,Regular Season,2024-11-01,1610612744,GSW,Golden State Warriors,False,True,W,18.9,9,3,9,1,2,4,4,2,3,5,0,1,3,0,1,-8
0000000186,1610612747,LAL,Los Angeles Lakers,1629020,Rui Hachimura,2024-25,Regular Season,2024-11-01,1610612744,GSW,Golden State Warriors,False,True,W,27.6,6,2,6,0,0,0,1,0,0,0,0,1,2,2,1,-14
0000000187,1610612744,GSW,Golden State Warriors,201939,Stephen Curry,2024-25,Regular Season,2024-11-03,1610612743,DEN,Denver Nuggets,True,False,W,27.9,25,10,13,5,5,4,6,1,0,1,6,1,1,5,4,9
0000000187,1610612744,GSW,Golden State Warriors,202691,Klay Thompson,2024-25,Regular Season,2024-11-03,1610612743,DEN,Denver Nuggets,True,False,W,19.3,20,8,12,0,3,0,1,0,0,0,1,3,1,1,2,6
0000000187,1610612744,GSW,Golden State Warriors,203110,Draymond Green,2024-25,Regular Season,2024-11-03,1610612743,DEN,Denver Nuggets,True,False,W,36.3,2,0,2,0,1,3,6,1,2,3,3,4,3,4,4,12
0000000187,1610612744,GSW,Golden State Warriors,1630228,Jonathan Kuminga,2024-25,Regular Season,2024-11-03,1610612743,DEN,Denver Nuggets,True,False,W,27.0,21,8,16,2,3,0,2,3,2,5,7,3,1,5,4,18
0000000187,1610612744,GSW,Golden State Warriors,1626172,Kevon Looney,2024-25,Regular Season,2024-11-03,1610612743,DEN,Denver Nuggets,True,False,W,19.5,12,4,7,0,3,0,2,1,9,10,0,3,0,0,5,-17
0000000187,1610612744,GSW,Golden State Warriors,1630541,Brandin Podziemski,2024-25,Regular Season,2024-11-03,1610612743,DEN,Denver Nuggets,True,False,W,33.6,15,6,11,1,5,2,3,1,1,2,3,3,0,4,1,13
0000000187,1610612743,DEN,Denver Nuggets,203999,Nikola Jokić,2024-25,Regular Season,2024-11-03,1610612744,GSW,Golden State Warriors,False,True,L,24.1,27,10,17,0,0,1,2,2,11,13,6,3,1,2,2,-17
0000000187,1610612743,DEN,Denver Nuggets,1627750,Jamal Murray,2024-25,Regular Season,2024-11-03,1610612744,GSW,Golden State Warriors,False,True,L,18.7,25,10,18,6,8,0,2,2,0,2,7,3,1,5,3,4
0000000187,1610612743,DEN,Denver Nuggets,1628420,Aaron Gordon,2024-25,Regular Season,2024-11-03,1610612744,GSW,Golden State Warriors,False,True,L,26.4,9,3,9,0,0,5,6,1,0,1,2,0,0,3,0,16
0000000187,1610612743,DEN,Denver Nuggets,1630166,Christian Braun,2024-25,Regular Season,2024-11-03,1610612744,GSW,Golden State Warriors,False,True,L,32.9,7,2,8,0,8,0,1,1,1,2,1,0,0,4,5,-6
0000000187,1610612743,DEN,Denver Nuggets,203914,Kentavious Caldwell-Pope,2024-25,Regular Season,2024-11-03,1610612744,GSW,Golden State Warriors,False,True,L,31.7,16,6,9,0,1,0,6,0,0,0,0,0,2,1,3,-15
0000000187,1610612743,DEN,Denver Nuggets,1631128,Peyton Watson,2024-25,Regular Season,2024-11-03,1610612744,GSW,Golden State Warriors,False,True,L,27.4,4,2,6,2,3,1,8,0,0,0,2,0,2,3,0,-8
0000000188,1610612744,GSW,Golden State Warriors,201939,Stephen Curry,2024-25,Regular Season,2024-11-05,1610612738,BOS,Boston Celtics,True,False,W,31.3,31,12,21,5,10,1,6,3,11,14,14,4,3,0,5,3
0000000188,1610612744,GSW,Golden State Warriors,202691,Klay Thompson,2024-25,Regular Season,2024-11-05,1610612738,BOS,Boston Celtics,True,False,W,35.5,22,8,16,1,1,1,3,1,1,2,4,4,2,4,4,-7
0000000188,1610612744,GSW,Golden State Warriors,203110,Draymond Green,2024-25,Regular Season,2024-11-05,1610612738,BOS,Boston Celtics,True,False,W,26.8,3,1,7,0,5,3,7,2,7,9,8,1,1,3,5,14
0000000188,1610612744,GSW,Golden State Warriors,1630228,Jonathan Kuminga,2024-25,Regular Season,2024-11-05,1610612738,BOS,Boston Celtics,True,False,W,23.5,12,4,7,1,1,3,3,1,3,4,0,4,2,3,4,6
0000000188,1610612744,GSW,Golden State Warriors,1626172,Kevon Looney,2024-25,Regular Season,2024-11-05,1610612738,BOS,Boston Celtics,True,False,W,27.0,13,5,7,0,0,6,6,3,3,6,0,2,3,1,1,-8
0000000188,1610612744,GSW,Golden State Warriors,1630541,Brandin Podziemski,2024-25,Regular Season,2024-11-05,1610612738,BOS,Boston Celtics,True,False,W,22.8,20,8,12,0,1,4,4,0,4,4,5,3,0,2,5,16
0000000188,1610612738,BOS,Boston Celtics,1628369,Jayson Tatum,2024-25,Regular Season,2024-11-05,1610612744,GSW,Golden State Warriors,False,True,L,33.8,31,12,18,6,8,4,6,2,3,5,7,3,2,2,1,8
0000000188,1610612738,BOS,Boston Celtics,1627759,Jaylen Brown,2024-25,Regular Season,2024-11-05,1610612744,GSW,Golden State Warriors,False,True,L,24.3,23,9,17,0,10,2,4,4,7,11,6,1,2,5,0,0
0000000188,1610612738,BOS,Boston Celtics,201950,Jrue Holiday,2024-25,Regular Season,2024-11-05,1610612744,GSW,Golden State Warriors,False,True,L,23.9,2,9,10,9,10,3,3,1,5,6,6,0,3,5,4,-14
0000000188,1610612738,BOS,Boston Celtics,1628464,Derrick White,2024-25,Regular Season,2024-11-05,1610612744,GSW,Golden State Warriors,False,True,L,28.0,19,7,11,5,7,0,1,4,0,4,8,2,1,4,0,-9
0000000188,1610612738,BOS,Boston Celtics,203935,Kristaps Porziņģis,2024-25,Regular Season,2024-11-05,1610612744,GSW,Golden State Warriors,False,True,L,18.2,15,6,10,0,0,1,2,4,0,4,5,1,3,2,1,-14
0000000188,1610612738,BOS,Boston Celtics,1629057,Robert Williams,2024-25,Regular Season,2024-11-05,1610612744,GSW,Golden State Warriors,False,True,L,31.0,9,3,8,3,3,4,8,2,4,6,0,1,1,4,1,17
0000000189,1610612744,GSW,Golden State Warriors,201939,Stephen Curry,2024-25,Regular Season,2024-11-07,1610612752,NYK,New York Knicks,True,False,L,25.9,21,8,12,1,7,4,7,3,0,3,5,4,0,1,0,18
0000000189,1610612744,GSW,Golden State Warriors,202691,Klay Thompson,2024-25,Regular Season,2024-11-07,1610612752,NYK,New York Knicks,True,False,L,26.7,9,4,8,4,4,6,8,0,0,0,2,3,3,5,2,-3
0000000189,1610612744,GSW,Golden State Warriors,203110,Draymond Green,2024-25,Regular Season,2024-11-07,1610612752,NYK,New York Knicks,True,False,L,19.9,13,5,9,1,3,0,8,4,5,9,4,4,3,0,4,17
0000000189,1610612744,GSW,Golden State Warriors,1630228,Jonathan Kuminga,2024-25,Regular Season,2024-11-07,1610612752,NYK,New York Knicks,True,False,L,27.8,15,6,12,2,2,4,4,0,3,3,3,2,2,5,3,12
0000000189,1610612744,GSW,Golden State Warriors,1626172,Kevon Looney,2024-25,Regular Season,2024-11-07,1610612752,NYK,New York Knicks,True,False,L,18.5,5,2,7,0,0,1,6,0,8,8,3,2,2,0,3,1
0000000189,1610612744,GSW,Golden State Warriors,1630541,Brandin Podziemski,2024-25,Regular Season,2024-11-07,1610612752,NYK,New York Knicks,True,False,L,33.7,10,4,6,2,2,2,2,4,0,4,0,2,2,2,1,-17
0000000189,1610612752,NYK,New York Knicks,1628973,Jalen Brunson,2024-25,Regular Season,2024-11-07,1610612744,GSW,Golden State Warriors,False,True,W,29.4,34,13,19,2,2,2,6,0,0,0,7,1,0,0,1,16
0000000189,1610612752,NYK,New York Knicks,1626164,Isaiah Hartenstein,2024-25,Regular Season,2024-11-07,1610612744,GSW,Golden State Warriors,False,True,W,35.3,20,8,16,1,2,6,8,2,5,7,5,3,2,0,0,-1
0000000189,1610612752,NYK,New York Knicks,1629628,RJ Barrett,2024-25,Regular Season,2024-11-07,1610612744,GSW,Golden State Warriors,False,True,W,19.8,20,8,11,0,10,1,6,2,3,5,5,4,0,4,3,7
0000000189,1610612752,NYK,New York Knicks,1630193,Immanuel Quickley,2024-25,Regular Season,2024-11-07,1610612744,GSW,Golden State Warriors,False,True,W,18.7,17,6,9,0,0,7,8,1,1,2,4,3,3,4,1,7
0000000189,1610612752,NYK,New York Knicks,203944,Julius Randle,2024-25,Regular Season,2024-11-07,1610612744,GSW,Golden State Warriors,False,True,W,28.5,25,10,16,0,4,2,4,2,8,10,1,3,0,1,2,-9
0000000189,1610612752,NYK,New York Knicks,1631216,Miles McBride,2024-25,Regular Season,2024-11-07,1610612744,GSW,Golden State Warriors,False,True,W,31.7,9,3,5,1,3,3,4,1,0,1,2,0,1,1,3,-14
0000000190,1610612744,GSW,Golden State Warriors,201939,Stephen Curry,2024-25,Regular Season,2024-11-09,1610612748,MIA,Miami Heat,True,False,L,21.9,20,8,12,0,3,0,0,2,1,3,7,0,1,3,1,-4
0000000190,1610612744,GSW,Golden State Warriors,202691,Klay Thompson,2024-25,Regular Season,2024-11-09,1610612748,MIA,Miami Heat,True,False,L,20.3,23,9,16,4,5,0,4,0,3,3,2,2,2,1,0,7
0000000190,1610612744,GSW,Golden State Warriors,203110,Draymond Green,2024-25,Regular Season,2024-11-09,1610612748,MIA,Miami Heat,True,False,L,31.5,12,4,8,0,0,0,7,0,7,7,7,1,1,2,5,-6
0000000190,1610612744,GSW,Golden State Warriors,1630228,Jonathan Kuminga,2024-25,Regular Season,2024-11-09,1610612748,MIA,Miami Heat,True,False,L,28.5,16,6,10,0,0,6,6,1,9,10,3,4,1,3,4,-16
0000000190,1610612744,GSW,Golden State Warriors,1626172,Kevon Looney,2024-25,Regular Season,2024-11-09,1610612748,MIA,Miami Heat,True,False,L,33.4,9,3,9,0,3,4,6,1,11,12,1,2,1,3,5,7
0000000190,1610612744,GSW,Golden State Warriors,1630541,Brandin Podziemski,2024-25,Regular Season,2024-11-09,1610612748,MIA,Miami Heat,True,False,L,22.0,9,3,10,1,2,1,4,3,1,4,3,4,3,4,0,-2
0000000190,1610612748,MIA,Miami Heat,202710,Jimmy Butler,2024-25,Regular Season,2024-11-09,1610612744,GSW,Golden State Warriors,False,True,W,24.8,32,12,19,5,8,1,4,1,3,4,1,3,1,4,3,10
0000000190,1610612748,MIA,Miami Heat,1629639,Tyler Herro,2024-25,Regular Season,2024-11-09,1610612744,GSW,Golden State Warriors,False,True,W,21.8,22,8,13,2,7,5,6,3,4,7,2,1,0,5,5,-12
0000000190,1610612748,MIA,Miami Heat,202355,Bam Adebayo,2024-25,Regular Season,2024-11-09,1610612744,GSW,Golden State Warriors,False,True,W,31.4,29,11,18,0,3,0,0,4,4,8,4,4,0,0,4,-1
0000000190,1610612748,MIA,Miami Heat,1631107,Jaime Jaquez,2024-25,Regular Season,2024-11-09,1610612744,GSW,Golden State Warriors,False,True,W,27.9,17,6,10,5,7,4,4,0,0,0,2,2,0,3,3,-7
0000000190,1610612748,MIA,Miami Heat,203482,Kelly Olynyk,2024-25,Regular Season,2024-11-09,1610612744,GSW,Golden State Warriors,False,True,W,26.8,14,5,11,2,3,2,2,0,3,3,0,0,0,2,1,9
0000000190,1610612748,MIA,Miami Heat,1630217,Caleb Martin,2024-25,Regular Season,2024-11-09,1610612744,GSW,Golden State Warriors,False,True,W,32.3,0,1,3,1,1,5,6,3,0,3,3,4,2,5,4,1
0000000191,1610612743,DEN,Denver Nuggets,203999,Nikola Jokić,2024-25,Regular Season,2024-11-11,1610612747,LAL,Los Angeles Lakers,True,False,L,29.9,28,11,17,0,2,1,3,1,10,11,5,1,0,0,5,-14
0000000191,1610612743,DEN,Denver Nuggets,1627750,Jamal Murray,2024-25,Regular Season,2024-11-11,1610612747,LAL,Los Angeles Lakers,True,False,L,26.7,12,4,9,0,5,1,3,0,4,4,6,3,0,5,0,-14
0000000191,1610612743,DEN,Denver Nuggets,1628420,Aaron Gordon,2024-25,Regular Season,2024-11-11,1610612747,LAL,Los Angeles Lakers,True,False,L,35.9,13,5,11,5,10,1,3,4,3,7,2,4,1,3,1,1
0000000191,1610612743,DEN,Denver Nuggets,1630166,Christian Braun,2024-25,Regular Season,2024-11-11,1610612747,LAL,Los Angeles Lakers,True,False,L,22.2,12,4,7,2,3,0,1,1,2,3,1,1,2,4,3,10
0000000191,1610612743,DEN,Denver Nuggets,203914,Kentavious Caldwell-Pope,2024-25,Regular Season,2024-11-11,1610612747,LAL,Los Angeles Lakers,True,False,L,35.0,11,4,10,4,10,1,4,3,6,9,4,2,2,3,1,-10
0000000191,1610612743,DEN,Denver Nuggets,1631128,Peyton Watson,2024-25,Regular Season,2024-11-11,1610612747,LAL,Los Angeles Lakers,True,False,L,25.1,0,3,10,3,10,4,6,2,8,10,2,2,0,0,3,-3
0000000191,1610612747,LAL,Los Angeles Lakers,2544,LeBron James,2024-25,Regular Season,2024-11-11,1610612743,DEN,Denver Nuggets,False,True,W,20.7,19,7,13,1,5,1,4,1,6,7,8,4,0,2,1,10
0000000191,1610612747,LAL,Los Angeles Lakers,1629029,Luka Dončić,2024-25,Regular Season,2024-11-11,1610612743,DEN,Denver Nuggets,False,True,W,23.1,29,11,15,9,10,2,6,4,3,7,9,0,2,3,2,-13
0000000191,1610612747,LAL,Los Angeles Lakers,203076,Anthony Davis,2024-25,Regular Season,2024-11-11,1610612743,DEN,Denver Nuggets,False,True,W,36.7,27,10,17,0,2,0,5,3,9,12,2,0,0,4,0,13
0000000191,1610612747,LAL,Los Angeles Lakers,1630559,Austin Reaves,2024-25,Regular Season,2024-11-11,1610612743,DEN,Denver Nuggets,False,True,W,37.6,11,5,7,5,6,0,1,0,1,1,4,3,1,3,3,3
0000000191,1610612747,LAL,Los Angeles Lakers,1626156,Dalton Knecht,2024-25,Regular Season,2024-11-11,1610612743,DEN,Denver Nuggets,False,True,W,30.1,19,7,11,2,2,2,6,3,2,5,5,4,2,2,1,7
0000000191,1610612747,LAL,Los Angeles Lakers,1629020,Rui Hachimura,2024-25,Regular Season,2024-11-11,1610612743,DEN,Denver Nuggets,False,True,W,26.9,20,8,14,5,8,0,1,0,1,1,1,1,2,4,5,-15
0000000192,1610612743,DEN,Denver Nuggets,203999,Nikola Jokić,2024-25,Regular Season,2024-11-13,1610612744,GSW,Golden State Warriors,True,False,W,35.6,31,12,18,2,2,0,6,0,10,10,8,3,3,5,5,-15
0000000192,1610612743,DEN,Denver Nuggets,1627750,Jamal Murray,2024-25,Regular Season,2024-11-13,1610612744,GSW,Golden State Warriors,True,False,W,35.3,18,7,14,0,0,5,6,0,3,3,3,0,0,4,1,17
0000000192,1610612743,DEN,Denver Nuggets,1628420,Aaron Gordon,2024-25,Regular Season,2024-11-13,1610612744,GSW,Golden State Warriors,True,False,W,29.4,21,8,15,0,2,1,3,3,4,7,1,2,0,2,2,-5
0000000192,1610612743,DEN,Denver Nuggets,1630166,Christian Braun,2024-25,Regular Season,2024-11-13,1610612744,GSW,Golden State Warriors,True,False,W,27.5,14,5,11,1,5,5,7,3,3,6,0,1,0,1,3,14
0000000192,1610612743,DEN,Denver Nuggets,203914,Kentavious Caldwell-Pope,2024-25,Regular Season,2024-11-13,1610612744,GSW,Golden State Warriors,True,False,W,36.6,7,2,5,0,1,1,1,4,3,7,3,1,1,1,2,16
0000000192,1610612743,DEN,Denver Nuggets,1631128,Peyton Watson,2024-25,Regular Season,2024-11-13,1610612744,GSW,Golden State Warriors,True,False,W,21.1,3,1,6,0,2,0,2,2,4,6,0,4,3,3,4,14
0000000192,1610612744,GSW,Golden State Warriors,201939,Stephen Curry,2024-25,Regular Season,2024-11-13,1610612743,DEN,Denver Nuggets,False,True,L,29.8,28,11,16,8,10,4,7,4,1,5,5,2,3,0,4,4
0000000192,1610612744,GSW,Golden State Warriors,202691,Klay Thompson,2024-25,Regular Season,2024-11-13,1610612743,DEN,Denver Nuggets,False,True,L,34.9,18,7,15,5,8,1,1,1,5,6,4,3,2,5,2,5
0000000192,1610612744,GSW,Golden State Warriors,203110,Draymond Green,2024-25,Regular Season,2024-11-13,1610612743,DEN,Denver Nuggets,False,True,L,24.8,6,5,8,5,8,0,0,2,6,8,5,2,3,4,5,-16
0000000192,1610612744,GSW,Golden State Warriors,1630228,Jonathan Kuminga,2024-25,Regular Season,2024-11-13,1610612743,DEN,Denver Nuggets,False,True,L,21.6,14,5,9,1,3,2,2,1,3,4,1,0,1,3,5,3
0000000192,1610612744,GSW,Golden State Warriors,1626172,Kevon Looney,2024-25,Regular Season,2024-11-13,1610612743,DEN,Denver Nuggets,False,True,L,19.9,15,6,10,1,1,2,4,4,9,13,4,3,3,3,5,-6
0000000192,1610612744,GSW,Golden State Warriors,1630541,Brandin Podziemski,2024-25,Regular Season,2024-11-13,1610612743,DEN,Denver Nuggets,False,True,L,35.6,2,1,7,1,2,0,7,4,5,9,9,3,0,0,2,10
0000000193,1610612743,DEN,Denver Nuggets,203999,Nikola Jokić,2024-25,Regular Season,2024-11-15,1610612738,BOS,Boston Celtics,True,False,L,23.2,26,10,19,0,0,4,6,1,12,13,8,4,1,1,5,-2
0000000193,1610612743,DEN,Denver Nuggets,1627750,Jamal Murray,2024-25,Regular Season,2024-11-15,1610612738,BOS,Boston Celtics,True,False,L,34.9,21,8,13,3,6,0,0,1,1,2,6,4,1,0,0,-5
0000000193,1610612743,DEN,Denver Nuggets,1628420,Aaron Gordon,2024-25,Regular Season,2024-11-15,1610612738,BOS,Boston Celtics,True,False,L,18.1,7,5,9,5,7,1,4,1,2,3,0,4,3,4,0,-1
0000000193,1610612743,DEN,Denver Nuggets,1630166,Christian Braun,2024-25,Regular Season,2024-11-15,1610612738,BOS,Boston Celtics,True,False,L,28.9,4,8,9,8,9,1,5,0,4,4,2,4,3,3,4,0
0000000193,1610612743,DEN,Denver Nuggets,203914,Kentavious Caldwell-Pope,2024-25,Regular Season,2024-11-15,1610612738,BOS,Boston Celtics,True,False,L,25.1,8,3,7,2,5,2,4,0,0,0,0,3,2,1,4,-3
0000000193,1610612743,DEN,Denver Nuggets,1631128,Peyton Watson,2024-25,Regular Season,2024-11-15,1610612738,BOS,Boston Celtics,True,False,L,33.8,0,2,3,2,2,1,2,1,0,1,1,4,0,2,5,0
0000000193,1610612738,BOS,Boston Celtics,1628369,Jayson Tatum,2024-25,Regular Season,2024-11-15,1610612743,DEN,Denver Nuggets,False,True,W,30.7,27,10,14,0,0,1,6,4,5,9,3,1,2,3,1,-17
0000000193,1610612738,BOS,Boston Celtics,1627759,Jaylen Brown,2024-25,Regular Season,2024-11-15,1610612743,DEN,Denver Nuggets,False,True,W,37.1,29,11,18,4,8,2,8,2,5,7,4,0,1,1,2,-9
0000000193,1610612738,BOS,Boston Celtics,201950,Jrue Holiday,2024-25,Regular Season,2024-11-15,1610612743,DEN,Denver Nuggets,False,True,W,27.1,0,6,10,6,10,1,6,3,0,3,5,2,0,3,0,14
0000000193,1610612738,BOS,Boston Celtics,1628464,Derrick White,2024-25,Regular Season,2024-11-15,1610612743,DEN,Denver Nuggets,False,True,W,24.3,17,6,12,5,8,6,8,1,5,6,4,4,3,4,3,-15
0000000193,1610612738,BOS,Boston Celtics,203935,Kristaps Porziņģis,2024-25,Regular Season,2024-11-15,1610612743,DEN,Denver Nuggets,False,True,W,19.4,18,7,13,0,1,1,1,1,3,4,0,2,1,0,3,-14
0000000193,1610612738,BOS,Boston Celtics,1629057,Robert Williams,2024-25,Regular Season,2024-11-15,1610612743,DEN,Denver Nuggets,False,True,W,36.4,7,2,9,1,1,0,5,2,6,8,3,4,1,2,4,1
0000000194,1610612743,DEN,Denver Nuggets,203999,Nikola Jokić,2024-25,Regular Season,2024-11-17,1610612752,NYK,New York Knicks,True,False,L,19.4,33,13,22,1,1,1,2,3,0,3,8,3,3,0,4,8
0000000194,1610612743,DEN,Denver Nuggets,1627750,Jamal Murray,2024-25,Regular Season,2024-11-17,1610612752,NYK,New York Knicks,True,False,L,31.0,17,6,12,2,10,0,3,4,1,5,6,2,3,1,2,-7
0000000194,1610612743,DEN,Denver Nuggets,1628420,Aaron Gordon,2024-25,Regular Season,2024-11-17,1610612752,NYK,New York Knicks,True,False,L,32.8,8,7,8,7,8,0,0,1,4,5,2,4,2,4,5,-11
0000000194,1610612743,DEN,Denver Nuggets,1630166,Christian Braun,2024-25,Regular Season,2024-11-17,1610612752,NYK,New York Knicks,True,False,L,21.6,3,5,8,5,8,0,5,2,0,2,5,0,0,5,5,-5
0000000194,1610612743,DEN,Denver Nuggets,203914,Kentavious Caldwell-Pope,2024-25,Regular Season,2024-11-17,1610612752,NYK,New York Knicks,True,False,L,23.7,13,6,10,6,6,3,6,0,0,0,0,3,1,1,4,14
0000000194,1610612743,DEN,Denver Nuggets,1631128,Peyton Watson,2024-25,Regular Season,2024-11-17,1610612752,NYK,New York Knicks,True,False,L,30.5,0,1,3,1,3,0,3,3,0,3,3,1,3,4,2,-14
0000000194,1610612752,NYK,New York Knicks,1628973,Jalen Brunson,2024-25,Regular Season,2024-11-17,1610612743,DEN,Denver Nuggets,False,True,W,25.1,23,9,14,6,9,6,7,0,8,8,6,0,1,4,0,14
0000000194,1610612752,NYK,New York Knicks,1626164,Isaiah Hartenstein,2024-25,Regular Season,2024-11-17,1610612743,DEN,Denver Nuggets,False,True,W,26.8,26,10,14,0,0,1,5,0,16,16,0,1,2,5,1,-6
0000000194,1610612752,NYK,New York Knicks,1629628,RJ Barrett,2024-25,Regular Season,2024-11-17,1610612743,DEN,Denver Nuggets,False,True,W,36.7,26,10,18,0,1,4,6,1,5,6,1,4,3,0,4,-4
0000000194,1610612752,NYK,New York Knicks,1630193,Immanuel Quickley,2024-25,Regular Season,2024-11-17,1610612743,DEN,Denver Nuggets,False,True,W,32.6,4,1,6,0,0,0,7,2,1,3,1,2,0,2,5,9
0000000194,1610612752,NYK,New York Knicks,203944,Julius Randle,2024-25,Regular Season,2024-11-17,1610612743,DEN,Denver Nuggets,False,True,W,18.4,22,8,17,0,5,0,0,1,8,9,3,1,0,5,0,-3
0000000194,1610612752,NYK,New York Knicks,1631216,Miles McBride,2024-25,Regular Season,2024-11-17,1610612743,DEN,Denver Nuggets,False,True,W,22.7,8,3,6,2,5,0,7,2,0,2,0,1,3,1,5,-17
0000000195,1610612743,DEN,Denver Nuggets,203999,Nikola Jokić,2024-25,Regular Season,2024-11-19,1610612748,MIA,Miami Heat,True,False,L,35.7,27,10,18,2,2,2,5,1,13,14,14,1,2,1,5,-17
0000000195,1610612743,DEN,Denver Nuggets,1627750,Jamal Murray,2024-25,Regular Season,2024-11-19,1610612748,MIA,Miami Heat,True,False,L,34.6,17,6,14,1,8,0,0,2,0,2,7,4,3,3,1,17
0000000195,1610612743,DEN,Denver Nuggets,1628420,Aaron Gordon,2024-25,Regular Season,2024-11-19,1610612748,MIA,Miami Heat,True,False,L,34.0,20,8,13,3,4,4,4,2,2,4,5,4,1,1,5,17
0000000195,1610612743,DEN,Denver Nuggets,1630166,Christian Braun,2024-25,Regular Season,2024-11-19,1610612748,MIA,Miami Heat,True,False,L,31.5,11,4,10,1,1,5,7,2,0,2,1,1,0,0,3,-15
0000000195,1610612743,DEN,Denver Nuggets,203914,Kentavious Caldwell-Pope,2024-25,Regular Season,2024-11-19,1610612748,MIA,Miami Heat,True,False,L,32.9,12,4,11,2,3,3,8,0,0,0,3,3,2,2,4,11
0000000195,1610612743,DEN,Denver Nuggets,1631128,Peyton Watson,2024-25,Regular Season,2024-11-19,1610612748,MIA,Miami Heat,True,False,L,22.3,0,1,5,1,2,2,7,0,0,0,1,2,2,1,2,-10
0000000195,1610612748,MIA,Miami Heat,202710,Jimmy Butler,2024-25,Regular Season,2024-11-19,1610612743,DEN,Denver Nuggets,False,True,W,22.2,23,9,17,0,4,3,3,3,2,5,3,1,3,3,5,1
0000000195,1610612748,MIA,Miami Heat,1629639,Tyler Herro,2024-25,Regular Season,2024-11-19,1610612743,DEN,Denver Nuggets,False,True,W,19.0,28,11,15,3,8,0,2,0,0,0,6,2,3,2,3,-7
0000000195,1610612748,MIA,Miami Heat,202355,Bam Adebayo,2024-25,Regular Season,2024-11-19,1610612743,DEN,Denver Nuggets,False,True,W,26.3,26,10,14,3,3,1,2,1,13,14,4,1,3,1,2,4
0000000195,1610612748,MIA,Miami Heat,1631107,Jaime Jaquez,2024-25,Regular Season,2024-11-19,1610612743,DEN,Denver Nuggets,False,True,W,20.5,10,9,10,9,10,0,8,0,1,1,3,1,3,1,4,4
0000000195,1610612748,MIA,Miami Heat,203482,Kelly Olynyk,2024-25,Regular Season,2024-11-19,1610612743,DEN,Denver Nuggets,False,True,W,32.3,5,2,5,0,1,2,4,3,2,5,2,1,1,5,4,12
0000000195,1610612748,MIA,Miami Heat,1630217,Caleb Martin,2024-25,Regular Season,2024-11-19,1610612743,DEN,Denver Nuggets,False,True,W,30.6,12,9,10,9,10,4,4,2,0,2,0,4,3,2,2,16
0000000196,1610612738,BOS,Boston Celtics,1628369,Jayson Tatum,2024-25,Regular Season,2024-11-21,1610612747,LAL,Los Angeles Lakers,True,False,L,27.5,29,11,19,1,7,2,6,3,1,4,5,2,1,0,0,-12
0000000196,1610612738,BOS,Boston Celtics,1627759,Jaylen Brown,2024-25,Regular Season,2024-11-21,1610612747,LAL,Los Angeles Lakers,True,False,L,29.2,31,12,21,5,10,3,4,3,1,4,7,4,3,0,2,-10
0000000196,1610612738,BOS,Boston Celtics,201950,Jrue Holiday,2024-25,Regular Season,2024-11-21,1610612747,LAL,Los Angeles Lakers,True,False,L,24.0,13,6,9,6,8,2,6,4,5,9,3,0,3,1,4,-7
0000000196,1610612738,BOS,Boston Celtics,1628464,Derrick White,2024-25,Regular Season,2024-11-21,1610612747,LAL,Los Angeles Lakers,True,False,L,28.4,5,2,5,1,4,5,7,3,1,4,8,4,1,1,0,13
0000000196,1610612738,BOS,Boston Celtics,203935,Kristaps Porziņģis,2024-25,Regular Season,2024-11-21,1610612747,LAL,Los Angeles Lakers,True,False,L,28.4,14,5,12,0,0,2,2,2,6,8,1,4,0,1,1,-16
0000000196,1610612738,BOS,Boston Celtics,1629057,Robert Williams,2024-25,Regular Season,2024-11-21,1610612747,LAL,Los Angeles Lakers,True,False,L,30.0,13,5,11,0,2,1,3,0,8,8,1,3,2,0,3,17
0000000196,1610612747,LAL,Los Angeles Lakers,2544,LeBron James,2024-25,Regular Season,2024-11-21,1610612738,BOS,Boston Celtics,False,True,W,21.3,22,8,14,2,4,4,5,2,4,6,6,1,1,0,1,3
0000000196,1610612747,LAL,Los Angeles Lakers,1629029,Luka Dončić,2024-25,Regular Season,2024-11-21,1610612738,BOS,Boston Celtics,False,True,W,20.4,32,12,20,5,5,5,5,3,5,8,10,1,0,3,5,17
0000000196,1610612747,LAL,Los Angeles Lakers,203076,Anthony Davis,2024-25,Regular Season,2024-11-21,1610612738,BOS,Boston Celtics,False,True,W,24.0,27,10,19,0,2,0,2,1,11,12,1,2,1,3,2,-11
0000000196,1610612747,LAL,Los Angeles Lakers,1630559,Austin Reaves,2024-25,Regular Season,2024-11-21,1610612738,BOS,Boston Celtics,False,True,W,19.6,9,3,6,0,4,0,0,3,2,5,3,1,1,3,2,8
0000000196,1610612747,LAL,Los Angeles Lakers,1626156,Dalton Knecht,2024-25,Regular Season,2024-11-21,1610612738,BOS,Boston Celtics,False,True,W,23.2,8,6,8,6,8,2,2,0,0,0,2,1,0,3,2,5
0000000196,1610612747,LAL,Los Angeles Lakers,1629020,Rui Hachimura,2024-25,Regular Season,2024-11-21,1610612738,BOS,Boston Celtics,False,True,W,36.4,10,8,10,8,10,1,1,4,1,5,0,2,3,4,1,-17
0000000197,1610612738,BOS,Boston Celtics,1628369,Jayson Tatum,2024-25,Regular Season,2024-11-23,1610612744,GSW,Golden State Warriors,True,False,W,28.2,23,9,13,5,5,3,5,3,8,11,4,1,3,0,5,7
0000000197,1610612738,BOS,Boston Celtics,1627759,Jaylen Brown,2024-25,Regular Season,2024-11-23,1610612744,GSW,Golden State Warriors,True,False,W,28.1,23,9,13,0,0,2,6,0,0,0,3,0,1,5,1,-18
0000000197,1610612738,BOS,Boston Celtics,201950,Jrue Holiday,2024-25,Regular Season,2024-11-23,1610612744,GSW,Golden State Warriors,True,False,W,22.2,28,11,18,4,5,0,8,1,6,7,4,2,0,3,5,1
0000000197,1610612738,BOS,Boston Celtics,1628464,Derrick White,2024-25,Regular Season,2024-11-23,1610612744,GSW,Golden State Warriors,True,False,W,21.7,11,4,9,0,4,1,6,2,6,8,5,0,3,3,2,-15
0000000197,1610612738,BOS,Boston Celtics,203935,Kristaps Porziņģis,2024-25,Regular Season,2024-11-23,1610612744,GSW,Golden State Warriors,True,False,W,21.1,18,7,10,0,0,5,8,2,3,5,1,3,1,0,5,11
0000000197,1610612738,BOS,Boston Celtics,1629057,Robert Williams,2024-25,Regular Season,2024-11-23,1610612744,GSW,Golden State Warriors,True,False,W,32.0,0,1,5,1,2,2,2,4,5,9,2,3,3,5,5,-8
0000000197,1610612744,GSW,Golden State Warriors,201939,Stephen Curry,2024-25,Regular Season,2024-11-23,1610612738,BOS,Boston Celtics,False,True,L,25.3,36,14,22,7,8,3,8,3,1,4,5,1,2,3,2,-7
0000000197,1610612744,GSW,Golden State Warriors,202691,Klay Thompson,2024-25,Regular Season,2024-11-23,1610612738,BOS,Boston Celtics,False,True,L,34.6,28,11,15,0,4,1,5,4,3,7,4,0,1,4,1,15
0000000197,1610612744,GSW,Golden State Warriors,203110,Draymond Green,2024-25,Regular Season,2024-11-23,1610612738,BOS,Boston Celtics,False,True,L,18.2,1,1,2,1,1,0,4,1,5,6,5,4,2,5,1,1
0000000197,1610612744,GSW,Golden State Warriors,1630228,Jonathan Kuminga,2024-25,Regular Season,2024-11-23,1610612738,BOS,Boston Celtics,False,True,L,20.6,25,10,14,0,0,6,6,4,0,4,3,1,3,0,2,-1
0000000197,1610612744,GSW,Golden State Warriors,1626172,Kevon Looney,2024-25,Regular Season,2024-11-23,1610612738,BOS,Boston Celtics,False,True,L,24.7,3,1,3,0,2,1,2,1,11,12,4,4,3,1,4,0
0000000197,1610612744,GSW,Golden State Warriors,1630541,Brandin Podziemski,2024-25,Regular Season,2024-11-23,1610612738,BOS,Boston Celtics,False,True,L,22.0,8,6,9,6,9,1,8,3,4,7,6,1,1,0,2,1
0000000198,1610612738,BOS,Boston Celtics,1628369,Jayson Tatum,2024-25,Regular Season,2024-11-25,1610612743,DEN,Denver Nuggets,True,False,W,20.6,16,9,12,9,10,0,2,4,5,9,3,4,1,0,5,-12
0000000198,1610612738,BOS,Boston Celtics,1627759,Jaylen Brown,2024-25,Regular Season,2024-11-25,1610612743,DEN,Denver Nuggets,True,False,W,26.2,25,10,18,2,8,1,5,4,2,6,6,4,3,3,5,15
0000000198,1610612738,BOS,Boston Celtics,201950,Jrue Holiday,2024-25,Regular Season,2024-11-25,1610612743,DEN,Denver Nuggets,True,False,W,23.3,12,4,8,2,4,1,5,1,1,2,6,4,2,3,4,-11
0000000198,1610612738,BOS,Boston Celtics,1628464,Derrick White,2024-25,Regular Season,2024-11-25,1610612743,DEN,Denver Nuggets,True,False,W,35.3,21,8,13,7,7,0,0,2,5,7,5,0,3,3,0,12
0000000198,1610612738,BOS,Boston Celtics,203935,Kristaps Porziņģis,2024-25,Regular Season,2024-11-25,1610612743,DEN,Denver Nuggets,True,False,W,23.0,20,8,14,0,1,7,7,3,0,3,4,4,0,2,1,7
0000000198,1610612738,BOS,Boston Celtics,1629057,Robert Williams,2024-25,Regular Season,2024-11-25,1610612743,DEN,Denver Nuggets,True,False,W,32.6,7,2,4,0,3,5,5,0,8,8,1,0,1,4,2,11
0000000198,1610612743,DEN,Denver Nuggets,203999,Nikola Jokić,2024-25,Regular Season,2024-11-25,1610612738,BOS,Boston Celtics,False,True,L,18.7,20,8,12,1,1,5,8,3,13,16,10,3,2,3,1,-2
0000000198,1610612743,DEN,Denver Nuggets,1627750,Jamal Murray,2024-25,Regular Season,2024-11-25,1610612738,BOS,Boston Celtics,False,True,L,25.3,15,6,13,2,2,5,8,2,0,2,6,1,0,3,4,14
0000000198,1610612743,DEN,Denver Nuggets,1628420,Aaron Gordon,2024-25,Regular Season,2024-11-25,1610612738,BOS,Boston Celtics,False,True,L,18.8,16,6,14,0,6,6,7,2,4,6,1,2,0,1,1,6
0000000198,1610612743,DEN,Denver Nuggets,1630166,Christian Braun,2024-25,Regular Season,2024-11-25,1610612738,BOS,Boston Celtics,False,True,L,30.0,10,10,10,10,10,3,4,0,0,0,1,0,0,1,3,2
0000000198,1610612743,DEN,Denver Nuggets,203914,Kentavious Caldwell-Pope,2024-25,Regular Season,2024-11-25,1610612738,BOS,Boston Celtics,False,True,L,28.5,13,5,10,4,10,5,6,0,3,3,0,0,2,5,4,-8
0000000198,1610612743,DEN,Denver Nuggets,1631128,Peyton Watson,2024-25,Regular Season,2024-11-25,1610612738,BOS,Boston Celtics,False,True,L,21.4,0,0,3,0,3,3,6,3,3,6,0,0,0,3,2,3
0000000199,1610612738,BOS,Boston Celtics,1628369,Jayson Tatum,2024-25,Regular Season,2024-11-27,1610612752,NYK,New York Knicks,True,False,L,34.4,28,11,19,1,7,1,1,2,8,10,6,4,0,2,5,3
0000000199,1610612738,BOS,Boston Celtics,1627759,Jaylen Brown,2024-25,Regular Season,2024-11-27,1610612752,NYK,New York Knicks,True,False,L,35.7,22,8,12,1,10,0,3,0,6,6,3,1,3,0,3,16
0000000199,1610612738,BOS,Boston Celtics,201950,Jrue Holiday,2024-25,Regular Season,2024-11-27,1610612752,NYK,New York Knicks,True,False,L,29.1,0,5,7,5,7,1,3,1,3,4,3,4,3,3,0,-12
0000000199,1610612738,BOS,Boston Celtics,1628464,Derrick White,2024-25,Regular Season,2024-11-27,1610612752,NYK,New York Knicks,True,False,L,21.2,22,8,17,3,5,5,6,1,3,4,2,2,2,3,4,10
0000000199,1610612738,BOS,Boston Celtics,203935,Kristaps Porziņģis,2024-25,Regular Season,2024-11-27,1610612752,NYK,New York Knicks,True,False,L,23.0,13,5,8,1,2,0,0,4,1,5,3,1,1,2,1,-10
0000000199,1610612738,BOS,Boston Celtics,1629057,Robert Williams,2024-25,Regular Season,2024-11-27,1610612752,NYK,New York Knicks,True,False,L,31.8,17,6,9,0,1,1,5,1,8,9,1,1,3,4,1,-15
0000000199,1610612752,NYK,New York Knicks,1628973,Jalen Brunson,2024-25,Regular Season,2024-11-27,1610612738,BOS,Boston Celtics,False,True,W,27.1,27,10,15,0,0,2,5,1,0,1,7,3,2,2,0,11
0000000199,1610612752,NYK,New York Knicks,1626164,Isaiah Hartenstein,2024-25,Regular Season,2024-11-27,1610612738,BOS,Boston Celtics,False,True,W,33.3,31,12,18,2,3,0,7,0,5,5,3,4,0,1,0,-9
0000000199,1610612752,NYK,New York Knicks,1629628,RJ Barrett,2024-25,Regular Season,2024-11-27,1610612738,BOS,Boston Celtics,False,True,W,20.3,16,6,12,2,5,0,1,3,0,3,2,4,3,5,5,0
0000000199,1610612752,NYK,New York Knicks,1630193,Immanuel Quickley,2024-25,Regular Season,2024-11-27,1610612738,BOS,Boston Celtics,False,True,W,25.1,8,3,9,1,7,3,4,0,0,0,5,4,0,3,5,13
0000000199,1610612752,NYK,New York Knicks,203944,Julius Randle,2024-25,Regular Season,2024-11-27,1610612738,BOS,Boston Celtics,False,True,W,27.7,16,7,10,7,9,1,1,3,10,13,4,0,1,3,5,13
0000000199,1610612752,NYK,New York Knicks,1631216,Miles McBride,2024-25,Regular Season,2024-11-27,1610612738,BOS,Boston Celtics,False,True,W,26.3,6,2,5,1,1,5,8,0,5,5,2,3,1,2,4,-9
0000000200,1610612738,BOS,Boston Celtics,1628369,Jayson Tatum,2024-25,Regular Season,2024-11-29,1610612748,MIA,Miami Heat,True,False,L,33.0,27,10,18,0,0,4,7,4,5,9,3,1,2,0,1,12
0000000200,1610612738,BOS,Boston Celtics,1627759,Jaylen Brown,2024-25,Regular Season,2024-11-29,1610612748,MIA,Miami Heat,True,False,L,19.6,18,7,15,0,0,1,1,3,7,10,0,0,3,2,2,9
0000000200,1610612738,BOS,Boston Celtics,201950,Jrue Holiday,2024-25,Regular Season,2024-11-29,1610612748,MIA,Miami Heat,True,False,L,23.5,12,4,11,3,4,0,1,1,0,1,5,3,2,4,5,-18
0000000200,1610612738,BOS,Boston Celtics,1628464,Derrick White,2024-25,Regular Season,2024-11-29,1610612748,MIA,Miami Heat,True,False,L,21.6,20,8,16,0,10,2,2,2,6,8,3,4,3,1,4,-11
0000000200,1610612738,BOS,Boston Celtics,203935,Kristaps Porziņģis,2024-25,Regular Season,2024-11-29,1610612748,MIA,Miami Heat,True,False,L,30.4,21,8,13,1,3,2,8,0,6,6,1,1,1,0,0,-2
0000000200,1610612738,BOS,Boston Celtics,1629057,Robert Williams,2024-25,Regular Season,2024-11-29,1610612748,MIA,Miami Heat,True,False,L,31.7,0,2,3,2,3,1,6,0,8,8,1,3,2,5,1,14
0000000200,1610612748,MIA,Miami Heat,202710,Jimmy Butler,2024-25,Regular Season,2024-11-29,1610612738,BOS,Boston Celtics,False,True,W,26.4,27,10,16,2,7,0,1,1,3,4,4,4,3,4,4,12
0000000200,1610612748,MIA,Miami Heat,1629639,Tyler Herro,2024-25,Regular Season,2024-11-29,1610612738,BOS,Boston Celtics,False,True,W,18.3,25,10,17,0,3,6,6,1,0,1,5,3,0,2,2,-5
0000000200,1610612748,MIA,Miami Heat,202355,Bam Adebayo,2024-25,Regular Season,2024-11-29,1610612738,BOS,Boston Celtics,False,True,W,32.4,24,9,15,0,0,0,6,1,8,9,2,4,0,3,5,0
0000000200,1610612748,MIA,Miami Heat,1631107,Jaime Jaquez,2024-25,Regular Season,2024-11-29,1610612738,BOS,Boston Celtics,False,True,W,29.5,21,8,14,3,3,4,7,2,4,6,2,0,1,2,4,-16
0000000200,1610612748,MIA,Miami Heat,203482,Kelly Olynyk,2024-25,Regular Season,2024-11-29,1610612738,BOS,Boston Celtics,False,True,W,27.7,9,3,8,1,1,2,3,3,3,6,3,1,3,5,3,5
0000000200,1610612748,MIA,Miami Heat,1630217,Caleb Martin,2024-25,Regular Season,2024-11-29,1610612738,BOS,Boston Celtics,False,True,W,28.2,12,6,11,6,10,2,6,0,8,8,5,2,3,5,3,-7
0000000201,1610612752,NYK,New York Knicks,1628973,Jalen Brunson,2024-25,Regular Season,2024-12-01,1610612747,LAL,Los Angeles Lakers,True,False,L,34.9,22,8,12,1,1,0,3,2,5,7,7,4,1,5,2,2
0000000201,1610612752,NYK,New York Knicks,1626164,Isaiah Hartenstein,2024-25,Regular Season,2024-12-01,1610612747,LAL,Los Angeles Lakers,True,False,L,27.1,26,10,19,3,3,0,0,3,3,6,1,0,2,0,1,-13
0000000201,1610612752,NYK,New York Knicks,1629628,RJ Barrett,2024-25,Regular Season,2024-12-01,1610612747,LAL,Los Angeles Lakers,True,False,L,25.8,8,3,7,0,2,7,8,3,10,13,8,1,0,0,3,2
0000000201,1610612752,NYK,New York Knicks,1630193,Immanuel Quickley,2024-25,Regular Season,2024-12-01,1610612747,LAL,Los Angeles Lakers,True,False,L,37.0,11,4,7,0,3,0,0,1,4,5,3,0,3,2,3,-10
0000000201,1610612752,NYK,New York Knicks,203944,Julius Randle,2024-25,Regular Season,2024-12-01,1610612747,LAL,Los Angeles Lakers,True,False,L,29.7,21,8,12,3,9,1,2,1,6,7,3,2,1,5,1,3
0000000201,1610612752,NYK,New York Knicks,1631216,Miles McBride,2024-25,Regular Season,2024-12-01,1610612747,LAL,Los Angeles Lakers,True,False,L,33.5,0,4,6,4,6,0,3,1,0,1,3,1,0,3,4,-17
0000000201,1610612747,LAL,Los Angeles Lakers,2544,LeBron James,2024-25,Regular Season,2024-12-01,1610612752,NYK,New York Knicks,False,True,W,24.6,22,8,14,1,1,0,2,1,8,9,6,4,0,1,2,-15
0000000201,1610612747,LAL,Los Angeles Lakers,1629029,Luka Dončić,2024-25,Regular Season,2024-12-01,1610612752,NYK,New York Knicks,False,True,W,26.5,17,6,10,3,6,2,2,1,9,10,7,0,2,1,0,-14
0000000201,1610612747,LAL,Los Angeles Lakers,203076,Anthony Davis,2024-25,Regular Season,2024-12-01,1610612752,NYK,New York Knicks,False,True,W,31.5,24,9,15,0,3,1,4,1,13,14,0,0,3,1,0,17
0000000201,1610612747,LAL,Los Angeles Lakers,1630559,Austin Reaves,2024-25,Regular Season,2024-12-01,1610612752,NYK,New York Knicks,False,True,W,33.9,14,5,9,2,8,5,8,1,1,2,6,1,0,1,2,14
0000000201,1610612747,LAL,Los Angeles Lakers,1626156,Dalton Knecht,2024-25,Regular Season,2024-12-01,1610612752,NYK,New York Knicks,False,True,W,32.1,6,2,8,2,6,0,0,4,1,5,0,0,0,1,5,17
0000000201,1610612747,LAL,Los Angeles Lakers,1629020,Rui Hachimura,2024-25,Regular Season,2024-12-01,1610612752,NYK,New York Knicks,False,True,W,19.7,12,4,11,1,2,7,8,1,1,2,2,0,3,0,4,-3
0000000202,1610612752,NYK,New York Knicks,1628973,Jalen Brunson,2024-25,Regular Season,2024-12-03,1610612744,GSW,Golden State Warriors,True,False,W,28.3,34,13,23,4,6,3,8,2,13,15,10,2,1,4,4,-9
0000000202,1610612752,NYK,New York Knicks,1626164,Isaiah Hartenstein,2024-25,Regular Season,2024-12-03,1610612744,GSW,Golden State Warriors,True,False,W,25.8,27,10,15,1,1,1,1,0,14,14,4,0,2,0,5,-7
0000000202,1610612752,NYK,New York Knicks,1629628,RJ Barrett,2024-25,Regular Season,2024-12-03,1610612744,GSW,Golden State Warriors,True,False,W,21.1,9,5,6,5,5,0,1,1,3,4,4,4,0,2,0,-16
0000000202,1610612752,NYK,New York Knicks,1630193,Immanuel Quickley,2024-25,Regular Season,2024-12-03,1610612744,GSW,Golden State Warriors,True,False,W,32.0,17,6,12,0,7,1,2,2,2,4,2,4,0,3,1,15
0000000202,1610612752,NYK,New York Knicks,203944,Julius Randle,2024-25,Regular Season,2024-12-03,1610612744,GSW,Golden State Warriors,True,False,W,23.1,25,10,16,0,0,3,5,1,8,9,5,1,2,0,3,5
0000000202,1610612752,NYK,New York Knicks,1631216,Miles McBride,2024-25,Regular Season,2024-12-03,1610612744,GSW,Golden State Warriors,True,False,W,23.2,4,1,8,1,8,0,1,0,0,0,1,0,1,3,1,11
0000000202,1610612744,GSW,Golden State Warriors,201939,Stephen Curry,2024-25,Regular Season,2024-12-03,1610612752,NYK,New York Knicks,False,True,L,37.5,29,11,19,3,7,2,2,0,0,0,4,2,2,2,1,17
0000000202,1610612744,GSW,Golden State Warriors,202691,Klay Thompson,2024-25,Regular Season,2024-12-03,1610612752,NYK,New York Knicks,False,True,L,20.4,4,3,4,3,3,6,8,1,0,1,2,2,3,2,1,1
0000000202,1610612744,GSW,Golden State Warriors,203110,Draymond Green,2024-25,Regular Season,2024-12-03,1610612752,NYK,New York Knicks,False,True,L,33.2,1,5,7,5,7,2,2,1,8,9,7,0,0,1,2,16
0000000202,1610612744,GSW,Golden State Warriors,1630228,Jonathan Kuminga,2024-25,Regular Season,2024-12-03,1610612752,NYK,New York Knicks,False,True,L,32.0,15,6,13,2,3,0,1,0,8,8,0,3,3,5,5,-11
0000000202,1610612744,GSW,Golden State Warriors,1626172,Kevon Looney,2024-25,Regular Season,2024-12-03,1610612752,NYK,New York Knicks,False,True,L,20.0,0,2,3,2,3,2,5,1,8,9,2,2,3,1,4,12
0000000202,1610612744,GSW,Golden State Warriors,1630541,Brandin Podziemski,2024-25,Regular Season,2024-12-03,1610612752,NYK,New York Knicks,False,True,L,22.7,3,3,7,3,7,6,7,2,0,2,6,2,1,4,5,-3
0000000203,1610612752,NYK,New York Knicks,1628973,Jalen Brunson,2024-25,Regular Season,2024-12-05,1610612743,DEN,Denver Nuggets,True,False,W,35.6,29,11,19,6,10,0,4,2,4,6,6,2,3,4,3,13
0000000203,1610612752,NYK,New York Knicks,1626164,Isaiah Hartenstein,2024-25,Regular Season,2024-12-05,1610612743,DEN,Denver Nuggets,True,False,W,25.1,26,10,16,0,0,3,4,4,9,13,0,1,2,1,4,7
0000000203,1610612752,NYK,New York Knicks,1629628,RJ Barrett,2024-25,Regular Season,2024-12-05,1610612743,DEN,Denver Nuggets,True,False,W,21.2,16,6,13,1,1,1,2,1,6,7,4,1,0,3,0,12
0000000203,1610612752,NYK,New York Knicks,1630193,Immanuel Quickley,2024-25,Regular Season,2024-12-05,1610612743,DEN,Denver Nuggets,True,False,W,27.7,17,6,12,2,2,5,7,4,0,4,0,2,0,4,3,-15
0000000203,1610612752,NYK,New York Knicks,203944,Julius Randle,2024-25,Regular Season,2024-12-05,1610612743,DEN,Denver Nuggets,True,False,W,23.3,29,11,15,4,7,0,0,3,5,8,0,3,3,5,1,-8
0000000203,1610612752,NYK,New York Knicks,1631216,Miles McBride,2024-25,Regular Season,2024-12-05,1610612743,DEN,Denver Nuggets,True,False,W,21.5,0,3,10,3,10,0,0,0,3,3,1,0,2,0,1,2
0000000203,1610612743,DEN,Denver Nuggets,203999,Nikola Jokić,2024-25,Regular Season,2024-12-05,1610612752,NYK,New York Knicks,False,True,L,25.8,20,8,12,1,1,0,0,4,10,14,10,2,1,5,1,-6
0000000203,1610612743,DEN,Denver Nuggets,1627750,Jamal Murray,2024-25,Regular Season,2024-12-05,1610612752,NYK,New York Knicks,False,True,L,20.6,20,8,13,2,6,0,0,4,0,4,3,1,0,2,4,-2
0000000203,1610612743,DEN,Denver Nuggets,1628420,Aaron Gordon,2024-25,Regular Season,2024-12-05,1610612752,NYK,New York Knicks,False,True,L,19.1,12,9,9,9,9,0,1,0,9,9,2,4,0,3,1,-7
0000000203,1610612743,DEN,Denver Nuggets,1630166,Christian Braun,2024-25,Regular Season,2024-12-05,1610612752,NYK,New York Knicks,False,True,L,21.3,9,4,10,4,4,1,2,0,0,0,0,2,2,5,1,13
0000000203,1610612743,DEN,Denver Nuggets,203914,Kentavious Caldwell-Pope,2024-25,Regular Season,2024-12-05,1610612752,NYK,New York Knicks,False,True,L,36.8,8,3,5,3,3,0,5,0,7,7,2,2,0,1,5,-12
0000000203,1610612743,DEN,Denver Nuggets,1631128,Peyton Watson,2024-25,Regular Season,2024-12-05,1610612752,NYK,New York Knicks,False,True,L,35.4,17,6,10,3,4,7,7,0,0,0,1,3,3,4,5,8
0000000204,1610612752,NYK,New York Knicks,1628973,Jalen Brunson,2024-25,Regular Season,2024-12-07,1610612738,BOS,Boston Celtics,True,False,L,27.7,20,8,16,0,5,1,4,2,2,4,6,3,0,0,0,-14
0000000204,1610612752,NYK,New York Knicks,1626164,Isaiah Hartenstein,2024-25,Regular Season,2024-12-07,1610612738,BOS,Boston Celtics,True,False,L,19.5,30,12,21,0,0,1,5,3,4,7,0,0,2,1,1,13
0000000204,1610612752,NYK,New York Knicks,1629628,RJ Barrett,2024-25,Regular Season,2024-12-07,1610612738,BOS,Boston Celtics,True,False,L,30.7,1,1,4,1,1,2,3,1,4,5,5,4,3,1,1,10
0000000204,1610612752,NYK,New York Knicks,1630193,Immanuel Quickley,2024-25,Regular Season,2024-12-07,1610612738,BOS,Boston Celtics,True,False,L,32.2,15,6,9,3,3,4,4,2,4,6,5,3,2,1,0,15
0000000204,1610612752,NYK,New York Knicks,203944,Julius Randle,2024-25,Regular Season,2024-12-07,1610612738,BOS,Boston Celtics,True,False,L,30.7,22,8,12,7,7,0,1,4,5,9,4,2,1,0,1,-15
0000000204,1610612752,NYK,New York Knicks,1631216,Miles McBride,2024-25,Regular Season,2024-12-07,1610612738,BOS,Boston Celtics,True,False,L,18.5,7,2,10,1,10,0,0,0,0,0,6,3,3,4,4,17
0000000204,1610612738,BOS,Boston Celtics,1628369,Jayson Tatum,2024-25,Regular Season,2024-12-07,1610612752,NYK,New York Knicks,False,True,W,21.5,26,10,18,2,6,2,8,2,4,6,1,1,0,2,1,-10
0000000204,1610612738,BOS,Boston Celtics,1627759,Jaylen Brown,2024-25,Regular Season,2024-12-07,1610612752,NYK,New York Knicks,False,True,W,26.0,25,10,15,0,2,2,7,1,2,3,5,2,2,5,3,-1
0000000204,1610612738,BOS,Boston Celtics,201950,Jrue Holiday,2024-25,Regular Season,2024-12-07,1610612752,NYK,New York Knicks,False,True,W,35.0,14,5,12,3,5,1,1,2,5,7,4,1,1,2,2,-11
0000000204,1610612738,BOS,Boston Celtics,1628464,Derrick White,2024-25,Regular Season,2024-12-07,1610612752,NYK,New York Knicks,False,True,W,35.2,27,10,16,7,9,2,4,2,3,5,3,4,3,2,2,5
0000000204,1610612738,BOS,Boston Celtics,203935,Kristaps Porziņģis,2024-25,Regular Season,2024-12-07,1610612752,NYK,New York Knicks,False,True,W,20.9,19,7,14,1,1,2,4,3,3,6,2,2,2,4,3,-16
0000000204,1610612738,BOS,Boston Celtics,1629057,Robert Williams,2024-25,Regular Season,2024-12-07,1610612752,NYK,New York Knicks,False,True,W,26.3,9,3,6,2,2,3,6,1,0,1,0,4,2,3,4,-2
0000000205,1610612752,NYK,New York Knicks,1628973,Jalen Brunson,2024-25,Regular Season,2024-12-09,1610612748,MIA,Miami Heat,True,False,W,21.2,41,16,25,4,4,5,7,3,0,3,4,1,1,1,4,-9
0000000205,1610612752,NYK,New York Knicks,1626164,Isaiah Hartenstein,2024-25,Regular Season,2024-12-09,1610612748,MIA,Miami Heat,True,False,W,29.7,18,7,13,1,1,0,0,3,7,10,4,2,3,3,5,15
0000000205,1610612752,NYK,New York Knicks,1629628,RJ Barrett,2024-25,Regular Season,2024-12-09,1610612748,MIA,Miami Heat,True,False,W,37.5,10,7,10,7,10,7,8,1,0,1,0,2,3,0,2,11
0000000205,1610612752,NYK,New York Knicks,1630193,Immanuel Quickley,2024-25,Regular Season,2024-12-09,1610612748,MIA,Miami Heat,True,False,W,35.4,7,8,8,8,8,5,6,0,5,5,6,4,3,1,5,6
0000000205,1610612752,NYK,New York Knicks,203944,Julius Randle,2024-25,Regular Season,2024-12-09,1610612748,MIA,Miami Heat,True,False,W,35.8,24,9,16,2,2,0,5,0,10,10,6,3,1,1,1,-3
0000000205,1610612752,NYK,New York Knicks,1631216,Miles McBride,2024-25,Regular Season,2024-12-09,1610612748,MIA,Miami Heat,True,False,W,32.1,4,1,7,0,6,6,6,2,7,9,5,4,2,1,3,-10
0000000205,1610612748,MIA,Miami Heat,202710,Jimmy Butler,2024-25,Regular Season,2024-12-09,1610612752,NYK,New York Knicks,False,True,L,27.6,10,4,8,1,4,1,5,3,5,8,2,2,2,0,4,-9
0000000205,1610612748,MIA,Miami Heat,1629639,Tyler Herro,2024-25,Regular Season,2024-12-09,1610612752,NYK,New York Knicks,False,True,L,28.1,12,4,9,1,1,5,6,0,2,2,2,0,3,2,3,18
0000000205,1610612748,MIA,Miami Heat,202355,Bam Adebayo,2024-25,Regular Season,2024-12-09,1610612752,NYK,New York Knicks,False,True,L,35.4,15,6,8,3,3,1,1,1,12,13,4,4,3,3,2,12
0000000205,1610612748,MIA,Miami Heat,1631107,Jaime Jaquez,2024-25,Regular Season,2024-12-09,1610612752,NYK,New York Knicks,False,True,L,25.4,15,6,8,2,3,0,0,2,0,2,3,0,3,2,5,-9
0000000205,1610612748,MIA,Miami Heat,203482,Kelly Olynyk,2024-25,Regular Season,2024-12-09,1610612752,NYK,New York Knicks,False,True,L,21.6,18,7,15,1,2,0,8,0,0,0,2,3,2,5,4,16
0000000205,1610612748,MIA,Miami Heat,1630217,Caleb Martin,2024-25,Regular Season,2024-12-09,1610612752,NYK,New York Knicks,False,True,L,35.5,9,3,7,3,5,2,3,1,1,2,3,1,3,1,5,8
0000000206,1610612748,MIA,Miami Heat,202710,Jimmy Butler,2024-25,Regular Season,2024-12-11,1610612747,LAL,Los Angeles Lakers,True,False,L,32.9,30,12,18,5,7,1,2,3,1,4,1,4,0,0,5,3
0000000206,1610612748,MIA,Miami Heat,1629639,Tyler Herro,2024-25,Regular Season,2024-12-11,1610612747,LAL,Los Angeles Lakers,True,False,L,33.8,18,7,11,5,6,0,1,4,0,4,3,0,3,0,2,-8
0000000206,1610612748,MIA,Miami Heat,202355,Bam Adebayo,2024-25,Regular Season,2024-12-11,1610612747,LAL,Los Angeles Lakers,True,False,L,29.0,13,5,9,1,3,4,5,2,9,11,3,3,2,4,4,10
0000000206,1610612748,MIA,Miami Heat,1631107,Jaime Jaquez,2024-25,Regular Season,2024-12-11,1610612747,LAL,Los Angeles Lakers,True,False,L,18.8,7,2,7,0,0,1,4,1,0,1,4,3,2,1,0,-9
0000000206,1610612748,MIA,Miami Heat,203482,Kelly Olynyk,2024-25,Regular Season,2024-12-11,1610612747,LAL,Los Angeles Lakers,True,False,L,35.3,1,0,4,0,0,2,5,2,0,2,1,3,1,5,4,-8
0000000206,1610612748,MIA,Miami Heat,1630217,Caleb Martin,2024-25,Regular Season,2024-12-11,1610612747,LAL,Los Angeles Lakers,True,False,L,32.4,8,3,9,2,3,3,8,0,0,0,0,1,0,1,4,6
0000000206,1610612747,LAL,Los Angeles Lakers,2544,LeBron James,2024-25,Regular Season,2024-12-11,1610612748,MIA,Miami Heat,False,True,W,33.6,15,6,11,0,5,2,6,4,5,9,9,2,0,5,5,-2
0000000206,1610612747,LAL,Los Angeles Lakers,1629029,Luka Dončić,2024-25,Regular Season,2024-12-11,1610612748,MIA,Miami Heat,False,True,W,31.2,28,11,18,3,3,1,3,2,8,10,7,4,0,3,2,-9
0000000206,1610612747,LAL,Los Angeles Lakers,203076,Anthony Davis,2024-25,Regular Season,2024-12-11,1610612748,MIA,Miami Heat,False,True,W,33.1,32,12,22,0,0,3,7,3,7,10,3,4,1,2,4,6
0000000206,1610612747,LAL,Los Angeles Lakers,1630559,Austin Reaves,2024-25,Regular Season,2024-12-11,1610612748,MIA,Miami Heat,False,True,W,21.7,20,8,11,0,3,0,1,2,3,5,4,1,3,4,5,14
0000000206,1610612747,LAL,Los Angeles Lakers,1626156,Dalton Knecht,2024-25,Regular Season,2024-12-11,1610612748,MIA,Miami Heat,False,True,W,27.2,24,9,18,7,8,2,4,1,0,1,3,2,1,4,2,8
0000000206,1610612747,LAL,Los Angeles Lakers,1629020,Rui Hachimura,2024-25,Regular Season,2024-12-11,1610612748,MIA,Miami Heat,False,True,W,28.7,6,6,9,6,9,1,8,2,0,2,0,4,0,2,0,12
0000000207,1610612748,MIA,Miami Heat,202710,Jimmy Butler,2024-25,Regular Season,2024-12-13,1610612744,GSW,Golden State Warriors,True,False,L,20.0,28,11,16,6,10,0,3,4,2,6,5,1,0,5,3,13
0000000207,1610612748,MIA,Miami Heat,1629639,Tyler Herro,2024-25,Regular Season,2024-12-13,1610612744,GSW,Golden State Warriors,True,False,L,32.1,13,5,12,3,10,1,6,3,0,3,3,2,1,1,1,-6
0000000207,1610612748,MIA,Miami Heat,202355,Bam Adebayo,2024-25,Regular Season,2024-12-13,1610612744,GSW,Golden State Warriors,True,False,L,28.0,22,8,16,0,0,6,8,3,8,11,4,3,2,1,4,-6
0000000207,1610612748,MIA,Miami Heat,1631107,Jaime Jaquez,2024-25,Regular Season,2024-12-13,1610612744,GSW,Golden State Warriors,True,False,L,24.3,5,2,8,0,2,7,8,1,0,1,4,0,3,1,3,3
0000000207,1610612748,MIA,Miami Heat,203482,Kelly Olynyk,2024-25,Regular Season,2024-12-13,1610612744,GSW,Golden State Warriors,True,False,L,27.2,6,2,6,0,0,0,7,0,8,8,0,0,1,5,1,6
0000000207,1610612748,MIA,Miami Heat,1630217,Caleb Martin,2024-25,Regular Season,2024-12-13,1610612744,GSW,Golden State Warriors,True,False,L,37.6,7,2,9,2,8,4,7,4,1,5,4,0,0,0,3,-12
0000000207,1610612744,GSW,Golden State Warriors,201939,Stephen Curry,2024-25,Regular Season,2024-12-13,1610612748,MIA,Miami Heat,False,True,W,30.1,34,13,21,0,2,5,7,4,0,4,3,4,3,4,0,-9
0000000207,1610612744,GSW,Golden State Warriors,202691,Klay Thompson,2024-25,Regular Season,2024-12-13,1610612748,MIA,Miami Heat,False,True,W,24.6,23,9,15,1,1,4,4,2,1,3,1,0,1,5,0,0
0000000207,1610612744,GSW,Golden State Warriors,203110,Draymond Green,2024-25,Regular Season,2024-12-13,1610612748,MIA,Miami Heat,False,True,W,26.6,7,6,9,6,9,5,8,2,4,6,5,1,2,5,0,-2
0000000207,1610612744,GSW,Golden State Warriors,1630228,Jonathan Kuminga,2024-25,Regular Season,2024-12-13,1610612748,MIA,Miami Heat,False,True,W,26.0,19,7,13,3,7,0,0,2,8,10,4,4,1,2,3,16
0000000207,1610612744,GSW,Golden State Warriors,1626172,Kevon Looney,2024-25,Regular Season,2024-12-13,1610612748,MIA,Miami Heat,False,True,W,30.7,6,2,4,0,2,0,0,2,6,8,0,3,2,1,2,-16
0000000207,1610612744,GSW,Golden State Warriors,1630541,Brandin Podziemski,2024-25,Regular Season,2024-12-13,1610612748,MIA,Miami Heat,False,True,W,34.9,11,4,10,1,1,0,0,1,5,6,2,4,3,2,3,15
0000000208,1610612748,MIA,Miami Heat,202710,Jimmy Butler,2024-25,Regular Season,2024-12-15,1610612743,DEN,Denver Nuggets,True,False,W,21.8,20,8,13,4,9,0,0,1,7,8,2,1,1,5,0,-11
0000000208,1610612748,MIA,Miami Heat,1629639,Tyler Herro,2024-25,Regular Season,2024-12-15,1610612743,DEN,Denver Nuggets,True,False,W,30.6,10,4,7,1,2,1,2,2,3,5,5,0,1,3,2,-2
0000000208,1610612748,MIA,Miami Heat,202355,Bam Adebayo,2024-25,Regular Season,2024-12-15,1610612743,DEN,Denver Nuggets,True,False,W,26.0,16,6,9,0,0,2,3,2,6,8,5,0,0,2,5,5
0000000208,1610612748,MIA,Miami Heat,1631107,Jaime Jaquez,2024-25,Regular Season,2024-12-15,1610612743,DEN,Denver Nuggets,True,False,W,19.6,6,2,9,1,9,1,2,2,10,12,5,2,0,1,2,10
0000000208,1610612748,MIA,Miami Heat,203482,Kelly Olynyk,2024-25,Regular Season,2024-12-15,1610612743,DEN,Denver Nuggets,True,False,W,20.3,10,4,10,1,3,0,7,3,6,9,2,0,2,3,1,-13
0000000208,1610612748,MIA,Miami Heat,1630217,Caleb Martin,2024-25,Regular Season,2024-12-15,1610612743,DEN,Denver Nuggets,True,False,W,18.3,12,4,11,4,9,1,6,0,0,0,2,1,2,5,1,-2
0000000208,1610612743,DEN,Denver Nuggets,203999,Nikola Jokić,2024-25,Regular Season,2024-12-15,1610612748,MIA,Miami Heat,False,True,L,18.4,18,7,11,2,3,0,1,0,11,11,9,2,3,2,4,14
0000000208,1610612743,DEN,Denver Nuggets,1627750,Jamal Murray,2024-25,Regular Season,2024-12-15,1610612748,MIA,Miami Heat,False,True,L,26.2,12,4,8,0,0,5,6,1,3,4,6,1,3,4,5,15
0000000208,1610612743,DEN,Denver Nuggets,1628420,Aaron Gordon,2024-25,Regular Season,2024-12-15,1610612748,MIA,Miami Heat,False,True,L,27.3,7,5,6,5,5,0,3,0,7,7,0,3,3,3,1,2
0000000208,1610612743,DEN,Denver Nuggets,1630166,Christian Braun,2024-25,Regular Season,2024-12-15,1610612748,MIA,Miami Heat,False,True,L,27.8,12,4,9,3,3,0,0,1,0,1,5,1,1,3,5,18
0000000208,1610612743,DEN,Denver Nuggets,203914,Kentavious Caldwell-Pope,2024-25,Regular Season,2024-12-15,1610612748,MIA,Miami Heat,False,True,L,36.8,5,4,8,4,8,3,3,0,4,4,0,1,1,4,5,-4
0000000208,1610612743,DEN,Denver Nuggets,1631128,Peyton Watson,2024-25,Regular Season,2024-12-15,1610612748,MIA,Miami Heat,False,True,L,28.8,5,2,5,2,5,3,4,3,3,6,2,0,3,2,3,-3
0000000209,1610612748,MIA,Miami Heat,202710,Jimmy Butler,2024-25,Regular Season,2024-12-17,1610612738,BOS,Boston Celtics,True,False,L,25.1,22,8,13,2,6,5,6,4,8,12,14,2,1,5,0,-1
0000000209,1610612748,MIA,Miami Heat,1629639,Tyler Herro,2024-25,Regular Season,2024-12-17,1610612738,BOS,Boston Celtics,True,False,L,35.6,16,6,10,0,0,0,2,0,9,9,7,2,1,3,2,-14
0000000209,1610612748,MIA,Miami Heat,202355,Bam Adebayo,2024-25,Regular Season,2024-12-17,1610612738,BOS,Boston Celtics,True,False,L,28.2,17,6,13,0,1,0,2,3,3,6,6,3,1,0,2,-1
0000000209,1610612748,MIA,Miami Heat,1631107,Jaime Jaquez,2024-25,Regular Season,2024-12-17,1610612738,BOS,Boston Celtics,True,False,L,34.0,8,3,10,3,5,4,7,3,2,5,4,2,1,4,1,8
0000000209,1610612748,MIA,Miami Heat,203482,Kelly Olynyk,2024-25,Regular Season,2024-12-17,1610612738,BOS,Boston Celtics,True,False,L,29.5,9,3,7,1,2,6,7,4,1,5,0,2,1,0,0,18
0000000209,1610612748,MIA,Miami Heat,1630217,Caleb Martin,2024-25,Regular Season,2024-12-17,1610612738,BOS,Boston Celtics,True,False,L,36.5,20,8,15,1,9,0,2,1,0,1,3,4,0,0,0,-11
0000000209,1610612738,BOS,Boston Celtics,1628369,Jayson Tatum,2024-25,Regular Season,2024-12-17,1610612748,MIA,Miami Heat,False,True,W,32.6,29,11,17,0,3,4,4,0,0,0,4,2,1,0,3,-4
0000000209,1610612738,BOS,Boston Celtics,1627759,Jaylen Brown,2024-25,Regular Season,2024-12-17,1610612748,MIA,Miami Heat,False,True,W,28.6,24,9,17,2,4,0,1,4,2,6,0,0,1,0,1,16
0000000209,1610612738,BOS,Boston Celtics,201950,Jrue Holiday,2024-25,Regular Season,2024-12-17,1610612748,MIA,Miami Heat,False,True,W,29.8,9,6,9,6,9,5,5,0,2,2,4,3,1,0,0,-16
0000000209,1610612738,BOS,Boston Celtics,1628464,Derrick White,2024-25,Regular Season,2024-12-17,1610612748,MIA,Miami Heat,False,True,W,26.7,12,4,7,0,0,1,3,3,0,3,3,0,1,1,0,6
0000000209,1610612738,BOS,Boston Celtics,203935,Kristaps Porziņģis,2024-25,Regular Season,2024-12-17,1610612748,MIA,Miami Heat,False,True,W,33.1,19,7,12,1,1,0,2,3,5,8,0,0,1,4,3,-12
0000000209,1610612738,BOS,Boston Celtics,1629057,Robert Williams,2024-25,Regular Season,2024-12-17,1610612748,MIA,Miami Heat,False,True,W,33.1,7,3,9,3,3,4,7,0,7,7,0,4,0,4,0,-16
0000000210,1610612748,MIA,Miami Heat,202710,Jimmy Butler,2024-25,Regular Season,2024-12-19,1610612752,NYK,New York Knicks,True,False,W,32.8,8,3,7,0,0,4,7,2,6,8,3,0,0,5,4,12
0000000210,1610612748,MIA,Miami Heat,1629639,Tyler Herro,2024-25,Regular Season,2024-12-19,1610612752,NYK,New York Knicks,True,False,W,24.3,20,8,16,2,7,1,5,1,0,1,3,1,3,2,1,-11
0000000210,1610612748,MIA,Miami Heat,202355,Bam Adebayo,2024-25,Regular Season,2024-12-19,1610612752,NYK,New York Knicks,True,False,W,31.6,23,9,17,2,2,2,5,1,9,10,2,0,1,4,1,17
0000000210,1610612748,MIA,Miami Heat,1631107,Jaime Jaquez,2024-25,Regular Season,2024-12-19,1610612752,NYK,New York Knicks,True,False,W,21.4,19,7,13,4,5,0,3,4,0,4,2,2,1,4,2,10
0000000210,1610612748,MIA,Miami Heat,203482,Kelly Olynyk,2024-25,Regular Season,2024-12-19,1610612752,NYK,New York Knicks,True,False,W,33.4,5,2,3,0,0,0,1,4,2,6,1,4,3,2,4,-3
0000000210,1610612748,MIA,Miami Heat,1630217,Caleb Martin,2024-25,Regular Season,2024-12-19,1610612752,NYK,New York Knicks,True,False,W,31.2,14,10,13,10,10,1,7,0,0,0,1,2,2,2,5,4
0000000210,1610612752,NYK,New York Knicks,1628973,Jalen Brunson,2024-25,Regular Season,2024-12-19,1610612748,MIA,Miami Heat,False,True,L,37.9,20,8,15,0,5,0,0,0,0,0,6,4,1,5,3,11
0000000210,1610612752,NYK,New York Knicks,1626164,Isaiah Hartenstein,2024-25,Regular Season,2024-12-19,1610612748,MIA,Miami Heat,False,True,L,29.1,17,6,10,0,0,2,3,2,11,13,0,1,0,5,0,-15
0000000210,1610612752,NYK,New York Knicks,1629628,RJ Barrett,2024-25,Regular Season,2024-12-19,1610612748,MIA,Miami Heat,False,True,L,30.8,13,5,10,0,0,6,6,1,0,1,0,1,3,1,1,-13
0000000210,1610612752,NYK,New York Knicks,1630193,Immanuel Quickley,2024-25,Regular Season,2024-12-19,1610612748,MIA,Miami Heat,False,True,L,20.9,6,10,10,10,10,1,2,1,0,1,4,2,1,2,0,-2
0000000210,1610612752,NYK,New York Knicks,203944,Julius Randle,2024-25,Regular Season,2024-12-19,1610612748,MIA,Miami Heat,False,True,L,36.3,16,6,12,0,1,0,6,0,12,12,2,0,3,0,0,17
0000000210,1610612752,NYK,New York Knicks,1631216,Miles McBride,2024-25,Regular Season,2024-12-19,1610612748,MIA,Miami Heat,False,True,L,31.6,14,5,10,0,0,0,0,0,4,4,4,2,0,3,2,7
0000000211,1610612747,LAL,Los Angeles Lakers,2544,LeBron James,2024-25,Regular Season,2024-12-21,1610612744,GSW,Golden State Warriors,True,False,L,29.8,28,11,19,1,4,0,0,3,8,11,4,3,3,0,0,6
0000000211,1610612747,LAL,Los Angeles Lakers,1629029,Luka Dončić,2024-25,Regular Season,2024-12-21,1610612744,GSW,Golden State Warriors,True,False,L,26.4,11,5,6,5,5,1,5,0,3,3,4,2,1,0,3,17
0000000211,1610612747,LAL,Los Angeles Lakers,203076,Anthony Davis,2024-25,Regular Season,2024-12-21,1610612744,GSW,Golden State Warriors,True,False,L,30.4,22,8,15,0,1,1,3,0,15,15,0,2,3,0,4,6
0000000211,1610612747,LAL,Los Angeles Lakers,1630559,Austin Reaves,2024-25,Regular Season,2024-12-21,1610612744,GSW,Golden State Warriors,True,False,L,27.2,6,2,4,1,3,4,5,3,1,4,3,4,2,5,5,-11
0000000211,1610612747,LAL,Los Angeles Lakers,1626156,Dalton Knecht,2024-25,Regular Season,2024-12-21,1610612744,GSW,Golden State Warriors,True,False,L,20.2,13,5,8,1,1,0,4,1,3,4,0,0,3,2,0,-13
0000000211,1610612747,LAL,Los Angeles Lakers,1629020,Rui Hachimura,2024-25,Regular Season,2024-12-21,1610612744,GSW,Golden State Warriors,True,False,L,34.9,15,6,12,1,6,1,1,0,0,0,3,0,2,1,1,1
0000000211,1610612744,GSW,Golden State Warriors,201939,Stephen Curry,2024-25,Regular Season,2024-12-21,1610612747,LAL,Los Angeles Lakers,False,True,W,30.8,24,9,13,0,1,0,7,2,3,5,1,3,2,1,2,-9
0000000211,1610612744,GSW,Golden State Warriors,202691,Klay Thompson,2024-25,Regular Season,2024-12-21,1610612747,LAL,Los Angeles Lakers,False,True,W,27.7,18,7,12,1,1,7,8,1,3,4,1,0,3,3,1,4
0000000211,1610612744,GSW,Golden State Warriors,203110,Draymond Green,2024-25,Regular Season,2024-12-21,1610612747,LAL,Los Angeles Lakers,False,True,W,33.0,19,7,13,1,1,4,4,1,10,11,2,1,0,1,5,3
0000000211,1610612744,GSW,Golden State Warriors,1630228,Jonathan Kuminga,2024-25,Regular Season,2024-12-21,1610612747,LAL,Los Angeles Lakers,False,True,W,24.3,16,6,11,3,3,3,5,0,9,9,4,0,1,1,1,14
0000000211,1610612744,GSW,Golden State Warriors,1626172,Kevon Looney,2024-25,Regular Season,2024-12-21,1610612747,LAL,Los Angeles Lakers,False,True,W,28.4,6,2,8,2,2,1,3,2,6,8,0,4,2,2,1,-15
0000000211,1610612744,GSW,Golden State Warriors,1630541,Brandin Podziemski,2024-25,Regular Season,2024-12-21,1610612747,LAL,Los Angeles Lakers,False,True,W,21.0,20,8,16,0,3,0,1,4,0,4,5,2,3,1,1,18
0000000212,1610612747,LAL,Los Angeles Lakers,2544,LeBron James,2024-25,Regular Season,2024-12-23,1610612743,DEN,Denver Nuggets,True,False,W,35.0,16,6,10,0,0,6,8,0,8,8,7,4,2,4,4,5
0000000212,1610612747,LAL,Los Angeles Lakers,1629029,Luka Dončić,2024-25,Regular Season,2024-12-23,1610612743,DEN,Denver Nuggets,True,False,W,36.3,18,7,14,0,0,2,8,3,7,10,6,4,3,3,5,13
0000000212,1610612747,LAL,Los Angeles Lakers,203076,Anthony Davis,2024-25,Regular Season,2024-12-23,1610612743,DEN,Denver Nuggets,True,False,W,33.5,21,8,14,3,3,0,0,4,9,13,4,2,3,1,3,8
0000000212,1610612747,LAL,Los Angeles Lakers,1630559,Austin Reaves,2024-25,Regular Season,2024-12-23,1610612743,DEN,Denver Nuggets,True,False,W,18.5,26,10,14,0,7,2,5,0,8,8,3,3,2,3,4,8
0000000212,1610612747,LAL,Los Angeles Lakers,1626156,Dalton Knecht,2024-25,Regular Season,2024-12-23,1610612743,DEN,Denver Nuggets,True,False,W,26.0,16,6,13,6,9,3,3,0,0,0,1,0,3,5,3,-8
0000000212,1610612747,LAL,Los Angeles Lakers,1629020,Rui Hachimura,2024-25,Regular Season,2024-12-23,1610612743,DEN,Denver Nuggets,True,False,W,35.3,5,4,7,4,6,0,7,1,5,6,0,2,3,1,2,-8
0000000212,1610612743,DEN,Denver Nuggets,203999,Nikola Jokić,2024-25,Regular Season,2024-12-23,1610612747,LAL,Los Angeles Lakers,False,True,L,27.4,28,11,17,2,3,3,8,3,9,12,7,1,0,4,1,10
0000000212,1610612743,DEN,Denver Nuggets,1627750,Jamal Murray,2024-25,Regular Season,2024-12-23,1610612747,LAL,Los Angeles Lakers,False,True,L,31.4,23,9,12,2,5,4,5,0,0,0,4,1,2,1,3,-14
0000000212,1610612743,DEN,Denver Nuggets,1628420,Aaron Gordon,2024-25,Regular Season,2024-12-23,1610612747,LAL,Los Angeles Lakers,False,True,L,29.1,21,8,11,1,5,5,8,0,9,9,0,0,0,3,1,-3
0000000212,1610612743,DEN,Denver Nuggets,1630166,Christian Braun,2024-25,Regular Season,2024-12-23,1610612747,LAL,Los Angeles Lakers,False,True,L,18.9,14,5,12,0,4,3,3,1,0,1,2,1,2,5,3,18
0000000212,1610612743,DEN,Denver Nuggets,203914,Kentavious Caldwell-Pope,2024-25,Regular Season,2024-12-23,1610612747,LAL,Los Angeles Lakers,False,True,L,29.1,0,0,5,0,0,6,6,1,0,1,4,4,0,4,4,-11
0000000212,1610612743,DEN,Denver Nuggets,1631128,Peyton Watson,2024-25,Regular Season,2024-12-23,1610612747,LAL,Los Angeles Lakers,False,True,L,20.7,11,4,11,0,10,7,7,2,0,2,1,3,2,2,0,9
0000000213,1610612747,LAL,Los Angeles Lakers,2544,LeBron James,2024-25,Regular Season,2024-12-25,1610612738,BOS,Boston Celtics,True,False,W,23.1,41,16,22,3,4,6,6,0,12,12,14,4,1,1,5,8
0000000213,1610612747,LAL,Los Angeles Lakers,1629029,Luka Dončić,2024-25,Regular Season,2024-12-25,1610612738,BOS,Boston Celtics,True,False,W,28.1,30,12,18,1,8,1,3,2,9,11,6,4,3,0,1,14
0000000213,1610612747,LAL,Los Angeles Lakers,203076,Anthony Davis,2024-25,Regular Season,2024-12-25,1610612738,BOS,Boston Celtics,True,False,W,34.7,27,10,16,3,3,1,2,4,8,12,2,2,2,4,5,-5
0000000213,1610612747,LAL,Los Angeles Lakers,1630559,Austin Reaves,2024-25,Regular Season,2024-12-25,1610612738,BOS,Boston Celtics,True,False,W,31.0,21,8,16,0,7,0,0,4,2,6,3,3,3,5,3,-10
0000000213,1610612747,LAL,Los Angeles Lakers,1626156,Dalton Knecht,2024-25,Regular Season,2024-12-25,1610612738,BOS,Boston Celtics,True,False,W,31.6,4,7,8,7,8,0,2,1,3,4,1,0,1,2,1,-14
0000000213,1610612747,LAL,Los Angeles Lakers,1629020,Rui Hachimura,2024-25,Regular Season,2024-12-25,1610612738,BOS,Boston Celtics,True,False,W,27.5,14,5,12,2,4,2,5,2,1,3,4,0,2,2,0,16
0000000213,1610612738,BOS,Boston Celtics,1628369,Jayson Tatum,2024-25,Regular Season,2024-12-25,1610612747,LAL,Los Angeles Lakers,False,True,L,27.2,24,9,17,5,10,0,2,3,4,7,4,2,3,5,0,14
0000000213,1610612738,BOS,Boston Celtics,1627759,Jaylen Brown,2024-25,Regular Season,2024-12-25,1610612747,LAL,Los Angeles Lakers,False,True,L,23.7,27,10,19,9,9,0,1,1,7,8,4,2,2,1,3,3
0000000213,1610612738,BOS,Boston Celtics,201950,Jrue Holiday,2024-25,Regular Season,2024-12-25,1610612747,LAL,Los Angeles Lakers,False,True,L,34.2,10,4,8,2,4,1,3,0,6,6,5,3,2,0,1,7
0000000213,1610612738,BOS,Boston Celtics,1628464,Derrick White,2024-25,Regular Season,2024-12-25,1610612747,LAL,Los Angeles Lakers,False,True,L,37.2,9,3,7,2,7,3,4,4,3,7,3,3,2,0,0,13
0000000213,1610612738,BOS,Boston Celtics,203935,Kristaps Porziņģis,2024-25,Regular Season,2024-12-25,1610612747,LAL,Los Angeles Lakers,False,True,L,19.4,13,5,11,0,2,2,2,0,5,5,3,0,2,4,1,-18
0000000213,1610612738,BOS,Boston Celtics,1629057,Robert Williams,2024-25,Regular Season,2024-12-25,1610612747,LAL,Los Angeles Lakers,False,True,L,25.7,13,5,10,2,3,2,3,0,6,6,1,4,1,4,4,5
0000000214,1610612747,LAL,Los Angeles Lakers,2544,LeBron James,2024-25,Regular Season,2024-12-27,1610612752,NYK,New York Knicks,True,False,W,24.8,39,15,24,1,4,0,1,4,5,9,7,2,2,2,2,-16
0000000214,1610612747,LAL,Los Angeles Lakers,1629029,Luka Dončić,2024-25,Regular Season,2024-12-27,1610612752,NYK,New York Knicks,True,False,W,30.9,33,13,19,1,8,3,3,2,8,10,9,4,3,5,1,10
0000000214,1610612747,LAL,Los Angeles Lakers,203076,Anthony Davis,2024-25,Regular Season,2024-12-27,1610612752,NYK,New York Knicks,True,False,W,32.6,12,4,11,0,1,2,2,4,3,7,1,1,1,2,0,-7
0000000214,1610612747,LAL,Los Angeles Lakers,1630559,Austin Reaves,2024-25,Regular Season,2024-12-27,1610612752,NYK,New York Knicks,True,False,W,27.1,24,9,18,2,4,0,5,4,1,5,4,0,2,4,5,-12
0000000214,1610612747,LAL,Los Angeles Lakers,1626156,Dalton Knecht,2024-25,Regular Season,2024-12-27,1610612752,NYK,New York Knicks,True,False,W,33.7,10,4,11,3,8,4,4,2,5,7,3,2,0,4,1,16
0000000214,1610612747,LAL,Los Angeles Lakers,1629020,Rui Hachimura,2024-25,Regular Season,2024-12-27,1610612752,NYK,New York Knicks,True,False,W,33.9,16,6,13,6,7,0,4,1,3,4,2,0,2,5,1,-18
0000000214,1610612752,NYK,New York Knicks,1628973,Jalen Brunson,2024-25,Regular Season,2024-12-27,1610612747,LAL,Los Angeles Lakers,False,True,L,34.1,28,11,19,0,0,2,2,2,0,2,6,2,0,4,2,-5
0000000214,1610612752,NYK,New York Knicks,1626164,Isaiah Hartenstein,2024-25,Regular Season,2024-12-27,1610612747,LAL,Los Angeles Lakers,False,True,L,32.7,17,6,9,0,2,6,8,0,11,11,0,2,0,3,0,-9
0000000214,1610612752,NYK,New York Knicks,1629628,RJ Barrett,2024-25,Regular Season,2024-12-27,1610612747,LAL,Los Angeles Lakers,False,True,L,35.8,20,8,12,1,2,4,8,2,10,12,5,0,1,0,2,4
0000000214,1610612752,NYK,New York Knicks,1630193,Immanuel Quickley,2024-25,Regular Season,2024-12-27,1610612747,LAL,Los Angeles Lakers,False,True,L,35.2,13,6,10,6,10,6,6,0,3,3,4,2,1,3,5,-11
0000000214,1610612752,NYK,New York Knicks,203944,Julius Randle,2024-25,Regular Season,2024-12-27,1610612747,LAL,Los Angeles Lakers,False,True,L,32.8,17,6,14,0,7,6,8,3,4,7,4,2,2,4,5,11
0000000214,1610612752,NYK,New York Knicks,1631216,Miles McBride,2024-25,Regular Season,2024-12-27,1610612747,LAL,Los Angeles Lakers,False,True,L,36.1,0,3,3,3,3,0,0,2,0,2,0,1,0,3,3,8
0000000215,1610612747,LAL,Los Angeles Lakers,2544,LeBron James,2024-25,Regular Season,2024-12-29,1610612748,MIA,Miami Heat,True,False,W,27.5,18,7,14,0,1,2,8,2,5,7,6,4,3,3,0,-3
0000000215,1610612747,LAL,Los Angeles Lakers,1629029,Luka Dončić,2024-25,Regular Season,2024-12-29,1610612748,MIA,Miami Heat,True,False,W,33.1,22,8,17,1,1,1,6,4,3,7,8,0,0,4,2,-3
0000000215,1610612747,LAL,Los Angeles Lakers,203076,Anthony Davis,2024-25,Regular Season,2024-12-29,1610612748,MIA,Miami Heat,True,False,W,21.3,19,7,13,1,1,4,7,3,7,10,3,2,2,3,0,-12
0000000215,1610612747,LAL,Los Angeles Lakers,1630559,Austin Reaves,2024-25,Regular Season,2024-12-29,1610612748,MIA,Miami Heat,True,False,W,29.1,23,9,17,0,4,1,2,0,0,0,3,3,1,1,4,-10
0000000215,1610612747,LAL,Los Angeles Lakers,1626156,Dalton Knecht,2024-25,Regular Season,2024-12-29,1610612748,MIA,Miami Heat,True,False,W,21.9,15,6,11,4,7,5,6,2,1,3,2,4,2,0,4,0
0000000215,1610612747,LAL,Los Angeles Lakers,1629020,Rui Hachimura,2024-25,Regular Season,2024-12-29,1610612748,MIA,Miami Heat,True,False,W,31.4,17,6,14,1,2,3,3,2,4,6,1,3,1,4,2,13
0000000215,1610612748,MIA,Miami Heat,202710,Jimmy Butler,2024-25,Regular Season,2024-12-29,1610612747,LAL,Los Angeles Lakers,False,True,L,24.7,16,6,12,4,6,0,8,3,2,5,4,4,0,2,3,16
0000000215,1610612748,MIA,Miami Heat,1629639,Tyler Herro,2024-25,Regular Season,2024-12-29,1610612747,LAL,Los Angeles Lakers,False,True,L,22.7,26,10,19,6,9,2,2,0,7,7,6,4,1,1,4,-6
0000000215,1610612748,MIA,Miami Heat,202355,Bam Adebayo,2024-25,Regular Season,2024-12-29,1610612747,LAL,Los Angeles Lakers,False,True,L,30.8,17,6,12,0,2,5,6,3,3,6,5,3,0,2,0,-1
0000000215,1610612748,MIA,Miami Heat,1631107,Jaime Jaquez,2024-25,Regular Season,2024-12-29,1610612747,LAL,Los Angeles Lakers,False,True,L,26.1,8,3,7,1,7,3,5,3,4,7,1,3,0,0,5,-5
0000000215,1610612748,MIA,Miami Heat,203482,Kelly Olynyk,2024-25,Regular Season,2024-12-29,1610612747,LAL,Los Angeles Lakers,False,True,L,32.1,15,6,11,0,1,0,1,0,6,6,0,0,1,5,0,2
0000000215,1610612748,MIA,Miami Heat,1630217,Caleb Martin,2024-25,Regular Season,2024-12-29,1610612747,LAL,Los Angeles Lakers,False,True,L,36.4,12,4,7,0,0,2,2,0,0,0,2,0,3,2,3,-4
0000000216,1610612744,GSW,Golden State Warriors,201939,Stephen Curry,2024-25,Regular Season,2024-12-31,1610612747,LAL,Los Angeles Lakers,True,False,L,36.1,31,12,21,4,8,7,8,1,11,12,14,3,3,0,3,-7
0000000216,1610612744,GSW,Golden State Warriors,202691,Klay Thompson,2024-25,Regular Season,2024-12-31,1610612747,LAL,Los Angeles Lakers,True,False,L,18.3,9,3,10,0,1,0,1,2,0,2,5,1,3,5,1,-14
0000000216,1610612744,GSW,Golden State Warriors,203110,Draymond Green,2024-25,Regular Season,2024-12-31,1610612747,LAL,Los Angeles Lakers,True,False,L,24.8,0,2,5,2,5,2,8,2,1,3,6,2,3,2,1,4
0000000216,1610612744,GSW,Golden State Warriors,1630228,Jonathan Kuminga,2024-25,Regular Season,2024-12-31,1610612747,LAL,Los Angeles Lakers,True,False,L,37.6,16,6,12,0,5,2,5,4,4,8,4,0,3,2,3,12
0000000216,1610612744,GSW,Golden State Warriors,1626172,Kevon Looney,2024-25,Regular Season,2024-12-31,1610612747,LAL,Los Angeles Lakers,True,False,L,33.0,7,2,5,0,0,2,2,2,5,7,2,3,2,1,2,-16
0000000216,1610612744,GSW,Golden State Warriors,1630541,Brandin Podziemski,2024-25,Regular Season,2024-12-31,1610612747,LAL,Los Angeles Lakers,True,False,L,28.3,15,6,12,1,10,1,1,1,5,6,3,0,1,4,2,18
0000000216,1610612747,LAL,Los Angeles Lakers,2544,LeBron James,2024-25,Regular Season,2024-12-31,1610612744,GSW,Golden State Warriors,False,True,W,27.6,24,9,18,7,10,4,4,1,3,4,9,2,3,5,2,-9
0000000216,1610612747,LAL,Los Angeles Lakers,1629029,Luka Dončić,2024-25,Regular Season,2024-12-31,1610612744,GSW,Golden State Warriors,False,True,W,20.2,34,13,23,0,0,2,8,3,0,3,5,3,0,2,2,-11
0000000216,1610612747,LAL,Los Angeles Lakers,203076,Anthony Davis,2024-25,Regular Season,2024-12-31,1610612744,GSW,Golden State Warriors,False,True,W,30.7,22,8,13,2,3,2,6,2,9,11,2,1,2,5,4,-7
0000000216,1610612747,LAL,Los Angeles Lakers,1630559,Austin Reaves,2024-25,Regular Season,2024-12-31,1610612744,GSW,Golden State Warriors,False,True,W,22.7,21,8,16,3,10,5,6,1,0,1,5,1,1,5,4,-18
0000000216,1610612747,LAL,Los Angeles Lakers,1626156,Dalton Knecht,2024-25,Regular Season,2024-12-31,1610612744,GSW,Golden State Warriors,False,True,W,31.8,0,2,4,2,4,5,5,1,0,1,1,0,3,0,0,11
0000000216,1610612747,LAL,Los Angeles Lakers,1629020,Rui Hachimura,2024-25,Regular Season,2024-12-31,1610612744,GSW,Golden State Warriors,False,True,W,32.9,10,4,11,0,2,1,1,3,0,3,3,0,2,3,1,16
0000000217,1610612744,GSW,Golden State Warriors,201939,Stephen Curry,2024-25,Regular Season,2025-01-02,1610612743,DEN,Denver Nuggets,True,False,L,36.5,27,10,19,2,2,1,1,0,4,4,3,0,1,2,2,6
0000000217,1610612744,GSW,Golden State Warriors,202691,Klay Thompson,2024-25,Regular Season,2025-01-02,1610612743,DEN,Denver Nuggets,True,False,L,32.2,9,3,10,0,5,3,3,4,1,5,3,1,1,2,1,0
0000000217,1610612744,GSW,Golden State Warriors,203110,Draymond Green,2024-25,Regular Season,2025-01-02,1610612743,DEN,Denver Nuggets,True,False,L,29.0,10,4,7,4,7,5,6,3,5,8,7,0,1,0,4,6
0000000217,1610612744,GSW,Golden State Warriors,1630228,Jonathan Kuminga,2024-25,Regular Season,2025-01-02,1610612743,DEN,Denver Nuggets,True,False,L,28.0,11,4,9,0,0,3,5,4,4,8,1,1,1,3,1,16
0000000217,1610612744,GSW,Golden State Warriors,1626172,Kevon Looney,2024-25,Regular Season,2025-01-02,1610612743,DEN,Denver Nuggets,True,False,L,24.5,0,1,6,1,1,0,0,4,6,10,3,0,1,0,1,-12
0000000217,1610612744,GSW,Golden State Warriors,1630541,Brandin Podziemski,2024-25,Regular Season,2025-01-02,1610612743,DEN,Denver Nuggets,True,False,L,20.8,11,6,10,6,10,0,1,4,1,5,5,4,0,4,0,-8
0000000217,1610612743,DEN,Denver Nuggets,203999,Nikola Jokić,2024-25,Regular Season,2025-01-02,1610612744,GSW,Golden State Warriors,False,True,W,34.0,26,10,19,0,1,5,8,1,12,13,9,1,0,1,0,0
0000000217,1610612743,DEN,Denver Nuggets,1627750,Jamal Murray,2024-25,Regular Season,2025-01-02,1610612744,GSW,Golden State Warriors,False,True,W,18.3,28,11,17,1,6,0,1,0,0,0,5,0,2,2,4,2
0000000217,1610612743,DEN,Denver Nuggets,1628420,Aaron Gordon,2024-25,Regular Season,2025-01-02,1610612744,GSW,Golden State Warriors,False,True,W,32.2,18,7,14,2,10,0,0,1,9,10,0,2,2,1,3,-4
0000000217,1610612743,DEN,Denver Nuggets,1630166,Christian Braun,2024-25,Regular Season,2025-01-02,1610612744,GSW,Golden State Warriors,False,True,W,33.6,16,6,10,0,0,1,2,4,3,7,3,4,2,2,3,-18
0000000217,1610612743,DEN,Denver Nuggets,203914,Kentavious Caldwell-Pope,2024-25,Regular Season,2025-01-02,1610612744,GSW,Golden State Warriors,False,True,W,23.7,15,6,10,3,3,6,8,1,1,2,5,1,0,2,4,-11
0000000217,1610612743,DEN,Denver Nuggets,1631128,Peyton Watson,2024-25,Regular Season,2025-01-02,1610612744,GSW,Golden State Warriors,False,True,W,18.1,3,2,7,2,7,4,4,1,0,1,1,2,3,0,1,-14
0000000218,1610612744,GSW,Golden State Warriors,201939,Stephen Curry,2024-25,Regular Season,2025-01-04,1610612738,BOS,Boston Celtics,True,False,L,36.4,29,11,18,9,9,0,6,0,0,0,10,1,1,5,4,-13
0000000218,1610612744,GSW,Golden State Warriors,202691,Klay Thompson,2024-25,Regular Season,2025-01-04,1610612738,BOS,Boston Celtics,True,False,L,37.7,13,5,9,1,2,1,1,2,0,2,2,1,2,3,1,-4
0000000218,1610612744,GSW,Golden State Warriors,203110,Draymond Green,2024-25,Regular Season,2025-01-04,1610612738,BOS,Boston Celtics,True,False,L,18.0,7,4,4,4,4,1,3,1,7,8,4,2,1,5,0,-7
0000000218,1610612744,GSW,Golden State Warriors,1630228,Jonathan Kuminga,2024-25,Regular Season,2025-01-04,1610612738,BOS,Boston Celtics,True,False,L,32.7,0,2,3,2,3,4,4,0,9,9,0,3,2,0,0,-4
0000000218,1610612744,GSW,Golden State Warriors,1626172,Kevon Looney,2024-25,Regular Season,2025-01-04,1610612738,BOS,Boston Celtics,True,False,L,32.2,10,4,8,3,3,0,5,4,11,15,1,0,1,3,3,18
0000000218,1610612744,GSW,Golden State Warriors,1630541,Brandin Podziemski,2024-25,Regular Season,2025-01-04,1610612738,BOS,Boston Celtics,True,False,L,24.6,10,4,8,3,3,1,4,2,2,4,0,3,3,0,4,-3
0000000218,1610612738,BOS,Boston Celtics,1628369,Jayson Tatum,2024-25,Regular Season,2025-01-04,1610612744,GSW,Golden State Warriors,False,True,W,31.6,16,6,10,3,4,2,2,3,9,12,6,2,2,1,3,6
0000000218,1610612738,BOS,Boston Celtics,1627759,Jaylen Brown,2024-25,Regular Season,2025-01-04,1610612744,GSW,Golden State Warriors,False,True,W,25.8,23,9,13,4,4,4,4,3,3,6,3,1,0,2,2,-14
0000000218,1610612738,BOS,Boston Celtics,201950,Jrue Holiday,2024-25,Regular Season,2025-01-04,1610612744,GSW,Golden State Warriors,False,True,W,36.6,15,9,12,9,9,0,0,2,5,7,8,4,0,1,3,-13
0000000218,1610612738,BOS,Boston Celtics,1628464,Derrick White,2024-25,Regular Season,2025-01-04,1610612744,GSW,Golden State Warriors,False,True,W,32.5,12,6,8,6,7,0,5,2,5,7,3,0,0,2,4,-11
0000000218,1610612738,BOS,Boston Celtics,203935,Kristaps Porziņģis,2024-25,Regular Season,2025-01-04,1610612744,GSW,Golden State Warriors,False,True,W,36.6,15,6,8,2,3,2,6,0,4,4,2,1,1,4,5,3
0000000218,1610612738,BOS,Boston Celtics,1629057,Robert Williams,2024-25,Regular Season,2025-01-04,1610612744,GSW,Golden State Warriors,False,True,W,28.1,9,3,5,0,2,2,2,2,10,12,3,1,0,5,0,-4
0000000219,1610612744,GSW,Golden State Warriors,201939,Stephen Curry,2024-25,Regular Season,2025-01-06,1610612752,NYK,New York Knicks,True,False,L,19.7,27,10,19,1,1,0,2,2,4,6,3,0,0,3,0,5
0000000219,1610612744,GSW,Golden State Warriors,202691,Klay Thompson,2024-25,Regular Season,2025-01-06,1610612752,NYK,New York Knicks,True,False,L,26.2,5,7,8,7,8,0,3,2,3,5,3,0,3,5,4,-1
0000000219,1610612744,GSW,Golden State Warriors,203110,Draymond Green,2024-25,Regular Season,2025-01-06,1610612752,NYK,New York Knicks,True,False,L,37.6,14,5,8,2,2,3,7,3,1,4,6,3,2,2,0,-9
0000000219,1610612744,GSW,Golden State Warriors,1630228,Jonathan Kuminga,2024-25,Regular Season,2025-01-06,1610612752,NYK,New York Knicks,True,False,L,28.8,12,4,9,0,1,3,6,4,4,8,0,3,2,5,0,-16
0000000219,1610612744,GSW,Golden State Warriors,1626172,Kevon Looney,2024-25,Regular Season,2025-01-06,1610612752,NYK,New York Knicks,True,False,L,37.2,0,0,1,0,0,4,7,1,5,6,0,1,0,0,2,-7
0000000219,1610612744,GSW,Golden State Warriors,1630541,Brandin Podziemski,2024-25,Regular Season,2025-01-06,1610612752,NYK,New York Knicks,True,False,L,24.8,13,5,9,3,5,0,4,1,2,3,2,1,0,0,2,-6
0000000219,1610612752,NYK,New York Knicks,1628973,Jalen Brunson,2024-25,Regular Season,2025-01-06,1610612744,GSW,Golden State Warriors,False,True,W,28.9,9,3,6,1,4,1,1,2,0,2,7,0,3,1,2,10
0000000219,1610612752,NYK,New York Knicks,1626164,Isaiah Hartenstein,2024-25,Regular Season,2025-01-06,1610612744,GSW,Golden State Warriors,False,True,W,22.2,21,8,11,1,2,4,8,0,13,13,7,0,2,3,3,7
0000000219,1610612752,NYK,New York Knicks,1629628,RJ Barrett,2024-25,Regular Season,2025-01-06,1610612744,GSW,Golden State Warriors,False,True,W,29.6,6,2,9,2,9,7,8,1,7,8,5,0,3,0,5,-18
0000000219,1610612752,NYK,New York Knicks,1630193,Immanuel Quickley,2024-25,Regular Season,2025-01-06,1610612744,GSW,Golden State Warriors,False,True,W,34.0,16,6,9,0,1,5,8,0,7,7,5,2,0,1,4,-4
0000000219,1610612752,NYK,New York Knicks,203944,Julius Randle,2024-25,Regular Season,2025-01-06,1610612744,GSW,Golden State Warriors,False,True,W,31.9,21,8,12,0,0,2,8,1,10,11,0,4,3,5,1,-6
0000000219,1610612752,NYK,New York Knicks,1631216,Miles McBride,2024-25,Regular Season,2025-01-06,1610612744,GSW,Golden State Warriors,False,True,W,33.5,7,2,6,0,0,4,4,1,1,2,1,0,3,2,5,5
0000000220,1610612744,GSW,Golden State Warriors,201939,Stephen Curry,2024-25,Regular Season,2025-01-08,1610612748,MIA,Miami Heat,True,False,W,35.7,28,11,18,1,7,1,7,0,3,3,2,4,2,5,0,10
0000000220,1610612744,GSW,Golden State Warriors,202691,Klay Thompson,2024-25,Regular Season,2025-01-08,1610612748,MIA,Miami Heat,True,False,W,21.7,17,6,11,1,1,3,3,1,0,1,0,1,2,1,3,-1
0000000220,1610612744,GSW,Golden State Warriors,203110,Draymond Green,2024-25,Regular Season,2025-01-08,1610612748,MIA,Miami Heat,True,False,W,33.6,3,3,9,3,9,0,0,3,2,5,4,3,2,3,4,9
0000000220,1610612744,GSW,Golden State Warriors,1630228,Jonathan Kuminga,2024-25,Regular Season,2025-01-08,1610612748,MIA,Miami Heat,True,False,W,27.2,19,7,15,1,4,3,6,0,4,4,3,2,2,2,4,10
0000000220,1610612744,GSW,Golden State Warriors,1626172,Kevon Looney,2024-25,Regular Season,2025-01-08,1610612748,MIA,Miami Heat,True,False,W,34.6,17,6,10,1,3,2,2,2,8,10,2,3,3,4,2,2
0000000220,1610612744,GSW,Golden State Warriors,1630541,Brandin Podziemski,2024-25,Regular Season,2025-01-08,1610612748,MIA,Miami Heat,True,False,W,29.3,8,3,10,1,10,2,8,2,0,2,6,2,3,5,2,2
0000000220,1610612748,MIA,Miami Heat,202710,Jimmy Butler,2024-25,Regular Season,2025-01-08,1610612744,GSW,Golden State Warriors,False,True,L,36.6,29,11,19,0,1,1,3,0,4,4,5,3,3,5,2,-5
0000000220,1610612748,MIA,Miami Heat,1629639,Tyler Herro,2024-25,Regular Season,2025-01-08,1610612744,GSW,Golden State Warriors,False,True,L,32.5,18,7,13,6,6,3,4,0,2,2,3,0,2,0,3,17
0000000220,1610612748,MIA,Miami Heat,202355,Bam Adebayo,2024-25,Regular Season,2025-01-08,1610612744,GSW,Golden State Warriors,False,True,L,34.2,12,4,10,0,2,5,6,2,6,8,4,1,1,0,2,3
0000000220,1610612748,MIA,Miami Heat,1631107,Jaime Jaquez,2024-25,Regular Season,2025-01-08,1610612744,GSW,Golden State Warriors,False,True,L,29.6,14,5,10,0,7,1,2,1,1,2,5,4,1,2,0,-9
0000000220,1610612748,MIA,Miami Heat,203482,Kelly Olynyk,2024-25,Regular Season,2025-01-08,1610612744,GSW,Golden State Warriors,False,True,L,22.7,0,0,3,0,3,4,8,4,0,4,4,1,1,2,1,-1
0000000220,1610612748,MIA,Miami Heat,1630217,Caleb Martin,2024-25,Regular Season,2025-01-08,1610612744,GSW,Golden State Warriors,False,True,L,33.4,12,4,12,0,0,0,0,0,0,0,3,1,2,2,0,9
0000000221,1610612743,DEN,Denver Nuggets,203999,Nikola Jokić,2024-25,Regular Season,2025-01-10,1610612747,LAL,Los Angeles Lakers,True,False,L,31.3,20,8,15,0,0,1,4,1,6,7,8,4,2,4,1,-14
0000000221,1610612743,DEN,Denver Nuggets,1627750,Jamal Murray,2024-25,Regular Season,2025-01-10,1610612747,LAL,Los Angeles Lakers,True,False,L,37.0,27,10,17,1,8,2,2,1,1,2,5,3,3,2,1,-14
0000000221,1610612743,DEN,Denver Nuggets,1628420,Aaron Gordon,2024-25,Regular Season,2025-01-10,1610612747,LAL,Los Angeles Lakers,True,False,L,25.3,19,7,14,2,2,0,7,0,6,6,7,2,3,4,5,-4
0000000221,1610612743,DEN,Denver Nuggets,1630166,Christian Braun,2024-25,Regular Season,2025-01-10,1610612747,LAL,Los Angeles Lakers,True,False,L,19.4,10,5,9,5,9,0,1,1,0,1,3,1,2,0,5,3
0000000221,1610612743,DEN,Denver Nuggets,203914,Kentavious Caldwell-Pope,2024-25,Regular Season,2025-01-10,1610612747,LAL,Los Angeles Lakers,True,False,L,37.1,3,3,3,3,3,0,0,3,1,4,3,2,1,2,4,-12
0000000221,1610612743,DEN,Denver Nuggets,1631128,Peyton Watson,2024-25,Regular Season,2025-01-10,1610612747,LAL,Los Angeles Lakers,True,False,L,34.2,9,3,8,2,2,4,8,3,3,6,4,2,0,1,2,17
0000000221,1610612747,LAL,Los Angeles Lakers,2544,LeBron James,2024-25,Regular Season,2025-01-10,1610612743,DEN,Denver Nuggets,False,True,W,20.8,33,13,18,0,5,0,0,0,3,3,9,4,0,2,3,14
0000000221,1610612747,LAL,Los Angeles Lakers,1629029,Luka Dončić,2024-25,Regular Season,2025-01-10,1610612743,DEN,Denver Nuggets,False,True,W,18.9,34,13,23,4,6,3,6,1,8,9,7,4,2,1,5,-7
0000000221,1610612747,LAL,Los Angeles Lakers,203076,Anthony Davis,2024-25,Regular Season,2025-01-10,1610612743,DEN,Denver Nuggets,False,True,W,19.2,13,5,9,1,2,0,5,4,2,6,2,0,3,0,2,-16
0000000221,1610612747,LAL,Los Angeles Lakers,1630559,Austin Reaves,2024-25,Regular Season,2025-01-10,1610612743,DEN,Denver Nuggets,False,True,W,23.9,16,6,10,0,0,8,8,2,0,2,8,1,1,2,4,4
0000000221,1610612747,LAL,Los Angeles Lakers,1626156,Dalton Knecht,2024-25,Regular Season,2025-01-10,1610612743,DEN,Denver Nuggets,False,True,W,33.4,1,3,6,3,6,2,5,0,5,5,0,2,1,4,1,14
0000000221,1610612747,LAL,Los Angeles Lakers,1629020,Rui Hachimura,2024-25,Regular Season,2025-01-10,1610612743,DEN,Denver Nuggets,False,True,W,31.8,12,4,8,1,1,3,6,0,10,10,0,2,3,3,5,5
0000000222,1610612743,DEN,Denver Nuggets,203999,Nikola Jokić,2024-25,Regular Season,2025-01-12,1610612744,GSW,Golden State Warriors,True,False,L,25.8,27,10,15,0,0,0,1,0,9,9,8,4,1,2,5,-8
0000000222,1610612743,DEN,Denver Nuggets,1627750,Jamal Murray,2024-25,Regular Season,2025-01-12,1610612744,GSW,Golden State Warriors,True,False,L,33.5,15,6,9,0,0,0,2,0,0,0,2,4,0,0,4,-6
0000000222,1610612743,DEN,Denver Nuggets,1628420,Aaron Gordon,2024-25,Regular Season,2025-01-12,1610612744,GSW,Golden State Warriors,True,False,L,22.2,6,7,8,7,8,3,6,0,9,9,2,4,3,5,0,14
0000000222,1610612743,DEN,Denver Nuggets,1630166,Christian Braun,2024-25,Regular Season,2025-01-12,1610612744,GSW,Golden State Warriors,True,False,L,32.8,10,4,10,1,1,0,0,1,3,4,1,1,0,4,2,2
0000000222,1610612743,DEN,Denver Nuggets,203914,Kentavious Caldwell-Pope,2024-25,Regular Season,2025-01-12,1610612744,GSW,Golden State Warriors,True,False,L,33.1,0,0,5,0,4,4,4,2,2,4,3,1,1,4,2,8
0000000222,1610612743,DEN,Denver Nuggets,1631128,Peyton Watson,2024-25,Regular Season,2025-01-12,1610612744,GSW,Golden State Warriors,True,False,L,27.8,1,1,6,1,3,1,4,0,0,0,4,4,1,1,2,16
0000000222,1610612744,GSW,Golden State Warriors,201939,Stephen Curry,2024-25,Regular Season,2025-01-12,1610612743,DEN,Denver Nuggets,False,True,W,18.6,29,11,19,3,3,0,1,0,1,1,3,4,0,5,2,-10
0000000222,1610612744,GSW,Golden State Warriors,202691,Klay Thompson,2024-25,Regular Season,2025-01-12,1610612743,DEN,Denver Nuggets,False,True,W,31.3,28,11,18,1,6,2,2,1,8,9,0,3,3,2,5,7
0000000222,1610612744,GSW,Golden State Warriors,203110,Draymond Green,2024-25,Regular Season,2025-01-12,1610612743,DEN,Denver Nuggets,False,True,W,21.7,0,2,6,2,6,1,3,3,6,9,4,2,1,0,5,1
0000000222,1610612744,GSW,Golden State Warriors,1630228,Jonathan Kuminga,2024-25,Regular Season,2025-01-12,1610612743,DEN,Denver Nuggets,False,True,W,33.3,15,6,11,4,8,1,2,1,1,2,0,4,1,3,1,-13
0000000222,1610612744,GSW,Golden State Warriors,1626172,Kevon Looney,2024-25,Regular Season,2025-01-12,1610612743,DEN,Denver Nuggets,False,True,W,37.8,7,3,9,3,3,3,8,0,4,4,0,3,1,1,5,-5
0000000222,1610612744,GSW,Golden State Warriors,1630541,Brandin Podziemski,2024-25,Regular Season,2025-01-12,1610612743,DEN,Denver Nuggets,False,True,W,33.5,10,4,8,0,0,3,3,3,5,8,0,3,1,4,4,-12
0000000223,1610612743,DEN,Denver Nuggets,203999,Nikola Jokić,2024-25,Regular Season,2025-01-14,1610612738,BOS,Boston Celtics,True,False,W,18.1,35,14,21,1,2,2,2,0,13,13,10,4,3,3,2,-6
0000000223,1610612743,DEN,Denver Nuggets,1627750,Jamal Murray,2024-25,Regular Season,2025-01-14,1610612738,BOS,Boston Celtics,True,False,W,19.0,21,8,13,1,1,0,1,3,0,3,5,2,3,1,3,-11
0000000223,1610612743,DEN,Denver Nuggets,1628420,Aaron Gordon,2024-25,Regular Season,2025-01-14,1610612738,BOS,Boston Celtics,True,False,W,27.4,5,2,7,0,4,3,5,1,10,11,4,3,1,0,3,9
0000000223,1610612743,DEN,Denver Nuggets,1630166,Christian Braun,2024-25,Regular Season,2025-01-14,1610612738,BOS,Boston Celtics,True,False,W,25.6,13,5,12,4,9,5,5,2,1,3,0,1,2,3,2,-4
0000000223,1610612743,DEN,Denver Nuggets,203914,Kentavious Caldwell-Pope,2024-25,Regular Season,2025-01-14,1610612738,BOS,Boston Celtics,True,False,W,18.0,19,7,13,3,3,3,4,2,4,6,3,2,2,2,0,15
0000000223,1610612743,DEN,Denver Nuggets,1631128,Peyton Watson,2024-25,Regular Season,2025-01-14,1610612738,BOS,Boston Celtics,True,False,W,34.4,0,1,6,1,3,4,4,1,0,1,2,2,0,5,5,3
0000000223,1610612738,BOS,Boston Celtics,1628369,Jayson Tatum,2024-25,Regular Season,2025-01-14,1610612743,DEN,Denver Nuggets,False,True,L,32.6,18,7,11,3,3,0,4,3,4,7,5,2,2,0,1,7
0000000223,1610612738,BOS,Boston Celtics,1627759,Jaylen Brown,2024-25,Regular Season,2025-01-14,1610612743,DEN,Denver Nuggets,False,True,L,28.3,22,8,12,1,5,0,8,1,2,3,2,3,0,5,0,-6
0000000223,1610612738,BOS,Boston Celtics,201950,Jrue Holiday,2024-25,Regular Season,2025-01-14,1610612743,DEN,Denver Nuggets,False,True,L,35.0,12,4,7,4,6,1,2,1,5,6,5,0,2,3,3,3
0000000223,1610612738,BOS,Boston Celtics,1628464,Derrick White,2024-25,Regular Season,2025-01-14,1610612743,DEN,Denver Nuggets,False,True,L,19.4,9,3,8,0,2,4,4,2,4,6,3,0,2,1,2,9
0000000223,1610612738,BOS,Boston Celtics,203935,Kristaps Porziņģis,2024-25,Regular Season,2025-01-14,1610612743,DEN,Denver Nuggets,False,True,L,29.6,15,6,12,0,1,1,7,2,9,11,3,4,3,1,3,3
0000000223,1610612738,BOS,Boston Celtics,1629057,Robert Williams,2024-25,Regular Season,2025-01-14,1610612743,DEN,Denver Nuggets,False,True,L,20.8,12,4,9,3,3,4,7,2,6,8,0,0,3,2,3,18
0000000224,1610612743,DEN,Denver Nuggets,203999,Nikola Jokić,2024-25,Regular Season,2025-01-16,1610612752,NYK,New York Knicks,True,False,L,19.7,28,11,18,0,0,3,6,1,8,9,8,4,3,5,5,-14
0000000224,1610612743,DEN,Denver Nuggets,1627750,Jamal Murray,2024-25,Regular Season,2025-01-16,1610612752,NYK,New York Knicks,True,False,L,28.9,19,7,15,1,3,2,6,2,7,9,11,2,3,4,4,-11
0000000224,1610612743,DEN,Denver Nuggets,1628420,Aaron Gordon,2024-25,Regular Season,2025-01-16,1610612752,NYK,New York Knicks,True,False,L,28.3,20,8,15,1,1,2,6,0,17,17,5,4,2,1,2,-5
0000000224,1610612743,DEN,Denver Nuggets,1630166,Christian Braun,2024-25,Regular Season,2025-01-16,1610612752,NYK,New York Knicks,True,False,L,30.8,0,2,5,2,5,3,5,0,0,0,3,2,0,1,2,-7
0000000224,1610612743,DEN,Denver Nuggets,203914,Kentavious Caldwell-Pope,2024-25,Regular Season,2025-01-16,1610612752,NYK,New York Knicks,True,False,L,37.5,8,6,7,6,6,6,7,0,7,7,5,3,1,3,3,16
0000000224,1610612743,DEN,Denver Nuggets,1631128,Peyton Watson,2024-25,Regular Season,2025-01-16,1610612752,NYK,New York Knicks,True,False,L,32.3,8,3,7,0,0,0,1,3,5,8,0,0,2,5,1,-13
0000000224,1610612752,NYK,New York Knicks,1628973,Jalen Brunson,2024-25,Regular Season,2025-01-16,1610612743,DEN,Denver Nuggets,False,True,W,36.3,31,12,21,3,5,4,6,1,3,4,4,2,1,4,3,-16
0000000224,1610612752,NYK,New York Knicks,1626164,Isaiah Hartenstein,2024-25,Regular Season,2025-01-16,1610612743,DEN,Denver Nuggets,False,True,W,18.5,29,11,16,2,2,3,8,3,10,13,2,0,1,3,5,6
0000000224,1610612752,NYK,New York Knicks,1629628,RJ Barrett,2024-25,Regular Season,2025-01-16,1610612743,DEN,Denver Nuggets,False,True,W,22.8,6,2,6,0,6,0,0,1,3,4,3,0,3,0,5,2
0000000224,1610612752,NYK,New York Knicks,1630193,Immanuel Quickley,2024-25,Regular Season,2025-01-16,1610612743,DEN,Denver Nuggets,False,True,W,21.5,12,4,9,0,0,0,3,0,0,0,6,2,2,0,5,-18
0000000224,1610612752,NYK,New York Knicks,203944,Julius Randle,2024-25,Regular Season,2025-01-16,1610612743,DEN,Denver Nuggets,False,True,W,26.3,22,8,13,8,10,0,0,1,8,9,4,4,0,2,2,-7
0000000224,1610612752,NYK,New York Knicks,1631216,Miles McBride,2024-25,Regular Season,2025-01-16,1610612743,DEN,Denver Nuggets,False,True,W,28.4,16,6,11,4,5,0,0,1,0,1,4,4,0,1,0,4
0000000225,1610612743,DEN,Denver Nuggets,203999,Nikola Jokić,2024-25,Regular Season,2025-01-18,1610612748,MIA,Miami Heat,True,False,L,18.2,14,5,8,0,1,0,0,2,9,11,9,2,1,1,2,9
0000000225,1610612743,DEN,Denver Nuggets,1627750,Jamal Murray,2024-25,Regular Season,2025-01-18,1610612748,MIA,Miami Heat,True,False,L,32.1,22,8,15,4,4,1,2,3,2,5,6,2,3,5,0,3
0000000225,1610612743,DEN,Denver Nuggets,1628420,Aaron Gordon,2024-25,Regular Season,2025-01-18,1610612748,MIA,Miami Heat,True,False,L,28.7,8,3,8,0,2,1,2,3,2,5,4,2,0,2,5,4
0000000225,1610612743,DEN,Denver Nuggets,1630166,Christian Braun,2024-25,Regular Season,2025-01-18,1610612748,MIA,Miami Heat,True,False,L,31.8,20,8,11,0,2,0,2,0,6,6,0,0,1,2,0,13
0000000225,1610612743,DEN,Denver Nuggets,203914,Kentavious Caldwell-Pope,2024-25,Regular Season,2025-01-18,1610612748,MIA,Miami Heat,True,False,L,21.2,12,6,10,6,7,1,2,3,2,5,2,2,2,1,2,-14
0000000225,1610612743,DEN,Denver Nuggets,1631128,Peyton Watson,2024-25,Regular Season,2025-01-18,1610612748,MIA,Miami Heat,True,False,L,19.1,5,3,4,3,3,2,7,0,0,0,2,3,1,2,5,4
0000000225,1610612748,MIA,Miami Heat,202710,Jimmy Butler,2024-25,Regular Season,2025-01-18,1610612743,DEN,Denver Nuggets,False,True,W,22.8,25,10,18,8,10,2,8,0,6,6,4,2,2,1,0,15
0000000225,1610612748,MIA,Miami Heat,1629639,Tyler Herro,2024-25,Regular Season,2025-01-18,1610612743,DEN,Denver Nuggets,False,True,W,32.9,19,7,11,4,5,2,5,0,7,7,7,4,1,0,2,-7
0000000225,1610612748,MIA,Miami Heat,202355,Bam Adebayo,2024-25,Regular Season,2025-01-18,1610612743,DEN,Denver Nuggets,False,True,W,35.7,32,12,19,0,0,1,2,3,4,7,3,1,0,0,0,10
0000000225,1610612748,MIA,Miami Heat,1631107,Jaime Jaquez,2024-25,Regular Season,2025-01-18,1610612743,DEN,Denver Nuggets,False,True,W,22.1,13,5,7,1,1,0,3,2,2,4,4,4,1,1,0,-15
0000000225,1610612748,MIA,Miami Heat,203482,Kelly Olynyk,2024-25,Regular Season,2025-01-18,1610612743,DEN,Denver Nuggets,False,True,W,26.7,13,5,7,1,2,3,4,0,6,6,0,1,2,3,2,-8
0000000225,1610612748,MIA,Miami Heat,1630217,Caleb Martin,2024-25,Regular Season,2025-01-18,1610612743,DEN,Denver Nuggets,False,True,W,35.4,0,8,9,8,9,6,7,2,6,8,2,0,3,2,5,-4
0000000226,1610612738,BOS,Boston Celtics,1628369,Jayson Tatum,2024-25,Regular Season,2025-01-20,1610612747,LAL,Los Angeles Lakers,True,False,W,30.3,21,8,12,1,1,0,2,3,10,13,6,0,1,1,3,3
0000000226,1610612738,BOS,Boston Celtics,1627759,Jaylen Brown,2024-25,Regular Season,2025-01-20,1610612747,LAL,Los Angeles Lakers,True,False,W,37.7,21,8,12,2,2,8,8,2,8,10,3,1,2,3,3,-18
0000000226,1610612738,BOS,Boston Celtics,201950,Jrue Holiday,2024-25,Regular Season,2025-01-20,1610612747,LAL,Los Angeles Lakers,True,False,W,23.7,16,6,12,1,1,0,1,2,5,7,4,4,2,4,5,15
0000000226,1610612738,BOS,Boston Celtics,1628464,Derrick White,2024-25,Regular Season,2025-01-20,1610612747,LAL,Los Angeles Lakers,True,False,W,30.3,11,4,11,0,0,0,4,0,0,0,6,0,0,5,5,0
0000000226,1610612738,BOS,Boston Celtics,203935,Kristaps Porziņģis,2024-25,Regular Season,2025-01-20,1610612747,LAL,Los Angeles Lakers,True,False,W,21.3,20,8,13,1,3,1,5,4,0,4,2,1,1,1,4,-1
0000000226,1610612738,BOS,Boston Celtics,1629057,Robert Williams,2024-25,Regular Season,2025-01-20,1610612747,LAL,Los Angeles Lakers,True,False,W,20.0,13,5,9,1,2,0,0,3,2,5,0,2,1,1,1,7
0000000226,1610612747,LAL,Los Angeles Lakers,2544,LeBron James,2024-25,Regular Season,2025-01-20,1610612738,BOS,Boston Celtics,False,True,L,19.5,24,10,16,10,10,0,5,1,7,8,8,1,0,4,5,7
0000000226,1610612747,LAL,Los Angeles Lakers,1629029,Luka Dončić,2024-25,Regular Season,2025-01-20,1610612738,BOS,Boston Celtics,False,True,L,31.2,23,9,17,1,1,1,4,3,4,7,5,4,2,4,4,2
0000000226,1610612747,LAL,Los Angeles Lakers,203076,Anthony Davis,2024-25,Regular Season,2025-01-20,1610612738,BOS,Boston Celtics,False,True,L,37.9,24,9,14,0,1,5,5,1,8,9,1,1,2,1,3,-14
0000000226,1610612747,LAL,Los Angeles Lakers,1630559,Austin Reaves,2024-25,Regular Season,2025-01-20,1610612738,BOS,Boston Celtics,False,True,L,21.3,9,3,10,0,3,1,5,0,0,0,6,0,1,3,2,-14
0000000226,1610612747,LAL,Los Angeles Lakers,1626156,Dalton Knecht,2024-25,Regular Season,2025-01-20,1610612738,BOS,Boston Celtics,False,True,L,23.9,0,2,7,2,7,0,0,3,2,5,0,0,1,4,5,12
0000000226,1610612747,LAL,Los Angeles Lakers,1629020,Rui Hachimura,2024-25,Regular Season,2025-01-20,1610612738,BOS,Boston Celtics,False,True,L,34.7,21,8,14,5,9,4,8,2,0,2,0,4,3,4,0,-8
0000000227,1610612738,BOS,Boston Celtics,1628369,Jayson Tatum,2024-25,Regular Season,2025-01-22,1610612744,GSW,Golden State Warriors,True,False,W,32.4,22,8,13,5,9,1,2,1,7,8,1,2,0,1,2,8
0000000227,1610612738,BOS,Boston Celtics,1627759,Jaylen Brown,2024-25,Regular Season,2025-01-22,1610612744,GSW,Golden State Warriors,True,False,W,23.4,30,12,19,1,2,0,0,3,3,6,3,1,1,0,3,14
0000000227,1610612738,BOS,Boston Celtics,201950,Jrue Holiday,2024-25,Regular Season,2025-01-22,1610612744,GSW,Golden State Warriors,True,False,W,21.8,16,6,10,3,5,5,5,2,2,4,5,2,0,3,1,-14
0000000227,1610612738,BOS,Boston Celtics,1628464,Derrick White,2024-25,Regular Season,2025-01-22,1610612744,GSW,Golden State Warriors,True,False,W,29.4,21,8,11,7,7,1,5,1,5,6,5,1,2,0,4,-8
0000000227,1610612738,BOS,Boston Celtics,203935,Kristaps Porziņģis,2024-25,Regular Season,2025-01-22,1610612744,GSW,Golden State Warriors,True,False,W,22.4,23,9,14,0,1,0,0,0,8,8,3,1,0,1,1,-9
0000000227,1610612738,BOS,Boston Celtics,1629057,Robert Williams,2024-25,Regular Season,2025-01-22,1610612744,GSW,Golden State Warriors,True,False,W,35.6,4,1,7,1,1,3,4,0,7,7,0,0,2,0,0,-4
0000000227,1610612744,GSW,Golden State Warriors,201939,Stephen Curry,2024-25,Regular Season,2025-01-22,1610612738,BOS,Boston Celtics,False,True,L,32.6,28,11,19,3,7,1,1,1,0,1,5,3,0,3,0,-4
0000000227,1610612744,GSW,Golden State Warriors,202691,Klay Thompson,2024-25,Regular Season,2025-01-22,1610612738,BOS,Boston Celtics,False,True,L,28.5,5,2,9,2,9,4,4,0,0,0,0,0,2,3,3,0
0000000227,1610612744,GSW,Golden State Warriors,203110,Draymond Green,2024-25,Regular Season,2025-01-22,1610612738,BOS,Boston Celtics,False,True,L,32.9,18,8,11,8,10,0,0,4,7,11,4,3,2,4,2,4
0000000227,1610612744,GSW,Golden State Warriors,1630228,Jonathan Kuminga,2024-25,Regular Season,2025-01-22,1610612738,BOS,Boston Celtics,False,True,L,28.3,14,5,10,0,0,5,7,1,5,6,0,1,3,2,4,-9
0000000227,1610612744,GSW,Golden State Warriors,1626172,Kevon Looney,2024-25,Regular Season,2025-01-22,1610612738,BOS,Boston Celtics,False,True,L,22.7,2,0,2,0,0,0,0,0,10,10,2,3,0,4,5,17
0000000227,1610612744,GSW,Golden State Warriors,1630541,Brandin Podziemski,2024-25,Regular Season,2025-01-22,1610612738,BOS,Boston Celtics,False,True,L,33.2,10,7,8,7,8,1,2,2,0,2,0,1,1,5,2,-4
0000000228,1610612738,BOS,Boston Celtics,1628369,Jayson Tatum,2024-25,Regular Season,2025-01-24,1610612743,DEN,Denver Nuggets,True,False,W,22.2,25,10,14,1,6,4,8,0,13,13,7,4,3,4,5,-8
0000000228,1610612738,BOS,Boston Celtics,1627759,Jaylen Brown,2024-25,Regular Season,2025-01-24,1610612743,DEN,Denver Nuggets,True,False,W,20.5,30,12,17,0,1,6,7,3,3,6,4,0,1,5,3,-10
0000000228,1610612738,BOS,Boston Celtics,201950,Jrue Holiday,2024-25,Regular Season,2025-01-24,1610612743,DEN,Denver Nuggets,True,False,W,25.2,10,4,6,0,2,1,3,4,1,5,4,3,0,5,4,-2
0000000228,1610612738,BOS,Boston Celtics,1628464,Derrick White,2024-25,Regular Season,2025-01-24,1610612743,DEN,Denver Nuggets,True,False,W,35.6,18,7,10,0,3,1,5,2,0,2,7,4,2,3,4,7
0000000228,1610612738,BOS,Boston Celtics,203935,Kristaps Porziņģis,2024-25,Regular Season,2025-01-24,1610612743,DEN,Denver Nuggets,True,False,W,20.4,30,12,16,0,1,0,7,4,0,4,3,4,3,4,1,-15
0000000228,1610612738,BOS,Boston Celtics,1629057,Robert Williams,2024-25,Regular Season,2025-01-24,1610612743,DEN,Denver Nuggets,True,False,W,36.3,6,3,6,3,3,0,0,0,6,6,3,4,0,0,1,-10
0000000228,1610612743,DEN,Denver Nuggets,203999,Nikola Jokić,2024-25,Regular Season,2025-01-24,1610612738,BOS,Boston Celtics,False,True,L,25.0,27,10,18,0,3,4,6,1,14,15,7,4,0,3,0,0
0000000228,1610612743,DEN,Denver Nuggets,1627750,Jamal Murray,2024-25,Regular Season,2025-01-24,1610612738,BOS,Boston Celtics,False,True,L,33.8,12,4,11,0,0,1,1,3,1,4,7,2,2,3,0,-4
0000000228,1610612743,DEN,Denver Nuggets,1628420,Aaron Gordon,2024-25,Regular Season,2025-01-24,1610612738,BOS,Boston Celtics,False,True,L,35.7,11,4,7,3,4,5,6,2,6,8,2,2,2,5,0,4
0000000228,1610612743,DEN,Denver Nuggets,1630166,Christian Braun,2024-25,Regular Season,2025-01-24,1610612738,BOS,Boston Celtics,False,True,L,35.0,2,2,5,2,3,6,7,1,2,3,1,3,1,5,3,10
0000000228,1610612743,DEN,Denver Nuggets,203914,Kentavious Caldwell-Pope,2024-25,Regular Season,2025-01-24,1610612738,BOS,Boston Celtics,False,True,L,25.7,6,2,7,0,3,4,4,2,1,3,2,3,0,2,1,16
0000000228,1610612743,DEN,Denver Nuggets,1631128,Peyton Watson,2024-25,Regular Season,2025-01-24,1610612738,BOS,Boston Celtics,False,True,L,33.1,0,2,7,2,7,2,8,1,3,4,5,2,0,4,0,-8
0000000229,1610612738,BOS,Boston Celtics,1628369,Jayson Tatum,2024-25,Regular Season,2025-01-26,1610612752,NYK,New York Knicks,True,False,L,27.2,27,10,19,0,0,0,0,3,3,6,7,0,0,1,5,-4
0000000229,1610612738,BOS,Boston Celtics,1627759,Jaylen Brown,2024-25,Regular Season,2025-01-26,1610612752,NYK,New York Knicks,True,False,L,34.6,23,9,15,1,1,5,8,2,0,2,0,4,2,2,0,-13
0000000229,1610612738,BOS,Boston Celtics,201950,Jrue Holiday,2024-25,Regular Season,2025-01-26,1610612752,NYK,New York Knicks,True,False,L,31.5,8,3,5,0,0,0,1,3,7,10,0,2,0,0,1,2
0000000229,1610612738,BOS,Boston Celtics,1628464,Derrick White,2024-25,Regular Season,2025-01-26,1610612752,NYK,New York Knicks,True,False,L,19.8,11,4,11,3,8,0,0,2,1,3,8,3,2,4,4,5
0000000229,1610612738,BOS,Boston Celtics,203935,Kristaps Porziņģis,2024-25,Regular Season,2025-01-26,1610612752,NYK,New York Knicks,True,False,L,27.6,18,7,15,2,2,0,3,2,1,3,1,4,1,5,2,4
0000000229,1610612738,BOS,Boston Celtics,1629057,Robert Williams,2024-25,Regular Season,2025-01-26,1610612752,NYK,New York Knicks,True,False,L,27.4,5,2,8,1,2,0,3,4,4,8,0,3,0,1,0,7
0000000229,1610612752,NYK,New York Knicks,1628973,Jalen Brunson,2024-25,Regular Season,2025-01-26,1610612738,BOS,Boston Celtics,False,True,W,27.0,26,10,15,8,8,1,3,4,1,5,9,2,0,4,0,4
0000000229,1610612752,NYK,New York Knicks,1626164,Isaiah Hartenstein,2024-25,Regular Season,2025-01-26,1610612738,BOS,Boston Celtics,False,True,W,32.4,34,13,20,1,1,0,4,3,8,11,7,4,1,3,5,1
0000000229,1610612752,NYK,New York Knicks,1629628,RJ Barrett,2024-25,Regular Season,2025-01-26,1610612738,BOS,Boston Celtics,False,True,W,26.5,13,5,12,4,4,0,1,0,2,2,4,2,3,5,2,-3
0000000229,1610612752,NYK,New York Knicks,1630193,Immanuel Quickley,2024-25,Regular Season,2025-01-26,1610612738,BOS,Boston Celtics,False,True,W,30.0,13,5,12,1,3,2,2,0,0,0,2,1,2,4,5,-4
0000000229,1610612752,NYK,New York Knicks,203944,Julius Randle,2024-25,Regular Season,2025-01-26,1610612738,BOS,Boston Celtics,False,True,W,26.8,34,13,19,3,10,0,3,2,8,10,5,3,1,2,3,16
0000000229,1610612752,NYK,New York Knicks,1631216,Miles McBride,2024-25,Regular Season,2025-01-26,1610612738,BOS,Boston Celtics,False,True,W,24.3,10,6,10,6,6,0,0,0,2,2,2,2,3,5,0,3
0000000230,1610612738,BOS,Boston Celtics,1628369,Jayson Tatum,2024-25,Regular Season,2025-01-28,1610612748,MIA,Miami Heat,True,False,W,24.8,29,11,16,3,10,0,7,4,8,12,12,1,0,5,4,10
0000000230,1610612738,BOS,Boston Celtics,1627759,Jaylen Brown,2024-25,Regular Season,2025-01-28,1610612748,MIA,Miami Heat,True,False,W,19.1,26,10,18,1,1,1,2,4,7,11,2,3,1,2,5,1
0000000230,1610612738,BOS,Boston Celtics,201950,Jrue Holiday,2024-25,Regular Season,2025-01-28,1610612748,MIA,Miami Heat,True,False,W,32.5,18,7,14,6,7,3,6,1,4,5,8,2,2,4,3,6
0000000230,1610612738,BOS,Boston Celtics,1628464,Derrick White,2024-25,Regular Season,2025-01-28,1610612748,MIA,Miami Heat,True,False,W,33.7,14,5,10,4,8,0,2,3,4,7,4,0,0,1,1,-17
0000000230,1610612738,BOS,Boston Celtics,203935,Kristaps Porziņģis,2024-25,Regular Season,2025-01-28,1610612748,MIA,Miami Heat,True,False,W,36.2,22,8,14,1,1,1,1,1,11,12,6,2,0,3,3,13
0000000230,1610612738,BOS,Boston Celtics,1629057,Robert Williams,2024-25,Regular Season,2025-01-28,1610612748,MIA,Miami Heat,True,False,W,21.9,5,2,7,2,3,1,2,1,4,5,0,4,1,3,0,-4
0000000230,1610612748,MIA,Miami Heat,202710,Jimmy Butler,2024-25,Regular Season,2025-01-28,1610612738,BOS,Boston Celtics,False,True,L,25.3,13,5,9,0,0,0,1,2,0,2,7,0,1,1,1,14
0000000230,1610612748,MIA,Miami Heat,1629639,Tyler Herro,2024-25,Regular Season,2025-01-28,1610612738,BOS,Boston Celtics,False,True,L,20.2,20,8,12,4,5,3,5,1,6,7,0,3,3,4,0,-9
0000000230,1610612748,MIA,Miami Heat,202355,Bam Adebayo,2024-25,Regular Season,2025-01-28,1610612738,BOS,Boston Celtics,False,True,L,29.7,22,8,13,2,3,0,2,2,10,12,0,4,0,2,3,-10
0000000230,1610612748,MIA,Miami Heat,1631107,Jaime Jaquez,2024-25,Regular Season,2025-01-28,1610612738,BOS,Boston Celtics,False,True,L,25.3,9,3,5,1,1,0,7,2,4,6,5,3,2,4,5,-11
0000000230,1610612748,MIA,Miami Heat,203482,Kelly Olynyk,2024-25,Regular Season,2025-01-28,1610612738,BOS,Boston Celtics,False,True,L,28.7,12,4,10,0,0,5,5,2,2,4,2,2,0,3,0,4
0000000230,1610612748,MIA,Miami Heat,1630217,Caleb Martin,2024-25,Regular Season,2025-01-28,1610612738,BOS,Boston Celtics,False,True,L,30.7,4,1,6,0,0,0,5,1,6,7,3,2,1,4,3,17
0000000231,1610612752,NYK,New York Knicks,1628973,Jalen Brunson,2024-25,Regular Season,2025-01-30,1610612747,LAL,Los Angeles Lakers,True,False,W,22.8,27,10,15,4,9,0,5,0,2,2,4,0,2,5,3,13
0000000231,1610612752,NYK,New York Knicks,1626164,Isaiah Hartenstein,2024-25,Regular Season,2025-01-30,1610612747,LAL,Los Angeles Lakers,True,False,W,34.1,21,8,14,3,3,0,2,3,9,12,1,0,3,3,3,-14
0000000231,1610612752,NYK,New York Knicks,1629628,RJ Barrett,2024-25,Regular Season,2025-01-30,1610612747,LAL,Los Angeles Lakers,True,False,W,31.6,20,8,13,6,10,1,5,1,8,9,1,0,1,1,4,12
0000000231,1610612752,NYK,New York Knicks,1630193,Immanuel Quickley,2024-25,Regular Season,2025-01-30,1610612747,LAL,Los Angeles Lakers,True,False,W,23.6,17,6,9,2,6,0,0,2,2,4,4,1,1,1,0,1
0000000231,1610612752,NYK,New York Knicks,203944,Julius Randle,2024-25,Regular Season,2025-01-30,1610612747,LAL,Los Angeles Lakers,True,False,W,30.4,22,8,17,4,7,6,8,3,8,11,6,2,0,2,2,10
0000000231,1610612752,NYK,New York Knicks,1631216,Miles McBride,2024-25,Regular Season,2025-01-30,1610612747,LAL,Los Angeles Lakers,True,False,W,24.5,11,4,9,0,4,2,2,2,3,5,1,1,2,4,0,13
0000000231,1610612747,LAL,Los Angeles Lakers,2544,LeBron James,2024-25,Regular Season,2025-01-30,1610612752,NYK,New York Knicks,False,True,L,23.9,17,6,12,3,8,3,3,3,6,9,9,4,0,5,3,-12
0000000231,1610612747,LAL,Los Angeles Lakers,1629029,Luka Dončić,2024-25,Regular Season,2025-01-30,1610612752,NYK,New York Knicks,False,True,L,24.6,27,10,18,4,8,6,8,1,14,15,7,4,1,0,2,8
0000000231,1610612747,LAL,Los Angeles Lakers,203076,Anthony Davis,2024-25,Regular Season,2025-01-30,1610612752,NYK,New York Knicks,False,True,L,31.1,26,10,18,1,2,0,3,3,8,11,6,0,3,4,4,9
0000000231,1610612747,LAL,Los Angeles Lakers,1630559,Austin Reaves,2024-25,Regular Season,2025-01-30,1610612752,NYK,New York Knicks,False,True,L,23.6,13,8,9,8,8,5,8,4,2,6,5,0,0,1,0,12
0000000231,1610612747,LAL,Los Angeles Lakers,1626156,Dalton Knecht,2024-25,Regular Season,2025-01-30,1610612752,NYK,New York Knicks,False,True,L,20.1,7,2,4,0,1,7,8,0,0,0,0,4,2,4,3,-6
0000000231,1610612747,LAL,Los Angeles Lakers,1629020,Rui Hachimura,2024-25,Regular Season,2025-01-30,1610612752,NYK,New York Knicks,False,True,L,29.2,10,4,7,2,7,2,6,4,2,6,2,3,2,5,1,12
0000000232,1610612752,NYK,New York Knicks,1628973,Jalen Brunson,2024-25,Regular Season,2025-02-01,1610612744,GSW,Golden State Warriors,True,False,W,29.5,25,10,14,3,5,4,8,2,4,6,4,3,2,5,3,-2
0000000232,1610612752,NYK,New York Knicks,1626164,Isaiah Hartenstein,2024-25,Regular Season,2025-02-01,1610612744,GSW,Golden State Warriors,True,False,W,37.9,23,9,14,0,2,0,5,3,6,9,0,2,2,3,5,18
0000000232,1610612752,NYK,New York Knicks,1629628,RJ Barrett,2024-25,Regular Season,2025-02-01,1610612744,GSW,Golden State Warriors,True,False,W,27.6,23,9,15,8,10,2,8,2,2,4,0,0,0,3,1,13
0000000232,1610612752,NYK,New York Knicks,1630193,Immanuel Quickley,2024-25,Regular Season,2025-02-01,1610612744,GSW,Golden State Warriors,True,False,W,24.2,24,9,17,0,4,1,4,1,0,1,5,4,3,3,2,-3
0000000232,1610612752,NYK,New York Knicks,203944,Julius Randle,2024-25,Regular Season,2025-02-01,1610612744,GSW,Golden State Warriors,True,False,W,29.2,26,10,15,8,10,3,5,3,6,9,0,0,2,0,0,8
0000000232,1610612752,NYK,New York Knicks,1631216,Miles McBride,2024-25,Regular Season,2025-02-01,1610612744,GSW,Golden State Warriors,True,False,W,33.5,10,4,9,4,5,7,7,0,0,0,1,1,2,1,0,-3
0000000232,1610612744,GSW,Golden State Warriors,201939,Stephen Curry,2024-25,Regular Season,2025-02-01,1610612752,NYK,New York Knicks,False,True,L,29.4,17,6,10,2,5,3,8,4,4,8,1,0,0,3,4,3
0000000232,1610612744,GSW,Golden State Warriors,202691,Klay Thompson,2024-25,Regular Season,2025-02-01,1610612752,NYK,New York Knicks,False,True,L,22.4,17,6,14,0,2,1,1,1,2,3,4,2,3,3,2,-4
0000000232,1610612744,GSW,Golden State Warriors,203110,Draymond Green,2024-25,Regular Season,2025-02-01,1610612752,NYK,New York Knicks,False,True,L,27.1,8,3,5,3,5,4,5,4,10,14,8,3,0,5,2,-2
0000000232,1610612744,GSW,Golden State Warriors,1630228,Jonathan Kuminga,2024-25,Regular Season,2025-02-01,1610612752,NYK,New York Knicks,False,True,L,36.5,23,9,15,0,8,0,0,2,3,5,0,1,0,0,5,4
0000000232,1610612744,GSW,Golden State Warriors,1626172,Kevon Looney,2024-25,Regular Season,2025-02-01,1610612752,NYK,New York Knicks,False,True,L,28.4,0,1,5,1,2,5,5,0,14,14,2,0,2,4,0,6
0000000232,1610612744,GSW,Golden State Warriors,1630541,Brandin Podziemski,2024-25,Regular Season,2025-02-01,1610612752,NYK,New York Knicks,False,True,L,30.0,9,3,8,0,8,4,6,2,0,2,4,1,3,2,4,8
0000000233,1610612752,NYK,New York Knicks,1628973,Jalen Brunson,2024-25,Regular Season,2025-02-03,1610612743,DEN,Denver Nuggets,True,False,W,32.7,30,12,21,0,0,0,0,0,0,0,7,0,2,5,2,-3
0000000233,1610612752,NYK,New York Knicks,1626164,Isaiah Hartenstein,2024-25,Regular Season,2025-02-03,1610612743,DEN,Denver Nuggets,True,False,W,27.9,19,7,12,0,0,0,5,1,7,8,5,3,2,2,1,-3
0000000233,1610612752,NYK,New York Knicks,1629628,RJ Barrett,2024-25,Regular Season,2025-02-03,1610612743,DEN,Denver Nuggets,True,False,W,20.4,15,6,11,0,3,1,7,1,5,6,1,3,0,4,1,-6
0000000233,1610612752,NYK,New York Knicks,1630193,Immanuel Quickley,2024-25,Regular Season,2025-02-03,1610612743,DEN,Denver Nuggets,True,False,W,30.2,10,4,7,1,7,2,8,0,2,2,4,0,0,2,1,-6
0000000233,1610612752,NYK,New York Knicks,203944,Julius Randle,2024-25,Regular Season,2025-02-03,1610612743,DEN,Denver Nuggets,True,False,W,22.6,18,7,14,0,0,0,2,1,10,11,5,1,0,5,2,-3
0000000233,1610612752,NYK,New York Knicks,1631216,Miles McBride,2024-25,Regular Season,2025-02-03,1610612743,DEN,Denver Nuggets,True,False,W,34.3,0,0,4,0,3,1,5,0,1,1,1,3,1,0,1,-15
0000000233,1610612743,DEN,Denver Nuggets,203999,Nikola Jokić,2024-25,Regular Season,2025-02-03,1610612752,NYK,New York Knicks,False,True,L,24.5,38,15,23,0,0,4,7,1,9,10,12,0,2,0,1,-13
0000000233,1610612743,DEN,Denver Nuggets,1627750,Jamal Murray,2024-25,Regular Season,2025-02-03,1610612752,NYK,New York Knicks,False,True,L,27.9,20,8,11,0,0,0,1,1,4,5,10,3,3,0,0,-18
0000000233,1610612743,DEN,Denver Nuggets,1628420,Aaron Gordon,2024-25,Regular Season,2025-02-03,1610612752,NYK,New York Knicks,False,True,L,37.9,6,2,9,0,0,0,0,4,1,5,0,0,2,3,2,0
0000000233,1610612743,DEN,Denver Nuggets,1630166,Christian Braun,2024-25,Regular Season,2025-02-03,1610612752,NYK,New York Knicks,False,True,L,22.4,14,5,10,5,6,6,8,4,1,5,2,0,3,2,0,-16
0000000233,1610612743,DEN,Denver Nuggets,203914,Kentavious Caldwell-Pope,2024-25,Regular Season,2025-02-03,1610612752,NYK,New York Knicks,False,True,L,26.8,13,5,12,0,7,3,8,2,4,6,4,2,2,5,5,17
0000000233,1610612743,DEN,Denver Nuggets,1631128,Peyton Watson,2024-25,Regular Season,2025-02-03,1610612752,NYK,New York Knicks,False,True,L,31.9,0,1,3,1,3,4,5,0,8,8,1,1,0,2,1,-1
0000000234,1610612752,NYK,New York Knicks,1628973,Jalen Brunson,2024-25,Regular Season,2025-02-05,1610612738,BOS,Boston Celtics,True,False,L,21.7,19,7,11,5,5,0,2,0,0,0,8,1,3,4,5,-15
0000000234,1610612752,NYK,New York Knicks,1626164,Isaiah Hartenstein,2024-25,Regular Season,2025-02-05,1610612738,BOS,Boston Celtics,True,False,L,28.7,19,7,15,0,3,1,6,2,10,12,3,4,2,3,1,13
0000000234,1610612752,NYK,New York Knicks,1629628,RJ Barrett,2024-25,Regular Season,2025-02-05,1610612738,BOS,Boston Celtics,True,False,L,21.8,12,5,7,5,7,0,5,2,3,5,4,2,0,3,4,-5
0000000234,1610612752,NYK,New York Knicks,1630193,Immanuel Quickley,2024-25,Regular Season,2025-02-05,1610612738,BOS,Boston Celtics,True,False,L,33.1,4,1,4,0,1,3,3,0,0,0,0,0,0,2,1,-4
0000000234,1610612752,NYK,New York Knicks,203944,Julius Randle,2024-25,Regular Season,2025-02-05,1610612738,BOS,Boston Celtics,True,False,L,24.2,15,6,9,3,3,3,3,1,3,4,4,0,0,3,0,-7
0000000234,1610612752,NYK,New York Knicks,1631216,Miles McBride,2024-25,Regular Season,2025-02-05,1610612738,BOS,Boston Celtics,True,False,L,28.0,2,1,7,1,6,0,5,0,0,0,2,2,2,3,2,8
0000000234,1610612738,BOS,Boston Celtics,1628369,Jayson Tatum,2024-25,Regular Season,2025-02-05,1610612752,NYK,New York Knicks,False,True,W,26.1,28,11,16,1,6,2,4,2,8,10,5,1,1,5,3,5
0000000234,1610612738,BOS,Boston Celtics,1627759,Jaylen Brown,2024-25,Regular Season,2025-02-05,1610612752,NYK,New York Knicks,False,True,W,31.9,26,10,14,0,0,0,1,0,10,10,4,4,0,1,5,5
0000000234,1610612738,BOS,Boston Celtics,201950,Jrue Holiday,2024-25,Regular Season,2025-02-05,1610612752,NYK,New York Knicks,False,True,W,25.8,11,4,8,1,2,1,2,0,3,3,8,1,1,1,0,7
0000000234,1610612738,BOS,Boston Celtics,1628464,Derrick White,2024-25,Regular Season,2025-02-05,1610612752,NYK,New York Knicks,False,True,W,20.0,5,2,8,1,1,2,8,3,5,8,4,0,2,1,2,-7
0000000234,1610612738,BOS,Boston Celtics,203935,Kristaps Porziņģis,2024-25,Regular Season,2025-02-05,1610612752,NYK,New York Knicks,False,True,W,19.2,22,8,17,0,1,2,4,4,9,13,2,2,1,5,0,7
0000000234,1610612738,BOS,Boston Celtics,1629057,Robert Williams,2024-25,Regular Season,2025-02-05,1610612752,NYK,New York Knicks,False,True,W,18.1,2,1,6,1,2,3,4,4,8,12,0,2,1,4,2,-11
0000000235,1610612752,NYK,New York Knicks,1628973,Jalen Brunson,2024-25,Regular Season,2025-02-07,1610612748,MIA,Miami Heat,True,False,L,23.2,23,9,12,4,5,2,7,3,0,3,5,3,2,2,2,-7
0000000235,1610612752,NYK,New York Knicks,1626164,Isaiah Hartenstein,2024-25,Regular Season,2025-02-07,1610612748,MIA,Miami Heat,True,False,L,20.3,21,8,11,0,3,2,3,2,7,9,3,0,2,5,4,14
0000000235,1610612752,NYK,New York Knicks,1629628,RJ Barrett,2024-25,Regular Season,2025-02-07,1610612748,MIA,Miami Heat,True,False,L,26.2,13,5,9,2,8,2,4,3,6,9,4,1,1,0,3,9
0000000235,1610612752,NYK,New York Knicks,1630193,Immanuel Quickley,2024-25,Regular Season,2025-02-07,1610612748,MIA,Miami Heat,True,False,L,34.5,6,2,8,2,8,6,6,4,1,5,5,3,2,3,2,16
0000000235,1610612752,NYK,New York Knicks,203944,Julius Randle,2024-25,Regular Season,2025-02-07,1610612748,MIA,Miami Heat,True,False,L,33.2,22,8,13,6,8,5,5,3,9,12,7,1,1,1,2,8
0000000235,1610612752,NYK,New York Knicks,1631216,Miles McBride,2024-25,Regular Season,2025-02-07,1610612748,MIA,Miami Heat,True,False,L,37.9,6,2,6,2,6,1,7,0,8,8,3,0,3,5,4,18
0000000235,1610612748,MIA,Miami Heat,202710,Jimmy Butler,2024-25,Regular Season,2025-02-07,1610612752,NYK,New York Knicks,False,True,W,27.5,20,8,13,2,3,3,8,1,5,6,6,1,0,0,2,-1
0000000235,1610612748,MIA,Miami Heat,1629639,Tyler Herro,2024-25,Regular Season,2025-02-07,1610612752,NYK,New York Knicks,False,True,W,20.2,25,10,17,2,2,8,8,2,6,8,4,2,1,3,2,-2
0000000235,1610612748,MIA,Miami Heat,202355,Bam Adebayo,2024-25,Regular Season,2025-02-07,1610612752,NYK,New York Knicks,False,True,W,32.0,26,10,18,0,0,3,6,3,7,10,2,4,1,1,5,-18
0000000235,1610612748,MIA,Miami Heat,1631107,Jaime Jaquez,2024-25,Regular Season,2025-02-07,1610612752,NYK,New York Knicks,False,True,W,21.2,9,3,9,2,5,4,8,2,2,4,7,0,2,1,4,8
0000000235,1610612748,MIA,Miami Heat,203482,Kelly Olynyk,2024-25,Regular Season,2025-02-07,1610612752,NYK,New York Knicks,False,True,W,27.8,2,0,4,0,0,4,8,0,0,0,1,0,0,2,4,-13
0000000235,1610612748,MIA,Miami Heat,1630217,Caleb Martin,2024-25,Regular Season,2025-02-07,1610612752,NYK,New York Knicks,False,True,W,25.0,10,4,9,0,0,0,0,2,0,2,2,2,0,0,4,-12
0000000236,1610612748,MIA,Miami Heat,202710,Jimmy Butler,2024-25,Regular Season,2025-02-09,1610612747,LAL,Los Angeles Lakers,True,False,L,22.7,19,7,12,2,3,3,4,0,6,6,3,1,3,4,5,6
0000000236,1610612748,MIA,Miami Heat,1629639,Tyler Herro,2024-25,Regular Season,2025-02-09,1610612747,LAL,Los Angeles Lakers,True,False,L,33.3,18,7,12,2,2,0,1,3,0,3,4,0,1,3,2,3
0000000236,1610612748,MIA,Miami Heat,202355,Bam Adebayo,2024-25,Regular Season,2025-02-09,1610612747,LAL,Los Angeles Lakers,True,False,L,27.8,16,6,12,0,1,6,7,3,10,13,3,1,1,2,2,12
0000000236,1610612748,MIA,Miami Heat,1631107,Jaime Jaquez,2024-25,Regular Season,2025-02-09,1610612747,LAL,Los Angeles Lakers,True,False,L,33.9,13,5,10,1,4,2,8,4,0,4,3,4,3,1,5,-14
0000000236,1610612748,MIA,Miami Heat,203482,Kelly Olynyk,2024-25,Regular Season,2025-02-09,1610612747,LAL,Los Angeles Lakers,True,False,L,29.7,10,4,10,0,0,0,0,0,0,0,1,0,2,2,1,-12
0000000236,1610612748,MIA,Miami Heat,1630217,Caleb Martin,2024-25,Regular Season,2025-02-09,1610612747,LAL,Los Angeles Lakers,True,False,L,31.3,14,5,8,0,1,0,3,2,0,2,1,3,1,2,4,-15
0000000236,1610612747,LAL,Los Angeles Lakers,2544,LeBron James,2024-25,Regular Season,2025-02-09,1610612748,MIA,Miami Heat,False,True,W,25.8,24,9,18,0,0,2,2,3,9,12,7,1,2,4,0,-10
0000000236,1610612747,LAL,Los Angeles Lakers,1629029,Luka Dončić,2024-25,Regular Season,2025-02-09,1610612748,MIA,Miami Heat,False,True,W,36.7,28,11,15,1,5,1,1,0,11,11,7,4,2,4,2,18
0000000236,1610612747,LAL,Los Angeles Lakers,203076,Anthony Davis,2024-25,Regular Season,2025-02-09,1610612748,MIA,Miami Heat,False,True,W,32.5,32,12,19,1,3,2,3,2,10,12,7,3,2,5,2,14
0000000236,1610612747,LAL,Los Angeles Lakers,1630559,Austin Reaves,2024-25,Regular Season,2025-02-09,1610612748,MIA,Miami Heat,False,True,W,36.1,20,8,13,4,5,0,1,3,1,4,7,0,1,3,0,4
0000000236,1610612747,LAL,Los Angeles Lakers,1626156,Dalton Knecht,2024-25,Regular Season,2025-02-09,1610612748,MIA,Miami Heat,False,True,W,23.4,0,0,6,0,1,2,6,2,1,3,1,4,3,0,3,2
0000000236,1610612747,LAL,Los Angeles Lakers,1629020,Rui Hachimura,2024-25,Regular Season,2025-02-09,1610612748,MIA,Miami Heat,False,True,W,37.8,17,6,12,1,7,0,3,1,0,1,0,1,1,4,2,-1
0000000237,1610612748,MIA,Miami Heat,202710,Jimmy Butler,2024-25,Regular Season,2025-02-11,1610612744,GSW,Golden State Warriors,True,False,L,31.4,29,11,16,1,2,3,4,0,13,13,14,3,3,1,3,1
0000000237,1610612748,MIA,Miami Heat,1629639,Tyler Herro,2024-25,Regular Season,2025-02-11,1610612744,GSW,Golden State Warriors,True,False,L,25.3,22,8,16,0,3,2,4,1,7,8,6,0,3,5,0,-1
0000000237,1610612748,MIA,Miami Heat,202355,Bam Adebayo,2024-25,Regular Season,2025-02-11,1610612744,GSW,Golden State Warriors,True,False,L,23.0,15,6,8,1,3,1,7,4,6,10,1,2,3,5,1,-9
0000000237,1610612748,MIA,Miami Heat,1631107,Jaime Jaquez,2024-25,Regular Season,2025-02-11,1610612744,GSW,Golden State Warriors,True,False,L,21.1,7,2,9,2,7,4,5,1,0,1,2,0,0,1,3,4
0000000237,1610612748,MIA,Miami Heat,203482,Kelly Olynyk,2024-25,Regular Season,2025-02-11,1610612744,GSW,Golden State Warriors,True,False,L,23.5,0,0,5,0,2,1,3,2,2,4,0,2,0,5,0,1
0000000237,1610612748,MIA,Miami Heat,1630217,Caleb Martin,2024-25,Regular Season,2025-02-11,1610612744,GSW,Golden State Warriors,True,False,L,37.2,13,5,7,0,3,4,4,0,4,4,0,2,3,4,4,-11
0000000237,1610612744,GSW,Golden State Warriors,201939,Stephen Curry,2024-25,Regular Season,2025-02-11,1610612748,MIA,Miami Heat,False,True,W,32.2,32,12,20,1,10,1,1,1,1,2,4,4,0,4,1,3
0000000237,1610612744,GSW,Golden State Warriors,202691,Klay Thompson,2024-25,Regular Season,2025-02-11,1610612748,MIA,Miami Heat,False,True,W,25.7,14,5,9,3,8,0,5,4,0,4,0,1,2,0,4,-14
0000000237,1610612744,GSW,Golden State Warriors,203110,Draymond Green,2024-25,Regular Season,2025-02-11,1610612748,MIA,Miami Heat,False,True,W,32.2,16,6,13,4,7,1,1,3,0,3,6,0,2,3,1,15
0000000237,1610612744,GSW,Golden State Warriors,1630228,Jonathan Kuminga,2024-25,Regular Season,2025-02-11,1610612748,MIA,Miami Heat,False,True,W,23.8,24,9,17,3,10,5,5,0,0,0,3,2,0,5,4,8
0000000237,1610612744,GSW,Golden State Warriors,1626172,Kevon Looney,2024-25,Regular Season,2025-02-11,1610612748,MIA,Miami Heat,False,True,W,18.4,8,3,10,2,3,5,5,0,7,7,2,0,0,4,0,0
0000000237,1610612744,GSW,Golden State Warriors,1630541,Brandin Podziemski,2024-25,Regular Season,2025-02-11,1610612748,MIA,Miami Heat,False,True,W,35.3,15,6,13,0,0,2,8,2,2,4,4,2,3,0,3,16
0000000238,1610612748,MIA,Miami Heat,202710,Jimmy Butler,2024-25,Regular Season,2025-02-13,1610612743,DEN,Denver Nuggets,True,False,L,31.7,21,8,15,0,0,4,7,2,6,8,5,3,1,4,2,-7
0000000238,1610612748,MIA,Miami Heat,1629639,Tyler Herro,2024-25,Regular Season,2025-02-13,1610612743,DEN,Denver Nuggets,True,False,L,25.2,21,8,16,6,6,1,1,0,6,6,5,0,1,3,3,6
0000000238,1610612748,MIA,Miami Heat,202355,Bam Adebayo,2024-25,Regular Season,2025-02-13,1610612743,DEN,Denver Nuggets,True,False,L,30.0,26,10,16,0,2,3,3,4,5,9,5,4,2,1,0,2
0000000238,1610612748,MIA,Miami Heat,1631107,Jaime Jaquez,2024-25,Regular Season,2025-02-13,1610612743,DEN,Denver Nuggets,True,False,L,23.0,11,4,11,1,7,2,4,2,0,2,4,3,2,2,1,-11
0000000238,1610612748,MIA,Miami Heat,203482,Kelly Olynyk,2024-25,Regular Season,2025-02-13,1610612743,DEN,Denver Nuggets,True,False,L,29.5,0,1,6,1,3,3,3,2,3,5,4,1,2,3,4,-1
0000000238,1610612748,MIA,Miami Heat,1630217,Caleb Martin,2024-25,Regular Season,2025-02-13,1610612743,DEN,Denver Nuggets,True,False,L,29.2,7,2,4,1,1,1,2,0,1,1,3,4,1,2,4,17
0000000238,1610612743,DEN,Denver Nuggets,203999,Nikola Jokić,2024-25,Regular Season,2025-02-13,1610612748,MIA,Miami Heat,False,True,W,27.3,34,13,23,0,1,2,7,2,12,14,8,3,2,1,5,4
0000000238,1610612743,DEN,Denver Nuggets,1627750,Jamal Murray,2024-25,Regular Season,2025-02-13,1610612748,MIA,Miami Heat,False,True,W,31.8,30,12,18,8,8,0,0,0,0,0,5,0,0,3,4,-3
0000000238,1610612743,DEN,Denver Nuggets,1628420,Aaron Gordon,2024-25,Regular Season,2025-02-13,1610612748,MIA,Miami Heat,False,True,W,22.0,17,6,12,2,4,6,6,1,8,9,0,2,0,4,5,-1
0000000238,1610612743,DEN,Denver Nuggets,1630166,Christian Braun,2024-25,Regular Season,2025-02-13,1610612748,MIA,Miami Heat,False,True,W,25.0,7,2,7,0,0,0,5,0,0,0,1,2,2,3,5,16
0000000238,1610612743,DEN,Denver Nuggets,203914,Kentavious Caldwell-Pope,2024-25,Regular Season,2025-02-13,1610612748,MIA,Miami Heat,False,True,W,18.9,6,3,9,3,9,5,5,0,0,0,2,1,2,4,5,-1
0000000238,1610612743,DEN,Denver Nuggets,1631128,Peyton Watson,2024-25,Regular Season,2025-02-13,1610612748,MIA,Miami Heat,False,True,W,21.5,4,1,4,0,1,0,5,0,0,0,3,2,1,3,3,10
0000000239,1610612748,MIA,Miami Heat,202710,Jimmy Butler,2024-25,Regular Season,2025-02-15,1610612738,BOS,Boston Celtics,True,False,L,31.3,11,4,11,0,0,0,4,4,0,4,3,1,0,2,0,12
0000000239,1610612748,MIA,Miami Heat,1629639,Tyler Herro,2024-25,Regular Season,2025-02-15,1610612738,BOS,Boston Celtics,True,False,L,25.1,20,8,14,5,5,0,0,2,2,4,2,4,3,2,1,-11
0000000239,1610612748,MIA,Miami Heat,202355,Bam Adebayo,2024-25,Regular Season,2025-02-15,1610612738,BOS,Boston Celtics,True,False,L,24.6,21,8,13,0,0,0,2,3,0,3,1,4,1,1,4,-4
0000000239,1610612748,MIA,Miami Heat,1631107,Jaime Jaquez,2024-25,Regular Season,2025-02-15,1610612738,BOS,Boston Celtics,True,False,L,37.3,4,2,8,2,3,1,6,1,0,1,0,0,2,0,1,3
0000000239,1610612748,MIA,Miami Heat,203482,Kelly Olynyk,2024-25,Regular Season,2025-02-15,1610612738,BOS,Boston Celtics,True,False,L,32.5,14,5,13,0,0,4,5,3,4,7,0,2,1,0,4,6
0000000239,1610612748,MIA,Miami Heat,1630217,Caleb Martin,2024-25,Regular Season,2025-02-15,1610612738,BOS,Boston Celtics,True,False,L,21.8,0,0,4,0,4,3,5,0,6,6,1,2,2,0,3,6
0000000239,1610612738,BOS,Boston Celtics,1628369,Jayson Tatum,2024-25,Regular Season,2025-02-15,1610612748,MIA,Miami Heat,False,True,W,34.2,30,12,18,0,8,0,3,2,5,7,9,1,2,4,5,7
0000000239,1610612738,BOS,Boston Celtics,1627759,Jaylen Brown,2024-25,Regular Season,2025-02-15,1610612748,MIA,Miami Heat,False,True,W,34.6,15,6,12,0,8,1,6,0,5,5,1,4,0,1,0,-14
0000000239,1610612738,BOS,Boston Celtics,201950,Jrue Holiday,2024-25,Regular Season,2025-02-15,1610612748,MIA,Miami Heat,False,True,W,26.9,8,8,10,8,10,1,1,1,0,1,6,2,2,1,3,1
0000000239,1610612738,BOS,Boston Celtics,1628464,Derrick White,2024-25,Regular Season,2025-02-15,1610612748,MIA,Miami Heat,False,True,W,30.6,10,4,7,0,0,0,1,2,2,4,3,1,2,4,1,2
0000000239,1610612738,BOS,Boston Celtics,203935,Kristaps Porziņģis,2024-25,Regular Season,2025-02-15,1610612748,MIA,Miami Heat,False,True,W,24.8,17,6,14,0,1,0,1,0,7,7,0,4,1,4,5,11
0000000239,1610612738,BOS,Boston Celtics,1629057,Robert Williams,2024-25,Regular Season,2025-02-15,1610612748,MIA,Miami Heat,False,True,W,19.0,13,5,11,1,1,0,1,3,3,6,0,3,1,3,2,16
0000000240,1610612748,MIA,Miami Heat,202710,Jimmy Butler,2024-25,Regular Season,2025-02-17,1610612752,NYK,New York Knicks,True,False,L,29.0,21,8,11,0,3,6,8,1,0,1,5,3,3,4,1,-6
0000000240,1610612748,MIA,Miami Heat,1629639,Tyler Herro,2024-25,Regular Season,2025-02-17,1610612752,NYK,New York Knicks,True,False,L,37.6,18,7,14,0,0,4,7,4,1,5,6,0,2,0,5,-9
0000000240,1610612748,MIA,Miami Heat,202355,Bam Adebayo,2024-25,Regular Season,2025-02-17,1610612752,NYK,New York Knicks,True,False,L,34.9,27,10,19,0,1,0,0,3,9,12,5,4,1,3,2,-17
0000000240,1610612748,MIA,Miami Heat,1631107,Jaime Jaquez,2024-25,Regular Season,2025-02-17,1610612752,NYK,New York Knicks,True,False,L,25.2,1,9,9,9,9,2,8,0,0,0,5,3,1,3,3,-11
0000000240,1610612748,MIA,Miami Heat,203482,Kelly Olynyk,2024-25,Regular Season,2025-02-17,1610612752,NYK,New York Knicks,True,False,L,30.1,5,2,6,0,0,0,7,2,1,3,3,4,3,2,3,-17
0000000240,1610612748,MIA,Miami Heat,1630217,Caleb Martin,2024-25,Regular Season,2025-02-17,1610612752,NYK,New York Knicks,True,False,L,28.5,1,4,6,4,6,3,3,3,0,3,1,3,3,4,2,-9
0000000240,1610612752,NYK,New York Knicks,1628973,Jalen Brunson,2024-25,Regular Season,2025-02-17,1610612748,MIA,Miami Heat,False,True,W,35.5,38,15,21,1,4,1,3,4,6,10,7,2,0,2,3,-6
0000000240,1610612752,NYK,New York Knicks,1626164,Isaiah Hartenstein,2024-25,Regular Season,2025-02-17,1610612748,MIA,Miami Heat,False,True,W,32.5,19,7,13,1,1,4,6,1,10,11,3,2,0,0,5,-11
0000000240,1610612752,NYK,New York Knicks,1629628,RJ Barrett,2024-25,Regular Season,2025-02-17,1610612748,MIA,Miami Heat,False,True,W,33.8,9,3,9,0,6,2,7,2,0,2,8,2,3,2,4,18
0000000240,1610612752,NYK,New York Knicks,1630193,Immanuel Quickley,2024-25,Regular Season,2025-02-17,1610612748,MIA,Miami Heat,False,True,W,23.2,19,9,15,9,10,4,4,0,0,0,8,0,0,2,5,15
0000000240,1610612752,NYK,New York Knicks,203944,Julius Randle,2024-25,Regular Season,2025-02-17,1610612748,MIA,Miami Heat,False,True,W,28.7,16,6,10,0,0,0,0,1,6,7,5,3,2,4,3,18
0000000240,1610612752,NYK,New York Knicks,1631216,Miles McBride,2024-25,Regular Season,2025-02-17,1610612748,MIA,Miami Heat,False,True,W,19.1,5,2,10,1,10,1,1,2,0,2,0,1,0,1,3,7
0000000241,1610612747,LAL,Los Angeles Lakers,2544,LeBron James,2024-25,Regular Season,2025-02-19,1610612744,GSW,Golden State Warriors,True,False,L,35.0,18,7,11,5,10,0,0,2,4,6,3,1,3,0,4,11
0000000241,1610612747,LAL,Los Angeles Lakers,1629029,Luka Dončić,2024-25,Regular Season,2025-02-19,1610612744,GSW,Golden State Warriors,True,False,L,22.7,23,9,17,6,6,2,8,0,12,12,5,3,0,5,2,11
0000000241,1610612747,LAL,Los Angeles Lakers,203076,Anthony Davis,2024-25,Regular Season,2025-02-19,1610612744,GSW,Golden State Warriors,True,False,L,23.1,15,6,12,0,0,0,0,4,7,11,0,4,0,1,0,-15
0000000241,1610612747,LAL,Los Angeles Lakers,1630559,Austin Reaves,2024-25,Regular Season,2025-02-19,1610612744,GSW,Golden State Warriors,True,False,L,28.1,11,5,11,5,7,3,7,4,1,5,5,1,2,3,1,10
0000000241,1610612747,LAL,Los Angeles Lakers,1626156,Dalton Knecht,2024-25,Regular Season,2025-02-19,1610612744,GSW,Golden State Warriors,True,False,L,21.4,14,5,12,3,9,2,3,0,0,0,0,0,0,3,0,-11
0000000241,1610612747,LAL,Los Angeles Lakers,1629020,Rui Hachimura,2024-25,Regular Season,2025-02-19,1610612744,GSW,Golden State Warriors,True,False,L,35.5,8,3,10,2,2,3,7,2,0,2,0,0,0,4,4,11
0000000241,1610612744,GSW,Golden State Warriors,201939,Stephen Curry,2024-25,Regular Season,2025-02-19,1610612747,LAL,Los Angeles Lakers,False,True,W,34.2,33,13,18,5,6,5,5,2,3,5,4,2,2,1,3,-14
0000000241,1610612744,GSW,Golden State Warriors,202691,Klay Thompson,2024-25,Regular Season,2025-02-19,1610612747,LAL,Los Angeles Lakers,False,True,W,21.6,22,8,15,7,10,2,8,4,1,5,0,2,0,0,3,-18
0000000241,1610612744,GSW,Golden State Warriors,203110,Draymond Green,2024-25,Regular Season,2025-02-19,1610612747,LAL,Los Angeles Lakers,False,True,W,37.0,16,6,14,2,3,0,1,3,4,7,4,4,1,1,2,17
0000000241,1610612744,GSW,Golden State Warriors,1630228,Jonathan Kuminga,2024-25,Regular Season,2025-02-19,1610612747,LAL,Los Angeles Lakers,False,True,W,31.9,10,8,10,8,10,1,2,4,4,8,0,0,3,1,3,-17
0000000241,1610612744,GSW,Golden State Warriors,1626172,Kevon Looney,2024-25,Regular Season,2025-02-19,1610612747,LAL,Los Angeles Lakers,False,True,W,27.2,4,1,7,1,1,5,5,2,12,14,0,1,3,3,4,0
0000000241,1610612744,GSW,Golden State Warriors,1630541,Brandin Podziemski,2024-25,Regular Season,2025-02-19,1610612747,LAL,Los Angeles Lakers,False,True,W,23.1,16,6,9,0,1,2,8,1,0,1,2,3,3,0,4,12
0000000242,1610612747,LAL,Los Angeles Lakers,2544,LeBron James,2024-25,Regular Season,2025-02-21,1610612743,DEN,Denver Nuggets,True,False,W,29.1,27,10,19,3,9,1,1,1,9,10,7,4,3,3,0,9
0000000242,1610612747,LAL,Los Angeles Lakers,1629029,Luka Dončić,2024-25,Regular Season,2025-02-21,1610612743,DEN,Denver Nuggets,True,False,W,35.0,30,12,18,8,10,2,5,0,2,2,9,2,3,2,0,-8
0000000242,1610612747,LAL,Los Angeles Lakers,203076,Anthony Davis,2024-25,Regular Season,2025-02-21,1610612743,DEN,Denver Nuggets,True,False,W,18.4,29,11,19,2,2,0,0,3,3,6,2,2,3,4,2,16
0000000242,1610612747,LAL,Los Angeles Lakers,1630559,Austin Reaves,2024-25,Regular Season,2025-02-21,1610612743,DEN,Denver Nuggets,True,False,W,23.0,22,8,16,0,7,2,5,3,3,6,5,3,1,3,3,-8
0000000242,1610612747,LAL,Los Angeles Lakers,1626156,Dalton Knecht,2024-25,Regular Season,2025-02-21,1610612743,DEN,Denver Nuggets,True,False,W,27.6,15,6,10,3,4,1,7,1,1,2,3,2,2,3,0,18
0000000242,1610612747,LAL,Los Angeles Lakers,1629020,Rui Hachimura,2024-25,Regular Season,2025-02-21,1610612743,DEN,Denver Nuggets,True,False,W,22.6,3,5,6,5,6,0,8,0,0,0,2,1,0,5,3,-1
0000000242,1610612743,DEN,Denver Nuggets,203999,Nikola Jokić,2024-25,Regular Season,2025-02-21,1610612747,LAL,Los Angeles Lakers,False,True,L,22.1,33,13,17,0,1,3,6,4,9,13,8,0,1,1,0,8
0000000242,1610612743,DEN,Denver Nuggets,1627750,Jamal Murray,2024-25,Regular Season,2025-02-21,1610612747,LAL,Los Angeles Lakers,False,True,L,20.9,18,8,10,8,10,0,1,3,0,3,3,4,0,5,5,-6
0000000242,1610612743,DEN,Denver Nuggets,1628420,Aaron Gordon,2024-25,Regular Season,2025-02-21,1610612747,LAL,Los Angeles Lakers,False,True,L,26.6,11,4,11,2,3,4,7,0,9,9,0,4,3,1,3,5
0000000242,1610612743,DEN,Denver Nuggets,1630166,Christian Braun,2024-25,Regular Season,2025-02-21,1610612747,LAL,Los Angeles Lakers,False,True,L,32.4,13,5,12,1,10,3,6,0,3,3,1,0,3,5,2,-5
0000000242,1610612743,DEN,Denver Nuggets,203914,Kentavious Caldwell-Pope,2024-25,Regular Season,2025-02-21,1610612747,LAL,Los Angeles Lakers,False,True,L,36.8,6,2,9,1,2,2,4,4,0,4,1,4,1,0,3,-7
0000000242,1610612743,DEN,Denver Nuggets,1631128,Peyton Watson,2024-25,Regular Season,2025-02-21,1610612747,LAL,Los Angeles Lakers,False,True,L,32.8,8,8,8,8,8,1,2,1,2,3,0,1,0,4,2,-18
0000000243,1610612747,LAL,Los Angeles Lakers,2544,LeBron James,2024-25,Regular Season,2025-02-23,1610612738,BOS,Boston Celtics,True,False,W,27.4,26,10,18,0,2,4,8,3,7,10,10,2,0,3,5,-2
0000000243,1610612747,LAL,Los Angeles Lakers,1629029,Luka Dončić,2024-25,Regular Season,2025-02-23,1610612738,BOS,Boston Celtics,True,False,W,27.8,33,13,21,2,2,1,5,1,10,11,7,0,0,3,4,15
0000000243,1610612747,LAL,Los Angeles Lakers,203076,Anthony Davis,2024-25,Regular Season,2025-02-23,1610612738,BOS,Boston Celtics,True,False,W,23.0,25,10,14,0,0,0,1,3,9,12,2,4,2,4,4,16
0000000243,1610612747,LAL,Los Angeles Lakers,1630559,Austin Reaves,2024-25,Regular Season,2025-02-23,1610612738,BOS,Boston Celtics,True,False,W,20.7,16,6,10,6,6,3,4,1,0,1,6,0,3,2,3,2
0000000243,1610612747,LAL,Los Angeles Lakers,1626156,Dalton Knecht,2024-25,Regular Season,2025-02-23,1610612738,BOS,Boston Celtics,True,False,W,37.2,7,6,9,6,9,2,5,2,1,3,3,3,1,5,3,-10
0000000243,1610612747,LAL,Los Angeles Lakers,1629020,Rui Hachimura,2024-25,Regular Season,2025-02-23,1610612738,BOS,Boston Celtics,True,False,W,29.8,18,7,15,3,10,0,2,0,0,0,1,4,0,1,3,-4
0000000243,1610612738,BOS,Boston Celtics,1628369,Jayson Tatum,2024-25,Regular Season,2025-02-23,1610612747,LAL,Los Angeles Lakers,False,True,L,25.2,17,6,12,2,3,1,3,1,4,5,4,3,0,0,2,-16
0000000243,1610612738,BOS,Boston Celtics,1627759,Jaylen Brown,2024-25,Regular Season,2025-02-23,1610612747,LAL,Los Angeles Lakers,False,True,L,34.4,13,5,10,5,8,0,2,0,9,9,4,1,1,5,1,-12
0000000243,1610612738,BOS,Boston Celtics,201950,Jrue Holiday,2024-25,Regular Season,2025-02-23,1610612747,LAL,Los Angeles Lakers,False,True,L,37.7,9,3,9,0,1,0,1,0,5,5,5,1,3,2,3,-13
0000000243,1610612738,BOS,Boston Celtics,1628464,Derrick White,2024-25,Regular Season,2025-02-23,1610612747,LAL,Los Angeles Lakers,False,True,L,27.8,6,2,7,1,7,0,0,2,1,3,6,4,2,0,0,3
0000000243,1610612738,BOS,Boston Celtics,203935,Kristaps Porziņģis,2024-25,Regular Season,2025-02-23,1610612747,LAL,Los Angeles Lakers,False,True,L,34.9,25,10,18,0,0,2,8,3,6,9,0,3,3,5,0,9
0000000243,1610612738,BOS,Boston Celtics,1629057,Robert Williams,2024-25,Regular Season,2025-02-23,1610612747,LAL,Los Angeles Lakers,False,True,L,32.1,0,2,2,2,2,3,5,3,1,4,0,3,2,2,3,-18
0000000244,1610612747,LAL,Los Angeles Lakers,2544,LeBron James,2024-25,Regular Season,2025-02-25,1610612752,NYK,New York Knicks,True,False,L,35.8,27,10,15,4,10,0,0,1,9,10,6,1,2,5,4,17
0000000244,1610612747,LAL,Los Angeles Lakers,1629029,Luka Dončić,2024-25,Regular Season,2025-02-25,1610612752,NYK,New York Knicks,True,False,L,28.4,31,12,16,0,10,0,0,1,10,11,11,1,1,1,3,8
0000000244,1610612747,LAL,Los Angeles Lakers,203076,Anthony Davis,2024-25,Regular Season,2025-02-25,1610612752,NYK,New York Knicks,True,False,L,31.0,23,9,12,1,1,3,6,2,15,17,2,3,0,1,1,-2
0000000244,1610612747,LAL,Los Angeles Lakers,1630559,Austin Reaves,2024-25,Regular Season,2025-02-25,1610612752,NYK,New York Knicks,True,False,L,31.1,8,3,9,3,3,4,5,1,4,5,4,1,0,5,5,4
0000000244,1610612747,LAL,Los Angeles Lakers,1626156,Dalton Knecht,2024-25,Regular Season,2025-02-25,1610612752,NYK,New York Knicks,True,False,L,32.3,5,2,4,2,2,0,0,0,0,0,5,3,1,1,4,-7
0000000244,1610612747,LAL,Los Angeles Lakers,1629020,Rui Hachimura,2024-25,Regular Season,2025-02-25,1610612752,NYK,New York Knicks,True,False,L,19.1,0,2,4,2,3,1,2,3,0,3,0,4,3,1,3,-7
0000000244,1610612752,NYK,New York Knicks,1628973,Jalen Brunson,2024-25,Regular Season,2025-02-25,1610612747,LAL,Los Angeles Lakers,False,True,W,35.7,25,10,16,0,0,4,5,4,2,6,5,1,1,5,3,9
0000000244,1610612752,NYK,New York Knicks,1626164,Isaiah Hartenstein,2024-25,Regular Season,2025-02-25,1610612747,LAL,Los Angeles Lakers,False,True,W,23.9,11,4,9,2,3,0,0,4,2,6,4,0,2,2,4,12
0000000244,1610612752,NYK,New York Knicks,1629628,RJ Barrett,2024-25,Regular Season,2025-02-25,1610612747,LAL,Los Angeles Lakers,False,True,W,33.3,24,9,13,0,1,6,6,1,4,5,4,4,3,3,5,-12
0000000244,1610612752,NYK,New York Knicks,1630193,Immanuel Quickley,2024-25,Regular Season,2025-02-25,1610612747,LAL,Los Angeles Lakers,False,True,W,33.1,18,7,11,6,8,0,2,0,0,0,5,1,2,3,3,-18
0000000244,1610612752,NYK,New York Knicks,203944,Julius Randle,2024-25,Regular Season,2025-02-25,1610612747,LAL,Los Angeles Lakers,False,True,W,18.2,26,10,14,5,9,4,5,2,10,12,0,3,2,1,3,12
0000000244,1610612752,NYK,New York Knicks,1631216,Miles McBride,2024-25,Regular Season,2025-02-25,1610612747,LAL,Los Angeles Lakers,False,True,W,32.2,0,0,3,0,1,1,7,3,0,3,4,1,1,1,1,2
0000000245,1610612747,LAL,Los Angeles Lakers,2544,LeBron James,2024-25,Regular Season,2025-02-27,1610612748,MIA,Miami Heat,True,False,W,35.3,35,14,23,7,9,1,3,4,6,10,2,1,3,2,0,6
0000000245,1610612747,LAL,Los Angeles Lakers,1629029,Luka Dončić,2024-25,Regular Season,2025-02-27,1610612748,MIA,Miami Heat,True,False,W,23.8,40,16,21,0,4,0,8,1,8,9,4,3,2,2,4,-4
0000000245,1610612747,LAL,Los Angeles Lakers,203076,Anthony Davis,2024-25,Regular Season,2025-02-27,1610612748,MIA,Miami Heat,True,False,W,27.2,29,11,19,0,3,0,3,4,11,15,1,0,0,5,2,12
0000000245,1610612747,LAL,Los Angeles Lakers,1630559,Austin Reaves,2024-25,Regular Season,2025-02-27,1610612748,MIA,Miami Heat,True,False,W,23.3,11,10,10,10,10,0,0,2,0,2,3,3,0,1,3,7
0000000245,1610612747,LAL,Los Angeles Lakers,1626156,Dalton Knecht,2024-25,Regular Season,2025-02-27,1610612748,MIA,Miami Heat,True,False,W,25.3,7,2,7,0,5,0,8,2,2,4,0,3,0,1,4,3
0000000245,1610612747,LAL,Los Angeles Lakers,1629020,Rui Hachimura,2024-25,Regular Season,2025-02-27,1610612748,MIA,Miami Heat,True,False,W,24.5,11,4,6,0,0,3,7,3,2,5,3,4,0,3,0,-12
0000000245,1610612748,MIA,Miami Heat,202710,Jimmy Butler,2024-25,Regular Season,2025-02-27,1610612747,LAL,Los Angeles Lakers,False,True,L,33.9,26,10,18,1,1,1,4,1,7,8,3,1,2,3,2,-14
0000000245,1610612748,MIA,Miami Heat,1629639,Tyler Herro,2024-25,Regular Season,2025-02-27,1610612747,LAL,Los Angeles Lakers,False,True,L,20.3,21,8,16,4,4,5,7,0,6,6,4,1,0,0,2,8
0000000245,1610612748,MIA,Miami Heat,202355,Bam Adebayo,2024-25,Regular Season,2025-02-27,1610612747,LAL,Los Angeles Lakers,False,True,L,35.2,20,8,15,0,0,5,5,1,8,9,0,0,1,2,3,8
0000000245,1610612748,MIA,Miami Heat,1631107,Jaime Jaquez,2024-25,Regular Season,2025-02-27,1610612747,LAL,Los Angeles Lakers,False,True,L,34.7,3,1,7,0,1,1,2,1,0,1,1,1,3,3,5,1
0000000245,1610612748,MIA,Miami Heat,203482,Kelly Olynyk,2024-25,Regular Season,2025-02-27,1610612747,LAL,Los Angeles Lakers,False,True,L,26.5,10,4,9,0,1,6,8,1,2,3,1,2,2,2,5,12
0000000245,1610612748,MIA,Miami Heat,1630217,Caleb Martin,2024-25,Regular Season,2025-02-27,1610612747,LAL,Los Angeles Lakers,False,True,L,19.2,10,7,9,7,9,4,5,2,3,5,5,3,3,5,5,-11
0000000246,1610612744,GSW,Golden State Warriors,201939,Stephen Curry,2024-25,Regular Season,2025-03-01,1610612747,LAL,Los Angeles Lakers,True,False,L,32.3,30,12,18,0,9,3,3,1,0,1,5,0,3,3,5,17
0000000246,1610612744,GSW,Golden State Warriors,202691,Klay Thompson,2024-25,Regular Season,2025-03-01,1610612747,LAL,Los Angeles Lakers,True,False,L,18.8,15,7,11,7,9,5,8,2,2,4,1,3,0,4,0,11
0000000246,1610612744,GSW,Golden State Warriors,203110,Draymond Green,2024-25,Regular Season,2025-03-01,1610612747,LAL,Los Angeles Lakers,True,False,L,20.2,16,6,13,0,6,3,4,2,8,10,8,2,3,4,2,3
0000000246,1610612744,GSW,Golden State Warriors,1630228,Jonathan Kuminga,2024-25,Regular Season,2025-03-01,1610612747,LAL,Los Angeles Lakers,True,False,L,22.7,14,5,11,0,3,3,3,0,6,6,0,2,1,0,4,14
0000000246,1610612744,GSW,Golden State Warriors,1626172,Kevon Looney,2024-25,Regular Season,2025-03-01,1610612747,LAL,Los Angeles Lakers,True,False,L,36.8,8,3,6,0,1,4,8,0,14,14,3,0,1,3,3,18
0000000246,1610612744,GSW,Golden State Warriors,1630541,Brandin Podziemski,2024-25,Regular Season,2025-03-01,1610612747,LAL,Los Angeles Lakers,True,False,L,32.3,10,4,9,1,1,0,0,1,4,5,3,0,1,4,5,12
0000000246,1610612747,LAL,Los Angeles Lakers,2544,LeBron James,2024-25,Regular Season,2025-03-01,1610612744,GSW,Golden State Warriors,False,True,W,19.1,18,7,13,0,2,0,0,3,4,7,8,1,2,4,0,-14
0000000246,1610612747,LAL,Los Angeles Lakers,1629029,Luka Dončić,2024-25,Regular Season,2025-03-01,1610612744,GSW,Golden State Warriors,False,True,W,23.1,28,11,20,2,3,0,2,2,5,7,4,1,3,4,3,9
0000000246,1610612747,LAL,Los Angeles Lakers,203076,Anthony Davis,2024-25,Regular Season,2025-03-01,1610612744,GSW,Golden State Warriors,False,True,W,21.9,28,11,18,0,2,3,5,3,7,10,5,3,0,5,3,8
0000000246,1610612747,LAL,Los Angeles Lakers,1630559,Austin Reaves,2024-25,Regular Season,2025-03-01,1610612744,GSW,Golden State Warriors,False,True,W,22.8,18,7,13,2,3,4,5,2,2,4,6,2,0,3,0,-11
0000000246,1610612747,LAL,Los Angeles Lakers,1626156,Dalton Knecht,2024-25,Regular Season,2025-03-01,1610612744,GSW,Golden State Warriors,False,True,W,28.6,8,3,5,0,0,0,0,1,0,1,0,2,1,4,1,0
0000000246,1610612747,LAL,Los Angeles Lakers,1629020,Rui Hachimura,2024-25,Regular Season,2025-03-01,1610612744,GSW,Golden State Warriors,False,True,W,18.2,14,5,9,2,3,5,5,3,6,9,0,0,2,5,4,-7
0000000247,1610612744,GSW,Golden State Warriors,201939,Stephen Curry,2024-25,Regular Season,2025-03-03,1610612743,DEN,Denver Nuggets,True,False,L,34.3,27,10,18,1,7,1,3,0,7,7,5,4,3,2,2,-7
0000000247,1610612744,GSW,Golden State Warriors,202691,Klay Thompson,2024-25,Regular Season,2025-03-03,1610612743,DEN,Denver Nuggets,True,False,L,23.5,22,8,13,5,7,0,0,0,0,0,3,4,0,2,2,-3
0000000247,1610612744,GSW,Golden State Warriors,203110,Draymond Green,2024-25,Regular Season,2025-03-03,1610612743,DEN,Denver Nuggets,True,False,L,22.7,0,1,4,1,4,2,2,4,3,7,4,1,3,4,1,-11
0000000247,1610612744,GSW,Golden State Warriors,1630228,Jonathan Kuminga,2024-25,Regular Season,2025-03-03,1610612743,DEN,Denver Nuggets,True,False,L,31.2,14,5,9,2,2,1,2,1,5,6,3,3,2,3,1,10
0000000247,1610612744,GSW,Golden State Warriors,1626172,Kevon Looney,2024-25,Regular Season,2025-03-03,1610612743,DEN,Denver Nuggets,True,False,L,34.3,9,3,5,3,3,1,8,0,10,10,0,3,2,1,5,10
0000000247,1610612744,GSW,Golden State Warriors,1630541,Brandin Podziemski,2024-25,Regular Season,2025-03-03,1610612743,DEN,Denver Nuggets,True,False,L,32.8,8,6,9,6,9,4,4,3,4,7,5,0,0,4,3,2
0000000247,1610612743,DEN,Denver Nuggets,203999,Nikola Jokić,2024-25,Regular Season,2025-03-03,1610612744,GSW,Golden State Warriors,False,True,W,23.4,35,14,21,0,0,1,4,2,5,7,9,3,3,1,2,16
0000000247,1610612743,DEN,Denver Nuggets,1627750,Jamal Murray,2024-25,Regular Season,2025-03-03,1610612744,GSW,Golden State Warriors,False,True,W,31.8,22,8,13,3,9,7,8,2,7,9,4,1,0,5,2,15
0000000247,1610612743,DEN,Denver Nuggets,1628420,Aaron Gordon,2024-25,Regular Season,2025-03-03,1610612744,GSW,Golden State Warriors,False,True,W,24.1,10,4,11,1,1,6,6,0,9,9,0,0,0,1,2,-11
0000000247,1610612743,DEN,Denver Nuggets,1630166,Christian Braun,2024-25,Regular Season,2025-03-03,1610612744,GSW,Golden State Warriors,False,True,W,32.7,2,1,7,1,3,3,5,1,7,8,0,3,3,3,5,-11
0000000247,1610612743,DEN,Denver Nuggets,203914,Kentavious Caldwell-Pope,2024-25,Regular Season,2025-03-03,1610612744,GSW,Golden State Warriors,False,True,W,37.3,15,6,11,2,2,0,0,2,4,6,5,2,2,2,4,-13
0000000247,1610612743,DEN,Denver Nuggets,1631128,Peyton Watson,2024-25,Regular Season,2025-03-03,1610612744,GSW,Golden State Warriors,False,True,W,29.7,5,2,3,2,2,0,3,1,0,1,3,1,1,4,0,-9
0000000248,1610612744,GSW,Golden State Warriors,201939,Stephen Curry,2024-25,Regular Season,2025-03-05,1610612738,BOS,Boston Celtics,True,False,L,25.3,30,12,16,0,1,2,4,1,7,8,3,1,3,2,1,5
0000000248,1610612744,GSW,Golden State Warriors,202691,Klay Thompson,2024-25,Regular Season,2025-03-05,1610612738,BOS,Boston Celtics,True,False,L,21.3,20,8,14,7,10,2,5,4,1,5,0,4,2,2,0,-7
0000000248,1610612744,GSW,Golden State Warriors,203110,Draymond Green,2024-25,Regular Season,2025-03-05,1610612738,BOS,Boston Celtics,True,False,L,25.7,13,5,7,2,7,5,6,0,2,2,6,4,1,1,3,0
0000000248,1610612744,GSW,Golden State Warriors,1630228,Jonathan Kuminga,2024-25,Regular Season,2025-03-05,1610612738,BOS,Boston Celtics,True,False,L,24.2,9,3,9,2,9,0,2,0,3,3,2,0,2,4,2,8
0000000248,1610612744,GSW,Golden State Warriors,1626172,Kevon Looney,2024-25,Regular Season,2025-03-05,1610612738,BOS,Boston Celtics,True,False,L,36.3,11,4,8,1,1,0,7,4,3,7,0,0,2,1,0,-2
0000000248,1610612744,GSW,Golden State Warriors,1630541,Brandin Podziemski,2024-25,Regular Season,2025-03-05,1610612738,BOS,Boston Celtics,True,False,L,33.1,4,1,7,0,6,0,1,4,5,9,6,2,2,3,0,8
0000000248,1610612738,BOS,Boston Celtics,1628369,Jayson Tatum,2024-25,Regular Season,2025-03-05,1610612744,GSW,Golden State Warriors,False,True,W,27.7,26,10,18,3,3,0,7,3,6,9,6,4,2,3,5,-1
0000000248,1610612738,BOS,Boston Celtics,1627759,Jaylen Brown,2024-25,Regular Season,2025-03-05,1610612744,GSW,Golden State Warriors,False,True,W,22.1,18,7,14,0,0,4,8,1,2,3,4,1,1,0,4,17
0000000248,1610612738,BOS,Boston Celtics,201950,Jrue Holiday,2024-25,Regular Season,2025-03-05,1610612744,GSW,Golden State Warriors,False,True,W,20.5,6,2,8,1,6,0,2,1,7,8,5,3,1,0,1,-1
0000000248,1610612738,BOS,Boston Celtics,1628464,Derrick White,2024-25,Regular Season,2025-03-05,1610612744,GSW,Golden State Warriors,False,True,W,24.3,18,7,14,2,2,7,7,2,0,2,6,2,0,2,4,3
0000000248,1610612738,BOS,Boston Celtics,203935,Kristaps Porziņģis,2024-25,Regular Season,2025-03-05,1610612744,GSW,Golden State Warriors,False,True,W,19.9,22,8,12,1,2,3,3,2,5,7,0,4,3,2,5,4
0000000248,1610612738,BOS,Boston Celtics,1629057,Robert Williams,2024-25,Regular Season,2025-03-05,1610612744,GSW,Golden State Warriors,False,True,W,28.9,5,2,4,1,2,4,7,2,5,7,0,4,0,2,2,7
0000000249,1610612744,GSW,Golden State Warriors,201939,Stephen Curry,2024-25,Regular Season,2025-03-07,1610612752,NYK,New York Knicks,True,False,L,24.4,34,13,23,7,10,3,4,0,7,7,8,3,3,0,2,15
0000000249,1610612744,GSW,Golden State Warriors,202691,Klay Thompson,2024-25,Regular Season,2025-03-07,1610612752,NYK,New York Knicks,True,False,L,24.7,11,4,10,3,10,5,7,1,0,1,1,2,2,0,2,-5
0000000249,1610612744,GSW,Golden State Warriors,203110,Draymond Green,2024-25,Regular Season,2025-03-07,1610612752,NYK,New York Knicks,True,False,L,30.3,17,6,13,0,1,4,6,1,5,6,6,2,2,2,3,-16
0000000249,1610612744,GSW,Golden State Warriors,1630228,Jonathan Kuminga,2024-25,Regular Season,2025-03-07,1610612752,NYK,New York Knicks,True,False,L,23.3,17,6,13,0,2,1,1,1,5,6,4,1,3,3,5,-18
0000000249,1610612744,GSW,Golden State Warriors,1626172,Kevon Looney,2024-25,Regular Season,2025-03-07,1610612752,NYK,New York Knicks,True,False,L,37.2,3,1,6,0,3,0,0,2,8,10,2,3,2,1,0,-11
0000000249,1610612744,GSW,Golden State Warriors,1630541,Brandin Podziemski,2024-25,Regular Season,2025-03-07,1610612752,NYK,New York Knicks,True,False,L,36.8,0,1,6,1,5,4,6,0,11,11,1,3,2,5,2,11
0000000249,1610612752,NYK,New York Knicks,1628973,Jalen Brunson,2024-25,Regular Season,2025-03-07,1610612744,GSW,Golden State Warriors,False,True,W,26.0,25,10,15,6,8,2,2,4,1,5,7,0,2,4,3,-6
0000000249,1610612752,NYK,New York Knicks,1626164,Isaiah Hartenstein,2024-25,Regular Season,2025-03-07,1610612744,GSW,Golden State Warriors,False,True,W,27.2,20,8,11,2,2,1,5,4,7,11,2,2,0,5,5,-10
0000000249,1610612752,NYK,New York Knicks,1629628,RJ Barrett,2024-25,Regular Season,2025-03-07,1610612744,GSW,Golden State Warriors,False,True,W,29.1,20,8,11,1,3,1,4,1,6,7,4,3,3,3,5,-4
0000000249,1610612752,NYK,New York Knicks,1630193,Immanuel Quickley,2024-25,Regular Season,2025-03-07,1610612744,GSW,Golden State Warriors,False,True,W,21.4,8,3,7,0,2,0,0,2,8,10,5,2,0,3,1,-18
0000000249,1610612752,NYK,New York Knicks,203944,Julius Randle,2024-25,Regular Season,2025-03-07,1610612744,GSW,Golden State Warriors,False,True,W,26.8,11,4,9,1,3,0,2,3,8,11,1,4,2,1,4,10
0000000249,1610612752,NYK,New York Knicks,1631216,Miles McBride,2024-25,Regular Season,2025-03-07,1610612744,GSW,Golden State Warriors,False,True,W,31.8,21,8,16,3,4,1,1,0,4,4,3,4,0,2,1,-3
0000000250,1610612744,GSW,Golden State Warriors,201939,Stephen Curry,2024-25,Regular Season,2025-03-09,1610612748,MIA,Miami Heat,True,False,W,27.6,27,10,15,2,7,1,4,2,2,4,6,0,2,5,2,14
0000000250,1610612744,GSW,Golden State Warriors,202691,Klay Thompson,2024-25,Regular Season,2025-03-09,1610612748,MIA,Miami Heat,True,False,W,18.1,27,10,18,7,8,0,0,0,7,7,0,2,3,2,1,14
0000000250,1610612744,GSW,Golden State Warriors,203110,Draymond Green,2024-25,Regular Season,2025-03-09,1610612748,MIA,Miami Heat,True,False,W,33.5,16,6,13,1,3,0,0,4,6,10,3,1,3,4,1,6
0000000250,1610612744,GSW,Golden State Warriors,1630228,Jonathan Kuminga,2024-25,Regular Season,2025-03-09,1610612748,MIA,Miami Heat,True,False,W,34.5,11,4,7,4,5,1,5,1,5,6,1,4,1,5,1,3
0000000250,1610612744,GSW,Golden State Warriors,1626172,Kevon Looney,2024-25,Regular Season,2025-03-09,1610612748,MIA,Miami Heat,True,False,W,24.5,10,4,10,0,2,0,0,2,13,15,0,4,0,1,1,13
0000000250,1610612744,GSW,Golden State Warriors,1630541,Brandin Podziemski,2024-25,Regular Season,2025-03-09,1610612748,MIA,Miami Heat,True,False,W,28.4,14,5,10,2,3,0,7,2,0,2,3,4,3,5,5,-3
0000000250,1610612748,MIA,Miami Heat,202710,Jimmy Butler,2024-25,Regular Season,2025-03-09,1610612744,GSW,Golden State Warriors,False,True,L,21.4,17,6,9,1,5,0,4,2,5,7,2,2,0,5,4,-1
0000000250,1610612748,MIA,Miami Heat,1629639,Tyler Herro,2024-25,Regular Season,2025-03-09,1610612744,GSW,Golden State Warriors,False,True,L,32.0,21,8,14,3,5,0,8,2,0,2,2,4,2,2,5,9
0000000250,1610612748,MIA,Miami Heat,202355,Bam Adebayo,2024-25,Regular Season,2025-03-09,1610612744,GSW,Golden State Warriors,False,True,L,34.6,38,15,24,1,2,3,5,3,7,10,1,3,1,0,2,-10
0000000250,1610612748,MIA,Miami Heat,1631107,Jaime Jaquez,2024-25,Regular Season,2025-03-09,1610612744,GSW,Golden State Warriors,False,True,L,34.2,2,7,9,7,9,0,1,0,6,6,0,3,2,1,1,-11
0000000250,1610612748,MIA,Miami Heat,203482,Kelly Olynyk,2024-25,Regular Season,2025-03-09,1610612744,GSW,Golden State Warriors,False,True,L,30.2,13,5,7,1,2,0,1,2,1,3,2,3,2,0,5,10
0000000250,1610612748,MIA,Miami Heat,1630217,Caleb Martin,2024-25,Regular Season,2025-03-09,1610612744,GSW,Golden State Warriors,False,True,L,30.6,10,4,7,3,3,1,1,2,3,5,2,2,0,1,2,-8
0000000251,1610612743,DEN,Denver Nuggets,203999,Nikola Jokić,2024-25,Regular Season,2025-03-11,1610612747,LAL,Los Angeles Lakers,True,False,L,23.5,27,10,14,0,2,3,7,3,10,13,12,2,1,0,5,-9
0000000251,1610612743,DEN,Denver Nuggets,1627750,Jamal Murray,2024-25,Regular Season,2025-03-11,1610612747,LAL,Los Angeles Lakers,True,False,L,31.3,15,6,12,2,2,1,2,0,0,0,8,4,0,0,4,-17
0000000251,1610612743,DEN,Denver Nuggets,1628420,Aaron Gordon,2024-25,Regular Season,2025-03-11,1610612747,LAL,Los Angeles Lakers,True,False,L,35.6,12,4,12,2,6,1,5,0,7,7,5,0,1,4,3,9
0000000251,1610612743,DEN,Denver Nuggets,1630166,Christian Braun,2024-25,Regular Season,2025-03-11,1610612747,LAL,Los Angeles Lakers,True,False,L,23.1,3,4,4,4,4,5,7,1,1,2,0,3,2,5,5,-9
0000000251,1610612743,DEN,Denver Nuggets,203914,Kentavious Caldwell-Pope,2024-25,Regular Season,2025-03-11,1610612747,LAL,Los Angeles Lakers,True,False,L,28.7,10,6,11,6,6,4,4,0,0,0,1,4,3,4,5,-13
0000000251,1610612743,DEN,Denver Nuggets,1631128,Peyton Watson,2024-25,Regular Season,2025-03-11,1610612747,LAL,Los Angeles Lakers,True,False,L,23.4,8,3,8,2,2,2,5,2,5,7,0,2,3,4,1,16
0000000251,1610612747,LAL,Los Angeles Lakers,2544,LeBron James,2024-25,Regular Season,2025-03-11,1610612743,DEN,Denver Nuggets,False,True,W,32.5,11,4,6,1,6,4,5,4,3,7,7,4,0,1,4,6
0000000251,1610612747,LAL,Los Angeles Lakers,1629029,Luka Dončić,2024-25,Regular Season,2025-03-11,1610612743,DEN,Denver Nuggets,False,True,W,24.0,29,11,18,5,5,0,2,0,9,9,9,4,0,2,0,1
0000000251,1610612747,LAL,Los Angeles Lakers,203076,Anthony Davis,2024-25,Regular Season,2025-03-11,1610612743,DEN,Denver Nuggets,False,True,W,36.1,22,8,14,1,2,2,5,4,5,9,3,3,2,2,1,2
0000000251,1610612747,LAL,Los Angeles Lakers,1630559,Austin Reaves,2024-25,Regular Season,2025-03-11,1610612743,DEN,Denver Nuggets,False,True,W,19.9,15,6,9,0,6,2,2,0,0,0,6,0,2,1,2,13
0000000251,1610612747,LAL,Los Angeles Lakers,1626156,Dalton Knecht,2024-25,Regular Season,2025-03-11,1610612743,DEN,Denver Nuggets,False,True,W,25.9,11,5,7,5,7,6,7,0,3,3,0,1,3,2,5,0
0000000251,1610612747,LAL,Los Angeles Lakers,1629020,Rui Hachimura,2024-25,Regular Season,2025-03-11,1610612743,DEN,Denver Nuggets,False,True,W,22.6,5,2,6,0,4,2,2,4,3,7,1,0,3,3,4,15
0000000252,1610612743,DEN,Denver Nuggets,203999,Nikola Jokić,2024-25,Regular Season,2025-03-13,1610612744,GSW,Golden State Warriors,True,False,W,31.5,19,7,11,2,2,0,0,3,7,10,6,4,0,1,5,8
0000000252,1610612743,DEN,Denver Nuggets,1627750,Jamal Murray,2024-25,Regular Season,2025-03-13,1610612744,GSW,Golden State Warriors,True,False,W,31.9,13,5,10,1,4,0,1,0,0,0,6,3,0,4,3,0
0000000252,1610612743,DEN,Denver Nuggets,1628420,Aaron Gordon,2024-25,Regular Season,2025-03-13,1610612744,GSW,Golden State Warriors,True,False,W,31.2,18,7,11,6,7,8,8,0,13,13,2,1,0,0,0,-6
0000000252,1610612743,DEN,Denver Nuggets,1630166,Christian Braun,2024-25,Regular Season,2025-03-13,1610612744,GSW,Golden State Warriors,True,False,W,28.9,12,4,11,0,6,1,8,0,0,0,0,2,3,3,3,-3
0000000252,1610612743,DEN,Denver Nuggets,203914,Kentavious Caldwell-Pope,2024-25,Regular Season,2025-03-13,1610612744,GSW,Golden State Warriors,True,False,W,37.0,6,3,9,3,6,2,7,1,0,1,0,3,2,2,5,7
0000000252,1610612743,DEN,Denver Nuggets,1631128,Peyton Watson,2024-25,Regular Season,2025-03-13,1610612744,GSW,Golden State Warriors,True,False,W,29.0,10,4,9,1,2,2,2,4,3,7,2,1,1,0,4,-17
0000000252,1610612744,GSW,Golden State Warriors,201939,Stephen Curry,2024-25,Regular Season,2025-03-13,1610612743,DEN,Denver Nuggets,False,True,L,20.8,21,8,11,0,3,0,0,3,1,4,4,0,3,1,3,12
0000000252,1610612744,GSW,Golden State Warriors,202691,Klay Thompson,2024-25,Regular Season,2025-03-13,1610612743,DEN,Denver Nuggets,False,True,L,26.2,13,5,9,3,8,1,7,2,0,2,0,2,1,3,3,9
0000000252,1610612744,GSW,Golden State Warriors,203110,Draymond Green,2024-25,Regular Season,2025-03-13,1610612743,DEN,Denver Nuggets,False,True,L,21.8,0,4,7,4,7,0,0,0,9,9,4,2,3,4,1,-2
0000000252,1610612744,GSW,Golden State Warriors,1630228,Jonathan Kuminga,2024-25,Regular Season,2025-03-13,1610612743,DEN,Denver Nuggets,False,True,L,23.6,12,4,8,1,1,0,7,4,1,5,2,3,0,1,5,1
0000000252,1610612744,GSW,Golden State Warriors,1626172,Kevon Looney,2024-25,Regular Season,2025-03-13,1610612743,DEN,Denver Nuggets,False,True,L,32.1,0,0,2,0,1,0,1,4,0,4,1,3,0,5,5,7
0000000252,1610612744,GSW,Golden State Warriors,1630541,Brandin Podziemski,2024-25,Regular Season,2025-03-13,1610612743,DEN,Denver Nuggets,False,True,L,35.5,14,5,13,2,6,0,6,0,6,6,2,1,1,3,5,-8
0000000253,1610612743,DEN,Denver Nuggets,203999,Nikola Jokić,2024-25,Regular Season,2025-03-15,1610612738,BOS,Boston Celtics,True,False,L,25.8,30,12,17,3,3,0,8,3,12,15,9,0,1,1,4,-13
0000000253,1610612743,DEN,Denver Nuggets,1627750,Jamal Murray,2024-25,Regular Season,2025-03-15,1610612738,BOS,Boston Celtics,True,False,L,19.6,23,9,14,2,4,2,2,1,0,1,6,3,3,5,0,8
0000000253,1610612743,DEN,Denver Nuggets,1628420,Aaron Gordon,2024-25,Regular Season,2025-03-15,1610612738,BOS,Boston Celtics,True,False,L,18.5,10,4,7,1,6,0,0,2,1,3,4,1,0,3,1,-17
0000000253,1610612743,DEN,Denver Nuggets,1630166,Christian Braun,2024-25,Regular Season,2025-03-15,1610612738,BOS,Boston Celtics,True,False,L,30.2,9,3,10,3,10,1,2,0,6,6,0,2,2,5,2,-6
0000000253,1610612743,DEN,Denver Nuggets,203914,Kentavious Caldwell-Pope,2024-25,Regular Season,2025-03-15,1610612738,BOS,Boston Celtics,True,False,L,26.6,8,4,6,4,6,1,4,0,8,8,0,4,1,4,1,-17
0000000253,1610612743,DEN,Denver Nuggets,1631128,Peyton Watson,2024-25,Regular Season,2025-03-15,1610612738,BOS,Boston Celtics,True,False,L,28.0,11,5,7,5,5,6,6,2,0,2,0,3,3,1,2,15
0000000253,1610612738,BOS,Boston Celtics,1628369,Jayson Tatum,2024-25,Regular Season,2025-03-15,1610612743,DEN,Denver Nuggets,False,True,W,32.5,40,16,25,5,6,0,8,3,3,6,8,2,0,5,2,-10
0000000253,1610612738,BOS,Boston Celtics,1627759,Jaylen Brown,2024-25,Regular Season,2025-03-15,1610612743,DEN,Denver Nuggets,False,True,W,25.3,22,8,17,4,4,5,7,1,11,12,1,3,3,1,0,-11
0000000253,1610612738,BOS,Boston Celtics,201950,Jrue Holiday,2024-25,Regular Season,2025-03-15,1610612743,DEN,Denver Nuggets,False,True,W,21.8,17,6,12,1,7,4,4,0,4,4,3,1,0,3,0,1
0000000253,1610612738,BOS,Boston Celtics,1628464,Derrick White,2024-25,Regular Season,2025-03-15,1610612743,DEN,Denver Nuggets,False,True,W,33.1,10,7,9,7,8,6,8,2,1,3,4,1,0,4,5,5
0000000253,1610612738,BOS,Boston Celtics,203935,Kristaps Porziņģis,2024-25,Regular Season,2025-03-15,1610612743,DEN,Denver Nuggets,False,True,W,25.9,18,7,14,1,1,0,1,1,5,6,2,1,3,4,5,-6
0000000253,1610612738,BOS,Boston Celtics,1629057,Robert Williams,2024-25,Regular Season,2025-03-15,1610612743,DEN,Denver Nuggets,False,True,W,32.2,7,2,6,0,1,0,2,2,6,8,0,3,2,3,2,3
0000000254,1610612743,DEN,Denver Nuggets,203999,Nikola Jokić,2024-25,Regular Season,2025-03-17,1610612752,NYK,New York Knicks,True,False,W,21.2,33,13,18,2,2,5,5,4,9,13,11,1,1,3,0,-12
0000000254,1610612743,DEN,Denver Nuggets,1627750,Jamal Murray,2024-25,Regular Season,2025-03-17,1610612752,NYK,New York Knicks,True,False,W,26.6,23,9,17,0,2,1,7,1,7,8,3,4,2,1,1,-1
0000000254,1610612743,DEN,Denver Nuggets,1628420,Aaron Gordon,2024-25,Regular Season,2025-03-17,1610612752,NYK,New York Knicks,True,False,W,26.9,19,7,15,4,6,4,4,1,5,6,1,2,2,5,4,3
0000000254,1610612743,DEN,Denver Nuggets,1630166,Christian Braun,2024-25,Regular Season,2025-03-17,1610612752,NYK,New York Knicks,True,False,W,34.9,21,8,14,4,6,0,6,2,1,3,0,1,0,1,3,-18
0000000254,1610612743,DEN,Denver Nuggets,203914,Kentavious Caldwell-Pope,2024-25,Regular Season,2025-03-17,1610612752,NYK,New York Knicks,True,False,W,37.1,8,5,9,5,9,2,4,0,6,6,3,1,1,0,1,-5
0000000254,1610612743,DEN,Denver Nuggets,1631128,Peyton Watson,2024-25,Regular Season,2025-03-17,1610612752,NYK,New York Knicks,True,False,W,26.9,4,1,5,0,0,2,4,1,0,1,0,1,2,4,0,11
0000000254,1610612752,NYK,New York Knicks,1628973,Jalen Brunson,2024-25,Regular Season,2025-03-17,1610612743,DEN,Denver Nuggets,False,True,L,31.0,23,9,12,1,2,5,6,1,9,10,7,3,1,4,1,-6
0000000254,1610612752,NYK,New York Knicks,1626164,Isaiah Hartenstein,2024-25,Regular Season,2025-03-17,1610612743,DEN,Denver Nuggets,False,True,L,21.0,18,7,13,0,0,0,2,3,11,14,3,4,3,1,4,11
0000000254,1610612752,NYK,New York Knicks,1629628,RJ Barrett,2024-25,Regular Season,2025-03-17,1610612743,DEN,Denver Nuggets,False,True,L,37.4,26,10,17,2,3,2,2,3,10,13,0,0,3,2,4,6
0000000254,1610612752,NYK,New York Knicks,1630193,Immanuel Quickley,2024-25,Regular Season,2025-03-17,1610612743,DEN,Denver Nuggets,False,True,L,22.4,13,7,11,7,9,4,7,2,2,4,3,1,3,1,0,-7
0000000254,1610612752,NYK,New York Knicks,203944,Julius Randle,2024-25,Regular Season,2025-03-17,1610612743,DEN,Denver Nuggets,False,True,L,19.7,22,8,15,0,10,1,3,2,0,2,0,4,1,0,0,-18
0000000254,1610612752,NYK,New York Knicks,1631216,Miles McBride,2024-25,Regular Season,2025-03-17,1610612743,DEN,Denver Nuggets,False,True,L,28.0,2,4,5,4,5,5,8,2,0,2,2,4,1,3,5,-12
0000000255,1610612743,DEN,Denver Nuggets,203999,Nikola Jokić,2024-25,Regular Season,2025-03-19,1610612748,MIA,Miami Heat,True,False,W,18.4,35,14,18,0,0,0,6,0,9,9,4,1,2,0,0,-15
0000000255,1610612743,DEN,Denver Nuggets,1627750,Jamal Murray,2024-25,Regular Season,2025-03-19,1610612748,MIA,Miami Heat,True,False,W,37.1,9,3,5,1,4,0,1,3,5,8,8,4,2,3,1,-7
0000000255,1610612743,DEN,Denver Nuggets,1628420,Aaron Gordon,2024-25,Regular Season,2025-03-19,1610612748,MIA,Miami Heat,True,False,W,24.8,0,0,6,0,2,0,8,3,4,7,6,1,2,1,1,-16
0000000255,1610612743,DEN,Denver Nuggets,1630166,Christian Braun,2024-25,Regular Season,2025-03-19,1610612748,MIA,Miami Heat,True,False,W,28.7,8,8,10,8,8,7,8,1,0,1,4,3,1,0,4,-16
0000000255,1610612743,DEN,Denver Nuggets,203914,Kentavious Caldwell-Pope,2024-25,Regular Season,2025-03-19,1610612748,MIA,Miami Heat,True,False,W,26.6,13,5,7,1,2,2,5,2,0,2,3,3,0,4,3,-7
0000000255,1610612743,DEN,Denver Nuggets,1631128,Peyton Watson,2024-25,Regular Season,2025-03-19,1610612748,MIA,Miami Heat,True,False,W,34.9,14,5,9,2,2,3,5,1,3,4,2,0,3,2,1,6
0000000255,1610612748,MIA,Miami Heat,202710,Jimmy Butler,2024-25,Regular Season,2025-03-19,1610612743,DEN,Denver Nuggets,False,True,L,19.7,24,9,18,1,2,6,7,2,0,2,4,1,2,1,1,-7
0000000255,1610612748,MIA,Miami Heat,1629639,Tyler Herro,2024-25,Regular Season,2025-03-19,1610612743,DEN,Denver Nuggets,False,True,L,21.2,21,8,11,1,4,4,4,0,0,0,0,2,1,3,5,-16
0000000255,1610612748,MIA,Miami Heat,202355,Bam Adebayo,2024-25,Regular Season,2025-03-19,1610612743,DEN,Denver Nuggets,False,True,L,28.0,6,2,8,0,0,4,7,4,12,16,3,0,0,4,1,-3
0000000255,1610612748,MIA,Miami Heat,1631107,Jaime Jaquez,2024-25,Regular Season,2025-03-19,1610612743,DEN,Denver Nuggets,False,True,L,20.6,8,3,5,1,1,1,1,4,9,13,3,0,3,5,4,-7
0000000255,1610612748,MIA,Miami Heat,203482,Kelly Olynyk,2024-25,Regular Season,2025-03-19,1610612743,DEN,Denver Nuggets,False,True,L,31.0,8,3,5,1,1,2,4,0,9,9,3,2,1,5,3,3
0000000255,1610612748,MIA,Miami Heat,1630217,Caleb Martin,2024-25,Regular Season,2025-03-19,1610612743,DEN,Denver Nuggets,False,True,L,21.6,0,3,9,3,9,0,1,0,0,0,3,3,1,1,0,15
0000000256,1610612738,BOS,Boston Celtics,1628369,Jayson Tatum,2024-25,Regular Season,2025-03-21,1610612747,LAL,Los Angeles Lakers,True,False,L,19.9,18,7,10,6,6,0,1,1,7,8,6,1,0,2,5,-7
0000000256,1610612738,BOS,Boston Celtics,1627759,Jaylen Brown,2024-25,Regular Season,2025-03-21,1610612747,LAL,Los Angeles Lakers,True,False,L,19.4,22,8,16,5,9,1,1,0,8,8,2,2,3,3,0,-3
0000000256,1610612738,BOS,Boston Celtics,201950,Jrue Holiday,2024-25,Regular Season,2025-03-21,1610612747,LAL,Los Angeles Lakers,True,False,L,26.9,3,1,4,0,0,1,8,2,0,2,2,1,2,2,3,3
0000000256,1610612738,BOS,Boston Celtics,1628464,Derrick White,2024-25,Regular Season,2025-03-21,1610612747,LAL,Los Angeles Lakers,True,False,L,20.0,16,6,12,1,5,0,1,0,2,2,4,0,2,2,1,-16
0000000256,1610612738,BOS,Boston Celtics,203935,Kristaps Porziņģis,2024-25,Regular Season,2025-03-21,1610612747,LAL,Los Angeles Lakers,True,False,L,26.2,22,8,15,3,3,2,5,0,8,8,2,3,0,2,3,-8
0000000256,1610612738,BOS,Boston Celtics,1629057,Robert Williams,2024-25,Regular Season,2025-03-21,1610612747,LAL,Los Angeles Lakers,True,False,L,25.6,13,5,8,0,3,5,8,1,8,9,0,3,3,1,2,-18
0000000256,1610612747,LAL,Los Angeles Lakers,2544,LeBron James,2024-25,Regular Season,2025-03-21,1610612738,BOS,Boston Celtics,False,True,W,30.4,16,6,12,1,5,1,7,4,6,10,8,4,3,1,2,16
0000000256,1610612747,LAL,Los Angeles Lakers,1629029,Luka Dončić,2024-25,Regular Season,2025-03-21,1610612738,BOS,Boston Celtics,False,True,W,25.4,29,11,15,7,8,4,7,2,4,6,7,4,0,4,4,15
0000000256,1610612747,LAL,Los Angeles Lakers,203076,Anthony Davis,2024-25,Regular Season,2025-03-21,1610612738,BOS,Boston Celtics,False,True,W,20.7,27,10,17,1,1,1,1,0,14,14,3,0,0,3,4,7
0000000256,1610612747,LAL,Los Angeles Lakers,1630559,Austin Reaves,2024-25,Regular Season,2025-03-21,1610612738,BOS,Boston Celtics,False,True,W,30.6,14,8,9,8,9,1,3,1,0,1,3,3,0,3,0,5
0000000256,1610612747,LAL,Los Angeles Lakers,1626156,Dalton Knecht,2024-25,Regular Season,2025-03-21,1610612738,BOS,Boston Celtics,False,True,W,27.9,7,3,8,3,5,7,7,2,5,7,2,1,1,1,2,-12
0000000256,1610612747,LAL,Los Angeles Lakers,1629020,Rui Hachimura,2024-25,Regular Season,2025-03-21,1610612738,BOS,Boston Celtics,False,True,W,21.8,6,5,9,5,6,5,8,1,0,1,0,4,3,2,2,-1
0000000257,1610612738,BOS,Boston Celtics,1628369,Jayson Tatum,2024-25,Regular Season,2025-03-23,1610612744,GSW,Golden State Warriors,True,False,L,31.7,13,5,10,1,4,4,5,3,0,3,2,0,3,3,0,13
0000000257,1610612738,BOS,Boston Celtics,1627759,Jaylen Brown,2024-25,Regular Season,2025-03-23,1610612744,GSW,Golden State Warriors,True,False,L,25.0,15,8,9,8,8,5,8,1,7,8,3,2,3,2,1,12
0000000257,1610612738,BOS,Boston Celtics,201950,Jrue Holiday,2024-25,Regular Season,2025-03-23,1610612744,GSW,Golden State Warriors,True,False,L,26.2,20,8,15,0,0,1,3,2,2,4,7,3,3,5,1,9
0000000257,1610612738,BOS,Boston Celtics,1628464,Derrick White,2024-25,Regular Season,2025-03-23,1610612744,GSW,Golden State Warriors,True,False,L,22.9,11,4,9,1,3,5,7,4,1,5,6,4,2,1,4,4
0000000257,1610612738,BOS,Boston Celtics,203935,Kristaps Porziņģis,2024-25,Regular Season,2025-03-23,1610612744,GSW,Golden State Warriors,True,False,L,36.5,26,10,19,0,1,1,1,1,9,10,3,1,3,1,4,-5
0000000257,1610612738,BOS,Boston Celtics,1629057,Robert Williams,2024-25,Regular Season,2025-03-23,1610612744,GSW,Golden State Warriors,True,False,L,26.4,1,0,2,0,0,2,8,1,11,12,1,4,1,5,1,2
0000000257,1610612744,GSW,Golden State Warriors,201939,Stephen Curry,2024-25,Regular Season,2025-03-23,1610612738,BOS,Boston Celtics,False,True,W,37.7,33,13,20,0,2,7,7,4,0,4,8,0,0,2,5,-5
0000000257,1610612744,GSW,Golden State Warriors,202691,Klay Thompson,2024-25,Regular Season,2025-03-23,1610612738,BOS,Boston Celtics,False,True,W,30.5,12,5,10,5,8,4,4,3,0,3,0,0,3,1,2,8
0000000257,1610612744,GSW,Golden State Warriors,203110,Draymond Green,2024-25,Regular Season,2025-03-23,1610612738,BOS,Boston Celtics,False,True,W,37.0,7,4,9,4,7,3,5,2,2,4,4,0,1,2,1,-15
0000000257,1610612744,GSW,Golden State Warriors,1630228,Jonathan Kuminga,2024-25,Regular Season,2025-03-23,1610612738,BOS,Boston Celtics,False,True,W,37.4,19,7,13,3,3,1,1,2,1,3,0,1,0,4,2,1
0000000257,1610612744,GSW,Golden State Warriors,1626172,Kevon Looney,2024-25,Regular Season,2025-03-23,1610612738,BOS,Boston Celtics,False,True,W,23.4,7,2,5,1,3,0,0,0,7,7,1,0,1,2,0,6
0000000257,1610612744,GSW,Golden State Warriors,1630541,Brandin Podziemski,2024-25,Regular Season,2025-03-23,1610612738,BOS,Boston Celtics,False,True,W,21.4,13,5,8,2,8,1,1,1,6,7,5,4,1,1,1,3
0000000258,1610612738,BOS,Boston Celtics,1628369,Jayson Tatum,2024-25,Regular Season,2025-03-25,1610612743,DEN,Denver Nuggets,True,False,W,37.2,31,12,21,6,9,0,0,0,12,12,12,3,3,0,1,1
0000000258,1610612738,BOS,Boston Celtics,1627759,Jaylen Brown,2024-25,Regular Season,2025-03-25,1610612743,DEN,Denver Nuggets,True,False,W,29.2,20,8,15,0,2,7,7,1,0,1,4,2,2,3,0,-5
0000000258,1610612738,BOS,Boston Celtics,201950,Jrue Holiday,2024-25,Regular Season,2025-03-25,1610612743,DEN,Denver Nuggets,True,False,W,20.8,5,6,7,6,7,0,4,4,1,5,3,1,0,2,2,-6
0000000258,1610612738,BOS,Boston Celtics,1628464,Derrick White,2024-25,Regular Season,2025-03-25,1610612743,DEN,Denver Nuggets,True,False,W,19.0,20,8,16,0,0,3,7,3,0,3,1,2,3,4,3,12
0000000258,1610612738,BOS,Boston Celtics,203935,Kristaps Porziņģis,2024-25,Regular Season,2025-03-25,1610612743,DEN,Denver Nuggets,True,False,W,20.8,23,9,17,0,0,0,3,0,5,5,3,4,1,1,2,5
0000000258,1610612738,BOS,Boston Celtics,1629057,Robert Williams,2024-25,Regular Season,2025-03-25,1610612743,DEN,Denver Nuggets,True,False,W,27.0,4,2,3,2,3,0,5,2,3,5,1,2,0,1,2,16
0000000258,1610612743,DEN,Denver Nuggets,203999,Nikola Jokić,2024-25,Regular Season,2025-03-25,1610612738,BOS,Boston Celtics,False,True,L,32.3,21,8,16,0,1,2,4,4,7,11,11,0,1,4,1,-10
0000000258,1610612743,DEN,Denver Nuggets,1627750,Jamal Murray,2024-25,Regular Season,2025-03-25,1610612738,BOS,Boston Celtics,False,True,L,19.1,22,8,14,8,10,1,1,4,3,7,4,2,0,4,0,-11
0000000258,1610612743,DEN,Denver Nuggets,1628420,Aaron Gordon,2024-25,Regular Season,2025-03-25,1610612738,BOS,Boston Celtics,False,True,L,30.4,10,6,10,6,10,4,5,3,5,8,4,3,2,2,5,-16
0000000258,1610612743,DEN,Denver Nuggets,1630166,Christian Braun,2024-25,Regular Season,2025-03-25,1610612738,BOS,Boston Celtics,False,True,L,34.2,1,5,10,5,10,0,2,2,3,5,1,1,2,1,3,-2
0000000258,1610612743,DEN,Denver Nuggets,203914,Kentavious Caldwell-Pope,2024-25,Regular Season,2025-03-25,1610612738,BOS,Boston Celtics,False,True,L,24.1,2,1,7,1,6,5,8,1,6,7,3,4,1,3,1,-2
0000000258,1610612743,DEN,Denver Nuggets,1631128,Peyton Watson,2024-25,Regular Season,2025-03-25,1610612738,BOS,Boston Celtics,False,True,L,18.9,11,4,10,2,2,1,3,4,3,7,1,4,1,5,2,16
0000000259,1610612738,BOS,Boston Celtics,1628369,Jayson Tatum,2024-25,Regular Season,2025-03-27,1610612752,NYK,New York Knicks,True,False,W,19.0,33,13,20,1,4,3,3,2,4,6,5,1,0,5,1,-2
0000000259,1610612738,BOS,Boston Celtics,1627759,Jaylen Brown,2024-25,Regular Season,2025-03-27,1610612752,NYK,New York Knicks,True,False,W,34.0,23,9,14,0,2,3,5,3,7,10,4,2,1,5,4,10
0000000259,1610612738,BOS,Boston Celtics,201950,Jrue Holiday,2024-25,Regular Season,2025-03-27,1610612752,NYK,New York Knicks,True,False,W,28.3,14,5,13,0,2,1,4,1,9,10,9,0,1,4,2,-8
0000000259,1610612738,BOS,Boston Celtics,1628464,Derrick White,2024-25,Regular Season,2025-03-27,1610612752,NYK,New York Knicks,True,False,W,36.2,13,5,12,1,1,1,1,0,5,5,1,2,0,3,3,16
0000000259,1610612738,BOS,Boston Celtics,203935,Kristaps Porziņģis,2024-25,Regular Season,2025-03-27,1610612752,NYK,New York Knicks,True,False,W,30.1,2,1,7,1,3,0,0,4,3,7,0,4,0,2,2,-5
0000000259,1610612738,BOS,Boston Celtics,1629057,Robert Williams,2024-25,Regular Season,2025-03-27,1610612752,NYK,New York Knicks,True,False,W,25.5,17,6,13,0,0,1,1,1,8,9,1,2,0,0,1,16
0000000259,1610612752,NYK,New York Knicks,1628973,Jalen Brunson,2024-25,Regular Season,2025-03-27,1610612738,BOS,Boston Celtics,False,True,L,35.2,21,8,15,4,5,0,1,1,0,1,9,0,1,1,2,-4
0000000259,1610612752,NYK,New York Knicks,1626164,Isaiah Hartenstein,2024-25,Regular Season,2025-03-27,1610612738,BOS,Boston Celtics,False,True,L,33.0,21,8,12,0,0,4,6,0,5,5,5,4,0,5,2,-3
0000000259,1610612752,NYK,New York Knicks,1629628,RJ Barrett,2024-25,Regular Season,2025-03-27,1610612738,BOS,Boston Celtics,False,True,L,35.4,23,9,17,8,10,1,5,1,0,1,0,0,1,4,2,18
0000000259,1610612752,NYK,New York Knicks,1630193,Immanuel Quickley,2024-25,Regular Season,2025-03-27,1610612738,BOS,Boston Celtics,False,True,L,30.7,18,7,11,0,0,3,4,3,0,3,3,4,3,0,3,-5
0000000259,1610612752,NYK,New York Knicks,203944,Julius Randle,2024-25,Regular Season,2025-03-27,1610612738,BOS,Boston Celtics,False,True,L,34.0,7,5,5,5,5,1,5,2,3,5,6,1,1,2,2,-4
0000000259,1610612752,NYK,New York Knicks,1631216,Miles McBride,2024-25,Regular Season,2025-03-27,1610612738,BOS,Boston Celtics,False,True,L,19.1,4,1,6,1,5,1,3,0,0,0,0,0,0,0,3,1
0000000260,1610612738,BOS,Boston Celtics,1628369,Jayson Tatum,2024-25,Regular Season,2025-03-29,1610612748,MIA,Miami Heat,True,False,W,31.7,35,14,22,0,4,5,5,4,2,6,4,1,2,2,4,-16
0000000260,1610612738,BOS,Boston Celtics,1627759,Jaylen Brown,2024-25,Regular Season,2025-03-29,1610612748,MIA,Miami Heat,True,False,W,28.3,17,6,12,0,1,7,8,4,3,7,3,4,1,1,2,9
0000000260,1610612738,BOS,Boston Celtics,201950,Jrue Holiday,2024-25,Regular Season,2025-03-29,1610612748,MIA,Miami Heat,True,False,W,20.1,5,4,7,4,7,0,2,2,0,2,1,2,3,1,1,-10
0000000260,1610612738,BOS,Boston Celtics,1628464,Derrick White,2024-25,Regular Season,2025-03-29,1610612748,MIA,Miami Heat,True,False,W,24.1,16,6,9,2,6,3,4,1,0,1,6,0,0,4,2,-10
0000000260,1610612738,BOS,Boston Celtics,203935,Kristaps Porziņģis,2024-25,Regular Season,2025-03-29,1610612748,MIA,Miami Heat,True,False,W,19.6,20,8,16,0,0,4,7,3,1,4,0,3,2,1,1,10
0000000260,1610612738,BOS,Boston Celtics,1629057,Robert Williams,2024-25,Regular Season,2025-03-29,1610612748,MIA,Miami Heat,True,False,W,28.7,5,2,7,2,2,0,0,1,11,12,0,3,0,4,2,17
0000000260,1610612748,MIA,Miami Heat,202710,Jimmy Butler,2024-25,Regular Season,2025-03-29,1610612738,BOS,Boston Celtics,False,True,L,30.9,23,9,12,1,5,1,5,1,7,8,4,4,1,5,3,5
0000000260,1610612748,MIA,Miami Heat,1629639,Tyler Herro,2024-25,Regular Season,2025-03-29,1610612738,BOS,Boston Celtics,False,True,L,18.4,23,9,15,0,1,0,4,0,3,3,6,1,0,3,5,4
0000000260,1610612748,MIA,Miami Heat,202355,Bam Adebayo,2024-25,Regular Season,2025-03-29,1610612738,BOS,Boston Celtics,False,True,L,23.3,20,8,14,2,3,1,3,0,11,11,6,2,2,5,2,9
0000000260,1610612748,MIA,Miami Heat,1631107,Jaime Jaquez,2024-25,Regular Season,2025-03-29,1610612738,BOS,Boston Celtics,False,True,L,28.0,7,10,10,10,10,3,4,2,0,2,0,1,0,1,0,16
0000000260,1610612748,MIA,Miami Heat,203482,Kelly Olynyk,2024-25,Regular Season,2025-03-29,1610612738,BOS,Boston Celtics,False,True,L,26.4,17,6,11,1,1,0,4,0,5,5,1,4,2,1,5,1
0000000260,1610612748,MIA,Miami Heat,1630217,Caleb Martin,2024-25,Regular Season,2025-03-29,1610612738,BOS,Boston Celtics,False,True,L,20.8,6,2,7,1,1,1,1,0,4,4,4,1,1,3,4,3
0000000261,1610612752,NYK,New York Knicks,1628973,Jalen Brunson,2024-25,Regular Season,2025-03-31,1610612747,LAL,Los Angeles Lakers,True,False,W,33.3,33,13,20,1,1,6,6,4,1,5,4,1,0,0,2,-16
0000000261,1610612752,NYK,New York Knicks,1626164,Isaiah Hartenstein,2024-25,Regular Season,2025-03-31,1610612747,LAL,Los Angeles Lakers,True,False,W,20.9,14,5,11,0,3,1,2,1,10,11,7,3,1,0,0,-15
0000000261,1610612752,NYK,New York Knicks,1629628,RJ Barrett,2024-25,Regular Season,2025-03-31,1610612747,LAL,Los Angeles Lakers,True,False,W,27.1,23,9,12,0,0,1,2,1,1,2,0,1,2,5,5,7
0000000261,1610612752,NYK,New York Knicks,1630193,Immanuel Quickley,2024-25,Regular Season,2025-03-31,1610612747,LAL,Los Angeles Lakers,True,False,W,31.0,15,6,8,0,3,0,0,0,0,0,6,2,3,1,3,-6
0000000261,1610612752,NYK,New York Knicks,203944,Julius Randle,2024-25,Regular Season,2025-03-31,1610612747,LAL,Los Angeles Lakers,True,False,W,35.4,27,10,17,0,0,0,3,3,3,6,7,1,2,1,5,4
0000000261,1610612752,NYK,New York Knicks,1631216,Miles McBride,2024-25,Regular Season,2025-03-31,1610612747,LAL,Los Angeles Lakers,True,False,W,34.4,10,4,7,0,5,0,4,0,0,0,0,1,0,5,5,-17
0000000261,1610612747,LAL,Los Angeles Lakers,2544,LeBron James,2024-25,Regular Season,2025-03-31,1610612752,NYK,New York Knicks,False,True,L,35.0,37,14,20,0,6,2,6,1,6,7,7,2,2,2,5,-11
0000000261,1610612747,LAL,Los Angeles Lakers,1629029,Luka Dončić,2024-25,Regular Season,2025-03-31,1610612752,NYK,New York Knicks,False,True,L,35.7,21,8,16,8,9,1,3,0,9,9,9,3,3,0,0,-15
0000000261,1610612747,LAL,Los Angeles Lakers,203076,Anthony Davis,2024-25,Regular Season,2025-03-31,1610612752,NYK,New York Knicks,False,True,L,29.0,28,11,19,1,2,0,1,3,4,7,2,1,0,1,1,-4
0000000261,1610612747,LAL,Los Angeles Lakers,1630559,Austin Reaves,2024-25,Regular Season,2025-03-31,1610612752,NYK,New York Knicks,False,True,L,19.1,20,8,15,7,10,0,0,2,2,4,5,1,2,2,2,-5
0000000261,1610612747,LAL,Los Angeles Lakers,1626156,Dalton Knecht,2024-25,Regular Season,2025-03-31,1610612752,NYK,New York Knicks,False,True,L,28.9,9,3,6,2,3,0,1,2,0,2,2,2,2,4,5,14
0000000261,1610612747,LAL,Los Angeles Lakers,1629020,Rui Hachimura,2024-25,Regular Season,2025-03-31,1610612752,NYK,New York Knicks,False,True,L,19.0,4,6,7,6,7,1,3,3,2,5,0,0,1,0,1,5
0000000262,1610612752,NYK,New York Knicks,1628973,Jalen Brunson,2024-25,Regular Season,2025-04-02,1610612744,GSW,Golden State Warriors,True,False,W,30.2,24,9,14,3,3,1,1,0,0,0,8,0,1,4,3,0
0000000262,1610612752,NYK,New York Knicks,1626164,Isaiah Hartenstein,2024-25,Regular Season,2025-04-02,1610612744,GSW,Golden State Warriors,True,False,W,19.4,14,5,9,0,0,1,5,1,5,6,0,1,2,0,4,9
0000000262,1610612752,NYK,New York Knicks,1629628,RJ Barrett,2024-25,Regular Season,2025-04-02,1610612744,GSW,Golden State Warriors,True,False,W,24.6,21,8,16,5,5,2,4,2,2,4,1,2,2,4,4,-17
0000000262,1610612752,NYK,New York Knicks,1630193,Immanuel Quickley,2024-25,Regular Season,2025-04-02,1610612744,GSW,Golden State Warriors,True,False,W,19.0,11,4,7,0,0,0,0,1,2,3,1,2,3,4,3,9
0000000262,1610612752,NYK,New York Knicks,203944,Julius Randle,2024-25,Regular Season,2025-04-02,1610612744,GSW,Golden State Warriors,True,False,W,34.5,31,12,18,0,3,3,6,3,5,8,4,0,0,5,0,15
0000000262,1610612752,NYK,New York Knicks,1631216,Miles McBride,2024-25,Regular Season,2025-04-02,1610612744,GSW,Golden State Warriors,True,False,W,19.4,0,6,10,6,10,0,5,0,0,0,1,2,0,3,2,-14
0000000262,1610612744,GSW,Golden State Warriors,201939,Stephen Curry,2024-25,Regular Season,2025-04-02,1610612752,NYK,New York Knicks,False,True,L,25.8,24,9,13,3,7,1,1,2,0,2,5,0,1,4,4,8
0000000262,1610612744,GSW,Golden State Warriors,202691,Klay Thompson,2024-25,Regular Season,2025-04-02,1610612752,NYK,New York Knicks,False,True,L,30.2,3,2,7,2,7,3,5,2,3,5,2,1,1,5,3,-11
0000000262,1610612744,GSW,Golden State Warriors,203110,Draymond Green,2024-25,Regular Season,2025-04-02,1610612752,NYK,New York Knicks,False,True,L,27.3,12,4,10,3,5,0,0,3,3,6,4,0,3,2,3,-8
0000000262,1610612744,GSW,Golden State Warriors,1630228,Jonathan Kuminga,2024-25,Regular Season,2025-04-02,1610612752,NYK,New York Knicks,False,True,L,34.6,12,4,10,0,6,5,5,3,1,4,3,4,1,4,4,10
0000000262,1610612744,GSW,Golden State Warriors,1626172,Kevon Looney,2024-25,Regular Season,2025-04-02,1610612752,NYK,New York Knicks,False,True,L,19.5,9,3,6,0,2,2,3,0,4,4,3,4,0,0,4,7
0000000262,1610612744,GSW,Golden State Warriors,1630541,Brandin Podziemski,2024-25,Regular Season,2025-04-02,1610612752,NYK,New York Knicks,False,True,L,33.9,9,3,6,2,4,1,1,2,1,3,1,2,3,0,2,0
0000000263,1610612752,NYK,New York Knicks,1628973,Jalen Brunson,2024-25,Regular Season,2025-04-04,1610612743,DEN,Denver Nuggets,True,False,W,36.5,19,7,12,1,2,2,7,2,2,4,5,2,3,5,0,-4
0000000263,1610612752,NYK,New York Knicks,1626164,Isaiah Hartenstein,2024-25,Regular Season,2025-04-04,1610612743,DEN,Denver Nuggets,True,False,W,32.6,23,9,14,3,3,4,7,1,12,13,5,3,3,1,3,13
0000000263,1610612752,NYK,New York Knicks,1629628,RJ Barrett,2024-25,Regular Season,2025-04-04,1610612743,DEN,Denver Nuggets,True,False,W,27.5,13,5,7,0,2,0,0,4,0,4,6,2,3,0,4,-7
0000000263,1610612752,NYK,New York Knicks,1630193,Immanuel Quickley,2024-25,Regular Season,2025-04-04,1610612743,DEN,Denver Nuggets,True,False,W,24.3,17,6,11,1,2,7,8,0,0,0,3,0,1,0,3,-13
0000000263,1610612752,NYK,New York Knicks,203944,Julius Randle,2024-25,Regular Season,2025-04-04,1610612743,DEN,Denver Nuggets,True,False,W,33.4,10,4,10,2,9,5,6,4,4,8,0,1,3,4,0,-11
0000000263,1610612752,NYK,New York Knicks,1631216,Miles McBride,2024-25,Regular Season,2025-04-04,1610612743,DEN,Denver Nuggets,True,False,W,20.3,10,4,10,1,2,4,8,2,0,2,2,4,2,3,2,-5
0000000263,1610612743,DEN,Denver Nuggets,203999,Nikola Jokić,2024-25,Regular Season,2025-04-04,1610612752,NYK,New York Knicks,False,True,L,29.1,26,10,14,1,1,3,3,1,12,13,9,4,2,3,0,1
0000000263,1610612743,DEN,Denver Nuggets,1627750,Jamal Murray,2024-25,Regular Season,2025-04-04,1610612752,NYK,New York Knicks,False,True,L,21.0,19,7,10,0,0,0,8,2,0,2,4,4,0,3,4,-7
0000000263,1610612743,DEN,Denver Nuggets,1628420,Aaron Gordon,2024-25,Regular Season,2025-04-04,1610612752,NYK,New York Knicks,False,True,L,27.9,2,4,9,4,9,4,6,1,4,5,5,2,2,1,0,-1
0000000263,1610612743,DEN,Denver Nuggets,1630166,Christian Braun,2024-25,Regular Season,2025-04-04,1610612752,NYK,New York Knicks,False,True,L,37.0,14,5,12,0,1,0,2,2,2,4,4,1,0,1,5,-1
0000000263,1610612743,DEN,Denver Nuggets,203914,Kentavious Caldwell-Pope,2024-25,Regular Season,2025-04-04,1610612752,NYK,New York Knicks,False,True,L,20.5,10,4,11,3,3,5,5,0,0,0,3,2,3,4,3,8
0000000263,1610612743,DEN,Denver Nuggets,1631128,Peyton Watson,2024-25,Regular Season,2025-04-04,1610612752,NYK,New York Knicks,False,True,L,27.4,12,4,9,1,2,0,0,1,6,7,1,2,0,3,0,-12
0000000264,1610612752,NYK,New York Knicks,1628973,Jalen Brunson,2024-25,Regular Season,2025-04-06,1610612738,BOS,Boston Celtics,True,False,W,37.4,29,11,18,5,8,1,2,1,5,6,9,3,1,5,3,14
0000000264,1610612752,NYK,New York Knicks,1626164,Isaiah Hartenstein,2024-25,Regular Season,2025-04-06,1610612738,BOS,Boston Celtics,True,False,W,28.2,28,11,19,1,1,2,6,1,8,9,1,3,1,1,4,17
0000000264,1610612752,NYK,New York Knicks,1629628,RJ Barrett,2024-25,Regular Season,2025-04-06,1610612738,BOS,Boston Celtics,True,False,W,24.4,33,13,22,1,7,0,0,2,3,5,3,2,0,4,4,-12
0000000264,1610612752,NYK,New York Knicks,1630193,Immanuel Quickley,2024-25,Regular Season,2025-04-06,1610612738,BOS,Boston Celtics,True,False,W,28.0,15,6,13,0,4,2,5,0,0,0,3,2,0,0,0,10
0000000264,1610612752,NYK,New York Knicks,203944,Julius Randle,2024-25,Regular Season,2025-04-06,1610612738,BOS,Boston Celtics,True,False,W,33.4,23,9,14,3,3,2,4,3,8,11,7,2,0,4,0,16
0000000264,1610612752,NYK,New York Knicks,1631216,Miles McBride,2024-25,Regular Season,2025-04-06,1610612738,BOS,Boston Celtics,True,False,W,23.8,21,8,16,7,10,1,8,0,5,5,6,1,1,1,5,-4
0000000264,1610612738,BOS,Boston Celtics,1628369,Jayson Tatum,2024-25,Regular Season,2025-04-06,1610612752,NYK,New York Knicks,False,True,L,35.2,19,7,14,3,10,0,1,4,2,6,6,4,1,3,3,-7
0000000264,1610612738,BOS,Boston Celtics,1627759,Jaylen Brown,2024-25,Regular Season,2025-04-06,1610612752,NYK,New York Knicks,False,True,L,21.8,17,6,10,1,3,2,3,2,0,2,2,1,2,2,0,-17
0000000264,1610612738,BOS,Boston Celtics,201950,Jrue Holiday,2024-25,Regular Season,2025-04-06,1610612752,NYK,New York Knicks,False,True,L,20.3,8,3,8,0,1,7,7,1,2,3,6,0,3,2,5,10
0000000264,1610612738,BOS,Boston Celtics,1628464,Derrick White,2024-25,Regular Season,2025-04-06,1610612752,NYK,New York Knicks,False,True,L,33.9,11,4,9,3,4,1,1,0,2,2,4,1,1,0,4,-14
0000000264,1610612738,BOS,Boston Celtics,203935,Kristaps Porziņģis,2024-25,Regular Season,2025-04-06,1610612752,NYK,New York Knicks,False,True,L,19.7,27,10,15,1,1,2,4,3,6,9,0,0,0,2,4,14
0000000264,1610612738,BOS,Boston Celtics,1629057,Robert Williams,2024-25,Regular Season,2025-04-06,1610612752,NYK,New York Knicks,False,True,L,23.1,1,0,4,0,2,0,1,3,6,9,0,2,0,4,4,3
0000000265,1610612752,NYK,New York Knicks,1628973,Jalen Brunson,2024-25,Regular Season,2025-04-08,1610612748,MIA,Miami Heat,True,False,W,26.4,33,13,18,3,5,4,5,2,13,15,11,1,2,5,0,-7
0000000265,1610612752,NYK,New York Knicks,1626164,Isaiah Hartenstein,2024-25,Regular Season,2025-04-08,1610612748,MIA,Miami Heat,True,False,W,34.2,21,8,16,0,3,0,2,3,4,7,4,0,0,2,5,-7
0000000265,1610612752,NYK,New York Knicks,1629628,RJ Barrett,2024-25,Regular Season,2025-04-08,1610612748,MIA,Miami Heat,True,False,W,31.2,13,5,7,0,2,0,5,0,3,3,1,2,2,5,0,17
0000000265,1610612752,NYK,New York Knicks,1630193,Immanuel Quickley,2024-25,Regular Season,2025-04-08,1610612748,MIA,Miami Heat,True,False,W,31.5,12,4,12,0,6,0,7,0,3,3,5,4,3,0,2,-2
0000000265,1610612752,NYK,New York Knicks,203944,Julius Randle,2024-25,Regular Season,2025-04-08,1610612748,MIA,Miami Heat,True,False,W,26.4,23,9,14,2,9,3,7,3,10,13,2,3,2,1,2,8
0000000265,1610612752,NYK,New York Knicks,1631216,Miles McBride,2024-25,Regular Season,2025-04-08,1610612748,MIA,Miami Heat,True,False,W,24.8,6,5,7,5,5,1,1,0,0,0,0,2,3,5,0,3
0000000265,1610612748,MIA,Miami Heat,202710,Jimmy Butler,2024-25,Regular Season,2025-04-08,1610612752,NYK,New York Knicks,False,True,L,32.9,26,10,15,3,5,2,3,4,1,5,2,3,1,3,2,-7
0000000265,1610612748,MIA,Miami Heat,1629639,Tyler Herro,2024-25,Regular Season,2025-04-08,1610612752,NYK,New York Knicks,False,True,L,27.4,25,10,17,5,5,3,3,0,6,6,6,1,3,0,5,1
0000000265,1610612748,MIA,Miami Heat,202355,Bam Adebayo,2024-25,Regular Season,2025-04-08,1610612752,NYK,New York Knicks,False,True,L,22.7,12,4,7,1,3,1,1,1,7,8,4,1,3,2,1,6
0000000265,1610612748,MIA,Miami Heat,1631107,Jaime Jaquez,2024-25,Regular Season,2025-04-08,1610612752,NYK,New York Knicks,False,True,L,20.6,15,6,8,0,0,0,1,1,7,8,3,0,0,2,4,-16
0000000265,1610612748,MIA,Miami Heat,203482,Kelly Olynyk,2024-25,Regular Season,2025-04-08,1610612752,NYK,New York Knicks,False,True,L,27.4,15,6,12,2,3,2,6,0,9,9,3,2,0,3,5,4
0000000265,1610612748,MIA,Miami Heat,1630217,Caleb Martin,2024-25,Regular Season,2025-04-08,1610612752,NYK,New York Knicks,False,True,L,29.5,7,2,8,2,2,0,0,2,0,2,5,2,0,5,4,-1
0000000266,1610612748,MIA,Miami Heat,202710,Jimmy Butler,2024-25,Regular Season,2025-04-10,1610612747,LAL,Los Angeles Lakers,True,False,L,36.0,16,6,14,1,3,5,7,0,0,0,4,2,3,0,0,0
0000000266,1610612748,MIA,Miami Heat,1629639,Tyler Herro,2024-25,Regular Season,2025-04-10,1610612747,LAL,Los Angeles Lakers,True,False,L,20.3,15,6,12,0,0,0,0,2,3,5,5,3,1,5,3,13
0000000266,1610612748,MIA,Miami Heat,202355,Bam Adebayo,2024-25,Regular Season,2025-04-10,1610612747,LAL,Los Angeles Lakers,True,False,L,33.3,15,6,9,2,3,2,4,3,7,10,6,0,2,3,0,-14
0000000266,1610612748,MIA,Miami Heat,1631107,Jaime Jaquez,2024-25,Regular Season,2025-04-10,1610612747,LAL,Los Angeles Lakers,True,False,L,24.6,11,4,10,0,0,2,5,4,3,7,1,2,1,4,5,-5
0000000266,1610612748,MIA,Miami Heat,203482,Kelly Olynyk,2024-25,Regular Season,2025-04-10,1610612747,LAL,Los Angeles Lakers,True,False,L,30.7,5,2,6,1,1,3,3,2,4,6,3,0,3,2,3,18
0000000266,1610612748,MIA,Miami Heat,1630217,Caleb Martin,2024-25,Regular Season,2025-04-10,1610612747,LAL,Los Angeles Lakers,True,False,L,34.6,0,1,2,1,2,3,8,3,1,4,1,0,1,5,2,-18
0000000266,1610612747,LAL,Los Angeles Lakers,2544,LeBron James,2024-25,Regular Season,2025-04-10,1610612748,MIA,Miami Heat,False,True,W,24.8,13,5,10,4,10,1,8,4,2,6,8,4,1,1,1,-11
0000000266,1610612747,LAL,Los Angeles Lakers,1629029,Luka Dončić,2024-25,Regular Season,2025-04-10,1610612748,MIA,Miami Heat,False,True,W,36.9,37,14,23,0,0,6,6,4,1,5,9,0,2,5,5,-7
0000000266,1610612747,LAL,Los Angeles Lakers,203076,Anthony Davis,2024-25,Regular Season,2025-04-10,1610612748,MIA,Miami Heat,False,True,W,36.1,18,7,11,0,1,0,6,1,15,16,5,3,3,3,1,-1
0000000266,1610612747,LAL,Los Angeles Lakers,1630559,Austin Reaves,2024-25,Regular Season,2025-04-10,1610612748,MIA,Miami Heat,False,True,W,24.9,3,5,8,5,8,1,2,2,2,4,5,0,0,4,3,-11
0000000266,1610612747,LAL,Los Angeles Lakers,1626156,Dalton Knecht,2024-25,Regular Season,2025-04-10,1610612748,MIA,Miami Heat,False,True,W,19.0,21,8,13,1,2,3,7,2,0,2,1,4,0,4,5,-1
0000000266,1610612747,LAL,Los Angeles Lakers,1629020,Rui Hachimura,2024-25,Regular Season,2025-04-10,1610612748,MIA,Miami Heat,False,True,W,34.3,11,4,7,3,3,0,1,4,2,6,4,3,1,0,4,15
0000000267,1610612748,MIA,Miami Heat,202710,Jimmy Butler,2024-25,Regular Season,2025-04-12,1610612744,GSW,Golden State Warriors,True,False,W,20.1,17,6,14,5,9,1,5,3,0,3,3,2,3,3,0,8
0000000267,1610612748,MIA,Miami Heat,1629639,Tyler Herro,2024-25,Regular Season,2025-04-12,1610612744,GSW,Golden State Warriors,True,False,W,24.5,13,9,12,9,9,3,5,0,2,2,3,1,2,1,3,-17
0000000267,1610612748,MIA,Miami Heat,202355,Bam Adebayo,2024-25,Regular Season,2025-04-12,1610612744,GSW,Golden State Warriors,True,False,W,29.5,30,12,20,0,0,3,8,3,7,10,0,2,3,4,5,9
0000000267,1610612748,MIA,Miami Heat,1631107,Jaime Jaquez,2024-25,Regular Season,2025-04-12,1610612744,GSW,Golden State Warriors,True,False,W,19.4,16,8,10,8,10,5,5,0,0,0,3,4,3,4,4,9
0000000267,1610612748,MIA,Miami Heat,203482,Kelly Olynyk,2024-25,Regular Season,2025-04-12,1610612744,GSW,Golden State Warriors,True,False,W,30.3,2,1,5,1,1,0,8,0,7,7,0,4,3,5,2,13
0000000267,1610612748,MIA,Miami Heat,1630217,Caleb Martin,2024-25,Regular Season,2025-04-12,1610612744,GSW,Golden State Warriors,True,False,W,33.3,17,6,11,6,9,1,4,2,0,2,1,0,3,0,1,1
0000000267,1610612744,GSW,Golden State Warriors,201939,Stephen Curry,2024-25,Regular Season,2025-04-12,1610612748,MIA,Miami Heat,False,True,L,23.5,30,12,16,1,1,4,4,3,4,7,4,3,2,4,5,18
0000000267,1610612744,GSW,Golden State Warriors,202691,Klay Thompson,2024-25,Regular Season,2025-04-12,1610612748,MIA,Miami Heat,False,True,L,36.9,13,5,10,1,7,0,6,3,1,4,6,0,1,0,0,12
0000000267,1610612744,GSW,Golden State Warriors,203110,Draymond Green,2024-25,Regular Season,2025-04-12,1610612748,MIA,Miami Heat,False,True,L,22.6,8,3,9,1,7,2,6,2,4,6,5,3,1,3,1,-13
0000000267,1610612744,GSW,Golden State Warriors,1630228,Jonathan Kuminga,2024-25,Regular Season,2025-04-12,1610612748,MIA,Miami Heat,False,True,L,27.9,18,7,10,0,1,1,1,0,7,7,4,2,2,4,4,-10
0000000267,1610612744,GSW,Golden State Warriors,1626172,Kevon Looney,2024-25,Regular Season,2025-04-12,1610612748,MIA,Miami Heat,False,True,L,18.4,0,0,3,0,3,2,3,4,5,9,3,2,2,3,5,5
0000000267,1610612744,GSW,Golden State Warriors,1630541,Brandin Podziemski,2024-25,Regular Season,2025-04-12,1610612748,MIA,Miami Heat,False,True,L,20.0,12,4,7,3,4,0,2,0,9,9,4,2,1,5,1,-13
0000000268,1610612748,MIA,Miami Heat,202710,Jimmy Butler,2024-25,Regular Season,2025-04-14,1610612743,DEN,Denver Nuggets,True,False,W,34.7,25,10,14,0,0,2,2,0,2,2,3,1,3,2,2,-17
0000000268,1610612748,MIA,Miami Heat,1629639,Tyler Herro,2024-25,Regular Season,2025-04-14,1610612743,DEN,Denver Nuggets,True,False,W,33.1,18,7,12,0,2,2,3,4,2,6,3,2,1,2,5,1
0000000268,1610612748,MIA,Miami Heat,202355,Bam Adebayo,2024-25,Regular Season,2025-04-14,1610612743,DEN,Denver Nuggets,True,False,W,20.2,18,7,14,0,1,0,2,1,10,11,3,2,1,0,0,-8
0000000268,1610612748,MIA,Miami Heat,1631107,Jaime Jaquez,2024-25,Regular Season,2025-04-14,1610612743,DEN,Denver Nuggets,True,False,W,36.0,6,2,6,2,2,3,3,1,1,2,3,4,1,3,5,3
0000000268,1610612748,MIA,Miami Heat,203482,Kelly Olynyk,2024-25,Regular Season,2025-04-14,1610612743,DEN,Denver Nuggets,True,False,W,21.7,15,6,13,1,2,2,2,1,5,6,3,3,2,5,3,-10
0000000268,1610612748,MIA,Miami Heat,1630217,Caleb Martin,2024-25,Regular Season,2025-04-14,1610612743,DEN,Denver Nuggets,True,False,W,31.5,6,2,4,0,0,2,2,2,5,7,3,1,3,3,3,-17
0000000268,1610612743,DEN,Denver Nuggets,203999,Nikola Jokić,2024-25,Regular Season,2025-04-14,1610612748,MIA,Miami Heat,False,True,L,37.6,36,14,22,2,3,2,8,2,12,14,10,1,1,2,3,-8
0000000268,1610612743,DEN,Denver Nuggets,1627750,Jamal Murray,2024-25,Regular Season,2025-04-14,1610612748,MIA,Miami Heat,False,True,L,33.8,13,5,12,0,1,0,1,0,8,8,6,2,2,5,5,-18
0000000268,1610612743,DEN,Denver Nuggets,1628420,Aaron Gordon,2024-25,Regular Season,2025-04-14,1610612748,MIA,Miami Heat,False,True,L,33.4,20,8,16,3,7,3,5,0,7,7,1,1,1,4,2,11
0000000268,1610612743,DEN,Denver Nuggets,1630166,Christian Braun,2024-25,Regular Season,2025-04-14,1610612748,MIA,Miami Heat,False,True,L,26.4,2,0,5,0,2,5,5,3,1,4,3,2,1,3,0,-5
0000000268,1610612743,DEN,Denver Nuggets,203914,Kentavious Caldwell-Pope,2024-25,Regular Season,2025-04-14,1610612748,MIA,Miami Heat,False,True,L,20.0,13,5,10,1,4,1,3,1,1,2,5,4,1,0,5,-10
0000000268,1610612743,DEN,Denver Nuggets,1631128,Peyton Watson,2024-25,Regular Season,2025-04-14,1610612748,MIA,Miami Heat,False,True,L,33.3,3,1,2,0,0,4,4,2,3,5,0,2,3,4,1,3
0000000269,1610612748,MIA,Miami Heat,202710,Jimmy Butler,2024-25,Regular Season,2025-04-16,1610612738,BOS,Boston Celtics,True,False,L,28.8,27,10,17,1,3,7,8,0,0,0,7,3,2,0,3,-11
0000000269,1610612748,MIA,Miami Heat,1629639,Tyler Herro,2024-25,Regular Season,2025-04-16,1610612738,BOS,Boston Celtics,True,False,L,32.4,14,5,12,0,0,4,5,0,3,3,0,2,3,0,4,-2
0000000269,1610612748,MIA,Miami Heat,202355,Bam Adebayo,2024-25,Regular Season,2025-04-16,1610612738,BOS,Boston Celtics,True,False,L,31.2,8,3,10,2,3,0,4,3,9,12,6,2,3,3,5,-6
0000000269,1610612748,MIA,Miami Heat,1631107,Jaime Jaquez,2024-25,Regular Season,2025-04-16,1610612738,BOS,Boston Celtics,True,False,L,25.4,2,7,7,7,7,2,3,4,0,4,2,1,0,1,3,5
0000000269,1610612748,MIA,Miami Heat,203482,Kelly Olynyk,2024-25,Regular Season,2025-04-16,1610612738,BOS,Boston Celtics,True,False,L,37.8,1,0,5,0,2,0,2,1,8,9,0,0,1,4,2,-2
0000000269,1610612748,MIA,Miami Heat,1630217,Caleb Martin,2024-25,Regular Season,2025-04-16,1610612738,BOS,Boston Celtics,True,False,L,37.7,5,2,3,0,0,2,8,2,1,3,1,2,3,2,0,1
0000000269,1610612738,BOS,Boston Celtics,1628369,Jayson Tatum,2024-25,Regular Season,2025-04-16,1610612748,MIA,Miami Heat,False,True,W,27.2,30,12,19,6,7,3,8,1,10,11,0,3,0,4,0,-15
0000000269,1610612738,BOS,Boston Celtics,1627759,Jaylen Brown,2024-25,Regular Season,2025-04-16,1610612748,MIA,Miami Heat,False,True,W,24.1,21,8,12,1,5,3,3,0,2,2,3,4,1,5,3,-14
0000000269,1610612738,BOS,Boston Celtics,201950,Jrue Holiday,2024-25,Regular Season,2025-04-16,1610612748,MIA,Miami Heat,False,True,W,23.5,19,7,14,1,1,5,8,1,2,3,0,2,0,1,5,14
0000000269,1610612738,BOS,Boston Celtics,1628464,Derrick White,2024-25,Regular Season,2025-04-16,1610612748,MIA,Miami Heat,False,True,W,26.6,5,2,7,0,7,2,4,0,0,0,5,0,2,0,2,-2
0000000269,1610612738,BOS,Boston Celtics,203935,Kristaps Porziņģis,2024-25,Regular Season,2025-04-16,1610612748,MIA,Miami Heat,False,True,W,33.4,22,8,17,0,0,1,8,4,5,9,1,3,1,5,4,-7
0000000269,1610612738,BOS,Boston Celtics,1629057,Robert Williams,2024-25,Regular Season,2025-04-16,1610612748,MIA,Miami Heat,False,True,W,32.8,7,2,4,0,3,2,3,1,7,8,1,0,1,2,0,0
0000000270,1610612748,MIA,Miami Heat,202710,Jimmy Butler,2024-25,Regular Season,2025-04-18,1610612752,NYK,New York Knicks,True,False,L,20.2,22,8,14,1,2,1,8,0,11,11,4,3,2,3,3,14
0000000270,1610612748,MIA,Miami Heat,1629639,Tyler Herro,2024-25,Regular Season,2025-04-18,1610612752,NYK,New York Knicks,True,False,L,35.4,20,8,15,2,4,4,4,0,8,8,5,2,0,4,4,-3
0000000270,1610612748,MIA,Miami Heat,202355,Bam Adebayo,2024-25,Regular Season,2025-04-18,1610612752,NYK,New York Knicks,True,False,L,23.0,18,7,12,0,0,1,1,3,8,11,3,2,1,0,0,-5
0000000270,1610612748,MIA,Miami Heat,1631107,Jaime Jaquez,2024-25,Regular Season,2025-04-18,1610612752,NYK,New York Knicks,True,False,L,21.9,12,4,12,3,7,6,7,0,0,0,4,1,3,5,5,4
0000000270,1610612748,MIA,Miami Heat,203482,Kelly Olynyk,2024-25,Regular Season,2025-04-18,1610612752,NYK,New York Knicks,True,False,L,32.8,0,1,4,1,1,0,1,3,1,4,3,2,2,2,3,-12
0000000270,1610612748,MIA,Miami Heat,1630217,Caleb Martin,2024-25,Regular Season,2025-04-18,1610612752,NYK,New York Knicks,True,False,L,28.0,8,3,7,0,6,2,6,3,5,8,1,1,1,1,3,10
0000000270,1610612752,NYK,New York Knicks,1628973,Jalen Brunson,2024-25,Regular Season,2025-04-18,1610612748,MIA,Miami Heat,False,True,W,37.7,19,7,12,1,3,2,2,3,7,10,9,4,3,0,2,9
0000000270,1610612752,NYK,New York Knicks,1626164,Isaiah Hartenstein,2024-25,Regular Season,2025-04-18,1610612748,MIA,Miami Heat,False,True,W,28.0,24,9,14,0,3,3,4,3,5,8,3,3,3,0,4,-9
0000000270,1610612752,NYK,New York Knicks,1629628,RJ Barrett,2024-25,Regular Season,2025-04-18,1610612748,MIA,Miami Heat,False,True,W,37.2,16,6,14,1,1,1,7,2,3,5,1,2,2,0,5,-1
0000000270,1610612752,NYK,New York Knicks,1630193,Immanuel Quickley,2024-25,Regular Season,2025-04-18,1610612748,MIA,Miami Heat,False,True,W,25.2,13,5,12,1,8,2,4,0,0,0,5,4,3,0,3,-12
0000000270,1610612752,NYK,New York Knicks,203944,Julius Randle,2024-25,Regular Season,2025-04-18,1610612748,MIA,Miami Heat,False,True,W,33.5,27,10,17,1,1,0,7,4,2,6,4,0,1,3,0,-5
0000000270,1610612752,NYK,New York Knicks,1631216,Miles McBride,2024-25,Regular Season,2025-04-18,1610612748,MIA,Miami Heat,False,True,W,18.9,1,2,9,2,9,8,8,0,1,1,1,0,3,5,2,-7
0000000271,1610612747,LAL,Los Angeles Lakers,2544,LeBron James,2024-25,Regular Season,2025-04-20,1610612744,GSW,Golden State Warriors,True,False,L,19.9,17,6,10,2,3,0,6,3,6,9,6,0,0,1,3,-15
0000000271,1610612747,LAL,Los Angeles Lakers,1629029,Luka Dončić,2024-25,Regular Season,2025-04-20,1610612744,GSW,Golden State Warriors,True,False,L,34.4,33,13,22,1,1,3,3,4,6,10,7,2,2,4,4,-4
0000000271,1610612747,LAL,Los Angeles Lakers,203076,Anthony Davis,2024-25,Regular Season,2025-04-20,1610612744,GSW,Golden State Warriors,True,False,L,18.9,11,4,7,2,3,2,3,3,10,13,1,2,1,1,3,7
0000000271,1610612747,LAL,Los Angeles Lakers,1630559,Austin Reaves,2024-25,Regular Season,2025-04-20,1610612744,GSW,Golden State Warriors,True,False,L,18.8,2,5,8,5,8,2,8,1,0,1,3,3,3,0,3,16
0000000271,1610612747,LAL,Los Angeles Lakers,1626156,Dalton Knecht,2024-25,Regular Season,2025-04-20,1610612744,GSW,Golden State Warriors,True,False,L,18.1,13,5,11,2,6,0,5,1,3,4,0,4,1,2,4,1
0000000271,1610612747,LAL,Los Angeles Lakers,1629020,Rui Hachimura,2024-25,Regular Season,2025-04-20,1610612744,GSW,Golden State Warriors,True,False,L,29.1,9,3,6,1,3,5,7,2,0,2,2,1,3,4,2,-16
0000000271,1610612744,GSW,Golden State Warriors,201939,Stephen Curry,2024-25,Regular Season,2025-04-20,1610612747,LAL,Los Angeles Lakers,False,True,W,23.0,24,9,17,1,5,0,0,0,5,5,2,1,3,5,4,-3
0000000271,1610612744,GSW,Golden State Warriors,202691,Klay Thompson,2024-25,Regular Season,2025-04-20,1610612747,LAL,Los Angeles Lakers,False,True,W,33.7,18,7,13,0,5,3,5,0,12,12,1,4,2,4,4,-2
0000000271,1610612744,GSW,Golden State Warriors,203110,Draymond Green,2024-25,Regular Season,2025-04-20,1610612747,LAL,Los Angeles Lakers,False,True,W,22.5,15,6,13,2,3,5,5,0,2,2,7,0,1,5,2,13
0000000271,1610612744,GSW,Golden State Warriors,1630228,Jonathan Kuminga,2024-25,Regular Season,2025-04-20,1610612747,LAL,Los Angeles Lakers,False,True,W,22.7,24,9,15,7,8,2,7,4,1,5,0,4,2,4,4,-6
0000000271,1610612744,GSW,Golden State Warriors,1626172,Kevon Looney,2024-25,Regular Season,2025-04-20,1610612747,LAL,Los Angeles Lakers,False,True,W,23.9,5,2,5,1,1,3,3,1,6,7,4,4,2,0,3,-10
0000000271,1610612744,GSW,Golden State Warriors,1630541,Brandin Podziemski,2024-25,Regular Season,2025-04-20,1610612747,LAL,Los Angeles Lakers,False,True,W,18.6,3,1,10,0,10,3,4,1,7,8,2,3,0,2,1,-7
0000000272,1610612747,LAL,Los Angeles Lakers,2544,LeBron James,2024-25,Regular Season,2025-04-22,1610612743,DEN,Denver Nuggets,True,False,W,29.5,37,14,24,1,5,5,8,4,5,9,10,2,0,1,2,12
0000000272,1610612747,LAL,Los Angeles Lakers,1629029,Luka Dončić,2024-25,Regular Season,2025-04-22,1610612743,DEN,Denver Nuggets,True,False,W,25.3,35,14,18,3,5,0,6,2,11,13,10,1,0,1,4,-15
0000000272,1610612747,LAL,Los Angeles Lakers,203076,Anthony Davis,2024-25,Regular Season,2025-04-22,1610612743,DEN,Denver Nuggets,True,False,W,34.5,30,12,17,1,1,5,6,2,7,9,5,3,3,4,4,1
0000000272,1610612747,LAL,Los Angeles Lakers,1630559,Austin Reaves,2024-25,Regular Season,2025-04-22,1610612743,DEN,Denver Nuggets,True,False,W,25.5,10,4,8,3,7,2,6,1,0,1,4,1,0,3,2,-16
0000000272,1610612747,LAL,Los Angeles Lakers,1626156,Dalton Knecht,2024-25,Regular Season,2025-04-22,1610612743,DEN,Denver Nuggets,True,False,W,23.7,0,1,2,1,2,7,7,0,1,1,3,2,2,0,1,-10
0000000272,1610612747,LAL,Los Angeles Lakers,1629020,Rui Hachimura,2024-25,Regular Season,2025-04-22,1610612743,DEN,Denver Nuggets,True,False,W,33.0,19,8,12,8,8,3,8,3,2,5,0,4,3,0,0,11
0000000272,1610612743,DEN,Denver Nuggets,203999,Nikola Jokić,2024-25,Regular Season,2025-04-22,1610612747,LAL,Los Angeles Lakers,False,True,L,24.4,27,10,14,2,3,1,6,4,6,10,8,2,1,0,5,6
0000000272,1610612743,DEN,Denver Nuggets,1627750,Jamal Murray,2024-25,Regular Season,2025-04-22,1610612747,LAL,Los Angeles Lakers,False,True,L,33.0,20,8,15,7,9,0,0,3,1,4,6,2,0,4,0,-4
0000000272,1610612743,DEN,Denver Nuggets,1628420,Aaron Gordon,2024-25,Regular Season,2025-04-22,1610612747,LAL,Los Angeles Lakers,False,True,L,22.4,9,4,7,4,4,0,1,1,1,2,4,0,3,1,4,-8
0000000272,1610612743,DEN,Denver Nuggets,1630166,Christian Braun,2024-25,Regular Season,2025-04-22,1610612747,LAL,Los Angeles Lakers,False,True,L,26.5,16,6,12,0,0,0,6,0,1,1,5,1,1,4,0,2
0000000272,1610612743,DEN,Denver Nuggets,203914,Kentavious Caldwell-Pope,2024-25,Regular Season,2025-04-22,1610612747,LAL,Los Angeles Lakers,False,True,L,23.6,15,6,11,0,0,4,4,3,0,3,2,4,2,5,2,-2
0000000272,1610612743,DEN,Denver Nuggets,1631128,Peyton Watson,2024-25,Regular Season,2025-04-22,1610612747,LAL,Los Angeles Lakers,False,True,L,35.8,5,2,5,0,0,0,0,0,2,2,3,4,2,1,2,15
0000000273,1610612747,LAL,Los Angeles Lakers,2544,LeBron James,2024-25,Regular Season,2025-04-24,1610612738,BOS,Boston Celtics,True,False,L,29.1,18,7,15,2,8,1,3,2,9,11,10,1,0,1,5,-9
0000000273,1610612747,LAL,Los Angeles Lakers,1629029,Luka Dončić,2024-25,Regular Season,2025-04-24,1610612738,BOS,Boston Celtics,True,False,L,18.7,36,14,24,1,1,1,2,2,0,2,10,4,1,4,0,6
0000000273,1610612747,LAL,Los Angeles Lakers,203076,Anthony Davis,2024-25,Regular Season,2025-04-24,1610612738,BOS,Boston Celtics,True,False,L,27.3,19,7,12,1,2,5,8,0,9,9,3,2,2,3,3,15
0000000273,1610612747,LAL,Los Angeles Lakers,1630559,Austin Reaves,2024-25,Regular Season,2025-04-24,1610612738,BOS,Boston Celtics,True,False,L,35.5,16,6,13,1,1,0,0,3,3,6,0,4,2,2,4,17
0000000273,1610612747,LAL,Los Angeles Lakers,1626156,Dalton Knecht,2024-25,Regular Season,2025-04-24,1610612738,BOS,Boston Celtics,True,False,L,34.0,8,3,8,2,5,4,4,3,1,4,2,2,2,0,4,18
0000000273,1610612747,LAL,Los Angeles Lakers,1629020,Rui Hachimura,2024-25,Regular Season,2025-04-24,1610612738,BOS,Boston Celtics,True,False,L,24.2,11,4,8,3,8,1,7,3,3,6,0,0,3,0,2,-4
0000000273,1610612738,BOS,Boston Celtics,1628369,Jayson Tatum,2024-25,Regular Season,2025-04-24,1610612747,LAL,Los Angeles Lakers,False,True,W,30.2,32,12,22,5,5,1,1,3,0,3,9,1,3,5,3,-1
0000000273,1610612738,BOS,Boston Celtics,1627759,Jaylen Brown,2024-25,Regular Season,2025-04-24,1610612747,LAL,Los Angeles Lakers,False,True,W,21.2,29,11,16,6,8,1,3,4,1,5,2,1,2,4,1,-4
0000000273,1610612738,BOS,Boston Celtics,201950,Jrue Holiday,2024-25,Regular Season,2025-04-24,1610612747,LAL,Los Angeles Lakers,False,True,W,26.2,11,4,8,1,1,2,8,2,0,2,7,0,3,1,0,-16
0000000273,1610612738,BOS,Boston Celtics,1628464,Derrick White,2024-25,Regular Season,2025-04-24,1610612747,LAL,Los Angeles Lakers,False,True,W,19.2,26,10,14,0,0,3,7,1,1,2,3,0,1,2,5,4
0000000273,1610612738,BOS,Boston Celtics,203935,Kristaps Porziņģis,2024-25,Regular Season,2025-04-24,1610612747,LAL,Los Angeles Lakers,False,True,W,36.0,14,5,9,1,1,2,2,2,15,17,2,2,1,3,1,-5
0000000273,1610612738,BOS,Boston Celtics,1629057,Robert Williams,2024-25,Regular Season,2025-04-24,1610612747,LAL,Los Angeles Lakers,False,True,W,32.5,0,1,1,1,1,0,0,4,4,8,0,2,2,3,3,-8
0000000274,1610612747,LAL,Los Angeles Lakers,2544,LeBron James,2024-25,Regular Season,2025-04-26,1610612752,NYK,New York Knicks,True,False,W,24.9,27,10,18,2,2,0,0,0,10,10,9,2,1,1,3,6
0000000274,1610612747,LAL,Los Angeles Lakers,1629029,Luka Dončić,2024-25,Regular Season,2025-04-26,1610612752,NYK,New York Knicks,True,False,W,34.4,20,8,13,0,2,1,3,1,4,5,10,1,2,4,5,15
0000000274,1610612747,LAL,Los Angeles Lakers,203076,Anthony Davis,2024-25,Regular Season,2025-04-26,1610612752,NYK,New York Knicks,True,False,W,35.3,23,9,16,2,3,2,3,4,5,9,0,3,2,1,2,-9
0000000274,1610612747,LAL,Los Angeles Lakers,1630559,Austin Reaves,2024-25,Regular Season,2025-04-26,1610612752,NYK,New York Knicks,True,False,W,20.0,7,6,10,6,10,1,6,1,3,4,4,3,2,2,2,18
0000000274,1610612747,LAL,Los Angeles Lakers,1626156,Dalton Knecht,2024-25,Regular Season,2025-04-26,1610612752,NYK,New York Knicks,True,False,W,24.1,21,8,11,0,2,5,7,1,0,1,2,3,3,3,1,1
0000000274,1610612747,LAL,Los Angeles Lakers,1629020,Rui Hachimura,2024-25,Regular Season,2025-04-26,1610612752,NYK,New York Knicks,True,False,W,20.3,22,8,12,0,0,3,3,0,0,0,3,0,0,5,0,16
0000000274,1610612752,NYK,New York Knicks,1628973,Jalen Brunson,2024-25,Regular Season,2025-04-26,1610612747,LAL,Los Angeles Lakers,False,True,L,19.9,33,13,20,8,8,5,5,0,6,6,7,3,1,5,0,-15
0000000274,1610612752,NYK,New York Knicks,1626164,Isaiah Hartenstein,2024-25,Regular Season,2025-04-26,1610612747,LAL,Los Angeles Lakers,False,True,L,19.7,19,7,15,0,1,0,1,3,6,9,1,3,3,3,0,-18
0000000274,1610612752,NYK,New York Knicks,1629628,RJ Barrett,2024-25,Regular Season,2025-04-26,1610612747,LAL,Los Angeles Lakers,False,True,L,32.3,7,9,9,9,9,1,2,1,4,5,1,1,1,3,3,1
0000000274,1610612752,NYK,New York Knicks,1630193,Immanuel Quickley,2024-25,Regular Season,2025-04-26,1610612747,LAL,Los Angeles Lakers,False,True,L,18.6,26,10,19,1,4,1,6,3,0,3,4,0,1,2,0,13
0000000274,1610612752,NYK,New York Knicks,203944,Julius Randle,2024-25,Regular Season,2025-04-26,1610612747,LAL,Los Angeles Lakers,False,True,L,29.0,17,6,14,3,5,0,2,1,6,7,3,2,1,4,5,-12
0000000274,1610612752,NYK,New York Knicks,1631216,Miles McBride,2024-25,Regular Season,2025-04-26,1610612747,LAL,Los Angeles Lakers,False,True,L,22.5,6,2,8,0,0,0,2,0,3,3,1,3,3,2,4,-11
0000000275,1610612747,LAL,Los Angeles Lakers,2544,LeBron James,2024-25,Regular Season,2025-04-28,1610612748,MIA,Miami Heat,True,False,L,19.4,15,6,10,3,8,3,8,3,4,7,9,0,3,4,4,17
0000000275,1610612747,LAL,Los Angeles Lakers,1629029,Luka Dončić,2024-25,Regular Season,2025-04-28,1610612748,MIA,Miami Heat,True,False,L,19.6,24,9,17,0,4,1,2,0,4,4,5,4,3,2,0,17
0000000275,1610612747,LAL,Los Angeles Lakers,203076,Anthony Davis,2024-25,Regular Season,2025-04-28,1610612748,MIA,Miami Heat,True,False,L,22.2,23,9,12,1,3,3,6,4,8,12,7,1,3,5,5,-14
0000000275,1610612747,LAL,Los Angeles Lakers,1630559,Austin Reaves,2024-25,Regular Season,2025-04-28,1610612748,MIA,Miami Heat,True,False,L,21.1,11,4,7,3,3,0,0,1,3,4,1,4,0,2,4,6
0000000275,1610612747,LAL,Los Angeles Lakers,1626156,Dalton Knecht,2024-25,Regular Season,2025-04-28,1610612748,MIA,Miami Heat,True,False,L,27.0,4,1,8,0,0,1,2,0,5,5,2,3,0,5,4,-1
0000000275,1610612747,LAL,Los Angeles Lakers,1629020,Rui Hachimura,2024-25,Regular Season,2025-04-28,1610612748,MIA,Miami Heat,True,False,L,34.9,17,6,14,0,7,3,6,4,1,5,0,1,3,5,2,18
0000000275,1610612748,MIA,Miami Heat,202710,Jimmy Butler,2024-25,Regular Season,2025-04-28,1610612747,LAL,Los Angeles Lakers,False,True,W,30.9,26,10,19,0,6,0,8,1,4,5,6,1,1,3,2,5
0000000275,1610612748,MIA,Miami Heat,1629639,Tyler Herro,2024-25,Regular Season,2025-04-28,1610612747,LAL,Los Angeles Lakers,False,True,W,35.9,23,9,13,2,8,4,7,1,7,8,6,4,0,2,4,-17
0000000275,1610612748,MIA,Miami Heat,202355,Bam Adebayo,2024-25,Regular Season,2025-04-28,1610612747,LAL,Los Angeles Lakers,False,True,W,25.3,17,6,12,0,0,0,0,3,2,5,5,1,2,0,5,-11
0000000275,1610612748,MIA,Miami Heat,1631107,Jaime Jaquez,2024-25,Regular Season,2025-04-28,1610612747,LAL,Los Angeles Lakers,False,True,W,34.4,15,6,8,0,1,1,4,1,0,1,0,1,3,2,1,13
0000000275,1610612748,MIA,Miami Heat,203482,Kelly Olynyk,2024-25,Regular Season,2025-04-28,1610612747,LAL,Los Angeles Lakers,False,True,W,35.9,6,2,4,0,0,0,0,0,4,4,2,1,2,2,3,18
0000000275,1610612748,MIA,Miami Heat,1630217,Caleb Martin,2024-25,Regular Season,2025-04-28,1610612747,LAL,Los Angeles Lakers,False,True,W,35.9,11,4,9,4,9,1,7,2,0,2,2,2,0,4,4,5
0000000276,1610612744,GSW,Golden State Warriors,201939,Stephen Curry,2024-25,Regular Season,2025-04-30,1610612747,LAL,Los Angeles Lakers,True,False,L,32.1,35,14,18,2,7,0,3,4,1,5,5,2,3,4,4,-17
0000000276,1610612744,GSW,Golden State Warriors,202691,Klay Thompson,2024-25,Regular Season,2025-04-30,1610612747,LAL,Los Angeles Lakers,True,False,L,23.7,15,8,9,8,8,0,3,1,0,1,0,3,0,5,5,-16
0000000276,1610612744,GSW,Golden State Warriors,203110,Draymond Green,2024-25,Regular Season,2025-04-30,1610612747,LAL,Los Angeles Lakers,True,False,L,23.8,8,9,10,9,10,6,7,3,2,5,3,2,2,1,2,3
0000000276,1610612744,GSW,Golden State Warriors,1630228,Jonathan Kuminga,2024-25,Regular Season,2025-04-30,1610612747,LAL,Los Angeles Lakers,True,False,L,31.8,6,2,10,1,10,4,5,2,5,7,1,1,1,3,3,13
0000000276,1610612744,GSW,Golden State Warriors,1626172,Kevon Looney,2024-25,Regular Season,2025-04-30,1610612747,LAL,Los Angeles Lakers,True,False,L,32.7,5,2,3,1,1,4,7,1,4,5,5,4,0,5,5,7
0000000276,1610612744,GSW,Golden State Warriors,1630541,Brandin Podziemski,2024-25,Regular Season,2025-04-30,1610612747,LAL,Los Angeles Lakers,True,False,L,30.2,3,2,6,2,6,2,8,4,0,4,3,0,3,1,0,8
0000000276,1610612747,LAL,Los Angeles Lakers,2544,LeBron James,2024-25,Regular Season,2025-04-30,1610612744,GSW,Golden State Warriors,False,True,W,37.9,14,5,13,0,2,2,8,3,4,7,5,0,0,2,1,4
0000000276,1610612747,LAL,Los Angeles Lakers,1629029,Luka Dončić,2024-25,Regular Season,2025-04-30,1610612744,GSW,Golden State Warriors,False,True,W,33.3,42,16,25,0,5,1,5,0,2,2,6,4,2,0,1,10
0000000276,1610612747,LAL,Los Angeles Lakers,203076,Anthony Davis,2024-25,Regular Season,2025-04-30,1610612744,GSW,Golden State Warriors,False,True,W,19.0,34,13,23,1,3,5,6,2,11,13,6,3,1,1,4,13
0000000276,1610612747,LAL,Los Angeles Lakers,1630559,Austin Reaves,2024-25,Regular Season,2025-04-30,1610612744,GSW,Golden State Warriors,False,True,W,36.2,14,5,9,1,1,0,2,0,4,4,4,3,3,2,5,-16
0000000276,1610612747,LAL,Los Angeles Lakers,1626156,Dalton Knecht,2024-25,Regular Season,2025-04-30,1610612744,GSW,Golden State Warriors,False,True,W,34.9,9,3,8,0,8,0,0,0,0,0,0,2,0,2,5,-2
0000000276,1610612747,LAL,Los Angeles Lakers,1629020,Rui Hachimura,2024-25,Regular Season,2025-04-30,1610612744,GSW,Golden State Warriors,False,True,W,31.6,9,4,9,4,5,3,3,0,5,5,0,3,1,2,3,-5
0000000277,1610612744,GSW,Golden State Warriors,201939,Stephen Curry,2024-25,Regular Season,2025-05-02,1610612743,DEN,Denver Nuggets,True,False,L,24.1,20,8,16,6,8,6,8,4,7,11,4,0,0,0,4,-14
0000000277,1610612744,GSW,Golden State Warriors,202691,Klay Thompson,2024-25,Regular Season,2025-05-02,1610612743,DEN,Denver Nuggets,True,False,L,32.5,11,4,11,3,3,2,2,1,0,1,2,1,2,5,4,8
0000000277,1610612744,GSW,Golden State Warriors,203110,Draymond Green,2024-25,Regular Season,2025-05-02,1610612743,DEN,Denver Nuggets,True,False,L,27.8,8,3,5,0,1,3,3,0,8,8,6,1,1,4,5,-7
0000000277,1610612744,GSW,Golden State Warriors,1630228,Jonathan Kuminga,2024-25,Regular Season,2025-05-02,1610612743,DEN,Denver Nuggets,True,False,L,21.1,17,6,14,2,10,0,1,1,4,5,0,3,1,5,1,-17
0000000277,1610612744,GSW,Golden State Warriors,1626172,Kevon Looney,2024-25,Regular Season,2025-05-02,1610612743,DEN,Denver Nuggets,True,False,L,28.5,13,5,7,0,0,1,2,4,6,10,0,1,2,0,1,11
0000000277,1610612744,GSW,Golden State Warriors,1630541,Brandin Podziemski,2024-25,Regular Season,2025-05-02,1610612743,DEN,Denver Nuggets,True,False,L,36.1,12,8,9,8,8,5,7,2,1,3,1,4,3,0,4,5
0000000277,1610612743,DEN,Denver Nuggets,203999,Nikola Jokić,2024-25,Regular Season,2025-05-02,1610612744,GSW,Golden State Warriors,False,True,W,26.7,28,11,15,0,0,1,3,2,11,13,6,2,1,1,2,17
0000000277,1610612743,DEN,Denver Nuggets,1627750,Jamal Murray,2024-25,Regular Season,2025-05-02,1610612744,GSW,Golden State Warriors,False,True,W,30.4,25,10,14,2,2,0,1,0,0,0,2,3,3,3,2,-16
0000000277,1610612743,DEN,Denver Nuggets,1628420,Aaron Gordon,2024-25,Regular Season,2025-05-02,1610612744,GSW,Golden State Warriors,False,True,W,35.2,9,3,7,2,2,2,2,1,6,7,4,2,2,3,0,1
0000000277,1610612743,DEN,Denver Nuggets,1630166,Christian Braun,2024-25,Regular Season,2025-05-02,1610612744,GSW,Golden State Warriors,False,True,W,24.9,12,4,9,0,9,0,7,0,0,0,1,2,0,3,0,-18
0000000277,1610612743,DEN,Denver Nuggets,203914,Kentavious Caldwell-Pope,2024-25,Regular Season,2025-05-02,1610612744,GSW,Golden State Warriors,False,True,W,32.4,10,4,7,0,0,0,3,2,0,2,0,3,1,2,4,18
0000000277,1610612743,DEN,Denver Nuggets,1631128,Peyton Watson,2024-25,Regular Season,2025-05-02,1610612744,GSW,Golden State Warriors,False,True,W,37.6,9,3,6,3,5,5,7,2,0,2,0,4,2,5,3,-15
0000000278,1610612744,GSW,Golden State Warriors,201939,Stephen Curry,2024-25,Regular Season,2025-05-04,1610612738,BOS,Boston Celtics,True,False,L,36.5,22,8,13,3,3,1,4,4,1,5,4,1,3,1,0,-5
0000000278,1610612744,GSW,Golden State Warriors,202691,Klay Thompson,2024-25,Regular Season,2025-05-04,1610612738,BOS,Boston Celtics,True,False,L,20.0,20,8,16,0,4,3,8,1,2,3,6,0,0,5,2,9
0000000278,1610612744,GSW,Golden State Warriors,203110,Draymond Green,2024-25,Regular Season,2025-05-04,1610612738,BOS,Boston Celtics,True,False,L,27.3,0,1,5,1,4,0,0,3,5,8,4,0,2,5,2,12
0000000278,1610612744,GSW,Golden State Warriors,1630228,Jonathan Kuminga,2024-25,Regular Season,2025-05-04,1610612738,BOS,Boston Celtics,True,False,L,30.9,5,2,8,2,4,0,0,4,3,7,0,2,1,5,1,-15
0000000278,1610612744,GSW,Golden State Warriors,1626172,Kevon Looney,2024-25,Regular Season,2025-05-04,1610612738,BOS,Boston Celtics,True,False,L,30.4,4,1,6,0,2,1,1,2,11,13,4,1,1,1,1,-14
0000000278,1610612744,GSW,Golden State Warriors,1630541,Brandin Podziemski,2024-25,Regular Season,2025-05-04,1610612738,BOS,Boston Celtics,True,False,L,21.2,3,5,7,5,7,0,2,1,1,2,3,0,0,0,5,2
0000000278,1610612738,BOS,Boston Celtics,1628369,Jayson Tatum,2024-25,Regular Season,2025-05-04,1610612744,GSW,Golden State Warriors,False,True,W,25.8,31,12,17,3,6,4,6,2,5,7,4,4,0,2,3,-11
0000000278,1610612738,BOS,Boston Celtics,1627759,Jaylen Brown,2024-25,Regular Season,2025-05-04,1610612744,GSW,Golden State Warriors,False,True,W,23.0,19,7,11,2,6,0,1,3,1,4,3,4,3,5,5,-15
0000000278,1610612738,BOS,Boston Celtics,201950,Jrue Holiday,2024-25,Regular Season,2025-05-04,1610612744,GSW,Golden State Warriors,False,True,W,37.9,15,6,9,2,9,6,8,3,0,3,3,4,1,4,2,-5
0000000278,1610612738,BOS,Boston Celtics,1628464,Derrick White,2024-25,Regular Season,2025-05-04,1610612744,GSW,Golden State Warriors,False,True,W,26.0,16,6,11,3,9,2,8,1,0,1,6,4,2,5,5,-2
0000000278,1610612738,BOS,Boston Celtics,203935,Kristaps Porziņģis,2024-25,Regular Season,2025-05-04,1610612744,GSW,Golden State Warriors,False,True,W,35.4,18,7,14,0,0,0,0,2,7,9,2,1,3,3,0,-7
0000000278,1610612738,BOS,Boston Celtics,1629057,Robert Williams,2024-25,Regular Season,2025-05-04,1610612744,GSW,Golden State Warriors,False,True,W,28.8,6,2,6,2,2,0,7,0,7,7,4,1,1,2,1,17
0000000279,1610612744,GSW,Golden State Warriors,201939,Stephen Curry,2024-25,Regular Season,2025-05-06,1610612752,NYK,New York Knicks,True,False,L,25.7,27,10,17,1,9,3,6,3,7,10,11,2,2,3,3,2
0000000279,1610612744,GSW,Golden State Warriors,202691,Klay Thompson,2024-25,Regular Season,2025-05-06,1610612752,NYK,New York Knicks,True,False,L,37.8,19,7,12,4,6,4,5,1,2,3,2,2,2,5,3,-3
0000000279,1610612744,GSW,Golden State Warriors,203110,Draymond Green,2024-25,Regular Season,2025-05-06,1610612752,NYK,New York Knicks,True,False,L,34.3,3,1,3,0,0,5,7,0,2,2,0,4,3,5,1,-10
0000000279,1610612744,GSW,Golden State Warriors,1630228,Jonathan Kuminga,2024-25,Regular Season,2025-05-06,1610612752,NYK,New York Knicks,True,False,L,22.6,8,3,10,0,8,1,5,1,3,4,0,2,1,4,4,-15
0000000279,1610612744,GSW,Golden State Warriors,1626172,Kevon Looney,2024-25,Regular Season,2025-05-06,1610612752,NYK,New York Knicks,True,False,L,18.2,0,2,2,2,2,0,0,4,6,10,0,2,3,3,5,11
0000000279,1610612744,GSW,Golden State Warriors,1630541,Brandin Podziemski,2024-25,Regular Season,2025-05-06,1610612752,NYK,New York Knicks,True,False,L,25.7,19,7,11,1,7,1,3,4,7,11,4,2,0,3,1,5
0000000279,1610612752,NYK,New York Knicks,1628973,Jalen Brunson,2024-25,Regular Season,2025-05-06,1610612744,GSW,Golden State Warriors,False,True,W,21.6,33,13,18,0,0,4,8,2,2,4,7,1,1,0,3,-16
0000000279,1610612752,NYK,New York Knicks,1626164,Isaiah Hartenstein,2024-25,Regular Season,2025-05-06,1610612744,GSW,Golden State Warriors,False,True,W,23.6,16,6,13,0,0,0,6,3,11,14,1,1,1,0,3,-13
0000000279,1610612752,NYK,New York Knicks,1629628,RJ Barrett,2024-25,Regular Season,2025-05-06,1610612744,GSW,Golden State Warriors,False,True,W,30.7,27,10,15,1,5,0,0,1,1,2,4,2,1,0,1,1
0000000279,1610612752,NYK,New York Knicks,1630193,Immanuel Quickley,2024-25,Regular Season,2025-05-06,1610612744,GSW,Golden State Warriors,False,True,W,32.3,10,4,8,1,7,0,3,2,3,5,1,2,3,5,5,-10
0000000279,1610612752,NYK,New York Knicks,203944,Julius Randle,2024-25,Regular Season,2025-05-06,1610612744,GSW,Golden State Warriors,False,True,W,25.9,30,12,21,2,7,3,4,0,9,9,5,4,2,4,3,-18
0000000279,1610612752,NYK,New York Knicks,1631216,Miles McBride,2024-25,Regular Season,2025-05-06,1610612744,GSW,Golden State Warriors,False,True,W,35.4,18,7,10,7,8,0,5,1,0,1,2,0,1,2,5,12
0000000280,1610612744,GSW,Golden State Warriors,201939,Stephen Curry,2024-25,Regular Season,2025-05-08,1610612748,MIA,Miami Heat,True,False,W,37.4,26,10,16,0,0,0,0,0,0,0,7,3,3,5,1,-18
0000000280,1610612744,GSW,Golden State Warriors,202691,Klay Thompson,2024-25,Regular Season,2025-05-08,1610612748,MIA,Miami Heat,True,False,W,28.6,25,10,18,2,10,4,4,2,3,5,3,0,0,4,1,2
0000000280,1610612744,GSW,Golden State Warriors,203110,Draymond Green,2024-25,Regular Season,2025-05-08,1610612748,MIA,Miami Heat,True,False,W,24.5,7,5,8,5,6,0,8,1,2,3,4,4,0,0,0,-3
0000000280,1610612744,GSW,Golden State Warriors,1630228,Jonathan Kuminga,2024-25,Regular Season,2025-05-08,1610612748,MIA,Miami Heat,True,False,W,22.9,15,6,10,0,2,1,3,2,6,8,3,0,3,1,5,4
0000000280,1610612744,GSW,Golden State Warriors,1626172,Kevon Looney,2024-25,Regular Season,2025-05-08,1610612748,MIA,Miami Heat,True,False,W,29.2,5,3,8,3,3,6,6,2,7,9,4,3,2,2,0,-18
0000000280,1610612744,GSW,Golden State Warriors,1630541,Brandin Podziemski,2024-25,Regular Season,2025-05-08,1610612748,MIA,Miami Heat,True,False,W,25.0,18,7,11,2,6,0,0,0,0,0,4,2,3,1,1,18
0000000280,1610612748,MIA,Miami Heat,202710,Jimmy Butler,2024-25,Regular Season,2025-05-08,1610612744,GSW,Golden State Warriors,False,True,L,36.1,22,8,14,6,8,1,7,2,4,6,6,0,2,5,0,15
0000000280,1610612748,MIA,Miami Heat,1629639,Tyler Herro,2024-25,Regular Season,2025-05-08,1610612744,GSW,Golden State Warriors,False,True,L,23.7,19,7,11,0,1,1,1,3,3,6,8,2,0,2,5,1
0000000280,1610612748,MIA,Miami Heat,202355,Bam Adebayo,2024-25,Regular Season,2025-05-08,1610612744,GSW,Golden State Warriors,False,True,L,25.5,15,6,10,3,3,1,1,0,14,14,2,0,0,3,1,2
0000000280,1610612748,MIA,Miami Heat,1631107,Jaime Jaquez,2024-25,Regular Season,2025-05-08,1610612744,GSW,Golden State Warriors,False,True,L,31.7,10,4,10,3,4,1,2,0,0,0,1,0,3,1,5,-8
0000000280,1610612748,MIA,Miami Heat,203482,Kelly Olynyk,2024-25,Regular Season,2025-05-08,1610612744,GSW,Golden State Warriors,False,True,L,22.0,5,2,8,2,3,1,4,1,2,3,2,1,1,2,3,-13
0000000280,1610612748,MIA,Miami Heat,1630217,Caleb Martin,2024-25,Regular Season,2025-05-08,1610612744,GSW,Golden State Warriors,False,True,L,20.2,0,5,6,5,6,0,0,1,0,1,0,1,0,3,3,-17
0000000281,1610612743,DEN,Denver Nuggets,203999,Nikola Jokić,2024-25,Regular Season,2025-05-10,1610612747,LAL,Los Angeles Lakers,True,False,L,32.9,28,11,16,1,3,0,6,3,11,14,9,3,0,3,1,10
0000000281,1610612743,DEN,Denver Nuggets,1627750,Jamal Murray,2024-25,Regular Season,2025-05-10,1610612747,LAL,Los Angeles Lakers,True,False,L,26.2,15,6,12,3,4,1,1,3,2,5,8,1,2,1,0,10
0000000281,1610612743,DEN,Denver Nuggets,1628420,Aaron Gordon,2024-25,Regular Season,2025-05-10,1610612747,LAL,Los Angeles Lakers,True,False,L,27.4,30,12,18,0,0,0,1,3,8,11,6,1,2,2,3,5
0000000281,1610612743,DEN,Denver Nuggets,1630166,Christian Braun,2024-25,Regular Season,2025-05-10,1610612747,LAL,Los Angeles Lakers,True,False,L,35.8,8,3,9,0,0,4,6,3,2,5,4,3,2,5,1,6
0000000281,1610612743,DEN,Denver Nuggets,203914,Kentavious Caldwell-Pope,2024-25,Regular Season,2025-05-10,1610612747,LAL,Los Angeles Lakers,True,False,L,28.3,2,0,6,0,2,5,6,0,0,0,0,1,3,1,3,11
0000000281,1610612743,DEN,Denver Nuggets,1631128,Peyton Watson,2024-25,Regular Season,2025-05-10,1610612747,LAL,Los Angeles Lakers,True,False,L,34.6,12,4,10,1,2,4,8,3,0,3,1,2,0,2,1,3
0000000281,1610612747,LAL,Los Angeles Lakers,2544,LeBron James,2024-25,Regular Season,2025-05-10,1610612743,DEN,Denver Nuggets,False,True,W,22.7,17,6,12,0,1,0,8,0,8,8,7,4,2,2,1,-11
0000000281,1610612747,LAL,Los Angeles Lakers,1629029,Luka Dončić,2024-25,Regular Season,2025-05-10,1610612743,DEN,Denver Nuggets,False,True,W,33.1,25,10,14,0,1,0,2,1,5,6,8,2,0,3,4,-4
0000000281,1610612747,LAL,Los Angeles Lakers,203076,Anthony Davis,2024-25,Regular Season,2025-05-10,1610612743,DEN,Denver Nuggets,False,True,W,21.2,15,6,10,0,0,3,3,2,4,6,3,4,1,2,4,6
0000000281,1610612747,LAL,Los Angeles Lakers,1630559,Austin Reaves,2024-25,Regular Season,2025-05-10,1610612743,DEN,Denver Nuggets,False,True,W,25.1,10,4,7,0,1,6,8,4,0,4,5,4,0,3,3,-16
0000000281,1610612747,LAL,Los Angeles Lakers,1626156,Dalton Knecht,2024-25,Regular Season,2025-05-10,1610612743,DEN,Denver Nuggets,False,True,W,29.3,11,4,6,1,1,0,7,0,0,0,0,4,3,1,2,-11
0000000281,1610612747,LAL,Los Angeles Lakers,1629020,Rui Hachimura,2024-25,Regular Season,2025-05-10,1610612743,DEN,Denver Nuggets,False,True,W,27.3,23,9,16,8,8,0,0,0,0,0,1,1,2,0,5,11
0000000282,1610612743,DEN,Denver Nuggets,203999,Nikola Jokić,2024-25,Regular Season,2025-05-12,1610612744,GSW,Golden State Warriors,True,False,W,18.3,28,11,15,0,0,0,4,3,8,11,8,1,0,5,2,-4
0000000282,1610612743,DEN,Denver Nuggets,1627750,Jamal Murray,2024-25,Regular Season,2025-05-12,1610612744,GSW,Golden State Warriors,True,False,W,36.9,18,7,10,2,6,2,3,4,3,7,6,3,1,1,5,-10
0000000282,1610612743,DEN,Denver Nuggets,1628420,Aaron Gordon,2024-25,Regular Season,2025-05-12,1610612744,GSW,Golden State Warriors,True,False,W,18.3,23,9,17,3,6,5,6,0,6,6,0,4,0,4,0,9
0000000282,1610612743,DEN,Denver Nuggets,1630166,Christian Braun,2024-25,Regular Season,2025-05-12,1610612744,GSW,Golden State Warriors,True,False,W,21.6,11,4,6,2,3,2,2,3,7,10,3,2,0,0,2,-1
0000000282,1610612743,DEN,Denver Nuggets,203914,Kentavious Caldwell-Pope,2024-25,Regular Season,2025-05-12,1610612744,GSW,Golden State Warriors,True,False,W,31.9,17,6,9,2,5,2,6,2,2,4,2,2,0,4,5,-1
0000000282,1610612743,DEN,Denver Nuggets,1631128,Peyton Watson,2024-25,Regular Season,2025-05-12,1610612744,GSW,Golden State Warriors,True,False,W,35.2,1,9,9,9,9,2,2,0,0,0,0,0,2,4,0,-6
0000000282,1610612744,GSW,Golden State Warriors,201939,Stephen Curry,2024-25,Regular Season,2025-05-12,1610612743,DEN,Denver Nuggets,False,True,L,20.5,31,12,20,0,0,0,8,1,2,3,7,1,1,1,1,-5
0000000282,1610612744,GSW,Golden State Warriors,202691,Klay Thompson,2024-25,Regular Season,2025-05-12,1610612743,DEN,Denver Nuggets,False,True,L,35.5,13,7,9,7,8,2,6,4,2,6,0,1,3,5,2,1
0000000282,1610612744,GSW,Golden State Warriors,203110,Draymond Green,2024-25,Regular Season,2025-05-12,1610612743,DEN,Denver Nuggets,False,True,L,23.0,13,5,9,2,7,3,7,0,7,7,6,3,0,1,5,-13
0000000282,1610612744,GSW,Golden State Warriors,1630228,Jonathan Kuminga,2024-25,Regular Season,2025-05-12,1610612743,DEN,Denver Nuggets,False,True,L,19.4,17,6,14,1,2,2,6,3,4,7,3,4,0,5,4,13
0000000282,1610612744,GSW,Golden State Warriors,1626172,Kevon Looney,2024-25,Regular Season,2025-05-12,1610612743,DEN,Denver Nuggets,False,True,L,21.0,0,2,2,2,2,1,8,1,7,8,3,2,1,2,4,-3
0000000282,1610612744,GSW,Golden State Warriors,1630541,Brandin Podziemski,2024-25,Regular Season,2025-05-12,1610612743,DEN,Denver Nuggets,False,True,L,23.4,10,4,6,4,5,0,0,4,3,7,2,1,0,1,2,1
0000000283,1610612743,DEN,Denver Nuggets,203999,Nikola Jokić,2024-25,Regular Season,2025-05-14,1610612738,BOS,Boston Celtics,True,False,L,19.4,30,12,21,0,1,0,1,4,15,19,7,4,2,0,4,-12
0000000283,1610612743,DEN,Denver Nuggets,1627750,Jamal Murray,2024-25,Regular Season,2025-05-14,1610612738,BOS,Boston Celtics,True,False,L,19.0,21,8,13,0,6,1,2,1,4,5,5,3,1,1,2,-3
0000000283,1610612743,DEN,Denver Nuggets,1628420,Aaron Gordon,2024-25,Regular Season,2025-05-14,1610612738,BOS,Boston Celtics,True,False,L,18.3,23,9,17,4,6,2,2,2,7,9,4,2,0,4,2,-7
0000000283,1610612743,DEN,Denver Nuggets,1630166,Christian Braun,2024-25,Regular Season,2025-05-14,1610612738,BOS,Boston Celtics,True,False,L,36.6,6,2,6,2,4,1,1,1,1,2,0,1,3,5,1,-3
0000000283,1610612743,DEN,Denver Nuggets,203914,Kentavious Caldwell-Pope,2024-25,Regular Season,2025-05-14,1610612738,BOS,Boston Celtics,True,False,L,22.0,13,5,9,0,7,0,2,2,7,9,0,3,0,2,5,2
0000000283,1610612743,DEN,Denver Nuggets,1631128,Peyton Watson,2024-25,Regular Season,2025-05-14,1610612738,BOS,Boston Celtics,True,False,L,37.2,0,1,6,1,2,1,7,1,0,1,2,4,2,0,2,0
0000000283,1610612738,BOS,Boston Celtics,1628369,Jayson Tatum,2024-25,Regular Season,2025-05-14,1610612743,DEN,Denver Nuggets,False,True,W,29.8,31,12,17,1,1,0,2,2,6,8,4,3,1,5,1,14
0000000283,1610612738,BOS,Boston Celtics,1627759,Jaylen Brown,2024-25,Regular Season,2025-05-14,1610612743,DEN,Denver Nuggets,False,True,W,26.8,12,4,8,2,4,6,7,1,4,5,1,4,2,3,4,-14
0000000283,1610612738,BOS,Boston Celtics,201950,Jrue Holiday,2024-25,Regular Season,2025-05-14,1610612743,DEN,Denver Nuggets,False,True,W,28.1,5,2,7,0,0,2,3,2,0,2,7,0,3,3,0,9
0000000283,1610612738,BOS,Boston Celtics,1628464,Derrick White,2024-25,Regular Season,2025-05-14,1610612743,DEN,Denver Nuggets,False,True,W,25.5,14,5,12,3,3,0,6,2,2,4,4,0,1,5,3,-15
0000000283,1610612738,BOS,Boston Celtics,203935,Kristaps Porziņģis,2024-25,Regular Season,2025-05-14,1610612743,DEN,Denver Nuggets,False,True,W,23.0,32,12,19,0,1,0,1,3,6,9,3,3,2,3,1,-8
0000000283,1610612738,BOS,Boston Celtics,1629057,Robert Williams,2024-25,Regular Season,2025-05-14,1610612743,DEN,Denver Nuggets,False,True,W,33.1,2,0,7,0,1,0,8,2,6,8,0,1,3,3,4,-9
0000000284,1610612743,DEN,Denver Nuggets,203999,Nikola Jokić,2024-25,Regular Season,2025-05-16,1610612752,NYK,New York Knicks,True,False,W,19.9,20,8,11,0,0,2,4,0,13,13,10,2,3,5,5,8
0000000284,1610612743,DEN,Denver Nuggets,1627750,Jamal Murray,2024-25,Regular Season,2025-05-16,1610612752,NYK,New York Knicks,True,False,W,20.1,20,8,15,3,4,1,1,2,0,2,7,1,0,0,3,-8
0000000284,1610612743,DEN,Denver Nuggets,1628420,Aaron Gordon,2024-25,Regular Season,2025-05-16,1610612752,NYK,New York Knicks,True,False,W,19.1,18,7,10,1,6,1,6,1,10,11,8,4,1,2,2,7
0000000284,1610612743,DEN,Denver Nuggets,1630166,Christian Braun,2024-25,Regular Season,2025-05-16,1610612752,NYK,New York Knicks,True,False,W,22.7,11,5,9,5,9,0,4,1,3,4,1,0,2,2,0,17
0000000284,1610612743,DEN,Denver Nuggets,203914,Kentavious Caldwell-Pope,2024-25,Regular Season,2025-05-16,1610612752,NYK,New York Knicks,True,False,W,30.5,15,6,12,0,0,2,6,1,1,2,3,0,2,5,1,-6
0000000284,1610612743,DEN,Denver Nuggets,1631128,Peyton Watson,2024-25,Regular Season,2025-05-16,1610612752,NYK,New York Knicks,True,False,W,27.9,12,5,10,5,6,8,8,1,4,5,0,1,3,3,4,-8
0000000284,1610612752,NYK,New York Knicks,1628973,Jalen Brunson,2024-25,Regular Season,2025-05-16,1610612743,DEN,Denver Nuggets,False,True,L,26.4,29,11,16,8,8,0,0,2,0,2,6,3,1,0,3,-1
0000000284,1610612752,NYK,New York Knicks,1626164,Isaiah Hartenstein,2024-25,Regular Season,2025-05-16,1610612743,DEN,Denver Nuggets,False,True,L,19.6,21,8,11,2,3,6,6,1,15,16,0,2,1,1,4,8
0000000284,1610612752,NYK,New York Knicks,1629628,RJ Barrett,2024-25,Regular Season,2025-05-16,1610612743,DEN,Denver Nuggets,False,True,L,30.1,18,8,15,8,9,0,1,4,1,5,3,4,3,2,0,-17
0000000284,1610612752,NYK,New York Knicks,1630193,Immanuel Quickley,2024-25,Regular Season,2025-05-16,1610612743,DEN,Denver Nuggets,False,True,L,34.8,8,3,7,3,7,1,6,3,3,6,2,2,3,3,4,-1
0000000284,1610612752,NYK,New York Knicks,203944,Julius Randle,2024-25,Regular Season,2025-05-16,1610612743,DEN,Denver Nuggets,False,True,L,24.1,11,4,7,1,2,1,3,0,11,11,2,0,3,1,4,-6
0000000284,1610612752,NYK,New York Knicks,1631216,Miles McBride,2024-25,Regular Season,2025-05-16,1610612743,DEN,Denver Nuggets,False,True,L,27.5,4,3,8,3,3,2,4,0,4,4,4,4,2,0,1,9
0000000285,1610612743,DEN,Denver Nuggets,203999,Nikola Jokić,2024-25,Regular Season,2025-05-18,1610612748,MIA,Miami Heat,True,False,L,31.4,21,8,16,1,3,7,7,3,10,13,9,3,2,0,5,2
0000000285,1610612743,DEN,Denver Nuggets,1627750,Jamal Murray,2024-25,Regular Season,2025-05-18,1610612748,MIA,Miami Heat,True,False,L,34.2,26,10,19,0,0,3,7,1,0,1,7,0,1,2,0,2
0000000285,1610612743,DEN,Denver Nuggets,1628420,Aaron Gordon,2024-25,Regular Season,2025-05-18,1610612748,MIA,Miami Heat,True,False,L,19.2,15,6,11,0,2,4,6,2,4,6,2,2,0,4,1,-7
0000000285,1610612743,DEN,Denver Nuggets,1630166,Christian Braun,2024-25,Regular Season,2025-05-18,1610612748,MIA,Miami Heat,True,False,L,27.7,11,4,7,2,3,3,5,2,0,2,0,0,1,3,3,-7
0000000285,1610612743,DEN,Denver Nuggets,203914,Kentavious Caldwell-Pope,2024-25,Regular Season,2025-05-18,1610612748,MIA,Miami Heat,True,False,L,18.6,0,2,4,2,3,1,8,0,0,0,1,4,2,3,0,4
0000000285,1610612743,DEN,Denver Nuggets,1631128,Peyton Watson,2024-25,Regular Season,2025-05-18,1610612748,MIA,Miami Heat,True,False,L,31.8,5,2,8,2,8,2,2,0,6,6,0,4,0,1,2,-3
0000000285,1610612748,MIA,Miami Heat,202710,Jimmy Butler,2024-25,Regular Season,2025-05-18,1610612743,DEN,Denver Nuggets,False,True,W,19.4,31,12,17,0,1,1,1,1,0,1,3,3,3,5,0,-5
0000000285,1610612748,MIA,Miami Heat,1629639,Tyler Herro,2024-25,Regular Season,2025-05-18,1610612743,DEN,Denver Nuggets,False,True,W,32.7,13,5,8,2,2,1,6,1,3,4,6,4,3,4,2,2
0000000285,1610612748,MIA,Miami Heat,202355,Bam Adebayo,2024-25,Regular Season,2025-05-18,1610612743,DEN,Denver Nuggets,False,True,W,37.5,24,9,17,0,0,0,2,0,9,9,2,3,2,0,0,5
0000000285,1610612748,MIA,Miami Heat,1631107,Jaime Jaquez,2024-25,Regular Season,2025-05-18,1610612743,DEN,Denver Nuggets,False,True,W,25.3,5,2,6,1,2,1,5,0,0,0,2,1,0,1,1,8
0000000285,1610612748,MIA,Miami Heat,203482,Kelly Olynyk,2024-25,Regular Season,2025-05-18,1610612743,DEN,Denver Nuggets,False,True,W,37.0,8,3,5,2,3,0,3,3,0,3,4,1,0,1,4,1
0000000285,1610612748,MIA,Miami Heat,1630217,Caleb Martin,2024-25,Regular Season,2025-05-18,1610612743,DEN,Denver Nuggets,False,True,W,33.4,3,5,5,5,5,5,8,2,2,4,2,3,1,3,5,-14
0000000286,1610612738,BOS,Boston Celtics,1628369,Jayson Tatum,2024-25,Regular Season,2025-05-20,1610612747,LAL,Los Angeles Lakers,True,False,W,23.0,30,12,18,1,1,0,7,4,6,10,11,2,2,3,4,15
0000000286,1610612738,BOS,Boston Celtics,1627759,Jaylen Brown,2024-25,Regular Season,2025-05-20,1610612747,LAL,Los Angeles Lakers,True,False,W,20.9,29,11,17,7,10,1,5,0,0,0,0,3,3,1,0,9
0000000286,1610612738,BOS,Boston Celtics,201950,Jrue Holiday,2024-25,Regular Season,2025-05-20,1610612747,LAL,Los Angeles Lakers,True,False,W,19.6,19,7,12,0,1,1,7,0,0,0,4,0,2,4,2,-16
0000000286,1610612738,BOS,Boston Celtics,1628464,Derrick White,2024-25,Regular Season,2025-05-20,1610612747,LAL,Los Angeles Lakers,True,False,W,22.6,16,6,12,1,7,2,6,3,2,5,3,4,3,2,3,14
0000000286,1610612738,BOS,Boston Celtics,203935,Kristaps Porziņģis,2024-25,Regular Season,2025-05-20,1610612747,LAL,Los Angeles Lakers,True,False,W,31.2,17,6,10,0,2,4,5,3,4,7,3,2,3,0,0,-12
0000000286,1610612738,BOS,Boston Celtics,1629057,Robert Williams,2024-25,Regular Season,2025-05-20,1610612747,LAL,Los Angeles Lakers,True,False,W,28.3,10,4,10,1,1,1,7,3,5,8,3,0,1,4,3,-11
0000000286,1610612747,LAL,Los Angeles Lakers,2544,LeBron James,2024-25,Regular Season,2025-05-20,1610612738,BOS,Boston Celtics,False,True,L,22.3,21,8,14,0,4,0,4,2,0,2,0,2,2,4,4,-4
0000000286,1610612747,LAL,Los Angeles Lakers,1629029,Luka Dončić,2024-25,Regular Season,2025-05-20,1610612738,BOS,Boston Celtics,False,True,L,33.6,27,10,18,0,4,2,5,1,4,5,4,0,0,4,3,8
0000000286,1610612747,LAL,Los Angeles Lakers,203076,Anthony Davis,2024-25,Regular Season,2025-05-20,1610612738,BOS,Boston Celtics,False,True,L,30.6,27,10,14,3,3,0,0,4,8,12,1,0,0,1,4,-5
0000000286,1610612747,LAL,Los Angeles Lakers,1630559,Austin Reaves,2024-25,Regular Season,2025-05-20,1610612738,BOS,Boston Celtics,False,True,L,27.7,8,6,10,6,10,2,4,2,0,2,5,2,2,1,0,0
0000000286,1610612747,LAL,Los Angeles Lakers,1626156,Dalton Knecht,2024-25,Regular Season,2025-05-20,1610612738,BOS,Boston Celtics,False,True,L,18.8,19,7,14,2,4,4,4,1,0,1,2,4,0,5,1,-2
0000000286,1610612747,LAL,Los Angeles Lakers,1629020,Rui Hachimura,2024-25,Regular Season,2025-05-20,1610612738,BOS,Boston Celtics,False,True,L,18.3,14,5,13,0,8,1,6,2,4,6,2,0,1,0,1,13
0000000287,1610612738,BOS,Boston Celtics,1628369,Jayson Tatum,2024-25,Regular Season,2025-05-22,1610612744,GSW,Golden State Warriors,True,False,W,27.4,19,7,15,3,6,1,1,0,6,6,2,1,0,0,2,16
0000000287,1610612738,BOS,Boston Celtics,1627759,Jaylen Brown,2024-25,Regular Season,2025-05-22,1610612744,GSW,Golden State Warriors,True,False,W,35.2,12,4,12,1,1,5,6,3,2,5,4,3,2,4,2,-3
0000000287,1610612738,BOS,Boston Celtics,201950,Jrue Holiday,2024-25,Regular Season,2025-05-22,1610612744,GSW,Golden State Warriors,True,False,W,33.2,18,7,10,1,7,0,8,2,0,2,1,1,2,5,4,14
0000000287,1610612738,BOS,Boston Celtics,1628464,Derrick White,2024-25,Regular Season,2025-05-22,1610612744,GSW,Golden State Warriors,True,False,W,19.5,16,6,12,6,6,0,6,0,5,5,3,3,1,5,2,-8
0000000287,1610612738,BOS,Boston Celtics,203935,Kristaps Porziņģis,2024-25,Regular Season,2025-05-22,1610612744,GSW,Golden State Warriors,True,False,W,24.1,20,8,16,0,0,0,2,2,9,11,4,1,1,5,3,17
0000000287,1610612738,BOS,Boston Celtics,1629057,Robert Williams,2024-25,Regular Season,2025-05-22,1610612744,GSW,Golden State Warriors,True,False,W,37.2,7,2,7,0,0,0,5,2,4,6,0,0,1,3,3,1
0000000287,1610612744,GSW,Golden State Warriors,201939,Stephen Curry,2024-25,Regular Season,2025-05-22,1610612738,BOS,Boston Celtics,False,True,L,32.3,31,12,20,0,8,1,2,4,3,7,4,1,0,1,3,-6
0000000287,1610612744,GSW,Golden State Warriors,202691,Klay Thompson,2024-25,Regular Season,2025-05-22,1610612738,BOS,Boston Celtics,False,True,L,25.1,5,5,5,5,5,0,1,0,6,6,0,4,3,2,1,15
0000000287,1610612744,GSW,Golden State Warriors,203110,Draymond Green,2024-25,Regular Season,2025-05-22,1610612738,BOS,Boston Celtics,False,True,L,18.4,14,5,9,1,7,3,3,4,4,8,3,3,1,3,5,-13
0000000287,1610612744,GSW,Golden State Warriors,1630228,Jonathan Kuminga,2024-25,Regular Season,2025-05-22,1610612738,BOS,Boston Celtics,False,True,L,26.7,16,6,10,5,6,5,8,1,3,4,2,0,0,2,4,-2
0000000287,1610612744,GSW,Golden State Warriors,1626172,Kevon Looney,2024-25,Regular Season,2025-05-22,1610612738,BOS,Boston Celtics,False,True,L,25.1,0,0,1,0,1,1,1,3,2,5,2,1,0,0,2,-1
0000000287,1610612744,GSW,Golden State Warriors,1630541,Brandin Podziemski,2024-25,Regular Season,2025-05-22,1610612738,BOS,Boston Celtics,False,True,L,37.1,12,9,9,9,9,3,8,0,0,0,3,2,1,5,1,-11
0000000288,1610612738,BOS,Boston Celtics,1628369,Jayson Tatum,2024-25,Regular Season,2025-05-24,1610612743,DEN,Denver Nuggets,True,False,W,33.6,27,10,14,2,9,0,2,3,8,11,4,1,0,2,3,-10
0000000288,1610612738,BOS,Boston Celtics,1627759,Jaylen Brown,2024-25,Regular Season,2025-05-24,1610612743,DEN,Denver Nuggets,True,False,W,27.0,21,8,12,1,4,3,5,2,4,6,5,1,1,5,4,-11
0000000288,1610612738,BOS,Boston Celtics,201950,Jrue Holiday,2024-25,Regular Season,2025-05-24,1610612743,DEN,Denver Nuggets,True,False,W,30.0,4,1,8,1,6,1,3,2,5,7,4,1,1,0,1,18
0000000288,1610612738,BOS,Boston Celtics,1628464,Derrick White,2024-25,Regular Season,2025-05-24,1610612743,DEN,Denver Nuggets,True,False,W,34.3,17,6,10,2,5,4,7,3,1,4,5,4,2,4,1,-17
0000000288,1610612738,BOS,Boston Celtics,203935,Kristaps Porziņģis,2024-25,Regular Season,2025-05-24,1610612743,DEN,Denver Nuggets,True,False,W,24.1,29,11,18,2,2,0,4,1,6,7,0,0,2,5,5,11
0000000288,1610612738,BOS,Boston Celtics,1629057,Robert Williams,2024-25,Regular Season,2025-05-24,1610612743,DEN,Denver Nuggets,True,False,W,27.5,2,2,3,2,3,0,5,2,5,7,0,1,3,1,0,0
0000000288,1610612743,DEN,Denver Nuggets,203999,Nikola Jokić,2024-25,Regular Season,2025-05-24,1610612738,BOS,Boston Celtics,False,True,L,19.2,26,10,16,2,3,2,3,3,6,9,8,0,1,1,1,15
0000000288,1610612743,DEN,Denver Nuggets,1627750,Jamal Murray,2024-25,Regular Season,2025-05-24,1610612738,BOS,Boston Celtics,False,True,L,25.3,21,8,14,1,1,0,1,1,0,1,7,1,2,4,0,17
0000000288,1610612743,DEN,Denver Nuggets,1628420,Aaron Gordon,2024-25,Regular Season,2025-05-24,1610612738,BOS,Boston Celtics,False,True,L,22.4,19,7,13,2,8,6,6,2,4,6,1,2,0,5,3,17
0000000288,1610612743,DEN,Denver Nuggets,1630166,Christian Braun,2024-25,Regular Season,2025-05-24,1610612738,BOS,Boston Celtics,False,True,L,25.6,8,3,6,1,1,1,1,3,0,3,5,1,3,4,1,11
0000000288,1610612743,DEN,Denver Nuggets,203914,Kentavious Caldwell-Pope,2024-25,Regular Season,2025-05-24,1610612738,BOS,Boston Celtics,False,True,L,31.5,9,3,9,3,9,0,1,0,0,0,2,3,3,4,4,-8
0000000288,1610612743,DEN,Denver Nuggets,1631128,Peyton Watson,2024-25,Regular Season,2025-05-24,1610612738,BOS,Boston Celtics,False,True,L,28.6,0,0,6,0,1,0,6,0,0,0,2,3,1,5,0,-15
0000000289,1610612738,BOS,Boston Celtics,1628369,Jayson Tatum,2024-25,Regular Season,2025-05-26,1610612752,NYK,New York Knicks,True,False,W,35.3,31,12,19,1,1,2,2,0,6,6,3,3,3,4,2,-11
0000000289,1610612738,BOS,Boston Celtics,1627759,Jaylen Brown,2024-25,Regular Season,2025-05-26,1610612752,NYK,New York Knicks,True,False,W,26.1,23,9,14,0,2,0,1,0,1,1,0,4,2,3,1,-10
0000000289,1610612738,BOS,Boston Celtics,201950,Jrue Holiday,2024-25,Regular Season,2025-05-26,1610612752,NYK,New York Knicks,True,False,W,36.2,17,6,12,1,9,0,6,0,0,0,3,4,0,5,1,-16
0000000289,1610612738,BOS,Boston Celtics,1628464,Derrick White,2024-25,Regular Season,2025-05-26,1610612752,NYK,New York Knicks,True,False,W,18.2,14,5,11,4,8,3,4,2,0,2,6,3,3,2,1,-3
0000000289,1610612738,BOS,Boston Celtics,203935,Kristaps Porziņģis,2024-25,Regular Season,2025-05-26,1610612752,NYK,New York Knicks,True,False,W,24.3,23,9,17,0,0,1,4,0,5,5,3,4,3,5,4,7
0000000289,1610612738,BOS,Boston Celtics,1629057,Robert Williams,2024-25,Regular Season,2025-05-26,1610612752,NYK,New York Knicks,True,False,W,36.2,0,3,4,3,3,0,0,0,10,10,1,0,2,3,3,17
0000000289,1610612752,NYK,New York Knicks,1628973,Jalen Brunson,2024-25,Regular Season,2025-05-26,1610612738,BOS,Boston Celtics,False,True,L,36.7,16,6,11,5,7,0,0,2,4,6,4,1,2,2,5,12
0000000289,1610612752,NYK,New York Knicks,1626164,Isaiah Hartenstein,2024-25,Regular Season,2025-05-26,1610612738,BOS,Boston Celtics,False,True,L,29.8,18,7,14,0,0,0,0,2,10,12,1,0,3,0,5,-15
0000000289,1610612752,NYK,New York Knicks,1629628,RJ Barrett,2024-25,Regular Season,2025-05-26,1610612738,BOS,Boston Celtics,False,True,L,35.5,24,9,15,1,1,3,8,1,0,1,5,2,0,5,3,-18
0000000289,1610612752,NYK,New York Knicks,1630193,Immanuel Quickley,2024-25,Regular Season,2025-05-26,1610612738,BOS,Boston Celtics,False,True,L,33.7,5,2,8,0,3,0,2,0,4,4,4,3,2,3,2,16
0000000289,1610612752,NYK,New York Knicks,203944,Julius Randle,2024-25,Regular Season,2025-05-26,1610612738,BOS,Boston Celtics,False,True,L,35.9,28,11,16,7,10,2,4,1,3,4,4,3,2,2,1,-6
0000000289,1610612752,NYK,New York Knicks,1631216,Miles McBride,2024-25,Regular Season,2025-05-26,1610612738,BOS,Boston Celtics,False,True,L,33.4,13,5,11,0,1,2,2,1,0,1,4,0,0,5,4,4
0000000290,1610612738,BOS,Boston Celtics,1628369,Jayson Tatum,2024-25,Regular Season,2025-05-28,1610612748,MIA,Miami Heat,True,False,W,35.1,22,8,12,0,7,1,2,3,6,9,4,2,0,4,2,3
0000000290,1610612738,BOS,Boston Celtics,1627759,Jaylen Brown,2024-25,Regular Season,2025-05-28,1610612748,MIA,Miami Heat,True,False,W,37.3,28,11,20,1,5,3,8,3,1,4,3,0,3,1,1,-4
0000000290,1610612738,BOS,Boston Celtics,201950,Jrue Holiday,2024-25,Regular Season,2025-05-28,1610612748,MIA,Miami Heat,True,False,W,20.8,5,7,8,7,8,4,8,4,0,4,5,0,0,5,5,-15
0000000290,1610612738,BOS,Boston Celtics,1628464,Derrick White,2024-25,Regular Season,2025-05-28,1610612748,MIA,Miami Heat,True,False,W,21.8,10,4,11,3,5,2,5,0,0,0,6,3,3,4,0,-17
0000000290,1610612738,BOS,Boston Celtics,203935,Kristaps Porziņģis,2024-25,Regular Season,2025-05-28,1610612748,MIA,Miami Heat,True,False,W,36.4,21,8,14,2,2,1,2,3,9,12,1,1,0,2,5,10
0000000290,1610612738,BOS,Boston Celtics,1629057,Robert Williams,2024-25,Regular Season,2025-05-28,1610612748,MIA,Miami Heat,True,False,W,31.3,15,6,8,0,0,3,3,2,9,11,0,2,1,5,2,-16
0000000290,1610612748,MIA,Miami Heat,202710,Jimmy Butler,2024-25,Regular Season,2025-05-28,1610612738,BOS,Boston Celtics,False,True,L,30.8,12,7,10,7,10,1,8,1,6,7,4,4,0,0,3,8
0000000290,1610612748,MIA,Miami Heat,1629639,Tyler Herro,2024-25,Regular Season,2025-05-28,1610612738,BOS,Boston Celtics,False,True,L,34.1,27,10,18,2,7,4,4,1,0,1,3,4,0,5,3,7
0000000290,1610612748,MIA,Miami Heat,202355,Bam Adebayo,2024-25,Regular Season,2025-05-28,1610612738,BOS,Boston Celtics,False,True,L,24.3,20,8,11,1,1,1,8,0,14,14,4,4,1,2,1,-17
0000000290,1610612748,MIA,Miami Heat,1631107,Jaime Jaquez,2024-25,Regular Season,2025-05-28,1610612738,BOS,Boston Celtics,False,True,L,32.9,13,5,12,0,0,3,4,1,0,1,5,1,0,4,4,-14
0000000290,1610612748,MIA,Miami Heat,203482,Kelly Olynyk,2024-25,Regular Season,2025-05-28,1610612738,BOS,Boston Celtics,False,True,L,21.1,12,4,9,0,1,6,7,4,4,8,1,1,2,3,4,7
0000000290,1610612748,MIA,Miami Heat,1630217,Caleb Martin,2024-25,Regular Season,2025-05-28,1610612738,BOS,Boston Celtics,False,True,L,28.5,11,4,8,1,6,4,4,4,1,5,0,0,1,4,2,-16
0000000291,1610612752,NYK,New York Knicks,1628973,Jalen Brunson,2024-25,Regular Season,2025-05-30,1610612747,LAL,Los Angeles Lakers,True,False,L,29.5,20,8,11,1,4,7,7,1,0,1,11,2,0,1,2,1
0000000291,1610612752,NYK,New York Knicks,1626164,Isaiah Hartenstein,2024-25,Regular Season,2025-05-30,1610612747,LAL,Los Angeles Lakers,True,False,L,21.3,31,12,17,0,0,0,4,0,11,11,4,4,1,5,2,18
0000000291,1610612752,NYK,New York Knicks,1629628,RJ Barrett,2024-25,Regular Season,2025-05-30,1610612747,LAL,Los Angeles Lakers,True,False,L,21.0,8,3,10,0,1,7,8,0,6,6,2,3,0,2,5,-11
0000000291,1610612752,NYK,New York Knicks,1630193,Immanuel Quickley,2024-25,Regular Season,2025-05-30,1610612747,LAL,Los Angeles Lakers,True,False,L,26.8,0,1,5,1,5,1,5,2,6,8,4,3,0,5,3,-7
0000000291,1610612752,NYK,New York Knicks,203944,Julius Randle,2024-25,Regular Season,2025-05-30,1610612747,LAL,Los Angeles Lakers,True,False,L,26.4,24,9,17,1,2,1,8,4,0,4,3,4,1,5,4,-18
0000000291,1610612752,NYK,New York Knicks,1631216,Miles McBride,2024-25,Regular Season,2025-05-30,1610612747,LAL,Los Angeles Lakers,True,False,L,25.3,12,4,12,2,3,4,4,0,3,3,2,4,2,4,3,0
0000000291,1610612747,LAL,Los Angeles Lakers,2544,LeBron James,2024-25,Regular Season,2025-05-30,1610612752,NYK,New York Knicks,False,True,W,21.8,17,6,14,2,9,1,1,4,3,7,7,1,1,1,3,11
0000000291,1610612747,LAL,Los Angeles Lakers,1629029,Luka Dončić,2024-25,Regular Season,2025-05-30,1610612752,NYK,New York Knicks,False,True,W,31.6,33,13,22,3,10,5,5,3,0,3,9,4,1,5,1,7
0000000291,1610612747,LAL,Los Angeles Lakers,203076,Anthony Davis,2024-25,Regular Season,2025-05-30,1610612752,NYK,New York Knicks,False,True,W,20.2,10,4,10,2,2,0,3,4,3,7,4,3,3,3,4,16
0000000291,1610612747,LAL,Los Angeles Lakers,1630559,Austin Reaves,2024-25,Regular Season,2025-05-30,1610612752,NYK,New York Knicks,False,True,W,37.4,18,7,14,7,10,0,3,0,5,5,5,1,3,0,5,-10
0000000291,1610612747,LAL,Los Angeles Lakers,1626156,Dalton Knecht,2024-25,Regular Season,2025-05-30,1610612752,NYK,New York Knicks,False,True,W,31.4,2,0,2,0,0,0,1,1,0,1,4,0,1,5,3,6
0000000291,1610612747,LAL,Los Angeles Lakers,1629020,Rui Hachimura,2024-25,Regular Season,2025-05-30,1610612752,NYK,New York Knicks,False,True,W,26.4,20,8,12,1,1,4,8,2,0,2,0,1,0,3,0,-5
0000000292,1610612752,NYK,New York Knicks,1628973,Jalen Brunson,2024-25,Regular Season,2025-06-01,1610612744,GSW,Golden State Warriors,True,False,W,29.1,27,10,18,3,7,3,6,4,4,8,6,2,0,0,5,-11
0000000292,1610612752,NYK,New York Knicks,1626164,Isaiah Hartenstein,2024-25,Regular Season,2025-06-01,1610612744,GSW,Golden State Warriors,True,False,W,21.6,28,11,19,0,1,0,5,4,12,16,1,4,0,5,4,0
0000000292,1610612752,NYK,New York Knicks,1629628,RJ Barrett,2024-25,Regular Season,2025-06-01,1610612744,GSW,Golden State Warriors,True,False,W,36.7,15,6,12,2,3,0,3,1,6,7,0,2,2,0,3,15
0000000292,1610612752,NYK,New York Knicks,1630193,Immanuel Quickley,2024-25,Regular Season,2025-06-01,1610612744,GSW,Golden State Warriors,True,False,W,20.8,12,4,9,0,3,0,1,0,4,4,3,0,0,1,5,17
0000000292,1610612752,NYK,New York Knicks,203944,Julius Randle,2024-25,Regular Season,2025-06-01,1610612744,GSW,Golden State Warriors,True,False,W,19.7,26,10,19,0,3,0,0,1,11,12,2,3,2,3,4,-1
0000000292,1610612752,NYK,New York Knicks,1631216,Miles McBride,2024-25,Regular Season,2025-06-01,1610612744,GSW,Golden State Warriors,True,False,W,35.3,18,7,14,3,10,0,2,0,0,0,0,4,3,0,3,-15
0000000292,1610612744,GSW,Golden State Warriors,201939,Stephen Curry,2024-25,Regular Season,2025-06-01,1610612752,NYK,New York Knicks,False,True,L,29.5,27,10,19,1,1,0,3,1,4,5,1,4,1,2,5,4
0000000292,1610612744,GSW,Golden State Warriors,202691,Klay Thompson,2024-25,Regular Season,2025-06-01,1610612752,NYK,New York Knicks,False,True,L,30.5,15,6,13,5,6,0,0,0,8,8,4,2,1,4,1,17
0000000292,1610612744,GSW,Golden State Warriors,203110,Draymond Green,2024-25,Regular Season,2025-06-01,1610612752,NYK,New York Knicks,False,True,L,20.3,17,6,11,2,8,3,4,4,1,5,3,1,2,2,4,-15
0000000292,1610612744,GSW,Golden State Warriors,1630228,Jonathan Kuminga,2024-25,Regular Season,2025-06-01,1610612752,NYK,New York Knicks,False,True,L,19.0,17,6,14,0,6,0,1,1,3,4,2,1,0,4,0,12
0000000292,1610612744,GSW,Golden State Warriors,1626172,Kevon Looney,2024-25,Regular Season,2025-06-01,1610612752,NYK,New York Knicks,False,True,L,19.8,7,2,8,1,3,2,3,0,9,9,1,3,3,5,0,7
0000000292,1610612744,GSW,Golden State Warriors,1630541,Brandin Podziemski,2024-25,Regular Season,2025-06-01,1610612752,NYK,New York Knicks,False,True,L,29.0,0,6,10,6,10,0,2,0,5,5,3,4,2,5,0,13
0000000293,1610612752,NYK,New York Knicks,1628973,Jalen Brunson,2024-25,Regular Season,2025-06-03,1610612743,DEN,Denver Nuggets,True,False,W,30.3,34,13,19,0,1,0,0,2,8,10,14,1,2,3,3,6
0000000293,1610612752,NYK,New York Knicks,1626164,Isaiah Hartenstein,2024-25,Regular Season,2025-06-03,1610612743,DEN,Denver Nuggets,True,False,W,25.0,22,8,15,1,1,1,3,1,8,9,2,3,2,4,0,-10
0000000293,1610612752,NYK,New York Knicks,1629628,RJ Barrett,2024-25,Regular Season,2025-06-03,1610612743,DEN,Denver Nuggets,True,False,W,31.7,13,5,8,2,8,1,6,0,0,0,4,1,0,4,4,-7
0000000293,1610612752,NYK,New York Knicks,1630193,Immanuel Quickley,2024-25,Regular Season,2025-06-03,1610612743,DEN,Denver Nuggets,True,False,W,19.2,19,10,11,10,10,4,8,1,0,1,4,4,3,5,2,-10
0000000293,1610612752,NYK,New York Knicks,203944,Julius Randle,2024-25,Regular Season,2025-06-03,1610612743,DEN,Denver Nuggets,True,False,W,19.8,19,7,14,3,10,3,3,2,8,10,8,4,0,0,4,16
0000000293,1610612752,NYK,New York Knicks,1631216,Miles McBride,2024-25,Regular Season,2025-06-03,1610612743,DEN,Denver Nuggets,True,False,W,25.8,12,4,7,1,1,0,0,0,0,0,0,3,0,1,3,-4
0000000293,1610612743,DEN,Denver Nuggets,203999,Nikola Jokić,2024-25,Regular Season,2025-06-03,1610612752,NYK,New York Knicks,False,True,L,24.2,21,8,15,0,0,0,1,0,8,8,10,4,1,0,5,7
0000000293,1610612743,DEN,Denver Nuggets,1627750,Jamal Murray,2024-25,Regular Season,2025-06-03,1610612752,NYK,New York Knicks,False,True,L,31.5,15,6,8,1,1,1,2,3,0,3,9,3,3,3,0,3
0000000293,1610612743,DEN,Denver Nuggets,1628420,Aaron Gordon,2024-25,Regular Season,2025-06-03,1610612752,NYK,New York Knicks,False,True,L,28.7,15,6,11,0,6,5,6,2,5,7,2,0,0,5,4,7
0000000293,1610612743,DEN,Denver Nuggets,1630166,Christian Braun,2024-25,Regular Season,2025-06-03,1610612752,NYK,New York Knicks,False,True,L,30.3,15,6,12,5,7,0,3,0,0,0,0,3,0,3,4,17
0000000293,1610612743,DEN,Denver Nuggets,203914,Kentavious Caldwell-Pope,2024-25,Regular Season,2025-06-03,1610612752,NYK,New York Knicks,False,True,L,34.7,19,7,14,2,6,1,2,1,0,1,4,1,3,2,2,12
0000000293,1610612743,DEN,Denver Nuggets,1631128,Peyton Watson,2024-25,Regular Season,2025-06-03,1610612752,NYK,New York Knicks,False,True,L,19.2,8,3,9,0,0,0,1,3,4,7,0,0,2,2,3,3
0000000294,1610612752,NYK,New York Knicks,1628973,Jalen Brunson,2024-25,Regular Season,2025-06-05,1610612738,BOS,Boston Celtics,True,False,L,29.2,27,10,16,0,9,1,8,0,5,5,4,0,0,2,0,9
0000000294,1610612752,NYK,New York Knicks,1626164,Isaiah Hartenstein,2024-25,Regular Season,2025-06-05,1610612738,BOS,Boston Celtics,True,False,L,34.0,23,9,13,2,2,1,2,3,10,13,3,1,3,5,2,-18
0000000294,1610612752,NYK,New York Knicks,1629628,RJ Barrett,2024-25,Regular Season,2025-06-05,1610612738,BOS,Boston Celtics,True,False,L,26.9,21,8,15,5,9,4,8,0,8,8,5,0,1,1,1,17
0000000294,1610612752,NYK,New York Knicks,1630193,Immanuel Quickley,2024-25,Regular Season,2025-06-05,1610612738,BOS,Boston Celtics,True,False,L,23.9,6,2,8,0,0,0,4,0,0,0,3,0,3,4,4,-16
0000000294,1610612752,NYK,New York Knicks,203944,Julius Randle,2024-25,Regular Season,2025-06-05,1610612738,BOS,Boston Celtics,True,False,L,37.8,19,7,13,0,8,0,1,3,6,9,1,0,2,0,2,-12
0000000294,1610612752,NYK,New York Knicks,1631216,Miles McBride,2024-25,Regular Season,2025-06-05,1610612738,BOS,Boston Celtics,True,False,L,37.2,16,6,10,0,6,3,8,0,0,0,2,0,3,4,1,14
0000000294,1610612738,BOS,Boston Celtics,1628369,Jayson Tatum,2024-25,Regular Season,2025-06-05,1610612752,NYK,New York Knicks,False,True,W,29.8,32,12,20,5,5,3,7,2,2,4,5,3,2,2,0,1
0000000294,1610612738,BOS,Boston Celtics,1627759,Jaylen Brown,2024-25,Regular Season,2025-06-05,1610612752,NYK,New York Knicks,False,True,W,35.0,24,9,17,6,6,0,0,2,7,9,1,2,2,2,3,11
0000000294,1610612738,BOS,Boston Celtics,201950,Jrue Holiday,2024-25,Regular Season,2025-06-05,1610612752,NYK,New York Knicks,False,True,W,19.3,15,6,8,6,8,5,5,3,0,3,8,4,0,2,2,5
0000000294,1610612738,BOS,Boston Celtics,1628464,Derrick White,2024-25,Regular Season,2025-06-05,1610612752,NYK,New York Knicks,False,True,W,24.1,18,7,15,1,7,4,8,3,2,5,6,1,3,0,4,-3
0000000294,1610612738,BOS,Boston Celtics,203935,Kristaps Porziņģis,2024-25,Regular Season,2025-06-05,1610612752,NYK,New York Knicks,False,True,W,35.7,19,7,11,0,1,8,8,3,2,5,3,4,2,0,1,2
0000000294,1610612738,BOS,Boston Celtics,1629057,Robert Williams,2024-25,Regular Season,2025-06-05,1610612752,NYK,New York Knicks,False,True,W,19.5,7,2,5,0,1,2,8,4,4,8,0,3,3,2,4,12
0000000295,1610612752,NYK,New York Knicks,1628973,Jalen Brunson,2024-25,Regular Season,2025-06-07,1610612748,MIA,Miami Heat,True,False,W,25.7,30,12,20,5,8,0,1,2,2,4,7,0,1,4,0,10
0000000295,1610612752,NYK,New York Knicks,1626164,Isaiah Hartenstein,2024-25,Regular Season,2025-06-07,1610612748,MIA,Miami Heat,True,False,W,34.4,28,11,15,3,3,5,8,1,13,14,2,3,0,3,4,-18
0000000295,1610612752,NYK,New York Knicks,1629628,RJ Barrett,2024-25,Regular Season,2025-06-07,1610612748,MIA,Miami Heat,True,False,W,21.4,23,9,12,6,6,0,0,1,7,8,3,0,1,3,4,13
0000000295,1610612752,NYK,New York Knicks,1630193,Immanuel Quickley,2024-25,Regular Season,2025-06-07,1610612748,MIA,Miami Heat,True,False,W,18.1,21,8,14,5,7,4,4,0,0,0,6,2,1,4,3,6
0000000295,1610612752,NYK,New York Knicks,203944,Julius Randle,2024-25,Regular Season,2025-06-07,1610612748,MIA,Miami Heat,True,False,W,20.6,22,8,17,1,5,1,2,1,10,11,4,2,1,2,4,-10
0000000295,1610612752,NYK,New York Knicks,1631216,Miles McBride,2024-25,Regular Season,2025-06-07,1610612748,MIA,Miami Heat,True,False,W,32.9,13,5,9,0,3,7,8,0,0,0,0,1,1,1,0,17
0000000295,1610612748,MIA,Miami Heat,202710,Jimmy Butler,2024-25,Regular Season,2025-06-07,1610612752,NYK,New York Knicks,False,True,L,30.0,16,6,14,0,2,7,7,2,4,6,3,2,1,3,5,13
0000000295,1610612748,MIA,Miami Heat,1629639,Tyler Herro,2024-25,Regular Season,2025-06-07,1610612752,NYK,New York Knicks,False,True,L,23.6,14,5,10,5,7,2,2,2,6,8,6,1,2,4,2,-10
0000000295,1610612748,MIA,Miami Heat,202355,Bam Adebayo,2024-25,Regular Season,2025-06-07,1610612752,NYK,New York Knicks,False,True,L,26.6,18,7,11,0,0,8,8,2,0,2,2,1,3,1,5,0
0000000295,1610612748,MIA,Miami Heat,1631107,Jaime Jaquez,2024-25,Regular Season,2025-06-07,1610612752,NYK,New York Knicks,False,True,L,18.8,8,3,7,3,7,1,2,3,0,3,3,3,3,1,3,-1
0000000295,1610612748,MIA,Miami Heat,203482,Kelly Olynyk,2024-25,Regular Season,2025-06-07,1610612752,NYK,New York Knicks,False,True,L,26.6,12,4,11,0,0,1,8,2,2,4,3,3,1,1,1,12
0000000295,1610612748,MIA,Miami Heat,1630217,Caleb Martin,2024-25,Regular Season,2025-06-07,1610612752,NYK,New York Knicks,False,True,L,20.8,6,3,8,3,8,0,8,3,2,5,1,1,1,1,4,1
0000000296,1610612748,MIA,Miami Heat,202710,Jimmy Butler,2024-25,Regular Season,2025-06-09,1610612747,LAL,Los Angeles Lakers,True,False,L,29.1,20,8,12,3,5,0,1,0,5,5,4,3,1,3,1,10
0000000296,1610612748,MIA,Miami Heat,1629639,Tyler Herro,2024-25,Regular Season,2025-06-09,1610612747,LAL,Los Angeles Lakers,True,False,L,27.0,23,9,13,2,10,8,8,2,3,5,3,4,3,2,0,15
0000000296,1610612748,MIA,Miami Heat,202355,Bam Adebayo,2024-25,Regular Season,2025-06-09,1610612747,LAL,Los Angeles Lakers,True,False,L,22.1,24,9,18,0,1,3,3,1,9,10,5,4,0,3,1,-16
0000000296,1610612748,MIA,Miami Heat,1631107,Jaime Jaquez,2024-25,Regular Season,2025-06-09,1610612747,LAL,Los Angeles Lakers,True,False,L,25.5,16,6,11,1,1,4,7,1,0,1,3,0,0,5,1,-2
0000000296,1610612748,MIA,Miami Heat,203482,Kelly Olynyk,2024-25,Regular Season,2025-06-09,1610612747,LAL,Los Angeles Lakers,True,False,L,29.6,3,1,3,1,1,1,1,3,4,7,0,2,1,1,5,-8
0000000296,1610612748,MIA,Miami Heat,1630217,Caleb Martin,2024-25,Regular Season,2025-06-09,1610612747,LAL,Los Angeles Lakers,True,False,L,36.7,9,3,7,1,2,2,8,3,0,3,0,2,2,3,1,-6
0000000296,1610612747,LAL,Los Angeles Lakers,2544,LeBron James,2024-25,Regular Season,2025-06-09,1610612748,MIA,Miami Heat,False,True,W,25.5,26,10,19,2,6,5,5,1,12,13,7,0,1,2,3,-17
0000000296,1610612747,LAL,Los Angeles Lakers,1629029,Luka Dončić,2024-25,Regular Season,2025-06-09,1610612748,MIA,Miami Heat,False,True,W,32.8,19,7,14,4,4,0,0,2,3,5,7,1,0,5,4,0
0000000296,1610612747,LAL,Los Angeles Lakers,203076,Anthony Davis,2024-25,Regular Season,2025-06-09,1610612748,MIA,Miami Heat,False,True,W,18.6,19,7,11,2,3,6,8,2,12,14,7,4,0,1,3,-17
0000000296,1610612747,LAL,Los Angeles Lakers,1630559,Austin Reaves,2024-25,Regular Season,2025-06-09,1610612748,MIA,Miami Heat,False,True,W,30.5,24,9,14,3,4,1,3,0,4,4,7,4,1,1,3,-2
0000000296,1610612747,LAL,Los Angeles Lakers,1626156,Dalton Knecht,2024-25,Regular Season,2025-06-09,1610612748,MIA,Miami Heat,False,True,W,35.4,12,4,10,4,5,3,7,1,8,9,4,2,1,3,0,-1
0000000296,1610612747,LAL,Los Angeles Lakers,1629020,Rui Hachimura,2024-25,Regular Season,2025-06-09,1610612748,MIA,Miami Heat,False,True,W,33.1,18,7,11,1,2,5,8,0,6,6,0,3,3,4,2,-15
0000000297,1610612748,MIA,Miami Heat,202710,Jimmy Butler,2024-25,Regular Season,2025-06-11,1610612744,GSW,Golden State Warriors,True,False,L,25.8,30,12,20,4,7,0,1,0,9,9,5,1,2,3,2,12
0000000297,1610612748,MIA,Miami Heat,1629639,Tyler Herro,2024-25,Regular Season,2025-06-11,1610612744,GSW,Golden State Warriors,True,False,L,32.8,19,7,15,5,8,2,8,0,7,7,7,0,0,0,1,13
0000000297,1610612748,MIA,Miami Heat,202355,Bam Adebayo,2024-25,Regular Season,2025-06-11,1610612744,GSW,Golden State Warriors,True,False,L,30.9,9,3,5,1,1,0,1,1,11,12,4,1,3,5,0,0
0000000297,1610612748,MIA,Miami Heat,1631107,Jaime Jaquez,2024-25,Regular Season,2025-06-11,1610612744,GSW,Golden State Warriors,True,False,L,32.8,14,5,9,5,6,4,7,0,0,0,2,1,0,2,4,-16
0000000297,1610612748,MIA,Miami Heat,203482,Kelly Olynyk,2024-25,Regular Season,2025-06-11,1610612744,GSW,Golden State Warriors,True,False,L,22.1,9,3,7,1,2,0,7,2,4,6,1,3,3,4,1,4
0000000297,1610612748,MIA,Miami Heat,1630217,Caleb Martin,2024-25,Regular Season,2025-06-11,1610612744,GSW,Golden State Warriors,True,False,L,19.3,7,2,6,0,6,4,7,0,5,5,5,3,0,5,0,18
0000000297,1610612744,GSW,Golden State Warriors,201939,Stephen Curry,2024-25,Regular Season,2025-06-11,1610612748,MIA,Miami Heat,False,True,W,20.7,26,10,14,2,2,2,6,0,1,1,8,0,1,5,1,-13
0000000297,1610612744,GSW,Golden State Warriors,202691,Klay Thompson,2024-25,Regular Season,2025-06-11,1610612748,MIA,Miami Heat,False,True,W,19.8,23,9,13,7,7,1,1,3,0,3,1,3,1,3,5,-4
0000000297,1610612744,GSW,Golden State Warriors,203110,Draymond Green,2024-25,Regular Season,2025-06-11,1610612748,MIA,Miami Heat,False,True,W,33.2,15,6,8,2,7,3,5,1,2,3,9,3,2,2,0,-7
0000000297,1610612744,GSW,Golden State Warriors,1630228,Jonathan Kuminga,2024-25,Regular Season,2025-06-11,1610612748,MIA,Miami Heat,False,True,W,33.8,18,7,11,4,10,5,7,2,6,8,1,1,3,0,5,10
0000000297,1610612744,GSW,Golden State Warriors,1626172,Kevon Looney,2024-25,Regular Season,2025-06-11,1610612748,MIA,Miami Heat,False,True,W,37.1,2,0,6,0,0,0,0,0,5,5,3,0,0,4,2,-16
0000000297,1610612744,GSW,Golden State Warriors,1630541,Brandin Podziemski,2024-25,Regular Season,2025-06-11,1610612748,MIA,Miami Heat,False,True,W,27.3,13,9,10,9,10,4,8,1,0,1,3,0,3,5,3,-8
0000000298,1610612748,MIA,Miami Heat,202710,Jimmy Butler,2024-25,Regular Season,2025-06-13,1610612743,DEN,Denver Nuggets,True,False,L,37.3,10,4,9,0,1,8,8,0,10,10,4,4,0,0,5,-9
0000000298,1610612748,MIA,Miami Heat,1629639,Tyler Herro,2024-25,Regular Season,2025-06-13,1610612743,DEN,Denver Nuggets,True,False,L,19.4,19,7,12,0,0,7,7,0,6,6,3,2,3,3,5,1
0000000298,1610612748,MIA,Miami Heat,202355,Bam Adebayo,2024-25,Regular Season,2025-06-13,1610612743,DEN,Denver Nuggets,True,False,L,34.2,5,2,8,0,2,0,0,1,8,9,6,0,3,5,3,-18
0000000298,1610612748,MIA,Miami Heat,1631107,Jaime Jaquez,2024-25,Regular Season,2025-06-13,1610612743,DEN,Denver Nuggets,True,False,L,28.1,10,5,10,5,5,1,2,0,0,0,1,3,3,1,2,17
0000000298,1610612748,MIA,Miami Heat,203482,Kelly Olynyk,2024-25,Regular Season,2025-06-13,1610612743,DEN,Denver Nuggets,True,False,L,36.3,12,4,10,0,0,2,4,1,5,6,1,4,1,4,4,-11
0000000298,1610612748,MIA,Miami Heat,1630217,Caleb Martin,2024-25,Regular Season,2025-06-13,1610612743,DEN,Denver Nuggets,True,False,L,25.3,7,5,8,5,5,5,7,0,0,0,1,3,3,1,3,-9
0000000298,1610612743,DEN,Denver Nuggets,203999,Nikola Jokić,2024-25,Regular Season,2025-06-13,1610612748,MIA,Miami Heat,False,True,W,20.8,25,10,13,1,1,1,2,3,8,11,11,0,3,1,2,14
0000000298,1610612743,DEN,Denver Nuggets,1627750,Jamal Murray,2024-25,Regular Season,2025-06-13,1610612748,MIA,Miami Heat,False,True,W,37.2,26,10,14,3,6,0,5,0,0,0,3,0,3,0,4,12
0000000298,1610612743,DEN,Denver Nuggets,1628420,Aaron Gordon,2024-25,Regular Season,2025-06-13,1610612748,MIA,Miami Heat,False,True,W,25.9,14,5,13,5,5,3,5,1,2,3,2,3,0,5,3,18
0000000298,1610612743,DEN,Denver Nuggets,1630166,Christian Braun,2024-25,Regular Season,2025-06-13,1610612748,MIA,Miami Heat,False,True,W,22.4,3,1,5,0,0,1,2,3,4,7,1,4,2,1,3,18
0000000298,1610612743,DEN,Denver Nuggets,203914,Kentavious Caldwell-Pope,2024-25,Regular Season,2025-06-13,1610612748,MIA,Miami Heat,False,True,W,26.0,7,8,10,8,10,4,4,2,0,2,4,3,3,1,2,-12
0000000298,1610612743,DEN,Denver Nuggets,1631128,Peyton Watson,2024-25,Regular Season,2025-06-13,1610612748,MIA,Miami Heat,False,True,W,27.6,7,3,9,3,4,0,0,0,0,0,0,0,0,3,5,14
0000000299,1610612748,MIA,Miami Heat,202710,Jimmy Butler,2024-25,Regular Season,2025-06-15,1610612738,BOS,Boston Celtics,True,False,W,22.3,18,7,12,1,1,4,5,1,5,6,6,1,1,5,0,-16
0000000299,1610612748,MIA,Miami Heat,1629639,Tyler Herro,2024-25,Regular Season,2025-06-15,1610612738,BOS,Boston Celtics,True,False,W,36.5,25,10,18,2,2,6,7,3,4,7,7,1,2,0,5,-4
0000000299,1610612748,MIA,Miami Heat,202355,Bam Adebayo,2024-25,Regular Season,2025-06-15,1610612738,BOS,Boston Celtics,True,False,W,20.9,17,6,14,0,0,0,2,1,7,8,4,2,1,0,2,16
0000000299,1610612748,MIA,Miami Heat,1631107,Jaime Jaquez,2024-25,Regular Season,2025-06-15,1610612738,BOS,Boston Celtics,True,False,W,29.9,9,3,10,0,9,1,8,0,0,0,2,3,3,5,1,-4
0000000299,1610612748,MIA,Miami Heat,203482,Kelly Olynyk,2024-25,Regular Season,2025-06-15,1610612738,BOS,Boston Celtics,True,False,W,28.0,5,2,3,0,0,1,4,0,1,1,2,0,3,4,0,-6
0000000299,1610612748,MIA,Miami Heat,1630217,Caleb Martin,2024-25,Regular Season,2025-06-15,1610612738,BOS,Boston Celtics,True,False,W,36.2,10,4,10,1,9,4,6,3,0,3,1,1,1,1,2,-12
0000000299,1610612738,BOS,Boston Celtics,1628369,Jayson Tatum,2024-25,Regular Season,2025-06-15,1610612748,MIA,Miami Heat,False,True,L,31.6,19,7,11,5,7,2,2,1,5,6,3,0,3,0,0,-10
0000000299,1610612738,BOS,Boston Celtics,1627759,Jaylen Brown,2024-25,Regular Season,2025-06-15,1610612748,MIA,Miami Heat,False,True,L,26.0,16,6,12,3,10,3,6,0,2,2,2,2,2,5,5,17
0000000299,1610612738,BOS,Boston Celtics,201950,Jrue Holiday,2024-25,Regular Season,2025-06-15,1610612748,MIA,Miami Heat,False,True,L,24.0,14,5,12,2,6,0,0,3,1,4,5,4,3,4,4,5
0000000299,1610612738,BOS,Boston Celtics,1628464,Derrick White,2024-25,Regular Season,2025-06-15,1610612748,MIA,Miami Heat,False,True,L,30.3,14,5,12,0,1,1,2,2,1,3,6,3,3,0,1,-2
0000000299,1610612738,BOS,Boston Celtics,203935,Kristaps Porziņģis,2024-25,Regular Season,2025-06-15,1610612748,MIA,Miami Heat,False,True,L,36.1,0,0,1,0,0,1,3,1,8,9,1,0,0,4,4,15
0000000299,1610612738,BOS,Boston Celtics,1629057,Robert Williams,2024-25,Regular Season,2025-06-15,1610612748,MIA,Miami Heat,False,True,L,29.9,10,4,10,1,3,6,8,1,10,11,0,0,3,2,4,4
0000000300,1610612748,MIA,Miami Heat,202710,Jimmy Butler,2024-25,Regular Season,2025-06-17,1610612752,NYK,New York Knicks,True,False,L,27.2,23,9,13,1,6,4,5,4,10,14,13,2,3,2,5,-12
0000000300,1610612748,MIA,Miami Heat,1629639,Tyler Herro,2024-25,Regular Season,2025-06-17,1610612752,NYK,New York Knicks,True,False,L,23.7,21,8,12,3,10,3,3,2,3,5,5,4,1,3,5,-11
0000000300,1610612748,MIA,Miami Heat,202355,Bam Adebayo,2024-25,Regular Season,2025-06-17,1610612752,NYK,New York Knicks,True,False,L,27.2,19,7,14,0,0,0,5,1,12,13,5,2,2,0,0,-17
0000000300,1610612748,MIA,Miami Heat,1631107,Jaime Jaquez,2024-25,Regular Season,2025-06-17,1610612752,NYK,New York Knicks,True,False,L,20.3,17,6,11,0,0,7,7,1,5,6,0,1,2,4,5,15
0000000300,1610612748,MIA,Miami Heat,203482,Kelly Olynyk,2024-25,Regular Season,2025-06-17,1610612752,NYK,New York Knicks,True,False,L,29.7,0,0,1,0,0,1,4,3,1,4,0,0,0,0,1,14
0000000300,1610612748,MIA,Miami Heat,1630217,Caleb Martin,2024-25,Regular Season,2025-06-17,1610612752,NYK,New York Knicks,True,False,L,19.4,3,3,10,3,10,2,2,0,1,1,2,2,1,3,2,-18
0000000300,1610612752,NYK,New York Knicks,1628973,Jalen Brunson,2024-25,Regular Season,2025-06-17,1610612748,MIA,Miami Heat,False,True,W,31.4,31,12,16,2,3,1,3,2,3,5,9,1,2,4,5,7
0000000300,1610612752,NYK,New York Knicks,1626164,Isaiah Hartenstein,2024-25,Regular Season,2025-06-17,1610612748,MIA,Miami Heat,False,True,W,27.8,21,8,13,0,2,4,6,3,9,12,2,4,3,2,0,-9
0000000300,1610612752,NYK,New York Knicks,1629628,RJ Barrett,2024-25,Regular Season,2025-06-17,1610612748,MIA,Miami Heat,False,True,W,26.3,13,5,8,2,8,0,4,4,3,7,3,4,0,0,3,7
0000000300,1610612752,NYK,New York Knicks,1630193,Immanuel Quickley,2024-25,Regular Season,2025-06-17,1610612748,MIA,Miami Heat,False,True,W,31.8,3,3,9,3,9,1,4,2,0,2,3,3,3,0,4,11
0000000300,1610612752,NYK,New York Knicks,203944,Julius Randle,2024-25,Regular Season,2025-06-17,1610612748,MIA,Miami Heat,False,True,W,27.3,13,6,11,6,7,1,2,4,8,12,3,0,1,4,3,-9
0000000300,1610612752,NYK,New York Knicks,1631216,Miles McBride,2024-25,Regular Season,2025-06-17,1610612748,MIA,Miami Heat,False,True,W,29.5,5,2,6,2,6,2,5,0,0,0,1,0,3,1,1,-7
0000000301,1610612747,LAL,Los Angeles Lakers,2544,LeBron James,2024-25,Regular Season,2025-06-19,1610612744,GSW,Golden State Warriors,True,False,W,26.2,31,12,19,0,4,6,6,4,3,7,11,0,1,2,1,7
0000000301,1610612747,LAL,Los Angeles Lakers,1629029,Luka Dončić,2024-25,Regular Season,2025-06-19,1610612744,GSW,Golden State Warriors,True,False,W,18.5,38,15,23,1,2,1,6,1,11,12,8,3,1,4,2,2
0000000301,1610612747,LAL,Los Angeles Lakers,203076,Anthony Davis,2024-25,Regular Season,2025-06-19,1610612744,GSW,Golden State Warriors,True,False,W,28.9,17,6,13,0,2,2,8,4,3,7,4,3,0,1,5,-18
0000000301,1610612747,LAL,Los Angeles Lakers,1630559,Austin Reaves,2024-25,Regular Season,2025-06-19,1610612744,GSW,Golden State Warriors,True,False,W,31.2,13,7,11,7,7,7,7,0,0,0,4,2,0,2,1,-5
0000000301,1610612747,LAL,Los Angeles Lakers,1626156,Dalton Knecht,2024-25,Regular Season,2025-06-19,1610612744,GSW,Golden State Warriors,True,False,W,24.5,11,4,9,3,6,0,0,1,0,1,2,4,0,3,5,16
0000000301,1610612747,LAL,Los Angeles Lakers,1629020,Rui Hachimura,2024-25,Regular Season,2025-06-19,1610612744,GSW,Golden State Warriors,True,False,W,23.2,5,2,8,0,0,2,2,0,7,7,0,3,0,5,0,-3
0000000301,1610612744,GSW,Golden State Warriors,201939,Stephen Curry,2024-25,Regular Season,2025-06-19,1610612747,LAL,Los Angeles Lakers,False,True,L,37.5,26,10,16,0,5,0,5,2,1,3,6,4,2,2,1,-17
0000000301,1610612744,GSW,Golden State Warriors,202691,Klay Thompson,2024-25,Regular Season,2025-06-19,1610612747,LAL,Los Angeles Lakers,False,True,L,22.2,15,6,13,3,4,0,2,2,4,6,0,1,0,4,3,-9
0000000301,1610612744,GSW,Golden State Warriors,203110,Draymond Green,2024-25,Regular Season,2025-06-19,1610612747,LAL,Los Angeles Lakers,False,True,L,19.0,7,2,6,1,6,3,3,0,10,10,5,0,0,1,5,1
0000000301,1610612744,GSW,Golden State Warriors,1630228,Jonathan Kuminga,2024-25,Regular Season,2025-06-19,1610612747,LAL,Los Angeles Lakers,False,True,L,25.4,15,6,12,3,4,0,2,0,0,0,0,2,2,5,2,12
0000000301,1610612744,GSW,Golden State Warriors,1626172,Kevon Looney,2024-25,Regular Season,2025-06-19,1610612747,LAL,Los Angeles Lakers,False,True,L,34.2,9,3,9,0,0,5,5,3,0,3,3,0,2,2,0,4
0000000301,1610612744,GSW,Golden State Warriors,1630541,Brandin Podziemski,2024-25,Regular Season,2025-06-19,1610612747,LAL,Los Angeles Lakers,False,True,L,22.0,0,2,6,2,6,0,0,0,7,7,7,4,2,3,1,5
0000000302,1610612747,LAL,Los Angeles Lakers,2544,LeBron James,2024-25,Regular Season,2025-06-21,1610612743,DEN,Denver Nuggets,True,False,L,21.7,18,7,15,1,2,0,0,2,4,6,9,2,1,1,5,-13
0000000302,1610612747,LAL,Los Angeles Lakers,1629029,Luka Dončić,2024-25,Regular Season,2025-06-21,1610612743,DEN,Denver Nuggets,True,False,L,27.9,23,9,14,9,10,3,8,4,5,9,9,0,3,4,3,5
0000000302,1610612747,LAL,Los Angeles Lakers,203076,Anthony Davis,2024-25,Regular Season,2025-06-21,1610612743,DEN,Denver Nuggets,True,False,L,19.1,15,6,10,2,3,1,5,0,13,13,5,1,0,4,2,2
0000000302,1610612747,LAL,Los Angeles Lakers,1630559,Austin Reaves,2024-25,Regular Season,2025-06-21,1610612743,DEN,Denver Nuggets,True,False,L,33.2,10,4,10,2,10,2,6,0,0,0,5,2,0,1,4,-1
0000000302,1610612747,LAL,Los Angeles Lakers,1626156,Dalton Knecht,2024-25,Regular Season,2025-06-21,1610612743,DEN,Denver Nuggets,True,False,L,20.4,10,4,9,4,7,1,3,2,0,2,5,3,0,4,4,5
0000000302,1610612747,LAL,Los Angeles Lakers,1629020,Rui Hachimura,2024-25,Regular Season,2025-06-21,1610612743,DEN,Denver Nuggets,True,False,L,22.5,16,6,12,2,3,1,5,3,4,7,0,1,1,5,0,-4
0000000302,1610612743,DEN,Denver Nuggets,203999,Nikola Jokić,2024-25,Regular Season,2025-06-21,1610612747,LAL,Los Angeles Lakers,False,True,W,37.4,27,10,16,0,0,1,1,2,12,14,9,4,0,3,5,-11
0000000302,1610612743,DEN,Denver Nuggets,1627750,Jamal Murray,2024-25,Regular Season,2025-06-21,1610612747,LAL,Los Angeles Lakers,False,True,W,37.1,25,10,15,2,4,4,4,1,1,2,3,2,3,3,3,-9
0000000302,1610612743,DEN,Denver Nuggets,1628420,Aaron Gordon,2024-25,Regular Season,2025-06-21,1610612747,LAL,Los Angeles Lakers,False,True,W,37.7,10,5,9,5,9,0,0,1,8,9,3,3,3,0,3,-1
0000000302,1610612743,DEN,Denver Nuggets,1630166,Christian Braun,2024-25,Regular Season,2025-06-21,1610612747,LAL,Los Angeles Lakers,False,True,W,26.6,16,6,10,5,7,0,5,2,0,2,2,3,1,5,5,14
0000000302,1610612743,DEN,Denver Nuggets,203914,Kentavious Caldwell-Pope,2024-25,Regular Season,2025-06-21,1610612747,LAL,Los Angeles Lakers,False,True,W,35.7,12,4,11,3,8,1,8,2,2,4,2,0,3,2,0,6
0000000302,1610612743,DEN,Denver Nuggets,1631128,Peyton Watson,2024-25,Regular Season,2025-06-21,1610612747,LAL,Los Angeles Lakers,False,True,W,27.0,4,1,7,0,2,2,3,2,0,2,4,0,1,1,0,2
0000000303,1610612747,LAL,Los Angeles Lakers,2544,LeBron James,2024-25,Regular Season,2025-06-23,1610612738,BOS,Boston Celtics,True,False,L,23.1,28,11,20,1,3,1,3,1,4,5,6,2,2,1,2,5
0000000303,1610612747,LAL,Los Angeles Lakers,1629029,Luka Dončić,2024-25,Regular Season,2025-06-23,1610612738,BOS,Boston Celtics,True,False,L,32.0,23,9,12,0,0,0,7,1,7,8,9,1,0,2,2,10
0000000303,1610612747,LAL,Los Angeles Lakers,203076,Anthony Davis,2024-25,Regular Season,2025-06-23,1610612738,BOS,Boston Celtics,True,False,L,30.2,19,7,10,1,1,0,3,2,5,7,0,3,1,0,2,-16
0000000303,1610612747,LAL,Los Angeles Lakers,1630559,Austin Reaves,2024-25,Regular Season,2025-06-23,1610612738,BOS,Boston Celtics,True,False,L,35.5,11,4,8,1,8,4,8,3,4,7,6,3,2,4,1,7
0000000303,1610612747,LAL,Los Angeles Lakers,1626156,Dalton Knecht,2024-25,Regular Season,2025-06-23,1610612738,BOS,Boston Celtics,True,False,L,27.5,1,1,1,1,1,6,7,1,0,1,1,0,0,5,3,-8
0000000303,1610612747,LAL,Los Angeles Lakers,1629020,Rui Hachimura,2024-25,Regular Season,2025-06-23,1610612738,BOS,Boston Celtics,True,False,L,32.4,22,8,13,0,3,2,2,0,4,4,4,2,3,0,0,-7
0000000303,1610612738,BOS,Boston Celtics,1628369,Jayson Tatum,2024-25,Regular Season,2025-06-23,1610612747,LAL,Los Angeles Lakers,False,True,W,26.6,26,10,19,1,1,5,6,3,4,7,5,2,3,1,4,8
0000000303,1610612738,BOS,Boston Celtics,1627759,Jaylen Brown,2024-25,Regular Season,2025-06-23,1610612747,LAL,Los Angeles Lakers,False,True,W,29.8,18,7,12,0,2,0,8,1,2,3,0,3,0,2,1,-6
0000000303,1610612738,BOS,Boston Celtics,201950,Jrue Holiday,2024-25,Regular Season,2025-06-23,1610612747,LAL,Los Angeles Lakers,False,True,W,26.2,13,5,10,0,10,0,0,0,0,0,3,4,1,3,4,8
0000000303,1610612738,BOS,Boston Celtics,1628464,Derrick White,2024-25,Regular Season,2025-06-23,1610612747,LAL,Los Angeles Lakers,False,True,W,29.6,22,8,12,0,0,2,4,2,0,2,7,2,2,2,1,-6
0000000303,1610612738,BOS,Boston Celtics,203935,Kristaps Porziņģis,2024-25,Regular Season,2025-06-23,1610612747,LAL,Los Angeles Lakers,False,True,W,32.3,17,6,9,0,1,7,7,1,0,1,0,4,2,0,2,-6
0000000303,1610612738,BOS,Boston Celtics,1629057,Robert Williams,2024-25,Regular Season,2025-06-23,1610612747,LAL,Los Angeles Lakers,False,True,W,26.0,9,3,8,1,2,1,4,4,1,5,0,0,1,3,1,15
0000000304,1610612747,LAL,Los Angeles Lakers,2544,LeBron James,2024-25,Regular Season,2025-06-25,1610612752,NYK,New York Knicks,True,False,L,19.2,20,8,13,3,8,4,6,0,4,4,7,3,0,2,5,3
0000000304,1610612747,LAL,Los Angeles Lakers,1629029,Luka Dončić,2024-25,Regular Season,2025-06-25,1610612752,NYK,New York Knicks,True,False,L,24.2,23,9,14,0,6,0,3,0,5,5,11,3,3,0,1,1
0000000304,1610612747,LAL,Los Angeles Lakers,203076,Anthony Davis,2024-25,Regular Season,2025-06-25,1610612752,NYK,New York Knicks,True,False,L,30.0,18,7,15,0,2,3,8,0,12,12,3,1,0,2,2,3
0000000304,1610612747,LAL,Los Angeles Lakers,1630559,Austin Reaves,2024-25,Regular Season,2025-06-25,1610612752,NYK,New York Knicks,True,False,L,34.1,0,4,10,4,10,7,8,2,6,8,4,1,1,2,5,10
0000000304,1610612747,LAL,Los Angeles Lakers,1626156,Dalton Knecht,2024-25,Regular Season,2025-06-25,1610612752,NYK,New York Knicks,True,False,L,37.1,5,8,9,8,9,3,7,3,5,8,4,1,0,5,0,4
0000000304,1610612747,LAL,Los Angeles Lakers,1629020,Rui Hachimura,2024-25,Regular Season,2025-06-25,1610612752,NYK,New York Knicks,True,False,L,31.7,23,9,17,4,7,1,1,0,6,6,3,2,1,4,0,-4
0000000304,1610612752,NYK,New York Knicks,1628973,Jalen Brunson,2024-25,Regular Season,2025-06-25,1610612747,LAL,Los Angeles Lakers,False,True,W,26.6,23,9,16,0,0,5,5,0,9,9,8,0,2,1,5,-4
0000000304,1610612752,NYK,New York Knicks,1626164,Isaiah Hartenstein,2024-25,Regular Season,2025-06-25,1610612747,LAL,Los Angeles Lakers,False,True,W,36.3,26,10,16,0,0,0,0,4,9,13,4,1,0,2,0,-12
0000000304,1610612752,NYK,New York Knicks,1629628,RJ Barrett,2024-25,Regular Season,2025-06-25,1610612747,LAL,Los Angeles Lakers,False,True,W,23.5,19,7,12,6,9,2,4,3,5,8,3,2,2,5,1,15
0000000304,1610612752,NYK,New York Knicks,1630193,Immanuel Quickley,2024-25,Regular Season,2025-06-25,1610612747,LAL,Los Angeles Lakers,False,True,W,25.1,18,7,13,1,1,0,7,0,0,0,0,3,3,2,0,-17
0000000304,1610612752,NYK,New York Knicks,203944,Julius Randle,2024-25,Regular Season,2025-06-25,1610612747,LAL,Los Angeles Lakers,False,True,W,28.7,20,8,15,0,1,3,5,4,5,9,3,0,1,0,0,-8
0000000304,1610612752,NYK,New York Knicks,1631216,Miles McBride,2024-25,Regular Season,2025-06-25,1610612747,LAL,Los Angeles Lakers,False,True,W,20.2,3,1,8,0,8,1,2,1,0,1,2,1,0,2,4,17
0000000305,1610612747,LAL,Los Angeles Lakers,2544,LeBron James,2024-25,Regular Season,2025-06-27,1610612748,MIA,Miami Heat,True,False,W,37.7,19,7,11,1,5,2,5,2,8,10,7,3,0,4,4,-16
0000000305,1610612747,LAL,Los Angeles Lakers,1629029,Luka Dončić,2024-25,Regular Season,2025-06-27,1610612748,MIA,Miami Heat,True,False,W,26.1,26,10,19,1,2,5,7,0,8,8,8,3,2,2,1,15
0000000305,1610612747,LAL,Los Angeles Lakers,203076,Anthony Davis,2024-25,Regular Season,2025-06-27,1610612748,MIA,Miami Heat,True,False,W,22.8,29,11,19,1,1,2,5,0,8,8,4,4,3,3,2,4
0000000305,1610612747,LAL,Los Angeles Lakers,1630559,Austin Reaves,2024-25,Regular Season,2025-06-27,1610612748,MIA,Miami Heat,True,False,W,29.7,9,3,5,1,5,1,7,4,0,4,4,2,2,4,4,1
0000000305,1610612747,LAL,Los Angeles Lakers,1626156,Dalton Knecht,2024-25,Regular Season,2025-06-27,1610612748,MIA,Miami Heat,True,False,W,31.6,2,4,9,4,9,5,7,0,0,0,0,1,2,3,3,-10
0000000305,1610612747,LAL,Los Angeles Lakers,1629020,Rui Hachimura,2024-25,Regular Season,2025-06-27,1610612748,MIA,Miami Heat,True,False,W,26.9,5,4,10,4,10,3,8,0,5,5,2,3,0,3,3,1
0000000305,1610612748,MIA,Miami Heat,202710,Jimmy Butler,2024-25,Regular Season,2025-06-27,1610612747,LAL,Los Angeles Lakers,False,True,L,20.9,24,9,18,0,3,5,6,4,9,13,7,4,2,0,1,-17
0000000305,1610612748,MIA,Miami Heat,1629639,Tyler Herro,2024-25,Regular Season,2025-06-27,1610612747,LAL,Los Angeles Lakers,False,True,L,28.3,16,6,9,3,4,0,1,1,4,5,6,4,2,3,0,-5
0000000305,1610612748,MIA,Miami Heat,202355,Bam Adebayo,2024-25,Regular Season,2025-06-27,1610612747,LAL,Los Angeles Lakers,False,True,L,32.5,22,8,16,0,0,1,7,2,9,11,2,2,1,5,0,-13
0000000305,1610612748,MIA,Miami Heat,1631107,Jaime Jaquez,2024-25,Regular Season,2025-06-27,1610612747,LAL,Los Angeles Lakers,False,True,L,32.8,11,4,8,3,3,0,2,1,7,8,6,0,1,4,1,11
0000000305,1610612748,MIA,Miami Heat,203482,Kelly Olynyk,2024-25,Regular Season,2025-06-27,1610612747,LAL,Los Angeles Lakers,False,True,L,26.0,10,4,11,1,1,2,7,1,4,5,0,0,3,3,4,18
0000000305,1610612748,MIA,Miami Heat,1630217,Caleb Martin,2024-25,Regular Season,2025-06-27,1610612747,LAL,Los Angeles Lakers,False,True,L,32.5,4,1,3,1,1,0,3,0,0,0,1,1,2,2,1,-1
0000000306,1610612744,GSW,Golden State Warriors,201939,Stephen Curry,2024-25,Regular Season,2025-06-29,1610612747,LAL,Los Angeles Lakers,True,False,L,36.8,36,14,21,3,10,3,7,2,8,10,6,4,2,2,5,-3
0000000306,1610612744,GSW,Golden State Warriors,202691,Klay Thompson,2024-25,Regular Season,2025-06-29,1610612747,LAL,Los Angeles Lakers,True,False,L,35.5,11,4,8,2,3,1,2,0,0,0,1,4,0,0,1,-6
0000000306,1610612744,GSW,Golden State Warriors,203110,Draymond Green,2024-25,Regular Season,2025-06-29,1610612747,LAL,Los Angeles Lakers,True,False,L,36.3,5,2,6,1,6,0,3,2,11,13,4,2,0,4,2,-11
0000000306,1610612744,GSW,Golden State Warriors,1630228,Jonathan Kuminga,2024-25,Regular Season,2025-06-29,1610612747,LAL,Los Angeles Lakers,True,False,L,27.4,22,8,14,5,6,5,7,2,0,2,0,1,2,4,2,9
0000000306,1610612744,GSW,Golden State Warriors,1626172,Kevon Looney,2024-25,Regular Season,2025-06-29,1610612747,LAL,Los Angeles Lakers,True,False,L,36.8,15,6,8,0,0,0,2,0,12,12,0,3,3,4,3,-9
0000000306,1610612744,GSW,Golden State Warriors,1630541,Brandin Podziemski,2024-25,Regular Season,2025-06-29,1610612747,LAL,Los Angeles Lakers,True,False,L,37.5,15,6,13,3,7,0,8,3,2,5,5,4,2,0,0,3
0000000306,1610612747,LAL,Los Angeles Lakers,2544,LeBron James,2024-25,Regular Season,2025-06-29,1610612744,GSW,Golden State Warriors,False,True,W,37.6,34,13,23,3,6,6,7,1,5,6,5,1,0,1,2,15
0000000306,1610612747,LAL,Los Angeles Lakers,1629029,Luka Dončić,2024-25,Regular Season,2025-06-29,1610612744,GSW,Golden State Warriors,False,True,W,31.4,20,8,13,3,9,2,5,2,6,8,9,3,0,2,5,9
0000000306,1610612747,LAL,Los Angeles Lakers,203076,Anthony Davis,2024-25,Regular Season,2025-06-29,1610612744,GSW,Golden State Warriors,False,True,W,30.3,29,11,16,0,0,4,4,2,16,18,0,4,0,0,2,-1
0000000306,1610612747,LAL,Los Angeles Lakers,1630559,Austin Reaves,2024-25,Regular Season,2025-06-29,1610612744,GSW,Golden State Warriors,False,True,W,24.5,19,9,15,9,9,4,6,0,8,8,4,2,2,4,1,15
0000000306,1610612747,LAL,Los Angeles Lakers,1626156,Dalton Knecht,2024-25,Regular Season,2025-06-29,1610612744,GSW,Golden State Warriors,False,True,W,21.2,9,3,10,0,1,0,0,0,0,0,1,2,2,5,5,-6
0000000306,1610612747,LAL,Los Angeles Lakers,1629020,Rui Hachimura,2024-25,Regular Season,2025-06-29,1610612744,GSW,Golden State Warriors,False,True,W,24.1,16,9,11,9,10,1,3,1,1,2,1,0,0,4,5,-12
0000000307,1610612744,GSW,Golden State Warriors,201939,Stephen Curry,2024-25,Regular Season,2025-07-01,1610612743,DEN,Denver Nuggets,True,False,L,29.1,32,12,17,1,2,0,3,1,12,13,13,3,1,1,2,-18
0000000307,1610612744,GSW,Golden State Warriors,202691,Klay Thompson,2024-25,Regular Season,2025-07-01,1610612743,DEN,Denver Nuggets,True,False,L,37.6,19,7,12,0,8,1,2,0,0,0,1,2,2,2,2,-18
0000000307,1610612744,GSW,Golden State Warriors,203110,Draymond Green,2024-25,Regular Season,2025-07-01,1610612743,DEN,Denver Nuggets,True,False,L,25.2,2,3,10,3,10,0,1,0,4,4,3,2,2,4,2,9
0000000307,1610612744,GSW,Golden State Warriors,1630228,Jonathan Kuminga,2024-25,Regular Season,2025-07-01,1610612743,DEN,Denver Nuggets,True,False,L,19.9,7,2,9,1,8,0,1,3,0,3,0,4,0,3,4,-13
0000000307,1610612744,GSW,Golden State Warriors,1626172,Kevon Looney,2024-25,Regular Season,2025-07-01,1610612743,DEN,Denver Nuggets,True,False,L,30.3,1,1,5,1,1,0,4,2,8,10,1,1,0,5,0,1
0000000307,1610612744,GSW,Golden State Warriors,1630541,Brandin Podziemski,2024-25,Regular Season,2025-07-01,1610612743,DEN,Denver Nuggets,True,False,L,24.8,16,6,11,1,3,6,6,4,0,4,2,4,1,0,2,-18
0000000307,1610612743,DEN,Denver Nuggets,203999,Nikola Jokić,2024-25,Regular Season,2025-07-01,1610612744,GSW,Golden State Warriors,False,True,W,33.4,41,16,26,0,2,2,3,2,12,14,9,4,1,4,4,10
0000000307,1610612743,DEN,Denver Nuggets,1627750,Jamal Murray,2024-25,Regular Season,2025-07-01,1610612744,GSW,Golden State Warriors,False,True,W,26.8,19,7,10,0,3,0,0,1,5,6,6,3,0,5,2,11
0000000307,1610612743,DEN,Denver Nuggets,1628420,Aaron Gordon,2024-25,Regular Season,2025-07-01,1610612744,GSW,Golden State Warriors,False,True,W,25.9,2,9,10,9,10,0,3,4,2,6,5,2,3,2,3,-15
0000000307,1610612743,DEN,Denver Nuggets,1630166,Christian Braun,2024-25,Regular Season,2025-07-01,1610612744,GSW,Golden State Warriors,False,True,W,30.2,2,3,7,3,7,0,3,1,4,5,2,1,1,2,2,9
0000000307,1610612743,DEN,Denver Nuggets,203914,Kentavious Caldwell-Pope,2024-25,Regular Season,2025-07-01,1610612744,GSW,Golden State Warriors,False,True,W,36.8,4,3,8,3,6,2,7,1,1,2,3,3,0,2,0,6
0000000307,1610612743,DEN,Denver Nuggets,1631128,Peyton Watson,2024-25,Regular Season,2025-07-01,1610612744,GSW,Golden State Warriors,False,True,W,27.6,13,5,9,4,4,1,6,1,1,2,0,2,1,3,5,-15
0000000308,1610612744,GSW,Golden State Warriors,201939,Stephen Curry,2024-25,Regular Season,2025-07-03,1610612738,BOS,Boston Celtics,True,False,L,23.9,26,10,19,0,0,2,3,1,1,2,2,4,1,1,2,-12
0000000308,1610612744,GSW,Golden State Warriors,202691,Klay Thompson,2024-25,Regular Season,2025-07-03,1610612738,BOS,Boston Celtics,True,False,L,19.7,22,8,15,0,5,4,5,1,0,1,2,2,2,0,5,-5
0000000308,1610612744,GSW,Golden State Warriors,203110,Draymond Green,2024-25,Regular Season,2025-07-03,1610612738,BOS,Boston Celtics,True,False,L,33.6,6,2,9,0,1,1,5,0,0,0,7,0,3,4,0,-17
0000000308,1610612744,GSW,Golden State Warriors,1630228,Jonathan Kuminga,2024-25,Regular Season,2025-07-03,1610612738,BOS,Boston Celtics,True,False,L,37.3,26,10,17,1,4,3,4,1,1,2,1,4,1,5,2,-14
0000000308,1610612744,GSW,Golden State Warriors,1626172,Kevon Looney,2024-25,Regular Season,2025-07-03,1610612738,BOS,Boston Celtics,True,False,L,20.4,12,4,9,0,0,5,6,3,9,12,0,2,0,4,5,13
0000000308,1610612744,GSW,Golden State Warriors,1630541,Brandin Podziemski,2024-25,Regular Season,2025-07-03,1610612738,BOS,Boston Celtics,True,False,L,25.9,9,7,10,7,8,0,6,0,2,2,4,1,2,4,3,-6
0000000308,1610612738,BOS,Boston Celtics,1628369,Jayson Tatum,2024-25,Regular Season,2025-07-03,1610612744,GSW,Golden State Warriors,False,True,W,21.5,24,9,16,6,9,4,8,1,8,9,0,4,2,1,4,5
0000000308,1610612738,BOS,Boston Celtics,1627759,Jaylen Brown,2024-25,Regular Season,2025-07-03,1610612744,GSW,Golden State Warriors,False,True,W,18.5,25,10,14,3,4,0,0,2,1,3,2,3,0,4,3,-9
0000000308,1610612738,BOS,Boston Celtics,201950,Jrue Holiday,2024-25,Regular Season,2025-07-03,1610612744,GSW,Golden State Warriors,False,True,W,33.1,16,6,12,5,7,2,3,0,3,3,6,1,1,3,1,-16
0000000308,1610612738,BOS,Boston Celtics,1628464,Derrick White,2024-25,Regular Season,2025-07-03,1610612744,GSW,Golden State Warriors,False,True,W,32.9,29,11,17,3,3,0,1,2,1,3,6,1,2,5,2,-17
0000000308,1610612738,BOS,Boston Celtics,203935,Kristaps Porziņģis,2024-25,Regular Season,2025-07-03,1610612744,GSW,Golden State Warriors,False,True,W,24.5,21,8,11,1,2,1,3,0,7,7,0,2,3,5,0,11
0000000308,1610612738,BOS,Boston Celtics,1629057,Robert Williams,2024-25,Regular Season,2025-07-03,1610612744,GSW,Golden State Warriors,False,True,W,33.6,10,4,6,0,1,1,4,1,4,5,0,1,3,3,1,2
0000000309,1610612744,GSW,Golden State Warriors,201939,Stephen Curry,2024-25,Regular Season,2025-07-05,1610612752,NYK,New York Knicks,True,False,L,22.1,19,7,12,3,5,0,0,0,0,0,6,2,0,3,4,-11
0000000309,1610612744,GSW,Golden State Warriors,202691,Klay Thompson,2024-25,Regular Season,2025-07-05,1610612752,NYK,New York Knicks,True,False,L,32.9,19,7,15,2,3,2,8,0,0,0,1,0,3,0,2,10
0000000309,1610612744,GSW,Golden State Warriors,203110,Draymond Green,2024-25,Regular Season,2025-07-05,1610612752,NYK,New York Knicks,True,False,L,19.7,14,10,10,10,10,3,4,4,2,6,4,1,0,4,5,1
0000000309,1610612744,GSW,Golden State Warriors,1630228,Jonathan Kuminga,2024-25,Regular Season,2025-07-05,1610612752,NYK,New York Knicks,True,False,L,18.8,22,8,15,1,7,1,3,1,5,6,5,1,2,0,3,-7
0000000309,1610612744,GSW,Golden State Warriors,1626172,Kevon Looney,2024-25,Regular Season,2025-07-05,1610612752,NYK,New York Knicks,True,False,L,31.2,6,2,9,2,2,2,3,4,7,11,2,0,1,1,4,-8
0000000309,1610612744,GSW,Golden State Warriors,1630541,Brandin Podziemski,2024-25,Regular Season,2025-07-05,1610612752,NYK,New York Knicks,True,False,L,36.2,8,3,5,0,5,6,7,3,2,5,2,2,3,1,5,4
0000000309,1610612752,NYK,New York Knicks,1628973,Jalen Brunson,2024-25,Regular Season,2025-07-05,1610612744,GSW,Golden State Warriors,False,True,W,19.0,29,11,16,8,8,0,6,1,0,1,6,3,3,0,5,12
0000000309,1610612752,NYK,New York Knicks,1626164,Isaiah Hartenstein,2024-25,Regular Season,2025-07-05,1610612744,GSW,Golden State Warriors,False,True,W,23.0,24,9,14,2,2,0,0,1,10,11,1,2,2,4,4,12
0000000309,1610612752,NYK,New York Knicks,1629628,RJ Barrett,2024-25,Regular Season,2025-07-05,1610612744,GSW,Golden State Warriors,False,True,W,18.5,14,5,13,0,2,6,7,3,4,7,2,2,1,0,0,2
0000000309,1610612752,NYK,New York Knicks,1630193,Immanuel Quickley,2024-25,Regular Season,2025-07-05,1610612744,GSW,Golden State Warriors,False,True,W,22.7,6,4,6,4,6,1,1,1,0,1,5,3,0,3,0,18
0000000309,1610612752,NYK,New York Knicks,203944,Julius Randle,2024-25,Regular Season,2025-07-05,1610612744,GSW,Golden State Warriors,False,True,W,23.7,15,6,8,1,6,2,3,3,3,6,5,4,0,5,4,-17
0000000309,1610612752,NYK,New York Knicks,1631216,Miles McBride,2024-25,Regular Season,2025-07-05,1610612744,GSW,Golden State Warriors,False,True,W,32.8,10,4,9,3,5,0,1,0,4,4,2,0,2,2,2,-13
0000000310,1610612744,GSW,Golden State Warriors,201939,Stephen Curry,2024-25,Regular Season,2025-07-07,1610612748,MIA,Miami Heat,True,False,L,34.6,28,11,15,1,1,0,2,2,0,2,2,0,0,3,0,18
0000000310,1610612744,GSW,Golden State Warriors,202691,Klay Thompson,2024-25,Regular Season,2025-07-07,1610612748,MIA,Miami Heat,True,False,L,37.9,10,4,9,1,2,2,8,2,3,5,1,4,1,4,3,-15
0000000310,1610612744,GSW,Golden State Warriors,203110,Draymond Green,2024-25,Regular Season,2025-07-07,1610612748,MIA,Miami Heat,True,False,L,27.6,4,1,8,0,1,0,3,4,6,10,7,3,3,4,3,10
0000000310,1610612744,GSW,Golden State Warriors,1630228,Jonathan Kuminga,2024-25,Regular Season,2025-07-07,1610612748,MIA,Miami Heat,True,False,L,19.1,20,8,16,0,8,3,4,3,5,8,3,3,2,1,5,-10
0000000310,1610612744,GSW,Golden State Warriors,1626172,Kevon Looney,2024-25,Regular Season,2025-07-07,1610612748,MIA,Miami Heat,True,False,L,28.2,7,2,5,0,0,1,2,3,6,9,1,0,2,5,4,18
0000000310,1610612744,GSW,Golden State Warriors,1630541,Brandin Podziemski,2024-25,Regular Season,2025-07-07,1610612748,MIA,Miami Heat,True,False,L,22.3,9,3,5,1,3,3,3,4,3,7,2,4,2,3,2,-14
0000000310,1610612748,MIA,Miami Heat,202710,Jimmy Butler,2024-25,Regular Season,2025-07-07,1610612744,GSW,Golden State Warriors,False,True,W,27.0,33,13,18,3,6,0,1,4,1,5,5,1,1,0,5,-6
0000000310,1610612748,MIA,Miami Heat,1629639,Tyler Herro,2024-25,Regular Season,2025-07-07,1610612744,GSW,Golden State Warriors,False,True,W,21.7,18,7,11,3,4,0,5,1,6,7,2,0,1,5,5,3
0000000310,1610612748,MIA,Miami Heat,202355,Bam Adebayo,2024-25,Regular Season,2025-07-07,1610612744,GSW,Golden State Warriors,False,True,W,27.4,25,10,15,2,2,3,5,3,5,8,2,3,1,0,2,-2
0000000310,1610612748,MIA,Miami Heat,1631107,Jaime Jaquez,2024-25,Regular Season,2025-07-07,1610612744,GSW,Golden State Warriors,False,True,W,33.4,5,3,10,3,10,6,6,4,0,4,2,0,3,3,3,9
0000000310,1610612748,MIA,Miami Heat,203482,Kelly Olynyk,2024-25,Regular Season,2025-07-07,1610612744,GSW,Golden State Warriors,False,True,W,30.0,10,4,7,1,1,4,8,4,1,5,3,4,0,0,5,5
0000000310,1610612748,MIA,Miami Heat,1630217,Caleb Martin,2024-25,Regular Season,2025-07-07,1610612744,GSW,Golden State Warriors,False,True,W,29.9,12,4,12,3,10,1,8,4,5,9,1,3,2,1,1,2
0000000311,1610612743,DEN,Denver Nuggets,203999,Nikola Jokić,2024-25,Regular Season,2025-07-09,1610612747,LAL,Los Angeles Lakers,True,False,L,28.7,24,9,14,0,0,0,0,3,8,11,8,1,1,2,1,-7
0000000311,1610612743,DEN,Denver Nuggets,1627750,Jamal Murray,2024-25,Regular Season,2025-07-09,1610612747,LAL,Los Angeles Lakers,True,False,L,36.7,16,6,12,4,6,3,6,1,2,3,5,2,0,5,3,-17
0000000311,1610612743,DEN,Denver Nuggets,1628420,Aaron Gordon,2024-25,Regular Season,2025-07-09,1610612747,LAL,Los Angeles Lakers,True,False,L,22.7,18,7,10,2,3,0,0,2,5,7,3,2,0,4,0,10
0000000311,1610612743,DEN,Denver Nuggets,1630166,Christian Braun,2024-25,Regular Season,2025-07-09,1610612747,LAL,Los Angeles Lakers,True,False,L,36.4,11,4,9,1,1,5,5,3,1,4,0,2,0,4,4,15
0000000311,1610612743,DEN,Denver Nuggets,203914,Kentavious Caldwell-Pope,2024-25,Regular Season,2025-07-09,1610612747,LAL,Los Angeles Lakers,True,False,L,20.5,9,4,8,4,4,0,4,1,0,1,0,3,3,2,0,-3
0000000311,1610612743,DEN,Denver Nuggets,1631128,Peyton Watson,2024-25,Regular Season,2025-07-09,1610612747,LAL,Los Angeles Lakers,True,False,L,30.4,11,4,9,4,9,2,3,2,5,7,1,2,1,3,0,-4
0000000311,1610612747,LAL,Los Angeles Lakers,2544,LeBron James,2024-25,Regular Season,2025-07-09,1610612743,DEN,Denver Nuggets,False,True,W,29.7,28,11,19,0,0,7,7,0,6,6,5,3,2,2,2,18
0000000311,1610612747,LAL,Los Angeles Lakers,1629029,Luka Dončić,2024-25,Regular Season,2025-07-09,1610612743,DEN,Denver Nuggets,False,True,W,30.6,26,10,14,8,8,0,2,2,4,6,9,1,1,5,1,16
0000000311,1610612747,LAL,Los Angeles Lakers,203076,Anthony Davis,2024-25,Regular Season,2025-07-09,1610612743,DEN,Denver Nuggets,False,True,W,19.2,25,10,16,1,2,1,1,1,14,15,2,4,0,3,2,-12
0000000311,1610612747,LAL,Los Angeles Lakers,1630559,Austin Reaves,2024-25,Regular Season,2025-07-09,1610612743,DEN,Denver Nuggets,False,True,W,37.8,1,2,7,2,7,0,3,0,10,10,3,2,1,3,3,15
0000000311,1610612747,LAL,Los Angeles Lakers,1626156,Dalton Knecht,2024-25,Regular Season,2025-07-09,1610612743,DEN,Denver Nuggets,False,True,W,27.2,10,4,8,3,6,1,1,2,0,2,3,2,1,0,4,3
0000000311,1610612747,LAL,Los Angeles Lakers,1629020,Rui Hachimura,2024-25,Regular Season,2025-07-09,1610612743,DEN,Denver Nuggets,False,True,W,36.6,15,6,11,0,0,0,4,0,5,5,1,2,1,0,5,-5
0000000312,1610612743,DEN,Denver Nuggets,203999,Nikola Jokić,2024-25,Regular Season,2025-07-11,1610612744,GSW,Golden State Warriors,True,False,L,24.7,23,9,12,2,3,1,1,0,8,8,10,2,2,0,3,11
0000000312,1610612743,DEN,Denver Nuggets,1627750,Jamal Murray,2024-25,Regular Season,2025-07-11,1610612744,GSW,Golden State Warriors,True,False,L,31.7,18,7,12,0,9,4,4,1,4,5,6,1,2,0,1,-8
0000000312,1610612743,DEN,Denver Nuggets,1628420,Aaron Gordon,2024-25,Regular Season,2025-07-11,1610612744,GSW,Golden State Warriors,True,False,L,36.3,8,3,5,2,3,1,2,1,9,10,3,1,1,3,4,-4
0000000312,1610612743,DEN,Denver Nuggets,1630166,Christian Braun,2024-25,Regular Season,2025-07-11,1610612744,GSW,Golden State Warriors,True,False,L,29.0,6,6,10,6,10,5,6,1,0,1,2,0,2,5,2,-5
0000000312,1610612743,DEN,Denver Nuggets,203914,Kentavious Caldwell-Pope,2024-25,Regular Season,2025-07-11,1610612744,GSW,Golden State Warriors,True,False,L,29.6,13,5,7,3,3,0,1,3,0,3,3,4,2,0,1,-1
0000000312,1610612743,DEN,Denver Nuggets,1631128,Peyton Watson,2024-25,Regular Season,2025-07-11,1610612744,GSW,Golden State Warriors,True,False,L,36.1,8,6,7,6,6,0,0,0,0,0,1,0,3,1,2,5
0000000312,1610612744,GSW,Golden State Warriors,201939,Stephen Curry,2024-25,Regular Season,2025-07-11,1610612743,DEN,Denver Nuggets,False,True,W,35.2,29,11,16,5,7,1,3,0,6,6,1,4,0,0,5,-16
0000000312,1610612744,GSW,Golden State Warriors,202691,Klay Thompson,2024-25,Regular Season,2025-07-11,1610612743,DEN,Denver Nuggets,False,True,W,20.6,14,5,10,3,5,2,4,1,10,11,2,1,0,5,3,14
0000000312,1610612744,GSW,Golden State Warriors,203110,Draymond Green,2024-25,Regular Season,2025-07-11,1610612743,DEN,Denver Nuggets,False,True,W,19.2,9,7,10,7,7,1,5,2,0,2,8,1,3,5,0,-6
0000000312,1610612744,GSW,Golden State Warriors,1630228,Jonathan Kuminga,2024-25,Regular Season,2025-07-11,1610612743,DEN,Denver Nuggets,False,True,W,23.3,16,6,13,4,4,1,2,0,5,5,0,3,1,0,5,12
0000000312,1610612744,GSW,Golden State Warriors,1626172,Kevon Looney,2024-25,Regular Season,2025-07-11,1610612743,DEN,Denver Nuggets,False,True,W,24.8,12,4,9,0,0,2,2,0,7,7,3,1,1,1,2,-7
0000000312,1610612744,GSW,Golden State Warriors,1630541,Brandin Podziemski,2024-25,Regular Season,2025-07-11,1610612743,DEN,Denver Nuggets,False,True,W,35.1,6,2,7,1,7,0,0,1,7,8,0,0,3,4,1,-7
0000000313,1610612743,DEN,Denver Nuggets,203999,Nikola Jokić,2024-25,Regular Season,2025-07-13,1610612738,BOS,Boston Celtics,True,False,L,22.0,22,8,12,1,2,2,5,2,10,12,7,4,0,5,1,-18
0000000313,1610612743,DEN,Denver Nuggets,1627750,Jamal Murray,2024-25,Regular Season,2025-07-13,1610612738,BOS,Boston Celtics,True,False,L,29.0,26,10,18,0,0,4,5,0,1,1,6,2,1,3,5,17
0000000313,1610612743,DEN,Denver Nuggets,1628420,Aaron Gordon,2024-25,Regular Season,2025-07-13,1610612738,BOS,Boston Celtics,True,False,L,22.3,15,6,12,1,2,3,8,2,7,9,1,3,3,5,1,8
0000000313,1610612743,DEN,Denver Nuggets,1630166,Christian Braun,2024-25,Regular Season,2025-07-13,1610612738,BOS,Boston Celtics,True,False,L,30.6,8,3,9,1,1,0,0,0,0,0,2,0,0,0,5,-17
0000000313,1610612743,DEN,Denver Nuggets,203914,Kentavious Caldwell-Pope,2024-25,Regular Season,2025-07-13,1610612738,BOS,Boston Celtics,True,False,L,27.9,13,5,8,1,8,0,0,0,6,6,2,0,3,2,5,1
0000000313,1610612743,DEN,Denver Nuggets,1631128,Peyton Watson,2024-25,Regular Season,2025-07-13,1610612738,BOS,Boston Celtics,True,False,L,32.6,7,2,9,0,0,5,8,0,2,2,1,0,1,5,3,12
0000000313,1610612738,BOS,Boston Celtics,1628369,Jayson Tatum,2024-25,Regular Season,2025-07-13,1610612743,DEN,Denver Nuggets,False,True,W,27.1,33,13,21,0,0,0,0,3,1,4,6,0,3,1,4,-5
0000000313,1610612738,BOS,Boston Celtics,1627759,Jaylen Brown,2024-25,Regular Season,2025-07-13,1610612743,DEN,Denver Nuggets,False,True,W,30.8,12,4,9,0,0,6,6,1,6,7,1,3,1,3,2,-3
0000000313,1610612738,BOS,Boston Celtics,201950,Jrue Holiday,2024-25,Regular Season,2025-07-13,1610612743,DEN,Denver Nuggets,False,True,W,18.2,0,0,7,0,7,1,3,2,3,5,3,2,1,3,3,-11
0000000313,1610612738,BOS,Boston Celtics,1628464,Derrick White,2024-25,Regular Season,2025-07-13,1610612743,DEN,Denver Nuggets,False,True,W,33.8,23,9,16,6,9,0,5,3,0,3,3,4,0,4,5,-7
0000000313,1610612738,BOS,Boston Celtics,203935,Kristaps Porziņģis,2024-25,Regular Season,2025-07-13,1610612743,DEN,Denver Nuggets,False,True,W,34.5,31,12,20,0,0,0,3,0,8,8,2,0,0,5,3,-10
0000000313,1610612738,BOS,Boston Celtics,1629057,Robert Williams,2024-25,Regular Season,2025-07-13,1610612743,DEN,Denver Nuggets,False,True,W,25.7,14,5,12,0,3,0,0,2,3,5,0,3,3,3,2,16
0000000314,1610612743,DEN,Denver Nuggets,203999,Nikola Jokić,2024-25,Regular Season,2025-07-15,1610612752,NYK,New York Knicks,True,False,L,28.7,33,13,17,3,3,5,5,3,9,12,12,3,0,0,2,-14
0000000314,1610612743,DEN,Denver Nuggets,1627750,Jamal Murray,2024-25,Regular Season,2025-07-15,1610612752,NYK,New York Knicks,True,False,L,28.2,14,6,9,6,8,3,6,0,7,7,6,3,2,4,3,-15
0000000314,1610612743,DEN,Denver Nuggets,1628420,Aaron Gordon,2024-25,Regular Season,2025-07-15,1610612752,NYK,New York Knicks,True,False,L,20.5,21,8,16,1,4,0,0,2,5,7,5,4,0,4,5,18
0000000314,1610612743,DEN,Denver Nuggets,1630166,Christian Braun,2024-25,Regular Season,2025-07-15,1610612752,NYK,New York Knicks,True,False,L,29.1,8,4,9,4,9,0,4,0,0,0,1,1,1,0,0,-16
0000000314,1610612743,DEN,Denver Nuggets,203914,Kentavious Caldwell-Pope,2024-25,Regular Season,2025-07-15,1610612752,NYK,New York Knicks,True,False,L,23.2,20,9,16,9,10,5,8,3,0,3,4,0,3,0,0,-17
0000000314,1610612743,DEN,Denver Nuggets,1631128,Peyton Watson,2024-25,Regular Season,2025-07-15,1610612752,NYK,New York Knicks,True,False,L,31.3,18,7,10,3,5,6,8,0,0,0,1,1,2,3,0,7
0000000314,1610612752,NYK,New York Knicks,1628973,Jalen Brunson,2024-25,Regular Season,2025-07-15,1610612743,DEN,Denver Nuggets,False,True,W,21.9,20,8,12,1,1,3,8,0,4,4,6,3,0,5,2,7
0000000314,1610612752,NYK,New York Knicks,1626164,Isaiah Hartenstein,2024-25,Regular Season,2025-07-15,1610612743,DEN,Denver Nuggets,False,True,W,37.0,27,10,15,0,0,1,1,4,13,17,5,1,2,2,4,-17
0000000314,1610612752,NYK,New York Knicks,1629628,RJ Barrett,2024-25,Regular Season,2025-07-15,1610612743,DEN,Denver Nuggets,False,True,W,35.8,20,8,13,1,2,3,8,0,5,5,0,2,1,5,3,9
0000000314,1610612752,NYK,New York Knicks,1630193,Immanuel Quickley,2024-25,Regular Season,2025-07-15,1610612743,DEN,Denver Nuggets,False,True,W,29.7,9,3,10,2,10,0,0,1,1,2,3,4,0,4,1,18
0000000314,1610612752,NYK,New York Knicks,203944,Julius Randle,2024-25,Regular Season,2025-07-15,1610612743,DEN,Denver Nuggets,False,True,W,20.1,27,10,19,1,1,5,5,2,12,14,6,3,2,0,5,14
0000000314,1610612752,NYK,New York Knicks,1631216,Miles McBride,2024-25,Regular Season,2025-07-15,1610612743,DEN,Denver Nuggets,False,True,W,21.5,14,5,8,1,2,7,7,0,0,0,3,3,3,1,2,10
0000000315,1610612743,DEN,Denver Nuggets,203999,Nikola Jokić,2024-25,Regular Season,2025-07-17,1610612748,MIA,Miami Heat,True,False,W,28.0,26,10,18,0,1,0,2,4,10,14,8,1,1,2,3,-10
0000000315,1610612743,DEN,Denver Nuggets,1627750,Jamal Murray,2024-25,Regular Season,2025-07-17,1610612748,MIA,Miami Heat,True,False,W,20.2,24,9,14,0,0,0,5,0,0,0,2,3,3,2,4,9
0000000315,1610612743,DEN,Denver Nuggets,1628420,Aaron Gordon,2024-25,Regular Season,2025-07-17,1610612748,MIA,Miami Heat,True,False,W,36.9,17,10,12,10,10,0,1,0,11,11,1,1,0,4,2,-6
0000000315,1610612743,DEN,Denver Nuggets,1630166,Christian Braun,2024-25,Regular Season,2025-07-17,1610612748,MIA,Miami Heat,True,False,W,20.5,9,3,8,2,8,2,3,0,0,0,1,3,1,2,1,9
0000000315,1610612743,DEN,Denver Nuggets,203914,Kentavious Caldwell-Pope,2024-25,Regular Season,2025-07-17,1610612748,MIA,Miami Heat,True,False,W,32.1,13,5,9,1,2,2,6,3,3,6,0,1,2,5,4,-9
0000000315,1610612743,DEN,Denver Nuggets,1631128,Peyton Watson,2024-25,Regular Season,2025-07-17,1610612748,MIA,Miami Heat,True,False,W,32.5,5,4,5,4,5,4,4,2,2,4,2,4,3,4,2,-1
0000000315,1610612748,MIA,Miami Heat,202710,Jimmy Butler,2024-25,Regular Season,2025-07-17,1610612743,DEN,Denver Nuggets,False,True,L,21.0,19,7,12,0,0,2,2,3,3,6,7,1,1,1,5,16
0000000315,1610612748,MIA,Miami Heat,1629639,Tyler Herro,2024-25,Regular Season,2025-07-17,1610612743,DEN,Denver Nuggets,False,True,L,28.8,22,8,16,0,8,0,0,2,6,8,7,2,1,0,1,-16
0000000315,1610612748,MIA,Miami Heat,202355,Bam Adebayo,2024-25,Regular Season,2025-07-17,1610612743,DEN,Denver Nuggets,False,True,L,35.7,7,3,6,3,3,4,6,4,7,11,2,4,0,4,2,1
0000000315,1610612748,MIA,Miami Heat,1631107,Jaime Jaquez,2024-25,Regular Season,2025-07-17,1610612743,DEN,Denver Nuggets,False,True,L,20.3,15,6,10,4,10,2,8,2,0,2,3,3,3,3,1,-17
0000000315,1610612748,MIA,Miami Heat,203482,Kelly Olynyk,2024-25,Regular Season,2025-07-17,1610612743,DEN,Denver Nuggets,False,True,L,24.4,15,6,13,0,2,0,1,1,4,5,1,4,0,3,4,15
0000000315,1610612748,MIA,Miami Heat,1630217,Caleb Martin,2024-25,Regular Season,2025-07-17,1610612743,DEN,Denver Nuggets,False,True,L,34.9,0,3,7,3,7,5,6,0,6,6,0,1,3,4,4,-11
0000000316,1610612738,BOS,Boston Celtics,1628369,Jayson Tatum,2024-25,Regular Season,2025-07-19,1610612747,LAL,Los Angeles Lakers,True,False,W,25.2,29,11,16,1,4,5,7,3,0,3,6,0,0,2,3,17
0000000316,1610612738,BOS,Boston Celtics,1627759,Jaylen Brown,2024-25,Regular Season,2025-07-19,1610612747,LAL,Los Angeles Lakers,True,False,W,28.5,22,8,15,1,1,0,0,1,8,9,1,1,2,5,0,-8
0000000316,1610612738,BOS,Boston Celtics,201950,Jrue Holiday,2024-25,Regular Season,2025-07-19,1610612747,LAL,Los Angeles Lakers,True,False,W,18.3,11,4,11,3,8,0,6,0,0,0,7,0,3,1,4,-16
0000000316,1610612738,BOS,Boston Celtics,1628464,Derrick White,2024-25,Regular Season,2025-07-19,1610612747,LAL,Los Angeles Lakers,True,False,W,26.7,11,6,11,6,6,0,1,4,0,4,8,0,3,4,3,-3
0000000316,1610612738,BOS,Boston Celtics,203935,Kristaps Porziņģis,2024-25,Regular Season,2025-07-19,1610612747,LAL,Los Angeles Lakers,True,False,W,20.5,16,6,14,1,2,0,8,0,7,7,0,4,2,2,0,-16
0000000316,1610612738,BOS,Boston Celtics,1629057,Robert Williams,2024-25,Regular Season,2025-07-19,1610612747,LAL,Los Angeles Lakers,True,False,W,27.2,10,4,7,0,1,4,8,0,4,4,0,4,1,4,0,9
0000000316,1610612747,LAL,Los Angeles Lakers,2544,LeBron James,2024-25,Regular Season,2025-07-19,1610612738,BOS,Boston Celtics,False,True,L,29.5,18,7,13,3,3,3,6,3,6,9,8,4,3,2,5,-5
0000000316,1610612747,LAL,Los Angeles Lakers,1629029,Luka Dončić,2024-25,Regular Season,2025-07-19,1610612738,BOS,Boston Celtics,False,True,L,27.7,30,12,19,3,3,1,2,3,3,6,12,3,3,4,5,3
0000000316,1610612747,LAL,Los Angeles Lakers,203076,Anthony Davis,2024-25,Regular Season,2025-07-19,1610612738,BOS,Boston Celtics,False,True,L,30.2,23,9,16,1,1,2,2,4,13,17,4,4,0,0,4,9
0000000316,1610612747,LAL,Los Angeles Lakers,1630559,Austin Reaves,2024-25,Regular Season,2025-07-19,1610612738,BOS,Boston Celtics,False,True,L,22.8,21,8,15,0,10,0,0,0,0,0,4,2,3,0,4,-3
0000000316,1610612747,LAL,Los Angeles Lakers,1626156,Dalton Knecht,2024-25,Regular Season,2025-07-19,1610612738,BOS,Boston Celtics,False,True,L,22.2,0,6,6,6,6,0,0,1,3,4,3,4,1,0,1,-4
0000000316,1610612747,LAL,Los Angeles Lakers,1629020,Rui Hachimura,2024-25,Regular Season,2025-07-19,1610612738,BOS,Boston Celtics,False,True,L,27.8,5,9,9,9,9,6,8,0,4,4,5,1,0,3,0,-1
0000000317,1610612738,BOS,Boston Celtics,1628369,Jayson Tatum,2024-25,Regular Season,2025-07-21,1610612744,GSW,Golden State Warriors,True,False,W,21.3,36,14,23,0,8,1,1,3,6,9,2,0,1,1,0,2
0000000317,1610612738,BOS,Boston Celtics,1627759,Jaylen Brown,2024-25,Regular Season,2025-07-21,1610612744,GSW,Golden State Warriors,True,False,W,36.0,17,6,11,0,2,2,2,0,9,9,6,1,2,2,0,-5
0000000317,1610612738,BOS,Boston Celtics,201950,Jrue Holiday,2024-25,Regular Season,2025-07-21,1610612744,GSW,Golden State Warriors,True,False,W,24.5,10,4,7,3,7,5,6,3,0,3,8,1,3,5,3,-9
0000000317,1610612738,BOS,Boston Celtics,1628464,Derrick White,2024-25,Regular Season,2025-07-21,1610612744,GSW,Golden State Warriors,True,False,W,25.4,13,6,10,6,7,0,0,4,2,6,4,1,2,1,5,14
0000000317,1610612738,BOS,Boston Celtics,203935,Kristaps Porziņģis,2024-25,Regular Season,2025-07-21,1610612744,GSW,Golden State Warriors,True,False,W,31.1,27,10,14,0,2,4,5,1,6,7,3,2,0,4,2,-4
0000000317,1610612738,BOS,Boston Celtics,1629057,Robert Williams,2024-25,Regular Season,2025-07-21,1610612744,GSW,Golden State Warriors,True,False,W,26.7,11,4,9,2,3,0,2,3,2,5,1,0,0,1,4,-18
0000000317,1610612744,GSW,Golden State Warriors,201939,Stephen Curry,2024-25,Regular Season,2025-07-21,1610612738,BOS,Boston Celtics,False,True,L,29.8,19,7,13,3,3,4,4,0,6,6,6,4,3,0,5,13
0000000317,1610612744,GSW,Golden State Warriors,202691,Klay Thompson,2024-25,Regular Season,2025-07-21,1610612738,BOS,Boston Celtics,False,True,L,19.7,18,7,11,1,1,0,2,0,0,0,3,2,1,2,1,8
0000000317,1610612744,GSW,Golden State Warriors,203110,Draymond Green,2024-25,Regular Season,2025-07-21,1610612738,BOS,Boston Celtics,False,True,L,18.3,14,5,11,0,2,5,8,4,1,5,3,4,3,1,0,6
0000000317,1610612744,GSW,Golden State Warriors,1630228,Jonathan Kuminga,2024-25,Regular Season,2025-07-21,1610612738,BOS,Boston Celtics,False,True,L,33.1,28,11,15,4,5,1,4,0,9,9,2,0,1,5,0,-2
0000000317,1610612744,GSW,Golden State Warriors,1626172,Kevon Looney,2024-25,Regular Season,2025-07-21,1610612738,BOS,Boston Celtics,False,True,L,26.0,12,4,12,1,1,0,8,0,8,8,3,0,0,4,5,3
0000000317,1610612744,GSW,Golden State Warriors,1630541,Brandin Podziemski,2024-25,Regular Season,2025-07-21,1610612738,BOS,Boston Celtics,False,True,L,29.9,14,5,10,1,1,0,0,4,3,7,2,3,1,1,1,-16
0000000318,1610612738,BOS,Boston Celtics,1628369,Jayson Tatum,2024-25,Regular Season,2025-07-23,1610612743,DEN,Denver Nuggets,True,False,W,36.5,28,11,15,4,10,0,1,3,3,6,8,3,3,4,2,13
0000000318,1610612738,BOS,Boston Celtics,1627759,Jaylen Brown,2024-25,Regular Season,2025-07-23,1610612743,DEN,Denver Nuggets,True,False,W,28.7,12,4,9,1,4,1,3,3,5,8,0,0,3,4,4,-6
0000000318,1610612738,BOS,Boston Celtics,201950,Jrue Holiday,2024-25,Regular Season,2025-07-23,1610612743,DEN,Denver Nuggets,True,False,W,37.5,18,7,15,4,5,0,0,4,5,9,5,4,2,0,3,-13
0000000318,1610612738,BOS,Boston Celtics,1628464,Derrick White,2024-25,Regular Season,2025-07-23,1610612743,DEN,Denver Nuggets,True,False,W,34.1,17,6,13,5,6,2,6,0,5,5,0,0,0,4,1,-7
0000000318,1610612738,BOS,Boston Celtics,203935,Kristaps Porziņģis,2024-25,Regular Season,2025-07-23,1610612743,DEN,Denver Nuggets,True,False,W,24.2,26,10,15,1,2,1,6,0,11,11,3,3,3,0,5,8
0000000318,1610612738,BOS,Boston Celtics,1629057,Robert Williams,2024-25,Regular Season,2025-07-23,1610612743,DEN,Denver Nuggets,True,False,W,26.9,6,2,5,1,3,0,0,4,1,5,0,2,1,5,2,-18
0000000318,1610612743,DEN,Denver Nuggets,203999,Nikola Jokić,2024-25,Regular Season,2025-07-23,1610612738,BOS,Boston Celtics,False,True,L,31.5,24,9,17,0,0,4,4,0,11,11,7,2,0,1,3,13
0000000318,1610612743,DEN,Denver Nuggets,1627750,Jamal Murray,2024-25,Regular Season,2025-07-23,1610612738,BOS,Boston Celtics,False,True,L,20.8,22,8,12,2,3,0,1,4,2,6,8,0,2,1,5,13
0000000318,1610612743,DEN,Denver Nuggets,1628420,Aaron Gordon,2024-25,Regular Season,2025-07-23,1610612738,BOS,Boston Celtics,False,True,L,20.6,7,3,8,3,8,2,4,2,4,6,3,1,3,1,0,18
0000000318,1610612743,DEN,Denver Nuggets,1630166,Christian Braun,2024-25,Regular Season,2025-07-23,1610612738,BOS,Boston Celtics,False,True,L,35.9,7,2,7,2,4,2,2,1,1,2,3,2,1,1,2,-5
0000000318,1610612743,DEN,Denver Nuggets,203914,Kentavious Caldwell-Pope,2024-25,Regular Season,2025-07-23,1610612738,BOS,Boston Celtics,False,True,L,37.5,8,3,10,0,0,4,7,2,0,2,3,4,0,4,4,1
0000000318,1610612743,DEN,Denver Nuggets,1631128,Peyton Watson,2024-25,Regular Season,2025-07-23,1610612738,BOS,Boston Celtics,False,True,L,35.5,0,0,2,0,1,1,2,2,4,6,1,2,3,1,3,-6
0000000319,1610612738,BOS,Boston Celtics,1628369,Jayson Tatum,2024-25,Regular Season,2025-07-25,1610612752,NYK,New York Knicks,True,False,W,34.1,28,11,18,1,3,0,4,2,5,7,8,1,1,3,3,-15
0000000319,1610612738,BOS,Boston Celtics,1627759,Jaylen Brown,2024-25,Regular Season,2025-07-25,1610612752,NYK,New York Knicks,True,False,W,20.2,28,11,16,1,7,7,8,3,4,7,1,4,1,2,0,18
0000000319,1610612738,BOS,Boston Celtics,201950,Jrue Holiday,2024-25,Regular Season,2025-07-25,1610612752,NYK,New York Knicks,True,False,W,33.5,18,7,10,0,6,5,6,3,2,5,5,4,1,3,2,11
0000000319,1610612738,BOS,Boston Celtics,1628464,Derrick White,2024-25,Regular Season,2025-07-25,1610612752,NYK,New York Knicks,True,False,W,37.1,20,8,14,2,6,0,1,0,0,0,7,2,1,0,3,-15
0000000319,1610612738,BOS,Boston Celtics,203935,Kristaps Porziņģis,2024-25,Regular Season,2025-07-25,1610612752,NYK,New York Knicks,True,False,W,21.5,31,12,20,0,0,0,0,3,4,7,0,2,0,2,4,11
0000000319,1610612738,BOS,Boston Celtics,1629057,Robert Williams,2024-25,Regular Season,2025-07-25,1610612752,NYK,New York Knicks,True,False,W,31.7,10,4,11,2,2,7,8,2,6,8,1,1,2,3,5,-16
0000000319,1610612752,NYK,New York Knicks,1628973,Jalen Brunson,2024-25,Regular Season,2025-07-25,1610612738,BOS,Boston Celtics,False,True,L,24.2,32,12,22,0,5,1,3,0,0,0,9,2,1,1,1,18
0000000319,1610612752,NYK,New York Knicks,1626164,Isaiah Hartenstein,2024-25,Regular Season,2025-07-25,1610612738,BOS,Boston Celtics,False,True,L,26.5,13,5,9,0,1,2,3,0,11,11,0,3,3,3,3,-7
0000000319,1610612752,NYK,New York Knicks,1629628,RJ Barrett,2024-25,Regular Season,2025-07-25,1610612738,BOS,Boston Celtics,False,True,L,26.2,18,7,13,4,5,1,4,4,0,4,3,4,2,2,4,12
0000000319,1610612752,NYK,New York Knicks,1630193,Immanuel Quickley,2024-25,Regular Season,2025-07-25,1610612738,BOS,Boston Celtics,False,True,L,29.9,18,7,15,1,2,3,8,1,5,6,0,0,2,1,0,7
0000000319,1610612752,NYK,New York Knicks,203944,Julius Randle,2024-25,Regular Season,2025-07-25,1610612738,BOS,Boston Celtics,False,True,L,30.9,25,10,15,0,3,0,0,0,14,14,2,2,2,4,4,-6
0000000319,1610612752,NYK,New York Knicks,1631216,Miles McBride,2024-25,Regular Season,2025-07-25,1610612738,BOS,Boston Celtics,False,True,L,37.4,8,3,10,1,5,1,6,0,1,1,3,1,3,4,2,6
0000000320,1610612738,BOS,Boston Celtics,1628369,Jayson Tatum,2024-25,Regular Season,2025-07-27,1610612748,MIA,Miami Heat,True,False,W,33.7,19,7,14,0,0,1,6,1,4,5,1,2,0,2,3,18
0000000320,1610612738,BOS,Boston Celtics,1627759,Jaylen Brown,2024-25,Regular Season,2025-07-27,1610612748,MIA,Miami Heat,True,False,W,35.4,28,11,17,0,3,3,3,2,2,4,1,4,1,4,2,-16
0000000320,1610612738,BOS,Boston Celtics,201950,Jrue Holiday,2024-25,Regular Season,2025-07-27,1610612748,MIA,Miami Heat,True,False,W,28.2,8,3,8,0,8,0,0,1,0,1,1,4,2,5,1,14
0000000320,1610612738,BOS,Boston Celtics,1628464,Derrick White,2024-25,Regular Season,2025-07-27,1610612748,MIA,Miami Heat,True,False,W,33.1,9,3,10,0,2,0,0,4,1,5,3,0,0,1,1,9
0000000320,1610612738,BOS,Boston Celtics,203935,Kristaps Porziņģis,2024-25,Regular Season,2025-07-27,1610612748,MIA,Miami Heat,True,False,W,22.5,13,5,10,1,1,2,4,3,1,4,3,3,2,3,1,-14
0000000320,1610612738,BOS,Boston Celtics,1629057,Robert Williams,2024-25,Regular Season,2025-07-27,1610612748,MIA,Miami Heat,True,False,W,29.5,8,3,10,0,0,1,1,4,4,8,0,4,1,4,5,-13
0000000320,1610612748,MIA,Miami Heat,202710,Jimmy Butler,2024-25,Regular Season,2025-07-27,1610612738,BOS,Boston Celtics,False,True,L,20.0,10,7,8,7,7,1,3,0,6,6,6,4,2,4,2,6
0000000320,1610612748,MIA,Miami Heat,1629639,Tyler Herro,2024-25,Regular Season,2025-07-27,1610612738,BOS,Boston Celtics,False,True,L,25.4,24,9,13,3,9,6,6,3,0,3,1,2,1,0,0,-1
0000000320,1610612748,MIA,Miami Heat,202355,Bam Adebayo,2024-25,Regular Season,2025-07-27,1610612738,BOS,Boston Celtics,False,True,L,37.6,20,8,12,0,0,0,7,3,8,11,4,2,0,5,5,-15
0000000320,1610612748,MIA,Miami Heat,1631107,Jaime Jaquez,2024-25,Regular Season,2025-07-27,1610612738,BOS,Boston Celtics,False,True,L,19.2,5,2,6,1,6,8,8,3,3,6,3,3,3,4,3,18
0000000320,1610612748,MIA,Miami Heat,203482,Kelly Olynyk,2024-25,Regular Season,2025-07-27,1610612738,BOS,Boston Celtics,False,True,L,37.6,4,1,6,0,0,0,1,3,4,7,2,2,2,3,1,-5
0000000320,1610612748,MIA,Miami Heat,1630217,Caleb Martin,2024-25,Regular Season,2025-07-27,1610612738,BOS,Boston Celtics,False,True,L,34.2,0,0,6,0,4,3,4,1,0,1,1,3,2,1,3,4
0000000321,1610612752,NYK,New York Knicks,1628973,Jalen Brunson,2024-25,Regular Season,2025-07-29,1610612747,LAL,Los Angeles Lakers,True,False,L,27.2,26,10,18,0,0,8,8,0,11,11,10,2,3,2,2,15
0000000321,1610612752,NYK,New York Knicks,1626164,Isaiah Hartenstein,2024-25,Regular Season,2025-07-29,1610612747,LAL,Los Angeles Lakers,True,False,L,29.6,17,6,11,3,3,0,0,0,8,8,1,3,3,2,5,17
0000000321,1610612752,NYK,New York Knicks,1629628,RJ Barrett,2024-25,Regular Season,2025-07-29,1610612747,LAL,Los Angeles Lakers,True,False,L,30.8,13,5,7,3,4,5,8,0,1,1,5,1,2,1,2,11
0000000321,1610612752,NYK,New York Knicks,1630193,Immanuel Quickley,2024-25,Regular Season,2025-07-29,1610612747,LAL,Los Angeles Lakers,True,False,L,23.3,3,7,7,7,7,1,5,0,0,0,3,3,1,4,5,-17
0000000321,1610612752,NYK,New York Knicks,203944,Julius Randle,2024-25,Regular Season,2025-07-29,1610612747,LAL,Los Angeles Lakers,True,False,L,24.2,18,7,12,5,8,2,5,1,2,3,4,4,3,3,3,-9
0000000321,1610612752,NYK,New York Knicks,1631216,Miles McBride,2024-25,Regular Season,2025-07-29,1610612747,LAL,Los Angeles Lakers,True,False,L,30.5,13,5,8,1,2,1,1,1,1,2,3,4,3,2,2,-15
0000000321,1610612747,LAL,Los Angeles Lakers,2544,LeBron James,2024-25,Regular Season,2025-07-29,1610612752,NYK,New York Knicks,False,True,W,23.3,22,8,14,0,2,2,2,4,7,11,6,0,0,3,5,-10
0000000321,1610612747,LAL,Los Angeles Lakers,1629029,Luka Dončić,2024-25,Regular Season,2025-07-29,1610612752,NYK,New York Knicks,False,True,W,34.1,23,9,16,4,8,6,8,2,2,4,6,3,1,1,1,-15
0000000321,1610612747,LAL,Los Angeles Lakers,203076,Anthony Davis,2024-25,Regular Season,2025-07-29,1610612752,NYK,New York Knicks,False,True,W,26.2,28,11,19,0,3,0,4,2,8,10,0,4,1,3,0,15
0000000321,1610612747,LAL,Los Angeles Lakers,1630559,Austin Reaves,2024-25,Regular Season,2025-07-29,1610612752,NYK,New York Knicks,False,True,W,33.8,19,7,13,0,0,1,7,2,6,8,5,0,3,1,1,9
0000000321,1610612747,LAL,Los Angeles Lakers,1626156,Dalton Knecht,2024-25,Regular Season,2025-07-29,1610612752,NYK,New York Knicks,False,True,W,31.4,11,5,9,5,8,1,8,1,0,1,3,2,3,1,1,11
0000000321,1610612747,LAL,Los Angeles Lakers,1629020,Rui Hachimura,2024-25,Regular Season,2025-07-29,1610612752,NYK,New York Knicks,False,True,W,22.5,13,5,11,0,0,0,1,1,1,2,0,2,1,4,5,-9
0000000322,1610612752,NYK,New York Knicks,1628973,Jalen Brunson,2024-25,Regular Season,2025-07-31,1610612744,GSW,Golden State Warriors,True,False,L,28.2,33,13,17,0,5,4,8,1,5,6,2,2,2,0,0,-8
0000000322,1610612752,NYK,New York Knicks,1626164,Isaiah Hartenstein,2024-25,Regular Season,2025-07-31,1610612744,GSW,Golden State Warriors,True,False,L,22.9,18,7,13,0,3,1,5,0,14,14,3,1,1,0,5,-2
0000000322,1610612752,NYK,New York Knicks,1629628,RJ Barrett,2024-25,Regular Season,2025-07-31,1610612744,GSW,Golden State Warriors,True,False,L,20.1,11,6,11,6,10,0,0,3,5,8,2,2,0,0,0,11
0000000322,1610612752,NYK,New York Knicks,1630193,Immanuel Quickley,2024-25,Regular Season,2025-07-31,1610612744,GSW,Golden State Warriors,True,False,L,24.4,18,7,11,0,0,2,5,0,0,0,6,3,2,2,5,-16
0000000322,1610612752,NYK,New York Knicks,203944,Julius Randle,2024-25,Regular Season,2025-07-31,1610612744,GSW,Golden State Warriors,True,False,L,22.6,13,5,12,2,9,8,8,3,7,10,2,1,3,5,3,13
0000000322,1610612752,NYK,New York Knicks,1631216,Miles McBride,2024-25,Regular Season,2025-07-31,1610612744,GSW,Golden State Warriors,True,False,L,24.9,8,3,9,0,3,0,1,3,6,9,0,2,2,1,0,7
0000000322,1610612744,GSW,Golden State Warriors,201939,Stephen Curry,2024-25,Regular Season,2025-07-31,1610612752,NYK,New York Knicks,False,True,W,19.7,33,13,19,7,10,0,0,3,3,6,7,2,3,0,3,-18
0000000322,1610612744,GSW,Golden State Warriors,202691,Klay Thompson,2024-25,Regular Season,2025-07-31,1610612752,NYK,New York Knicks,False,True,W,35.7,14,5,9,0,5,5,7,1,5,6,5,1,0,4,4,-4
0000000322,1610612744,GSW,Golden State Warriors,203110,Draymond Green,2024-25,Regular Season,2025-07-31,1610612752,NYK,New York Knicks,False,True,W,20.3,13,7,9,7,9,2,3,3,5,8,8,1,3,1,1,2
0000000322,1610612744,GSW,Golden State Warriors,1630228,Jonathan Kuminga,2024-25,Regular Season,2025-07-31,1610612752,NYK,New York Knicks,False,True,W,29.9,20,8,12,1,3,2,7,4,6,10,2,0,3,1,5,-3
0000000322,1610612744,GSW,Golden State Warriors,1626172,Kevon Looney,2024-25,Regular Season,2025-07-31,1610612752,NYK,New York Knicks,False,True,W,31.0,15,6,10,0,1,2,5,1,6,7,5,2,3,4,0,-9
0000000322,1610612744,GSW,Golden State Warriors,1630541,Brandin Podziemski,2024-25,Regular Season,2025-07-31,1610612752,NYK,New York Knicks,False,True,W,26.7,17,6,9,2,9,7,7,2,2,4,2,2,3,4,5,6
0000000323,1610612752,NYK,New York Knicks,1628973,Jalen Brunson,2024-25,Regular Season,2025-08-02,1610612743,DEN,Denver Nuggets,True,False,W,26.5,28,11,15,0,1,2,8,2,1,3,8,2,3,0,0,-15
0000000323,1610612752,NYK,New York Knicks,1626164,Isaiah Hartenstein,2024-25,Regular Season,2025-08-02,1610612743,DEN,Denver Nuggets,True,False,W,27.2,33,13,17,0,0,0,0,2,10,12,3,0,3,5,3,16
0000000323,1610612752,NYK,New York Knicks,1629628,RJ Barrett,2024-25,Regular Season,2025-08-02,1610612743,DEN,Denver Nuggets,True,False,W,23.2,20,8,12,0,1,0,0,0,5,5,4,1,3,4,5,-13
0000000323,1610612752,NYK,New York Knicks,1630193,Immanuel Quickley,2024-25,Regular Season,2025-08-02,1610612743,DEN,Denver Nuggets,True,False,W,21.2,14,5,13,0,2,0,4,0,0,0,3,4,3,2,4,-17
0000000323,1610612752,NYK,New York Knicks,203944,Julius Randle,2024-25,Regular Season,2025-08-02,1610612743,DEN,Denver Nuggets,True,False,W,24.7,32,12,21,0,0,2,8,2,0,2,1,2,2,4,2,4
0000000323,1610612752,NYK,New York Knicks,1631216,Miles McBride,2024-25,Regular Season,2025-08-02,1610612743,DEN,Denver Nuggets,True,False,W,26.5,19,7,15,0,5,4,5,0,0,0,0,3,1,2,0,-4
0000000323,1610612743,DEN,Denver Nuggets,203999,Nikola Jokić,2024-25,Regular Season,2025-08-02,1610612752,NYK,New York Knicks,False,True,L,25.6,23,9,15,0,3,4,5,2,11,13,9,4,1,4,4,0
0000000323,1610612743,DEN,Denver Nuggets,1627750,Jamal Murray,2024-25,Regular Season,2025-08-02,1610612752,NYK,New York Knicks,False,True,L,37.8,26,10,16,8,9,3,4,4,2,6,7,3,2,1,1,12
0000000323,1610612743,DEN,Denver Nuggets,1628420,Aaron Gordon,2024-25,Regular Season,2025-08-02,1610612752,NYK,New York Knicks,False,True,L,22.8,10,9,11,9,10,1,2,2,5,7,1,2,1,0,2,5
0000000323,1610612743,DEN,Denver Nuggets,1630166,Christian Braun,2024-25,Regular Season,2025-08-02,1610612752,NYK,New York Knicks,False,True,L,23.6,7,2,6,0,0,0,2,3,4,7,0,1,1,5,0,15
0000000323,1610612743,DEN,Denver Nuggets,203914,Kentavious Caldwell-Pope,2024-25,Regular Season,2025-08-02,1610612752,NYK,New York Knicks,False,True,L,20.3,18,7,12,1,4,2,2,2,0,2,3,3,3,1,1,-1
0000000323,1610612743,DEN,Denver Nuggets,1631128,Peyton Watson,2024-25,Regular Season,2025-08-02,1610612752,NYK,New York Knicks,False,True,L,34.9,21,8,12,6,8,6,6,0,0,0,0,0,2,3,2,-16
0000000324,1610612752,NYK,New York Knicks,1628973,Jalen Brunson,2024-25,Regular Season,2025-08-04,1610612738,BOS,Boston Celtics,True,False,W,26.0,23,9,13,4,6,1,2,3,3,6,8,3,2,2,1,-7
0000000324,1610612752,NYK,New York Knicks,1626164,Isaiah Hartenstein,2024-25,Regular Season,2025-08-04,1610612738,BOS,Boston Celtics,True,False,W,33.4,22,8,12,2,2,1,2,0,14,14,6,4,1,1,0,-6
0000000324,1610612752,NYK,New York Knicks,1629628,RJ Barrett,2024-25,Regular Season,2025-08-04,1610612738,BOS,Boston Celtics,True,False,W,30.8,22,8,12,2,4,0,0,1,2,3,2,1,3,5,0,-4
0000000324,1610612752,NYK,New York Knicks,1630193,Immanuel Quickley,2024-25,Regular Season,2025-08-04,1610612738,BOS,Boston Celtics,True,False,W,34.9,15,6,11,0,0,0,2,0,0,0,4,3,3,2,1,-8
0000000324,1610612752,NYK,New York Knicks,203944,Julius Randle,2024-25,Regular Season,2025-08-04,1610612738,BOS,Boston Celtics,True,False,W,18.2,20,8,13,4,5,5,7,2,11,13,2,0,2,5,0,-12
0000000324,1610612752,NYK,New York Knicks,1631216,Miles McBride,2024-25,Regular Season,2025-08-04,1610612738,BOS,Boston Celtics,True,False,W,24.2,1,2,4,2,3,4,4,0,8,8,0,0,2,2,3,4
0000000324,1610612738,BOS,Boston Celtics,1628369,Jayson Tatum,2024-25,Regular Season,2025-08-04,1610612752,NYK,New York Knicks,False,True,L,35.8,30,12,18,2,3,5,6,1,8,9,4,0,1,4,1,-6
0000000324,1610612738,BOS,Boston Celtics,1627759,Jaylen Brown,2024-25,Regular Season,2025-08-04,1610612752,NYK,New York Knicks,False,True,L,19.8,24,9,18,1,4,0,1,4,3,7,1,3,0,5,2,11
0000000324,1610612738,BOS,Boston Celtics,201950,Jrue Holiday,2024-25,Regular Season,2025-08-04,1610612752,NYK,New York Knicks,False,True,L,34.7,11,4,8,0,0,7,8,4,1,5,6,4,2,0,3,-4
0000000324,1610612738,BOS,Boston Celtics,1628464,Derrick White,2024-25,Regular Season,2025-08-04,1610612752,NYK,New York Knicks,False,True,L,21.1,13,5,7,4,5,4,5,0,2,2,3,2,2,0,2,-3
0000000324,1610612738,BOS,Boston Celtics,203935,Kristaps Porziņģis,2024-25,Regular Season,2025-08-04,1610612752,NYK,New York Knicks,False,True,L,22.1,18,7,13,0,0,1,1,3,1,4,0,1,3,0,4,11
0000000324,1610612738,BOS,Boston Celtics,1629057,Robert Williams,2024-25,Regular Season,2025-08-04,1610612752,NYK,New York Knicks,False,True,L,25.1,2,0,6,0,1,0,2,0,13,13,3,3,1,4,2,-13
0000000325,1610612752,NYK,New York Knicks,1628973,Jalen Brunson,2024-25,Regular Season,2025-08-06,1610612748,MIA,Miami Heat,True,False,W,29.8,32,12,20,0,10,1,1,0,2,2,5,0,0,1,0,10
0000000325,1610612752,NYK,New York Knicks,1626164,Isaiah Hartenstein,2024-25,Regular Season,2025-08-06,1610612748,MIA,Miami Heat,True,False,W,22.4,14,5,8,0,1,4,8,3,2,5,7,0,0,1,1,-1
0000000325,1610612752,NYK,New York Knicks,1629628,RJ Barrett,2024-25,Regular Season,2025-08-06,1610612748,MIA,Miami Heat,True,False,W,31.2,12,4,11,1,3,5,5,4,1,5,3,1,1,2,2,6
0000000325,1610612752,NYK,New York Knicks,1630193,Immanuel Quickley,2024-25,Regular Season,2025-08-06,1610612748,MIA,Miami Heat,True,False,W,19.3,4,2,8,2,4,2,4,4,4,8,0,4,1,2,2,-18
0000000325,1610612752,NYK,New York Knicks,203944,Julius Randle,2024-25,Regular Season,2025-08-06,1610612748,MIA,Miami Heat,True,False,W,31.3,23,9,15,5,5,7,8,0,7,7,3,0,1,3,1,-1
0000000325,1610612752,NYK,New York Knicks,1631216,Miles McBride,2024-25,Regular Season,2025-08-06,1610612748,MIA,Miami Heat,True,False,W,19.2,11,4,9,3,5,3,6,0,0,0,0,4,2,0,2,-17
0000000325,1610612748,MIA,Miami Heat,202710,Jimmy Butler,2024-25,Regular Season,2025-08-06,1610612752,NYK,New York Knicks,False,True,L,23.0,23,9,14,2,5,5,7,0,5,5,6,4,3,4,2,-10
0000000325,1610612748,MIA,Miami Heat,1629639,Tyler Herro,2024-25,Regular Season,2025-08-06,1610612752,NYK,New York Knicks,False,True,L,24.2,13,5,7,0,1,4,7,1,3,4,4,3,1,5,1,9
0000000325,1610612748,MIA,Miami Heat,202355,Bam Adebayo,2024-25,Regular Season,2025-08-06,1610612752,NYK,New York Knicks,False,True,L,28.2,23,9,15,1,2,0,4,3,5,8,4,0,1,4,2,-1
0000000325,1610612748,MIA,Miami Heat,1631107,Jaime Jaquez,2024-25,Regular Season,2025-08-06,1610612752,NYK,New York Knicks,False,True,L,34.5,18,7,10,4,8,0,3,0,9,9,0,3,0,4,3,-12
0000000325,1610612748,MIA,Miami Heat,203482,Kelly Olynyk,2024-25,Regular Season,2025-08-06,1610612752,NYK,New York Knicks,False,True,L,23.5,14,5,8,2,2,0,0,4,0,4,2,4,3,5,3,5
0000000325,1610612748,MIA,Miami Heat,1630217,Caleb Martin,2024-25,Regular Season,2025-08-06,1610612752,NYK,New York Knicks,False,True,L,33.6,3,2,6,2,6,3,8,1,0,1,2,0,3,4,3,6
0000000326,1610612748,MIA,Miami Heat,202710,Jimmy Butler,2024-25,Regular Season,2025-08-08,1610612747,LAL,Los Angeles Lakers,True,False,L,34.3,25,10,18,6,8,1,1,0,0,0,4,3,0,0,2,-13
0000000326,1610612748,MIA,Miami Heat,1629639,Tyler Herro,2024-25,Regular Season,2025-08-08,1610612747,LAL,Los Angeles Lakers,True,False,L,21.5,21,8,14,3,4,8,8,4,3,7,3,2,2,1,1,16
0000000326,1610612748,MIA,Miami Heat,202355,Bam Adebayo,2024-25,Regular Season,2025-08-08,1610612747,LAL,Los Angeles Lakers,True,False,L,20.1,18,7,10,0,0,1,3,2,4,6,4,4,1,1,4,0
0000000326,1610612748,MIA,Miami Heat,1631107,Jaime Jaquez,2024-25,Regular Season,2025-08-08,1610612747,LAL,Los Angeles Lakers,True,False,L,20.7,12,4,9,3,3,0,0,1,0,1,0,2,0,0,0,-17
0000000326,1610612748,MIA,Miami Heat,203482,Kelly Olynyk,2024-25,Regular Season,2025-08-08,1610612747,LAL,Los Angeles Lakers,True,False,L,21.2,8,3,6,2,2,0,7,1,6,7,2,0,2,1,3,-11
0000000326,1610612748,MIA,Miami Heat,1630217,Caleb Martin,2024-25,Regular Season,2025-08-08,1610612747,LAL,Los Angeles Lakers,True,False,L,28.0,4,1,6,0,6,5,5,2,2,4,3,0,0,2,5,-2
0000000326,1610612747,LAL,Los Angeles Lakers,2544,LeBron James,2024-25,Regular Season,2025-08-08,1610612748,MIA,Miami Heat,False,True,W,19.2,27,10,19,7,10,0,7,1,5,6,9,2,0,2,0,6
0000000326,1610612747,LAL,Los Angeles Lakers,1629029,Luka Dončić,2024-25,Regular Season,2025-08-08,1610612748,MIA,Miami Heat,False,True,W,24.0,32,12,17,1,1,4,6,2,6,8,8,3,2,4,0,-14
0000000326,1610612747,LAL,Los Angeles Lakers,203076,Anthony Davis,2024-25,Regular Season,2025-08-08,1610612748,MIA,Miami Heat,False,True,W,32.0,21,8,11,1,1,4,4,0,17,17,5,0,0,5,1,10
0000000326,1610612747,LAL,Los Angeles Lakers,1630559,Austin Reaves,2024-25,Regular Season,2025-08-08,1610612748,MIA,Miami Heat,False,True,W,25.2,12,4,11,1,1,1,2,2,0,2,3,1,3,4,4,7
0000000326,1610612747,LAL,Los Angeles Lakers,1626156,Dalton Knecht,2024-25,Regular Season,2025-08-08,1610612748,MIA,Miami Heat,False,True,W,18.3,13,5,8,5,8,1,2,1,0,1,1,0,2,4,4,9
0000000326,1610612747,LAL,Los Angeles Lakers,1629020,Rui Hachimura,2024-25,Regular Season,2025-08-08,1610612748,MIA,Miami Heat,False,True,W,18.1,8,3,8,1,8,1,2,1,6,7,3,1,1,1,1,2
0000000327,1610612748,MIA,Miami Heat,202710,Jimmy Butler,2024-25,Regular Season,2025-08-10,1610612744,GSW,Golden State Warriors,True,False,W,33.0,19,7,11,3,3,0,0,0,5,5,3,2,3,5,3,-18
0000000327,1610612748,MIA,Miami Heat,1629639,Tyler Herro,2024-25,Regular Season,2025-08-10,1610612744,GSW,Golden State Warriors,True,False,W,22.5,24,9,13,0,3,2,3,0,3,3,5,3,0,2,0,0
0000000327,1610612748,MIA,Miami Heat,202355,Bam Adebayo,2024-25,Regular Season,2025-08-10,1610612744,GSW,Golden State Warriors,True,False,W,27.0,19,7,10,1,1,1,2,4,8,12,5,1,1,4,2,-16
0000000327,1610612748,MIA,Miami Heat,1631107,Jaime Jaquez,2024-25,Regular Season,2025-08-10,1610612744,GSW,Golden State Warriors,True,False,W,23.7,26,10,14,0,0,0,6,1,0,1,2,3,3,0,0,13
0000000327,1610612748,MIA,Miami Heat,203482,Kelly Olynyk,2024-25,Regular Season,2025-08-10,1610612744,GSW,Golden State Warriors,True,False,W,18.7,6,2,5,0,0,0,0,2,1,3,0,4,2,2,3,3
0000000327,1610612748,MIA,Miami Heat,1630217,Caleb Martin,2024-25,Regular Season,2025-08-10,1610612744,GSW,Golden State Warriors,True,False,W,24.9,3,1,5,0,1,0,1,2,0,2,2,1,2,4,0,-9
0000000327,1610612744,GSW,Golden State Warriors,201939,Stephen Curry,2024-25,Regular Season,2025-08-10,1610612748,MIA,Miami Heat,False,True,L,34.9,19,7,10,4,7,2,2,1,0,1,9,2,3,2,3,-4
0000000327,1610612744,GSW,Golden State Warriors,202691,Klay Thompson,2024-25,Regular Season,2025-08-10,1610612748,MIA,Miami Heat,False,True,L,24.3,15,6,13,0,8,0,0,1,3,4,4,1,3,3,1,-3
0000000327,1610612744,GSW,Golden State Warriors,203110,Draymond Green,2024-25,Regular Season,2025-08-10,1610612748,MIA,Miami Heat,False,True,L,24.7,2,2,4,2,2,0,3,3,3,6,9,3,3,1,1,-15
0000000327,1610612744,GSW,Golden State Warriors,1630228,Jonathan Kuminga,2024-25,Regular Season,2025-08-10,1610612748,MIA,Miami Heat,False,True,L,27.7,18,7,11,0,2,4,5,2,1,3,3,0,2,5,4,-18
0000000327,1610612744,GSW,Golden State Warriors,1626172,Kevon Looney,2024-25,Regular Season,2025-08-10,1610612748,MIA,Miami Heat,False,True,L,36.1,9,3,10,1,1,2,3,0,12,12,1,1,3,5,0,-9
0000000327,1610612744,GSW,Golden State Warriors,1630541,Brandin Podziemski,2024-25,Regular Season,2025-08-10,1610612748,MIA,Miami Heat,False,True,L,23.3,12,9,9,9,9,1,2,2,0,2,3,0,2,0,2,13
0000000328,1610612748,MIA,Miami Heat,202710,Jimmy Butler,2024-25,Regular Season,2025-08-12,1610612743,DEN,Denver Nuggets,True,False,L,32.7,22,8,15,1,2,4,5,2,11,13,13,1,1,2,0,12
0000000328,1610612748,MIA,Miami Heat,1629639,Tyler Herro,2024-25,Regular Season,2025-08-12,1610612743,DEN,Denver Nuggets,True,False,L,23.5,27,10,15,0,2,7,7,1,0,1,3,3,2,5,5,-17
0000000328,1610612748,MIA,Miami Heat,202355,Bam Adebayo,2024-25,Regular Season,2025-08-12,1610612743,DEN,Denver Nuggets,True,False,L,27.9,10,4,9,0,0,3,7,0,13,13,3,1,0,3,4,8
0000000328,1610612748,MIA,Miami Heat,1631107,Jaime Jaquez,2024-25,Regular Season,2025-08-12,1610612743,DEN,Denver Nuggets,True,False,L,31.3,5,8,9,8,9,2,6,0,1,1,6,4,1,1,5,-9
0000000328,1610612748,MIA,Miami Heat,203482,Kelly Olynyk,2024-25,Regular Season,2025-08-12,1610612743,DEN,Denver Nuggets,True,False,L,32.2,7,3,6,3,3,0,0,1,0,1,5,1,1,5,3,-14
0000000328,1610612748,MIA,Miami Heat,1630217,Caleb Martin,2024-25,Regular Season,2025-08-12,1610612743,DEN,Denver Nuggets,True,False,L,22.5,0,7,7,7,7,1,1,2,1,3,3,0,1,5,1,-4
0000000328,1610612743,DEN,Denver Nuggets,203999,Nikola Jokić,2024-25,Regular Season,2025-08-12,1610612748,MIA,Miami Heat,False,True,W,18.1,25,10,13,0,1,0,0,3,11,14,8,4,3,3,3,10
0000000328,1610612743,DEN,Denver Nuggets,1627750,Jamal Murray,2024-25,Regular Season,2025-08-12,1610612748,MIA,Miami Heat,False,True,W,22.1,17,9,10,9,9,1,3,3,2,5,5,3,2,2,2,15
0000000328,1610612743,DEN,Denver Nuggets,1628420,Aaron Gordon,2024-25,Regular Season,2025-08-12,1610612748,MIA,Miami Heat,False,True,W,33.6,23,9,16,4,6,2,3,0,10,10,0,3,2,5,2,18
0000000328,1610612743,DEN,Denver Nuggets,1630166,Christian Braun,2024-25,Regular Season,2025-08-12,1610612748,MIA,Miami Heat,False,True,W,28.7,15,6,12,3,7,3,8,2,2,4,5,3,3,0,5,-14
0000000328,1610612743,DEN,Denver Nuggets,203914,Kentavious Caldwell-Pope,2024-25,Regular Season,2025-08-12,1610612748,MIA,Miami Heat,False,True,W,19.4,22,8,14,4,6,3,3,3,6,9,2,0,0,1,4,9
0000000328,1610612743,DEN,Denver Nuggets,1631128,Peyton Watson,2024-25,Regular Season,2025-08-12,1610612748,MIA,Miami Heat,False,True,W,37.8,11,4,8,1,4,0,0,3,0,3,0,3,3,1,1,17
0000000329,1610612748,MIA,Miami Heat,202710,Jimmy Butler,2024-25,Regular Season,2025-08-14,1610612738,BOS,Boston Celtics,True,False,L,27.0,13,5,12,2,10,0,0,0,9,9,6,3,1,2,2,7
0000000329,1610612748,MIA,Miami Heat,1629639,Tyler Herro,2024-25,Regular Season,2025-08-14,1610612738,BOS,Boston Celtics,True,False,L,21.5,8,3,10,3,10,1,6,0,0,0,4,3,3,5,0,13
0000000329,1610612748,MIA,Miami Heat,202355,Bam Adebayo,2024-25,Regular Season,2025-08-14,1610612738,BOS,Boston Celtics,True,False,L,20.8,17,6,11,2,2,1,3,1,14,15,2,4,2,1,4,2
0000000329,1610612748,MIA,Miami Heat,1631107,Jaime Jaquez,2024-25,Regular Season,2025-08-14,1610612738,BOS,Boston Celtics,True,False,L,32.2,4,1,6,1,2,0,1,3,0,3,2,2,1,1,5,1
0000000329,1610612748,MIA,Miami Heat,203482,Kelly Olynyk,2024-25,Regular Season,2025-08-14,1610612738,BOS,Boston Celtics,True,False,L,24.7,11,4,6,0,1,0,6,3,7,10,3,1,0,1,5,0
0000000329,1610612748,MIA,Miami Heat,1630217,Caleb Martin,2024-25,Regular Season,2025-08-14,1610612738,BOS,Boston Celtics,True,False,L,32.5,12,4,9,0,1,0,3,2,3,5,1,3,2,2,2,-7
0000000329,1610612738,BOS,Boston Celtics,1628369,Jayson Tatum,2024-25,Regular Season,2025-08-14,1610612748,MIA,Miami Heat,False,True,W,31.8,33,13,21,1,8,2,3,4,0,4,5,4,0,3,4,16
0000000329,1610612738,BOS,Boston Celtics,1627759,Jaylen Brown,2024-25,Regular Season,2025-08-14,1610612748,MIA,Miami Heat,False,True,W,26.3,19,7,15,4,10,3,6,0,2,2,3,1,2,1,5,-3
0000000329,1610612738,BOS,Boston Celtics,201950,Jrue Holiday,2024-25,Regular Season,2025-08-14,1610612748,MIA,Miami Heat,False,True,W,28.0,21,8,13,3,10,4,4,3,7,10,7,3,1,2,1,18
0000000329,1610612738,BOS,Boston Celtics,1628464,Derrick White,2024-25,Regular Season,2025-08-14,1610612748,MIA,Miami Heat,False,True,W,24.9,17,6,11,2,5,1,7,1,0,1,4,0,1,2,3,4
0000000329,1610612738,BOS,Boston Celtics,203935,Kristaps Porziņģis,2024-25,Regular Season,2025-08-14,1610612748,MIA,Miami Heat,False,True,W,29.8,22,8,13,1,2,2,6,1,8,9,2,2,0,2,0,-13
0000000329,1610612738,BOS,Boston Celtics,1629057,Robert Williams,2024-25,Regular Season,2025-08-14,1610612748,MIA,Miami Heat,False,True,W,22.3,10,4,11,0,0,5,7,1,3,4,2,0,0,2,4,2
0000000330,1610612748,MIA,Miami Heat,202710,Jimmy Butler,2024-25,Regular Season,2025-08-16,1610612752,NYK,New York Knicks,True,False,L,29.1,33,13,17,4,5,2,4,2,3,5,7,4,2,0,2,-16
0000000330,1610612748,MIA,Miami Heat,1629639,Tyler Herro,2024-25,Regular Season,2025-08-16,1610612752,NYK,New York Knicks,True,False,L,21.2,17,6,13,1,6,3,6,0,5,5,7,0,2,0,4,-4
0000000330,1610612748,MIA,Miami Heat,202355,Bam Adebayo,2024-25,Regular Season,2025-08-16,1610612752,NYK,New York Knicks,True,False,L,34.9,15,6,9,0,0,2,4,4,4,8,3,1,3,1,4,-6
0000000330,1610612748,MIA,Miami Heat,1631107,Jaime Jaquez,2024-25,Regular Season,2025-08-16,1610612752,NYK,New York Knicks,True,False,L,32.0,4,1,6,0,2,0,1,0,2,2,0,4,1,5,4,17
0000000330,1610612748,MIA,Miami Heat,203482,Kelly Olynyk,2024-25,Regular Season,2025-08-16,1610612752,NYK,New York Knicks,True,False,L,28.6,11,4,10,1,1,0,6,0,5,5,2,0,3,1,5,7
0000000330,1610612748,MIA,Miami Heat,1630217,Caleb Martin,2024-25,Regular Season,2025-08-16,1610612752,NYK,New York Knicks,True,False,L,33.3,7,2,5,1,1,1,2,3,2,5,0,3,0,4,1,10
0000000330,1610612752,NYK,New York Knicks,1628973,Jalen Brunson,2024-25,Regular Season,2025-08-16,1610612748,MIA,Miami Heat,False,True,W,29.4,22,8,13,4,6,3,4,0,0,0,8,2,2,3,4,7
0000000330,1610612752,NYK,New York Knicks,1626164,Isaiah Hartenstein,2024-25,Regular Season,2025-08-16,1610612748,MIA,Miami Heat,False,True,W,18.9,30,12,21,2,2,4,7,3,7,10,4,1,1,1,2,-17
0000000330,1610612752,NYK,New York Knicks,1629628,RJ Barrett,2024-25,Regular Season,2025-08-16,1610612748,MIA,Miami Heat,False,True,W,28.9,15,6,12,1,3,4,8,1,7,8,4,3,3,4,2,1
0000000330,1610612752,NYK,New York Knicks,1630193,Immanuel Quickley,2024-25,Regular Season,2025-08-16,1610612748,MIA,Miami Heat,False,True,W,35.4,15,6,10,5,10,2,5,1,0,1,2,4,0,5,4,13
0000000330,1610612752,NYK,New York Knicks,203944,Julius Randle,2024-25,Regular Season,2025-08-16,1610612748,MIA,Miami Heat,False,True,W,19.5,31,12,21,6,8,4,6,0,8,8,3,4,2,0,2,-10
0000000330,1610612752,NYK,New York Knicks,1631216,Miles McBride,2024-25,Regular Season,2025-08-16,1610612748,MIA,Miami Heat,False,True,W,28.1,2,4,7,4,5,2,2,4,1,5,2,3,2,3,0,2
0000000331,1610612747,LAL,Los Angeles Lakers,2544,LeBron James,2024-25,Regular Season,2025-08-18,1610612744,GSW,Golden State Warriors,True,False,W,26.6,23,9,17,6,6,0,1,1,3,4,6,0,1,2,3,-15
0000000331,1610612747,LAL,Los Angeles Lakers,1629029,Luka Dončić,2024-25,Regular Season,2025-08-18,1610612744,GSW,Golden State Warriors,True,False,W,27.6,30,12,18,3,3,4,5,0,7,7,8,4,0,2,5,2
0000000331,1610612747,LAL,Los Angeles Lakers,203076,Anthony Davis,2024-25,Regular Season,2025-08-18,1610612744,GSW,Golden State Warriors,True,False,W,30.0,26,10,16,2,3,1,2,4,2,6,0,0,3,5,5,1
0000000331,1610612747,LAL,Los Angeles Lakers,1630559,Austin Reaves,2024-25,Regular Season,2025-08-18,1610612744,GSW,Golden State Warriors,True,False,W,25.9,22,8,14,6,8,7,8,0,0,0,4,0,2,2,3,-17
0000000331,1610612747,LAL,Los Angeles Lakers,1626156,Dalton Knecht,2024-25,Regular Season,2025-08-18,1610612744,GSW,Golden State Warriors,True,False,W,28.4,4,6,7,6,7,0,4,1,0,1,3,0,1,2,5,2
0000000331,1610612747,LAL,Los Angeles Lakers,1629020,Rui Hachimura,2024-25,Regular Season,2025-08-18,1610612744,GSW,Golden State Warriors,True,False,W,20.7,6,2,5,0,1,0,0,0,0,0,1,1,1,3,4,17
0000000331,1610612744,GSW,Golden State Warriors,201939,Stephen Curry,2024-25,Regular Season,2025-08-18,1610612747,LAL,Los Angeles Lakers,False,True,L,22.9,29,11,20,5,10,0,0,3,2,5,7,1,3,1,2,17
0000000331,1610612744,GSW,Golden State Warriors,202691,Klay Thompson,2024-25,Regular Season,2025-08-18,1610612747,LAL,Los Angeles Lakers,False,True,L,19.6,12,4,10,4,10,3,7,0,0,0,4,1,2,4,1,4
0000000331,1610612744,GSW,Golden State Warriors,203110,Draymond Green,2024-25,Regular Season,2025-08-18,1610612747,LAL,Los Angeles Lakers,False,True,L,22.9,12,4,9,2,9,3,4,2,2,4,5,1,0,1,0,10
0000000331,1610612744,GSW,Golden State Warriors,1630228,Jonathan Kuminga,2024-25,Regular Season,2025-08-18,1610612747,LAL,Los Angeles Lakers,False,True,L,22.9,23,9,16,2,10,0,3,4,7,11,0,1,0,4,5,6
0000000331,1610612744,GSW,Golden State Warriors,1626172,Kevon Looney,2024-25,Regular Season,2025-08-18,1610612747,LAL,Los Angeles Lakers,False,True,L,23.6,1,1,4,1,1,1,7,3,4,7,2,1,0,4,3,1
0000000331,1610612744,GSW,Golden State Warriors,1630541,Brandin Podziemski,2024-25,Regular Season,2025-08-18,1610612747,LAL,Los Angeles Lakers,False,True,L,23.5,17,6,11,2,2,6,6,3,0,3,7,3,3,2,2,-10
0000000332,1610612747,LAL,Los Angeles Lakers,2544,LeBron James,2024-25,Regular Season,2025-08-20,1610612743,DEN,Denver Nuggets,True,False,W,31.2,33,13,19,1,2,5,5,0,9,9,9,1,0,1,1,-18
0000000332,1610612747,LAL,Los Angeles Lakers,1629029,Luka Dončić,2024-25,Regular Season,2025-08-20,1610612743,DEN,Denver Nuggets,True,False,W,26.6,25,10,13,8,9,1,3,2,4,6,12,4,3,1,2,12
0000000332,1610612747,LAL,Los Angeles Lakers,203076,Anthony Davis,2024-25,Regular Season,2025-08-20,1610612743,DEN,Denver Nuggets,True,False,W,28.3,9,3,6,0,1,0,0,1,16,17,0,3,0,0,0,-13
0000000332,1610612747,LAL,Los Angeles Lakers,1630559,Austin Reaves,2024-25,Regular Season,2025-08-20,1610612743,DEN,Denver Nuggets,True,False,W,37.6,16,6,10,1,8,0,6,0,0,0,3,3,2,4,1,-17
0000000332,1610612747,LAL,Los Angeles Lakers,1626156,Dalton Knecht,2024-25,Regular Season,2025-08-20,1610612743,DEN,Denver Nuggets,True,False,W,20.3,3,1,5,1,1,0,0,1,0,1,0,4,0,0,2,16
0000000332,1610612747,LAL,Los Angeles Lakers,1629020,Rui Hachimura,2024-25,Regular Season,2025-08-20,1610612743,DEN,Denver Nuggets,True,False,W,21.7,22,8,15,4,4,1,6,0,0,0,0,0,3,4,3,-14
0000000332,1610612743,DEN,Denver Nuggets,203999,Nikola Jokić,2024-25,Regular Season,2025-08-20,1610612747,LAL,Los Angeles Lakers,False,True,L,23.5,33,13,18,0,0,0,1,2,16,18,11,2,2,3,0,11
0000000332,1610612743,DEN,Denver Nuggets,1627750,Jamal Murray,2024-25,Regular Season,2025-08-20,1610612747,LAL,Los Angeles Lakers,False,True,L,19.1,22,8,14,2,8,0,0,1,3,4,4,4,3,3,1,7
0000000332,1610612743,DEN,Denver Nuggets,1628420,Aaron Gordon,2024-25,Regular Season,2025-08-20,1610612747,LAL,Los Angeles Lakers,False,True,L,33.6,14,5,11,3,6,2,8,1,6,7,3,3,1,5,3,-18
0000000332,1610612743,DEN,Denver Nuggets,1630166,Christian Braun,2024-25,Regular Season,2025-08-20,1610612747,LAL,Los Angeles Lakers,False,True,L,29.9,2,0,7,0,7,6,8,2,3,5,3,2,2,4,2,-17
0000000332,1610612743,DEN,Denver Nuggets,203914,Kentavious Caldwell-Pope,2024-25,Regular Season,2025-08-20,1610612747,LAL,Los Angeles Lakers,False,True,L,24.9,6,3,9,3,9,0,1,2,2,4,4,1,3,2,1,0
0000000332,1610612743,DEN,Denver Nuggets,1631128,Peyton Watson,2024-25,Regular Season,2025-08-20,1610612747,LAL,Los Angeles Lakers,False,True,L,18.7,17,6,11,5,7,0,7,1,2,3,0,0,0,2,5,17
0000000333,1610612747,LAL,Los Angeles Lakers,2544,LeBron James,2024-25,Regular Season,2025-08-22,1610612738,BOS,Boston Celtics,True,False,W,27.4,29,11,18,2,6,0,0,3,6,9,7,0,3,5,1,-16
0000000333,1610612747,LAL,Los Angeles Lakers,1629029,Luka Dončić,2024-25,Regular Season,2025-08-22,1610612738,BOS,Boston Celtics,True,False,W,24.0,35,14,18,1,5,4,6,1,13,14,5,0,2,3,3,14
0000000333,1610612747,LAL,Los Angeles Lakers,203076,Anthony Davis,2024-25,Regular Season,2025-08-22,1610612738,BOS,Boston Celtics,True,False,W,31.8,20,8,11,0,3,3,7,3,7,10,2,3,2,3,0,2
0000000333,1610612747,LAL,Los Angeles Lakers,1630559,Austin Reaves,2024-25,Regular Season,2025-08-22,1610612738,BOS,Boston Celtics,True,False,W,26.3,23,9,15,1,1,4,6,4,2,6,4,3,3,0,1,-3
0000000333,1610612747,LAL,Los Angeles Lakers,1626156,Dalton Knecht,2024-25,Regular Season,2025-08-22,1610612738,BOS,Boston Celtics,True,False,W,18.8,14,6,10,6,10,0,0,0,0,0,2,3,2,4,2,-18
0000000333,1610612747,LAL,Los Angeles Lakers,1629020,Rui Hachimura,2024-25,Regular Season,2025-08-22,1610612738,BOS,Boston Celtics,True,False,W,31.0,8,3,6,1,3,2,3,0,0,0,1,1,2,0,2,-2
0000000333,1610612738,BOS,Boston Celtics,1628369,Jayson Tatum,2024-25,Regular Season,2025-08-22,1610612747,LAL,Los Angeles Lakers,False,True,L,33.5,27,10,18,5,8,0,1,0,9,9,4,2,0,5,0,12
0000000333,1610612738,BOS,Boston Celtics,1627759,Jaylen Brown,2024-25,Regular Season,2025-08-22,1610612747,LAL,Los Angeles Lakers,False,True,L,34.0,7,2,4,0,4,7,8,0,3,3,3,1,1,2,2,-16
0000000333,1610612738,BOS,Boston Celtics,201950,Jrue Holiday,2024-25,Regular Season,2025-08-22,1610612747,LAL,Los Angeles Lakers,False,True,L,28.7,11,5,6,5,5,1,7,2,5,7,1,0,2,5,2,17
0000000333,1610612738,BOS,Boston Celtics,1628464,Derrick White,2024-25,Regular Season,2025-08-22,1610612747,LAL,Los Angeles Lakers,False,True,L,22.5,13,5,7,0,0,3,3,1,4,5,3,0,3,3,3,18
0000000333,1610612738,BOS,Boston Celtics,203935,Kristaps Porziņģis,2024-25,Regular Season,2025-08-22,1610612747,LAL,Los Angeles Lakers,False,True,L,32.0,16,6,11,0,0,1,5,1,7,8,0,4,0,5,2,13
0000000333,1610612738,BOS,Boston Celtics,1629057,Robert Williams,2024-25,Regular Season,2025-08-22,1610612747,LAL,Los Angeles Lakers,False,True,L,35.8,5,2,6,0,0,2,2,2,3,5,0,2,3,1,4,9
0000000334,1610612747,LAL,Los Angeles Lakers,2544,LeBron James,2024-25,Regular Season,2025-08-24,1610612752,NYK,New York Knicks,True,False,W,30.8,26,10,19,1,2,3,6,1,3,4,7,3,0,1,1,-14
0000000334,1610612747,LAL,Los Angeles Lakers,1629029,Luka Dončić,2024-25,Regular Season,2025-08-24,1610612752,NYK,New York Knicks,True,False,W,34.1,30,11,18,3,8,1,1,3,4,7,7,0,0,4,3,-15
0000000334,1610612747,LAL,Los Angeles Lakers,203076,Anthony Davis,2024-25,Regular Season,2025-08-24,1610612752,NYK,New York Knicks,True,False,W,25.2,20,8,15,0,2,0,3,1,12,13,5,2,1,0,0,-18
0000000334,1610612747,LAL,Los Angeles Lakers,1630559,Austin Reaves,2024-25,Regular Season,2025-08-24,1610612752,NYK,New York Knicks,True,False,W,26.9,10,4,10,4,6,3,4,0,0,0,6,0,2,3,5,5
0000000334,1610612747,LAL,Los Angeles Lakers,1626156,Dalton Knecht,2024-25,Regular Season,2025-08-24,1610612752,NYK,New York Knicks,True,False,W,22.1,1,2,10,2,10,2,4,2,0,2,0,0,1,1,3,1
0000000334,1610612747,LAL,Los Angeles Lakers,1629020,Rui Hachimura,2024-25,Regular Season,2025-08-24,1610612752,NYK,New York Knicks,True,False,W,30.8,15,6,10,2,8,2,4,3,0,3,0,4,2,5,3,-8
0000000334,1610612752,NYK,New York Knicks,1628973,Jalen Brunson,2024-25,Regular Season,2025-08-24,1610612747,LAL,Los Angeles Lakers,False,True,L,35.4,33,13,21,5,10,0,0,4,4,8,5,0,3,0,3,5
0000000334,1610612752,NYK,New York Knicks,1626164,Isaiah Hartenstein,2024-25,Regular Season,2025-08-24,1610612747,LAL,Los Angeles Lakers,False,True,L,21.5,23,9,14,0,0,0,0,1,15,16,0,1,2,4,5,12
0000000334,1610612752,NYK,New York Knicks,1629628,RJ Barrett,2024-25,Regular Season,2025-08-24,1610612747,LAL,Los Angeles Lakers,False,True,L,32.4,15,6,9,5,7,4,8,0,7,7,1,1,0,5,4,14
0000000334,1610612752,NYK,New York Knicks,1630193,Immanuel Quickley,2024-25,Regular Season,2025-08-24,1610612747,LAL,Los Angeles Lakers,False,True,L,37.3,12,4,7,0,1,4,5,0,1,1,1,2,0,5,4,17
0000000334,1610612752,NYK,New York Knicks,203944,Julius Randle,2024-25,Regular Season,2025-08-24,1610612747,LAL,Los Angeles Lakers,False,True,L,22.9,9,3,8,1,1,3,4,1,6,7,5,0,0,3,0,-11
0000000334,1610612752,NYK,New York Knicks,1631216,Miles McBride,2024-25,Regular Season,2025-08-24,1610612747,LAL,Los Angeles Lakers,False,True,L,33.1,9,4,10,4,10,0,5,3,3,6,1,3,0,3,4,9
0000000335,1610612747,LAL,Los Angeles Lakers,2544,LeBron James,2024-25,Regular Season,2025-08-26,1610612748,MIA,Miami Heat,True,False,W,20.2,36,14,23,2,2,2,2,4,3,7,4,0,1,3,4,-6
0000000335,1610612747,LAL,Los Angeles Lakers,1629029,Luka Dončić,2024-25,Regular Season,2025-08-26,1610612748,MIA,Miami Heat,True,False,W,19.4,35,14,22,1,5,0,4,2,10,12,12,0,2,1,3,-7
0000000335,1610612747,LAL,Los Angeles Lakers,203076,Anthony Davis,2024-25,Regular Season,2025-08-26,1610612748,MIA,Miami Heat,True,False,W,31.8,25,10,13,0,1,4,5,2,12,14,6,4,1,0,0,18
0000000335,1610612747,LAL,Los Angeles Lakers,1630559,Austin Reaves,2024-25,Regular Season,2025-08-26,1610612748,MIA,Miami Heat,True,False,W,27.7,18,7,10,1,10,1,5,1,0,1,4,2,2,4,4,10
0000000335,1610612747,LAL,Los Angeles Lakers,1626156,Dalton Knecht,2024-25,Regular Season,2025-08-26,1610612748,MIA,Miami Heat,True,False,W,19.0,8,3,8,0,0,0,3,0,3,3,0,4,1,4,3,10
0000000335,1610612747,LAL,Los Angeles Lakers,1629020,Rui Hachimura,2024-25,Regular Season,2025-08-26,1610612748,MIA,Miami Heat,True,False,W,34.4,18,7,12,3,10,3,4,3,0,3,4,3,0,5,5,-1
0000000335,1610612748,MIA,Miami Heat,202710,Jimmy Butler,2024-25,Regular Season,2025-08-26,1610612747,LAL,Los Angeles Lakers,False,True,L,28.5,29,11,20,0,8,1,3,4,4,8,6,1,1,0,4,16
0000000335,1610612748,MIA,Miami Heat,1629639,Tyler Herro,2024-25,Regular Season,2025-08-26,1610612747,LAL,Los Angeles Lakers,False,True,L,27.5,17,6,14,1,1,3,6,2,6,8,0,3,2,2,5,-7
0000000335,1610612748,MIA,Miami Heat,202355,Bam Adebayo,2024-25,Regular Season,2025-08-26,1610612747,LAL,Los Angeles Lakers,False,True,L,34.3,15,6,10,1,1,0,0,1,9,10,4,4,0,0,2,-17
0000000335,1610612748,MIA,Miami Heat,1631107,Jaime Jaquez,2024-25,Regular Season,2025-08-26,1610612747,LAL,Los Angeles Lakers,False,True,L,30.2,8,3,5,0,0,1,3,4,0,4,4,2,1,4,2,4
0000000335,1610612748,MIA,Miami Heat,203482,Kelly Olynyk,2024-25,Regular Season,2025-08-26,1610612747,LAL,Los Angeles Lakers,False,True,L,29.3,22,8,13,0,1,3,5,4,1,5,3,3,3,5,0,-4
0000000335,1610612748,MIA,Miami Heat,1630217,Caleb Martin,2024-25,Regular Season,2025-08-26,1610612747,LAL,Los Angeles Lakers,False,True,L,23.2,14,6,10,6,10,3,5,3,0,3,1,4,2,0,1,-3
0000000336,1610612744,GSW,Golden State Warriors,201939,Stephen Curry,2024-25,Regular Season,2025-08-28,1610612747,LAL,Los Angeles Lakers,True,False,W,30.3,33,13,18,4,10,3,5,2,0,2,7,2,0,3,1,-10
0000000336,1610612744,GSW,Golden State Warriors,202691,Klay Thompson,2024-25,Regular Season,2025-08-28,1610612747,LAL,Los Angeles Lakers,True,False,W,32.6,12,4,9,0,1,2,3,1,8,9,0,1,2,2,2,-2
0000000336,1610612744,GSW,Golden State Warriors,203110,Draymond Green,2024-25,Regular Season,2025-08-28,1610612747,LAL,Los Angeles Lakers,True,False,W,37.9,11,4,6,2,5,0,2,2,0,2,6,1,3,1,4,-2
0000000336,1610612744,GSW,Golden State Warriors,1630228,Jonathan Kuminga,2024-25,Regular Season,2025-08-28,1610612747,LAL,Los Angeles Lakers,True,False,W,21.8,10,4,11,0,9,6,6,0,3,3,3,2,0,4,1,18
0000000336,1610612744,GSW,Golden State Warriors,1626172,Kevon Looney,2024-25,Regular Season,2025-08-28,1610612747,LAL,Los Angeles Lakers,True,False,W,23.3,0,1,2,1,1,0,3,2,8,10,0,1,3,0,5,-11
0000000336,1610612744,GSW,Golden State Warriors,1630541,Brandin Podziemski,2024-25,Regular Season,2025-08-28,1610612747,LAL,Los Angeles Lakers,True,False,W,21.6,23,9,15,1,3,0,4,1,1,2,6,2,0,4,2,-3
0000000336,1610612747,LAL,Los Angeles Lakers,2544,LeBron James,2024-25,Regular Season,2025-08-28,1610612744,GSW,Golden State Warriors,False,True,L,30.0,18,7,12,1,8,1,1,1,4,5,8,3,2,2,1,18
0000000336,1610612747,LAL,Los Angeles Lakers,1629029,Luka Dončić,2024-25,Regular Season,2025-08-28,1610612744,GSW,Golden State Warriors,False,True,L,29.1,28,11,15,5,6,0,0,2,5,7,7,0,3,2,2,-4
0000000336,1610612747,LAL,Los Angeles Lakers,203076,Anthony Davis,2024-25,Regular Season,2025-08-28,1610612744,GSW,Golden State Warriors,False,True,L,23.0,16,6,14,2,2,0,4,0,10,10,0,3,2,4,5,-17
0000000336,1610612747,LAL,Los Angeles Lakers,1630559,Austin Reaves,2024-25,Regular Season,2025-08-28,1610612744,GSW,Golden State Warriors,False,True,L,35.7,8,3,6,2,4,4,6,3,3,6,2,1,1,2,3,3
0000000336,1610612747,LAL,Los Angeles Lakers,1626156,Dalton Knecht,2024-25,Regular Season,2025-08-28,1610612744,GSW,Golden State Warriors,False,True,L,31.6,12,4,9,0,0,0,0,1,5,6,0,0,0,3,0,17
0000000336,1610612747,LAL,Los Angeles Lakers,1629020,Rui Hachimura,2024-25,Regular Season,2025-08-28,1610612744,GSW,Golden State Warriors,False,True,L,34.1,0,6,8,6,8,0,4,0,2,2,0,0,2,3,2,14
0000000337,1610612744,GSW,Golden State Warriors,201939,Stephen Curry,2024-25,Regular Season,2025-08-30,1610612743,DEN,Denver Nuggets,True,False,W,34.5,32,12,17,0,8,0,2,0,11,11,7,3,0,2,5,3
0000000337,1610612744,GSW,Golden State Warriors,202691,Klay Thompson,2024-25,Regular Season,2025-08-30,1610612743,DEN,Denver Nuggets,True,False,W,30.1,33,13,20,0,0,2,6,0,7,7,0,4,0,3,0,-4
0000000337,1610612744,GSW,Golden State Warriors,203110,Draymond Green,2024-25,Regular Season,2025-08-30,1610612743,DEN,Denver Nuggets,True,False,W,19.5,12,4,11,2,2,1,3,2,1,3,5,4,2,1,4,-8
0000000337,1610612744,GSW,Golden State Warriors,1630228,Jonathan Kuminga,2024-25,Regular Season,2025-08-30,1610612743,DEN,Denver Nuggets,True,False,W,20.7,17,6,13,1,10,2,4,1,5,6,5,1,0,4,3,-18
0000000337,1610612744,GSW,Golden State Warriors,1626172,Kevon Looney,2024-25,Regular Season,2025-08-30,1610612743,DEN,Denver Nuggets,True,False,W,36.9,3,1,4,0,0,0,6,4,2,6,3,4,3,3,3,-10
0000000337,1610612744,GSW,Golden State Warriors,1630541,Brandin Podziemski,2024-25,Regular Season,2025-08-30,1610612743,DEN,Denver Nuggets,True,False,W,22.7,4,1,7,1,1,1,1,0,0,0,1,2,3,5,0,13
0000000337,1610612743,DEN,Denver Nuggets,203999,Nikola Jokić,2024-25,Regular Season,2025-08-30,1610612744,GSW,Golden State Warriors,False,True,L,18.1,28,11,18,2,2,5,8,0,12,12,11,4,3,2,0,18
0000000337,1610612743,DEN,Denver Nuggets,1627750,Jamal Murray,2024-25,Regular Season,2025-08-30,1610612744,GSW,Golden State Warriors,False,True,L,26.8,5,2,6,0,0,4,5,2,3,5,6,1,3,5,3,-12
0000000337,1610612743,DEN,Denver Nuggets,1628420,Aaron Gordon,2024-25,Regular Season,2025-08-30,1610612744,GSW,Golden State Warriors,False,True,L,24.8,8,3,7,0,7,0,8,1,5,6,0,4,2,1,1,18
0000000337,1610612743,DEN,Denver Nuggets,1630166,Christian Braun,2024-25,Regular Season,2025-08-30,1610612744,GSW,Golden State Warriors,False,True,L,26.5,3,5,5,5,5,6,6,1,4,5,2,0,3,0,0,2
0000000337,1610612743,DEN,Denver Nuggets,203914,Kentavious Caldwell-Pope,2024-25,Regular Season,2025-08-30,1610612744,GSW,Golden State Warriors,False,True,L,18.2,12,4,7,1,2,4,7,1,0,1,4,3,1,1,5,14
0000000337,1610612743,DEN,Denver Nuggets,1631128,Peyton Watson,2024-25,Regular Season,2025-08-30,1610612744,GSW,Golden State Warriors,False,True,L,37.7,8,7,9,7,7,0,1,0,3,3,2,1,2,3,5,15
0000000338,1610612744,GSW,Golden State Warriors,201939,Stephen Curry,2024-25,Regular Season,2025-09-01,1610612738,BOS,Boston Celtics,True,False,L,23.5,21,8,11,2,2,3,3,0,0,0,9,1,2,3,2,-15
0000000338,1610612744,GSW,Golden State Warriors,202691,Klay Thompson,2024-25,Regular Season,2025-09-01,1610612738,BOS,Boston Celtics,True,False,L,27.0,14,8,11,8,10,3,5,3,3,6,0,1,2,3,5,17
0000000338,1610612744,GSW,Golden State Warriors,203110,Draymond Green,2024-25,Regular Season,2025-09-01,1610612738,BOS,Boston Celtics,True,False,L,23.9,14,5,11,2,2,3,3,4,2,6,6,2,0,2,5,-15
0000000338,1610612744,GSW,Golden State Warriors,1630228,Jonathan Kuminga,2024-25,Regular Season,2025-09-01,1610612738,BOS,Boston Celtics,True,False,L,29.0,16,6,14,4,8,0,2,0,6,6,0,2,1,3,3,14
0000000338,1610612744,GSW,Golden State Warriors,1626172,Kevon Looney,2024-25,Regular Season,2025-09-01,1610612738,BOS,Boston Celtics,True,False,L,35.5,3,1,2,0,0,7,7,0,7,7,0,4,0,4,5,1
0000000338,1610612744,GSW,Golden State Warriors,1630541,Brandin Podziemski,2024-25,Regular Season,2025-09-01,1610612738,BOS,Boston Celtics,True,False,L,19.5,9,3,10,0,0,1,1,2,0,2,2,4,0,3,1,13
0000000338,1610612738,BOS,Boston Celtics,1628369,Jayson Tatum,2024-25,Regular Season,2025-09-01,1610612744,GSW,Golden State Warriors,False,True,W,22.5,18,7,14,2,5,2,7,4,4,8,6,3,0,4,1,-2
0000000338,1610612738,BOS,Boston Celtics,1627759,Jaylen Brown,2024-25,Regular Season,2025-09-01,1610612744,GSW,Golden State Warriors,False,True,W,21.3,35,14,23,7,10,0,7,3,3,6,3,1,2,1,0,14
0000000338,1610612738,BOS,Boston Celtics,201950,Jrue Holiday,2024-25,Regular Season,2025-09-01,1610612744,GSW,Golden State Warriors,False,True,W,20.9,14,5,10,4,10,0,2,0,9,9,7,0,1,4,5,-15
0000000338,1610612738,BOS,Boston Celtics,1628464,Derrick White,2024-25,Regular Season,2025-09-01,1610612744,GSW,Golden State Warriors,False,True,W,29.5,13,5,10,5,10,0,0,2,0,2,3,1,3,2,2,-3
0000000338,1610612738,BOS,Boston Celtics,203935,Kristaps Porziņģis,2024-25,Regular Season,2025-09-01,1610612744,GSW,Golden State Warriors,False,True,W,36.5,8,3,6,1,1,1,5,1,4,5,2,2,3,4,0,-8
0000000338,1610612738,BOS,Boston Celtics,1629057,Robert Williams,2024-25,Regular Season,2025-09-01,1610612744,GSW,Golden State Warriors,False,True,W,25.2,0,0,2,0,0,0,0,2,7,9,0,3,3,3,0,-17
0000000339,1610612744,GSW,Golden State Warriors,201939,Stephen Curry,2024-25,Regular Season,2025-09-03,1610612752,NYK,New York Knicks,True,False,L,37.4,23,9,14,4,5,0,7,0,0,0,2,3,2,2,3,12
0000000339,1610612744,GSW,Golden State Warriors,202691,Klay Thompson,2024-25,Regular Season,2025-09-03,1610612752,NYK,New York Knicks,True,False,L,18.5,24,9,16,7,10,5,6,0,3,3,2,3,3,4,4,14
0000000339,1610612744,GSW,Golden State Warriors,203110,Draymond Green,2024-25,Regular Season,2025-09-03,1610612752,NYK,New York Knicks,True,False,L,19.4,4,5,7,5,7,1,1,2,5,7,2,0,1,5,1,-7
0000000339,1610612744,GSW,Golden State Warriors,1630228,Jonathan Kuminga,2024-25,Regular Season,2025-09-03,1610612752,NYK,New York Knicks,True,False,L,28.8,2,2,5,2,3,0,1,0,4,4,0,4,3,0,4,7
0000000339,1610612744,GSW,Golden State Warriors,1626172,Kevon Looney,2024-25,Regular Season,2025-09-03,1610612752,NYK,New York Knicks,True,False,L,22.2,10,4,7,3,3,2,7,0,8,8,2,0,2,0,3,16
0000000339,1610612744,GSW,Golden State Warriors,1630541,Brandin Podziemski,2024-25,Regular Season,2025-09-03,1610612752,NYK,New York Knicks,True,False,L,33.8,14,7,10,7,7,0,0,3,4,7,4,2,3,5,5,-10
0000000339,1610612752,NYK,New York Knicks,1628973,Jalen Brunson,2024-25,Regular Season,2025-09-03,1610612744,GSW,Golden State Warriors,False,True,W,20.8,26,10,18,3,7,1,4,2,2,4,5,0,2,5,4,9
0000000339,1610612752,NYK,New York Knicks,1626164,Isaiah Hartenstein,2024-25,Regular Season,2025-09-03,1610612744,GSW,Golden State Warriors,False,True,W,31.4,23,9,15,1,1,2,3,2,4,6,3,4,1,5,2,-5
0000000339,1610612752,NYK,New York Knicks,1629628,RJ Barrett,2024-25,Regular Season,2025-09-03,1610612744,GSW,Golden State Warriors,False,True,W,21.3,8,3,7,0,1,2,3,3,2,5,2,4,2,5,1,-6
0000000339,1610612752,NYK,New York Knicks,1630193,Immanuel Quickley,2024-25,Regular Season,2025-09-03,1610612744,GSW,Golden State Warriors,False,True,W,34.6,20,8,11,0,0,5,8,1,4,5,1,4,3,2,0,2
0000000339,1610612752,NYK,New York Knicks,203944,Julius Randle,2024-25,Regular Season,2025-09-03,1610612744,GSW,Golden State Warriors,False,True,W,21.3,26,10,17,1,2,0,0,0,10,10,5,1,0,0,4,-14
0000000339,1610612752,NYK,New York Knicks,1631216,Miles McBride,2024-25,Regular Season,2025-09-03,1610612744,GSW,Golden State Warriors,False,True,W,27.9,8,3,9,1,8,1,7,0,1,1,2,0,0,5,3,-16
0000000340,1610612744,GSW,Golden State Warriors,201939,Stephen Curry,2024-25,Regular Season,2025-09-05,1610612748,MIA,Miami Heat,True,False,L,21.5,29,11,20,0,0,0,2,0,9,9,6,4,2,3,4,3
0000000340,1610612744,GSW,Golden State Warriors,202691,Klay Thompson,2024-25,Regular Season,2025-09-05,1610612748,MIA,Miami Heat,True,False,L,18.5,20,8,16,0,2,0,2,0,1,1,3,1,1,1,3,18
0000000340,1610612744,GSW,Golden State Warriors,203110,Draymond Green,2024-25,Regular Season,2025-09-05,1610612748,MIA,Miami Heat,True,False,L,24.8,5,2,5,0,0,0,0,1,3,4,6,1,3,5,1,8
0000000340,1610612744,GSW,Golden State Warriors,1630228,Jonathan Kuminga,2024-25,Regular Season,2025-09-05,1610612748,MIA,Miami Heat,True,False,L,37.3,17,7,10,7,9,0,0,3,8,11,1,4,0,5,4,6
0000000340,1610612744,GSW,Golden State Warriors,1626172,Kevon Looney,2024-25,Regular Season,2025-09-05,1610612748,MIA,Miami Heat,True,False,L,24.9,0,2,3,2,3,0,0,4,4,8,1,3,3,5,5,2
0000000340,1610612744,GSW,Golden State Warriors,1630541,Brandin Podziemski,2024-25,Regular Season,2025-09-05,1610612748,MIA,Miami Heat,True,False,L,22.4,12,4,11,1,4,2,3,4,2,6,3,4,1,3,2,8
0000000340,1610612748,MIA,Miami Heat,202710,Jimmy Butler,2024-25,Regular Season,2025-09-05,1610612744,GSW,Golden State Warriors,False,True,W,32.4,34,13,22,3,8,3,3,3,7,10,4,1,2,1,5,-17
0000000340,1610612748,MIA,Miami Heat,1629639,Tyler Herro,2024-25,Regular Season,2025-09-05,1610612744,GSW,Golden State Warriors,False,True,W,34.1,16,6,10,5,6,4,4,1,0,1,3,1,1,4,5,-3
0000000340,1610612748,MIA,Miami Heat,202355,Bam Adebayo,2024-25,Regular Season,2025-09-05,1610612744,GSW,Golden State Warriors,False,True,W,30.4,22,8,13,1,1,4,6,4,3,7,5,3,1,4,5,-11
0000000340,1610612748,MIA,Miami Heat,1631107,Jaime Jaquez,2024-25,Regular Season,2025-09-05,1610612744,GSW,Golden State Warriors,False,True,W,28.8,11,4,7,2,2,4,6,0,0,0,2,2,2,5,1,-2
0000000340,1610612748,MIA,Miami Heat,203482,Kelly Olynyk,2024-25,Regular Season,2025-09-05,1610612744,GSW,Golden State Warriors,False,True,W,37.7,18,7,14,1,1,1,2,2,5,7,4,3,1,2,0,-11
0000000340,1610612748,MIA,Miami Heat,1630217,Caleb Martin,2024-25,Regular Season,2025-09-05,1610612744,GSW,Golden State Warriors,False,True,W,34.5,15,6,8,0,0,0,0,0,0,0,6,4,2,2,2,0
0000000341,1610612743,DEN,Denver Nuggets,203999,Nikola Jokić,2024-25,Regular Season,2025-09-07,1610612747,LAL,Los Angeles Lakers,True,False,L,25.9,29,11,17,1,2,0,0,1,10,11,9,4,1,4,3,-3
0000000341,1610612743,DEN,Denver Nuggets,1627750,Jamal Murray,2024-25,Regular Season,2025-09-07,1610612747,LAL,Los Angeles Lakers,True,False,L,22.5,27,10,15,1,3,0,8,4,2,6,5,4,0,1,5,-1
0000000341,1610612743,DEN,Denver Nuggets,1628420,Aaron Gordon,2024-25,Regular Season,2025-09-07,1610612747,LAL,Los Angeles Lakers,True,False,L,34.1,9,3,10,0,0,1,2,4,1,5,0,0,0,0,3,-9
0000000341,1610612743,DEN,Denver Nuggets,1630166,Christian Braun,2024-25,Regular Season,2025-09-07,1610612747,LAL,Los Angeles Lakers,True,False,L,24.1,20,8,11,4,7,1,4,2,4,6,3,0,0,4,3,16
0000000341,1610612743,DEN,Denver Nuggets,203914,Kentavious Caldwell-Pope,2024-25,Regular Season,2025-09-07,1610612747,LAL,Los Angeles Lakers,True,False,L,31.3,6,3,7,3,3,0,1,4,1,5,2,1,2,3,1,-1
0000000341,1610612743,DEN,Denver Nuggets,1631128,Peyton Watson,2024-25,Regular Season,2025-09-07,1610612747,LAL,Los Angeles Lakers,True,False,L,28.0,12,4,8,0,0,2,6,3,1,4,1,3,3,5,5,-1
0000000341,1610612747,LAL,Los Angeles Lakers,2544,LeBron James,2024-25,Regular Season,2025-09-07,1610612743,DEN,Denver Nuggets,False,True,W,29.8,33,13,18,2,5,7,7,2,5,7,9,1,3,4,2,7
0000000341,1610612747,LAL,Los Angeles Lakers,1629029,Luka Dončić,2024-25,Regular Season,2025-09-07,1610612743,DEN,Denver Nuggets,False,True,W,27.2,22,8,14,1,1,4,4,2,10,12,6,0,1,3,4,8
0000000341,1610612747,LAL,Los Angeles Lakers,203076,Anthony Davis,2024-25,Regular Season,2025-09-07,1610612743,DEN,Denver Nuggets,False,True,W,19.0,21,8,12,0,1,4,4,1,15,16,1,2,1,1,0,-6
0000000341,1610612747,LAL,Los Angeles Lakers,1630559,Austin Reaves,2024-25,Regular Season,2025-09-07,1610612743,DEN,Denver Nuggets,False,True,W,25.4,13,5,9,4,5,7,8,2,0,2,3,4,1,0,1,-18
0000000341,1610612747,LAL,Los Angeles Lakers,1626156,Dalton Knecht,2024-25,Regular Season,2025-09-07,1610612743,DEN,Denver Nuggets,False,True,W,32.1,10,4,8,0,1,1,3,3,0,3,1,4,3,4,2,18
0000000341,1610612747,LAL,Los Angeles Lakers,1629020,Rui Hachimura,2024-25,Regular Season,2025-09-07,1610612743,DEN,Denver Nuggets,False,True,W,20.1,18,7,14,3,9,2,6,3,0,3,0,1,2,3,0,14
0000000342,1610612743,DEN,Denver Nuggets,203999,Nikola Jokić,2024-25,Regular Season,2025-09-09,1610612744,GSW,Golden State Warriors,True,False,W,22.2,35,14,18,2,2,2,7,3,9,12,10,2,3,0,2,-2
0000000342,1610612743,DEN,Denver Nuggets,1627750,Jamal Murray,2024-25,Regular Season,2025-09-09,1610612744,GSW,Golden State Warriors,True,False,W,29.3,20,8,13,1,1,3,5,2,2,4,6,4,2,4,4,2
0000000342,1610612743,DEN,Denver Nuggets,1628420,Aaron Gordon,2024-25,Regular Season,2025-09-09,1610612744,GSW,Golden State Warriors,True,False,W,34.7,32,12,21,1,1,0,0,1,10,11,0,3,1,0,4,11
0000000342,1610612743,DEN,Denver Nuggets,1630166,Christian Braun,2024-25,Regular Season,2025-09-09,1610612744,GSW,Golden State Warriors,True,False,W,22.2,7,2,7,0,1,1,3,0,0,0,1,1,1,0,5,-6
0000000342,1610612743,DEN,Denver Nuggets,203914,Kentavious Caldwell-Pope,2024-25,Regular Season,2025-09-09,1610612744,GSW,Golden State Warriors,True,False,W,33.2,1,2,4,2,4,1,2,3,2,5,3,1,0,0,1,10
0000000342,1610612743,DEN,Denver Nuggets,1631128,Peyton Watson,2024-25,Regular Season,2025-09-09,1610612744,GSW,Golden State Warriors,True,False,W,26.3,5,7,10,7,10,0,1,2,5,7,0,0,0,0,4,-10
0000000342,1610612744,GSW,Golden State Warriors,201939,Stephen Curry,2024-25,Regular Season,2025-09-09,1610612743,DEN,Denver Nuggets,False,True,L,28.0,26,10,17,8,9,2,8,0,3,3,7,2,2,2,1,13
0000000342,1610612744,GSW,Golden State Warriors,202691,Klay Thompson,2024-25,Regular Season,2025-09-09,1610612743,DEN,Denver Nuggets,False,True,L,35.1,13,5,10,5,8,2,4,0,0,0,4,0,0,3,1,13
0000000342,1610612744,GSW,Golden State Warriors,203110,Draymond Green,2024-25,Regular Season,2025-09-09,1610612743,DEN,Denver Nuggets,False,True,L,21.1,4,2,5,2,2,1,1,3,5,8,5,3,1,2,1,3
0000000342,1610612744,GSW,Golden State Warriors,1630228,Jonathan Kuminga,2024-25,Regular Season,2025-09-09,1610612743,DEN,Denver Nuggets,False,True,L,24.0,7,2,8,1,1,2,8,2,5,7,1,3,2,0,5,-1
0000000342,1610612744,GSW,Golden State Warriors,1626172,Kevon Looney,2024-25,Regular Season,2025-09-09,1610612743,DEN,Denver Nuggets,False,True,L,22.2,13,5,9,0,2,3,4,4,11,15,0,1,3,2,1,-3
0000000342,1610612744,GSW,Golden State Warriors,1630541,Brandin Podziemski,2024-25,Regular Season,2025-09-09,1610612743,DEN,Denver Nuggets,False,True,L,26.9,10,4,6,1,3,2,2,2,6,8,5,4,0,2,5,-7
0000000343,1610612743,DEN,Denver Nuggets,203999,Nikola Jokić,2024-25,Regular Season,2025-09-11,1610612738,BOS,Boston Celtics,True,False,L,24.1,18,7,10,1,2,0,0,3,10,13,11,2,3,2,4,7
0000000343,1610612743,DEN,Denver Nuggets,1627750,Jamal Murray,2024-25,Regular Season,2025-09-11,1610612738,BOS,Boston Celtics,True,False,L,19.5,16,6,14,1,8,3,5,0,3,3,7,0,3,0,1,8
0000000343,1610612743,DEN,Denver Nuggets,1628420,Aaron Gordon,2024-25,Regular Season,2025-09-11,1610612738,BOS,Boston Celtics,True,False,L,27.7,16,6,10,0,0,3,6,0,10,10,4,1,1,3,5,-3
0000000343,1610612743,DEN,Denver Nuggets,1630166,Christian Braun,2024-25,Regular Season,2025-09-11,1610612738,BOS,Boston Celtics,True,False,L,28.6,11,5,9,5,9,2,8,1,1,2,3,2,0,3,0,5
0000000343,1610612743,DEN,Denver Nuggets,203914,Kentavious Caldwell-Pope,2024-25,Regular Season,2025-09-11,1610612738,BOS,Boston Celtics,True,False,L,18.3,6,2,8,2,7,0,0,1,0,1,4,0,3,4,1,13
0000000343,1610612743,DEN,Denver Nuggets,1631128,Peyton Watson,2024-25,Regular Season,2025-09-11,1610612738,BOS,Boston Celtics,True,False,L,31.8,5,2,5,0,0,2,4,0,0,0,0,0,2,5,3,-1
0000000343,1610612738,BOS,Boston Celtics,1628369,Jayson Tatum,2024-25,Regular Season,2025-09-11,1610612743,DEN,Denver Nuggets,False,True,W,28.2,29,11,17,2,3,3,5,4,0,4,5,2,3,0,2,12
0000000343,1610612738,BOS,Boston Celtics,1627759,Jaylen Brown,2024-25,Regular Season,2025-09-11,1610612743,DEN,Denver Nuggets,False,True,W,32.6,29,11,15,6,8,4,4,2,6,8,3,2,1,4,2,1
0000000343,1610612738,BOS,Boston Celtics,201950,Jrue Holiday,2024-25,Regular Season,2025-09-11,1610612743,DEN,Denver Nuggets,False,True,W,22.6,12,4,7,2,6,0,4,4,0,4,5,2,3,2,4,1
0000000343,1610612738,BOS,Boston Celtics,1628464,Derrick White,2024-25,Regular Season,2025-09-11,1610612743,DEN,Denver Nuggets,False,True,W,30.9,13,5,10,1,5,0,5,1,4,5,5,4,2,2,2,11
0000000343,1610612738,BOS,Boston Celtics,203935,Kristaps Porziņģis,2024-25,Regular Season,2025-09-11,1610612743,DEN,Denver Nuggets,False,True,W,31.3,11,4,11,0,0,3,3,2,9,11,4,0,1,2,1,-8
0000000343,1610612738,BOS,Boston Celtics,1629057,Robert Williams,2024-25,Regular Season,2025-09-11,1610612743,DEN,Denver Nuggets,False,True,W,21.7,0,0,2,0,0,2,5,2,9,11,0,0,0,4,0,-6
0000000344,1610612743,DEN,Denver Nuggets,203999,Nikola Jokić,2024-25,Regular Season,2025-09-13,1610612752,NYK,New York Knicks,True,False,L,35.8,31,12,17,1,2,1,1,4,8,12,10,1,2,1,5,7
0000000344,1610612743,DEN,Denver Nuggets,1627750,Jamal Murray,2024-25,Regular Season,2025-09-13,1610612752,NYK,New York Knicks,True,False,L,21.9,16,6,13,0,6,1,5,0,6,6,4,0,3,4,0,12
0000000344,1610612743,DEN,Denver Nuggets,1628420,Aaron Gordon,2024-25,Regular Season,2025-09-13,1610612752,NYK,New York Knicks,True,False,L,38.0,16,8,10,8,8,0,2,0,6,6,0,1,2,5,0,-3
0000000344,1610612743,DEN,Denver Nuggets,1630166,Christian Braun,2024-25,Regular Season,2025-09-13,1610612752,NYK,New York Knicks,True,False,L,33.3,8,3,5,3,3,2,6,1,0,1,0,0,2,1,5,3
0000000344,1610612743,DEN,Denver Nuggets,203914,Kentavious Caldwell-Pope,2024-25,Regular Season,2025-09-13,1610612752,NYK,New York Knicks,True,False,L,36.2,12,4,8,0,3,0,3,0,1,1,4,3,1,4,0,-10
0000000344,1610612743,DEN,Denver Nuggets,1631128,Peyton Watson,2024-25,Regular Season,2025-09-13,1610612752,NYK,New York Knicks,True,False,L,26.0,15,6,12,0,0,1,2,1,7,8,0,3,0,3,3,13
0000000344,1610612752,NYK,New York Knicks,1628973,Jalen Brunson,2024-25,Regular Season,2025-09-13,1610612743,DEN,Denver Nuggets,False,True,W,20.0,31,12,17,7,10,5,7,1,1,2,7,2,2,5,1,-10
0000000344,1610612752,NYK,New York Knicks,1626164,Isaiah Hartenstein,2024-25,Regular Season,2025-09-13,1610612743,DEN,Denver Nuggets,False,True,W,25.0,27,10,16,1,3,0,5,1,11,12,0,4,3,5,1,-6
0000000344,1610612752,NYK,New York Knicks,1629628,RJ Barrett,2024-25,Regular Season,2025-09-13,1610612743,DEN,Denver Nuggets,False,True,W,22.2,16,8,12,8,8,2,2,0,4,4,4,1,1,4,5,7
0000000344,1610612752,NYK,New York Knicks,1630193,Immanuel Quickley,2024-25,Regular Season,2025-09-13,1610612743,DEN,Denver Nuggets,False,True,W,27.0,0,3,8,3,8,1,2,2,0,2,4,0,3,5,4,-12
0000000344,1610612752,NYK,New York Knicks,203944,Julius Randle,2024-25,Regular Season,2025-09-13,1610612743,DEN,Denver Nuggets,False,True,W,19.8,26,10,16,2,6,6,7,1,8,9,3,3,2,5,3,-15
0000000344,1610612752,NYK,New York Knicks,1631216,Miles McBride,2024-25,Regular Season,2025-09-13,1610612743,DEN,Denver Nuggets,False,True,W,37.0,16,6,9,3,3,0,0,0,0,0,0,2,2,3,2,-2
0000000345,1610612743,DEN,Denver Nuggets,203999,Nikola Jokić,2024-25,Regular Season,2025-09-15,1610612748,MIA,Miami Heat,True,False,W,24.0,35,14,18,0,0,0,0,2,12,14,10,3,2,0,1,-5
0000000345,1610612743,DEN,Denver Nuggets,1627750,Jamal Murray,2024-25,Regular Season,2025-09-15,1610612748,MIA,Miami Heat,True,False,W,22.2,27,10,19,3,10,3,6,4,2,6,5,0,3,0,3,-8
0000000345,1610612743,DEN,Denver Nuggets,1628420,Aaron Gordon,2024-25,Regular Season,2025-09-15,1610612748,MIA,Miami Heat,True,False,W,30.1,19,7,13,3,6,4,7,1,4,5,3,0,0,3,0,15
0000000345,1610612743,DEN,Denver Nuggets,1630166,Christian Braun,2024-25,Regular Season,2025-09-15,1610612748,MIA,Miami Heat,True,False,W,32.4,8,3,8,0,0,1,1,0,2,2,1,4,1,3,4,-4
0000000345,1610612743,DEN,Denver Nuggets,203914,Kentavious Caldwell-Pope,2024-25,Regular Season,2025-09-15,1610612748,MIA,Miami Heat,True,False,W,19.3,9,4,9,4,9,0,4,2,0,2,0,0,1,3,3,-1
0000000345,1610612743,DEN,Denver Nuggets,1631128,Peyton Watson,2024-25,Regular Season,2025-09-15,1610612748,MIA,Miami Heat,True,False,W,26.7,8,3,8,2,8,4,7,4,3,7,1,0,2,1,0,4
0000000345,1610612748,MIA,Miami Heat,202710,Jimmy Butler,2024-25,Regular Season,2025-09-15,1610612743,DEN,Denver Nuggets,False,True,L,28.3,25,10,16,3,10,0,2,0,10,10,5,3,1,0,0,-1
0000000345,1610612748,MIA,Miami Heat,1629639,Tyler Herro,2024-25,Regular Season,2025-09-15,1610612743,DEN,Denver Nuggets,False,True,L,20.4,19,7,12,0,6,6,7,1,4,5,6,1,0,0,5,16
0000000345,1610612748,MIA,Miami Heat,202355,Bam Adebayo,2024-25,Regular Season,2025-09-15,1610612743,DEN,Denver Nuggets,False,True,L,19.3,18,7,13,1,2,0,0,1,6,7,6,1,3,2,5,17
0000000345,1610612748,MIA,Miami Heat,1631107,Jaime Jaquez,2024-25,Regular Season,2025-09-15,1610612743,DEN,Denver Nuggets,False,True,L,35.4,4,1,4,0,0,0,0,0,0,0,3,3,3,0,1,-3
0000000345,1610612748,MIA,Miami Heat,203482,Kelly Olynyk,2024-25,Regular Season,2025-09-15,1610612743,DEN,Denver Nuggets,False,True,L,35.1,11,4,6,0,0,5,5,0,5,5,0,3,3,1,5,17
0000000345,1610612748,MIA,Miami Heat,1630217,Caleb Martin,2024-25,Regular Season,2025-09-15,1610612743,DEN,Denver Nuggets,False,True,L,27.2,8,3,8,1,1,3,5,1,7,8,2,0,0,3,2,18
0000000346,1610612738,BOS,Boston Celtics,1628369,Jayson Tatum,2024-25,Regular Season,2025-09-17,1610612747,LAL,Los Angeles Lakers,True,False,W,22.2,36,14,19,3,3,1,2,3,3,6,5,3,2,4,2,-13
0000000346,1610612738,BOS,Boston Celtics,1627759,Jaylen Brown,2024-25,Regular Season,2025-09-17,1610612747,LAL,Los Angeles Lakers,True,False,W,32.8,30,12,17,0,3,0,6,1,9,10,3,4,3,5,0,9
0000000346,1610612738,BOS,Boston Celtics,201950,Jrue Holiday,2024-25,Regular Season,2025-09-17,1610612747,LAL,Los Angeles Lakers,True,False,W,35.2,9,4,8,4,8,0,5,0,0,0,4,3,0,2,3,4
0000000346,1610612738,BOS,Boston Celtics,1628464,Derrick White,2024-25,Regular Season,2025-09-17,1610612747,LAL,Los Angeles Lakers,True,False,W,30.7,22,8,12,3,4,0,3,3,1,4,3,1,1,0,3,11
0000000346,1610612738,BOS,Boston Celtics,203935,Kristaps Porziņģis,2024-25,Regular Season,2025-09-17,1610612747,LAL,Los Angeles Lakers,True,False,W,36.5,18,7,15,3,3,2,7,1,2,3,4,3,0,2,0,5
0000000346,1610612738,BOS,Boston Celtics,1629057,Robert Williams,2024-25,Regular Season,2025-09-17,1610612747,LAL,Los Angeles Lakers,True,False,W,34.0,20,8,15,1,2,7,7,0,8,8,1,1,3,0,0,-13
0000000346,1610612747,LAL,Los Angeles Lakers,2544,LeBron James,2024-25,Regular Season,2025-09-17,1610612738,BOS,Boston Celtics,False,True,L,29.3,29,11,15,1,4,8,8,2,8,10,5,0,1,5,3,15
0000000346,1610612747,LAL,Los Angeles Lakers,1629029,Luka Dončić,2024-25,Regular Season,2025-09-17,1610612738,BOS,Boston Celtics,False,True,L,23.6,43,17,23,6,10,2,4,2,6,8,4,0,2,1,0,9
0000000346,1610612747,LAL,Los Angeles Lakers,203076,Anthony Davis,2024-25,Regular Season,2025-09-17,1610612738,BOS,Boston Celtics,False,True,L,23.3,20,8,12,1,1,0,0,2,13,15,3,2,1,3,2,4
0000000346,1610612747,LAL,Los Angeles Lakers,1630559,Austin Reaves,2024-25,Regular Season,2025-09-17,1610612738,BOS,Boston Celtics,False,True,L,27.4,19,7,10,0,9,2,2,1,1,2,3,1,0,4,1,18
0000000346,1610612747,LAL,Los Angeles Lakers,1626156,Dalton Knecht,2024-25,Regular Season,2025-09-17,1610612738,BOS,Boston Celtics,False,True,L,20.7,9,3,8,2,3,0,2,1,0,1,0,1,3,2,2,-18
0000000346,1610612747,LAL,Los Angeles Lakers,1629020,Rui Hachimura,2024-25,Regular Season,2025-09-17,1610612738,BOS,Boston Celtics,False,True,L,27.2,8,3,8,1,1,3,3,1,1,2,1,1,0,0,1,9
0000000347,1610612738,BOS,Boston Celtics,1628369,Jayson Tatum,2024-25,Regular Season,2025-09-19,1610612744,GSW,Golden State Warriors,True,False,W,19.0,25,10,17,0,0,1,1,1,11,12,6,0,0,1,0,9
0000000347,1610612738,BOS,Boston Celtics,1627759,Jaylen Brown,2024-25,Regular Season,2025-09-19,1610612744,GSW,Golden State Warriors,True,False,W,32.0,13,10,10,10,10,4,4,1,4,5,2,0,0,5,1,-9
0000000347,1610612738,BOS,Boston Celtics,201950,Jrue Holiday,2024-25,Regular Season,2025-09-19,1610612744,GSW,Golden State Warriors,True,False,W,19.4,16,6,9,4,6,2,8,1,0,1,2,4,2,5,4,-16
0000000347,1610612738,BOS,Boston Celtics,1628464,Derrick White,2024-25,Regular Season,2025-09-19,1610612744,GSW,Golden State Warriors,True,False,W,29.9,21,8,14,6,6,0,5,1,5,6,7,2,3,4,3,15
0000000347,1610612738,BOS,Boston Celtics,203935,Kristaps Porziņģis,2024-25,Regular Season,2025-09-19,1610612744,GSW,Golden State Warriors,True,False,W,30.8,19,7,14,0,0,0,4,0,5,5,0,2,1,0,1,-4
0000000347,1610612738,BOS,Boston Celtics,1629057,Robert Williams,2024-25,Regular Season,2025-09-19,1610612744,GSW,Golden State Warriors,True,False,W,37.1,7,2,7,0,1,1,6,2,11,13,0,3,0,4,3,2
0000000347,1610612744,GSW,Golden State Warriors,201939,Stephen Curry,2024-25,Regular Season,2025-09-19,1610612738,BOS,Boston Celtics,False,True,L,22.5,30,12,18,1,10,6,8,3,4,7,5,2,3,5,0,3
0000000347,1610612744,GSW,Golden State Warriors,202691,Klay Thompson,2024-25,Regular Season,2025-09-19,1610612738,BOS,Boston Celtics,False,True,L,36.4,17,6,12,3,8,1,3,2,0,2,1,0,1,1,4,-1
0000000347,1610612744,GSW,Golden State Warriors,203110,Draymond Green,2024-25,Regular Season,2025-09-19,1610612738,BOS,Boston Celtics,False,True,L,18.1,1,0,6,0,1,0,1,0,10,10,9,1,3,2,5,14
0000000347,1610612744,GSW,Golden State Warriors,1630228,Jonathan Kuminga,2024-25,Regular Season,2025-09-19,1610612738,BOS,Boston Celtics,False,True,L,32.8,22,8,12,7,8,0,0,1,9,10,0,3,2,5,4,12
0000000347,1610612744,GSW,Golden State Warriors,1626172,Kevon Looney,2024-25,Regular Season,2025-09-19,1610612738,BOS,Boston Celtics,False,True,L,34.3,0,1,3,1,3,6,7,1,5,6,0,0,3,3,0,-8
0000000347,1610612744,GSW,Golden State Warriors,1630541,Brandin Podziemski,2024-25,Regular Season,2025-09-19,1610612738,BOS,Boston Celtics,False,True,L,27.7,15,6,10,2,7,0,2,0,8,8,4,0,2,3,4,-1
0000000348,1610612738,BOS,Boston Celtics,1628369,Jayson Tatum,2024-25,Regular Season,2025-09-21,1610612743,DEN,Denver Nuggets,True,False,W,26.1,32,12,20,1,2,0,0,0,4,4,2,2,0,3,3,-5
0000000348,1610612738,BOS,Boston Celtics,1627759,Jaylen Brown,2024-25,Regular Season,2025-09-21,1610612743,DEN,Denver Nuggets,True,False,W,33.7,31,12,17,2,2,2,2,1,3,4,3,3,1,1,2,-2
0000000348,1610612738,BOS,Boston Celtics,201950,Jrue Holiday,2024-25,Regular Season,2025-09-21,1610612743,DEN,Denver Nuggets,True,False,W,26.2,20,8,12,4,9,8,8,1,4,5,6,2,3,0,1,10
0000000348,1610612738,BOS,Boston Celtics,1628464,Derrick White,2024-25,Regular Season,2025-09-21,1610612743,DEN,Denver Nuggets,True,False,W,28.2,1,0,2,0,0,0,3,3,3,6,5,2,0,1,3,8
0000000348,1610612738,BOS,Boston Celtics,203935,Kristaps Porziņģis,2024-25,Regular Season,2025-09-21,1610612743,DEN,Denver Nuggets,True,False,W,25.4,22,8,14,0,1,0,2,3,4,7,1,2,1,3,3,-7
0000000348,1610612738,BOS,Boston Celtics,1629057,Robert Williams,2024-25,Regular Season,2025-09-21,1610612743,DEN,Denver Nuggets,True,False,W,37.4,0,1,2,1,1,1,6,0,2,2,1,3,2,0,0,15
0000000348,1610612743,DEN,Denver Nuggets,203999,Nikola Jokić,2024-25,Regular Season,2025-09-21,1610612738,BOS,Boston Celtics,False,True,L,28.8,21,8,11,1,1,1,8,0,13,13,7,1,1,5,2,1
0000000348,1610612743,DEN,Denver Nuggets,1627750,Jamal Murray,2024-25,Regular Season,2025-09-21,1610612738,BOS,Boston Celtics,False,True,L,37.8,21,8,13,4,6,2,3,0,1,1,5,3,3,0,3,8
0000000348,1610612743,DEN,Denver Nuggets,1628420,Aaron Gordon,2024-25,Regular Season,2025-09-21,1610612738,BOS,Boston Celtics,False,True,L,31.7,3,1,4,1,1,5,7,1,5,6,3,2,2,4,2,-6
0000000348,1610612743,DEN,Denver Nuggets,1630166,Christian Braun,2024-25,Regular Season,2025-09-21,1610612738,BOS,Boston Celtics,False,True,L,37.7,7,2,9,2,3,4,8,1,0,1,3,3,3,1,5,17
0000000348,1610612743,DEN,Denver Nuggets,203914,Kentavious Caldwell-Pope,2024-25,Regular Season,2025-09-21,1610612738,BOS,Boston Celtics,False,True,L,24.2,9,3,10,2,10,1,5,0,0,0,3,3,2,5,3,-14
0000000348,1610612743,DEN,Denver Nuggets,1631128,Peyton Watson,2024-25,Regular Season,2025-09-21,1610612738,BOS,Boston Celtics,False,True,L,33.3,8,4,8,4,8,2,2,4,0,4,1,0,3,1,1,-12
0000000349,1610612738,BOS,Boston Celtics,1628369,Jayson Tatum,2024-25,Regular Season,2025-09-23,1610612752,NYK,New York Knicks,True,False,L,36.8,32,12,20,0,0,2,2,3,11,14,10,0,3,2,5,-7
0000000349,1610612738,BOS,Boston Celtics,1627759,Jaylen Brown,2024-25,Regular Season,2025-09-23,1610612752,NYK,New York Knicks,True,False,L,28.2,22,8,16,0,0,0,0,1,5,6,1,3,2,0,5,-2
0000000349,1610612738,BOS,Boston Celtics,201950,Jrue Holiday,2024-25,Regular Season,2025-09-23,1610612752,NYK,New York Knicks,True,False,L,20.5,9,3,6,1,6,0,0,0,0,0,5,2,1,4,5,-7
0000000349,1610612738,BOS,Boston Celtics,1628464,Derrick White,2024-25,Regular Season,2025-09-23,1610612752,NYK,New York Knicks,True,False,L,18.3,12,4,7,1,1,3,4,3,0,3,4,3,1,4,5,3
0000000349,1610612738,BOS,Boston Celtics,203935,Kristaps Porziņģis,2024-25,Regular Season,2025-09-23,1610612752,NYK,New York Knicks,True,False,L,37.0,16,6,14,0,0,0,0,3,6,9,0,0,2,0,3,13
0000000349,1610612738,BOS,Boston Celtics,1629057,Robert Williams,2024-25,Regular Season,2025-09-23,1610612752,NYK,New York Knicks,True,False,L,18.4,19,7,11,3,3,0,7,0,13,13,2,2,0,2,3,-1
0000000349,1610612752,NYK,New York Knicks,1628973,Jalen Brunson,2024-25,Regular Season,2025-09-23,1610612738,BOS,Boston Celtics,False,True,W,35.5,30,12,20,0,3,1,6,3,0,3,6,1,3,0,5,17
0000000349,1610612752,NYK,New York Knicks,1626164,Isaiah Hartenstein,2024-25,Regular Season,2025-09-23,1610612738,BOS,Boston Celtics,False,True,W,35.5,32,12,19,1,2,1,1,4,3,7,3,0,3,2,5,-9
0000000349,1610612752,NYK,New York Knicks,1629628,RJ Barrett,2024-25,Regular Season,2025-09-23,1610612738,BOS,Boston Celtics,False,True,W,22.4,19,7,12,0,0,6,6,3,7,10,3,1,3,5,3,6
0000000349,1610612752,NYK,New York Knicks,1630193,Immanuel Quickley,2024-25,Regular Season,2025-09-23,1610612738,BOS,Boston Celtics,False,True,W,37.7,5,3,6,3,6,1,3,1,8,9,5,4,3,2,3,18
0000000349,1610612752,NYK,New York Knicks,203944,Julius Randle,2024-25,Regular Season,2025-09-23,1610612738,BOS,Boston Celtics,False,True,W,25.7,20,8,16,0,0,0,1,4,4,8,5,0,0,3,2,13
0000000349,1610612752,NYK,New York Knicks,1631216,Miles McBride,2024-25,Regular Season,2025-09-23,1610612738,BOS,Boston Celtics,False,True,W,37.6,9,3,7,3,6,4,8,0,3,3,4,3,0,0,5,3
0000000350,1610612738,BOS,Boston Celtics,1628369,Jayson Tatum,2024-25,Regular Season,2025-09-25,1610612748,MIA,Miami Heat,True,False,W,31.0,30,12,20,9,9,5,7,2,7,9,4,3,0,2,4,-1
0000000350,1610612738,BOS,Boston Celtics,1627759,Jaylen Brown,2024-25,Regular Season,2025-09-25,1610612748,MIA,Miami Heat,True,False,W,31.9,25,10,16,4,5,0,5,0,9,9,0,1,2,1,2,15
0000000350,1610612738,BOS,Boston Celtics,201950,Jrue Holiday,2024-25,Regular Season,2025-09-25,1610612748,MIA,Miami Heat,True,False,W,37.2,7,7,8,7,8,0,3,1,2,3,5,1,1,0,2,17
0000000350,1610612738,BOS,Boston Celtics,1628464,Derrick White,2024-25,Regular Season,2025-09-25,1610612748,MIA,Miami Heat,True,False,W,37.5,19,7,11,4,4,0,2,1,1,2,6,4,3,1,4,-16
0000000350,1610612738,BOS,Boston Celtics,203935,Kristaps Porziņģis,2024-25,Regular Season,2025-09-25,1610612748,MIA,Miami Heat,True,False,W,18.7,21,8,11,1,2,0,5,1,10,11,3,2,1,1,4,16
0000000350,1610612738,BOS,Boston Celtics,1629057,Robert Williams,2024-25,Regular Season,2025-09-25,1610612748,MIA,Miami Heat,True,False,W,18.3,5,2,4,0,1,4,8,1,6,7,0,4,3,0,5,-13
0000000350,1610612748,MIA,Miami Heat,202710,Jimmy Butler,2024-25,Regular Season,2025-09-25,1610612738,BOS,Boston Celtics,False,True,L,37.3,9,3,7,2,2,7,8,0,4,4,6,4,0,4,2,-7
0000000350,1610612748,MIA,Miami Heat,1629639,Tyler Herro,2024-25,Regular Season,2025-09-25,1610612738,BOS,Boston Celtics,False,True,L,21.5,23,9,17,1,7,0,1,0,0,0,4,1,2,5,4,4
0000000350,1610612748,MIA,Miami Heat,202355,Bam Adebayo,2024-25,Regular Season,2025-09-25,1610612738,BOS,Boston Celtics,False,True,L,35.6,16,6,12,1,3,6,6,2,6,8,1,1,2,2,3,3
0000000350,1610612748,MIA,Miami Heat,1631107,Jaime Jaquez,2024-25,Regular Season,2025-09-25,1610612738,BOS,Boston Celtics,False,True,L,36.0,5,4,5,4,5,1,1,1,2,3,2,3,0,5,4,-7
0000000350,1610612748,MIA,Miami Heat,203482,Kelly Olynyk,2024-25,Regular Season,2025-09-25,1610612738,BOS,Boston Celtics,False,True,L,38.0,4,2,6,2,3,1,2,4,4,8,0,0,3,5,1,14
0000000350,1610612748,MIA,Miami Heat,1630217,Caleb Martin,2024-25,Regular Season,2025-09-25,1610612738,BOS,Boston Celtics,False,True,L,37.3,14,5,12,3,9,3,8,0,0,0,3,0,0,4,2,-9
0000000351,1610612752,NYK,New York Knicks,1628973,Jalen Brunson,2024-25,Regular Season,2025-09-27,1610612747,LAL,Los Angeles Lakers,True,False,W,22.3,27,10,16,0,10,0,0,4,3,7,4,0,2,5,2,7
0000000351,1610612752,NYK,New York Knicks,1626164,Isaiah Hartenstein,2024-25,Regular Season,2025-09-27,1610612747,LAL,Los Angeles Lakers,True,False,W,26.5,21,8,16,1,3,0,0,3,7,10,1,2,0,5,2,10
0000000351,1610612752,NYK,New York Knicks,1629628,RJ Barrett,2024-25,Regular Season,2025-09-27,1610612747,LAL,Los Angeles Lakers,True,False,W,26.4,14,5,13,0,1,0,0,3,1,4,4,4,1,5,5,-9
0000000351,1610612752,NYK,New York Knicks,1630193,Immanuel Quickley,2024-25,Regular Season,2025-09-27,1610612747,LAL,Los Angeles Lakers,True,False,W,19.5,12,5,9,5,8,4,6,2,1,3,4,4,2,0,1,-11
0000000351,1610612752,NYK,New York Knicks,203944,Julius Randle,2024-25,Regular Season,2025-09-27,1610612747,LAL,Los Angeles Lakers,True,False,W,37.6,35,14,19,4,7,7,8,0,4,4,0,4,2,0,2,18
0000000351,1610612752,NYK,New York Knicks,1631216,Miles McBride,2024-25,Regular Season,2025-09-27,1610612747,LAL,Los Angeles Lakers,True,False,W,36.5,16,6,11,0,9,2,4,0,2,2,3,1,0,2,0,-7
0000000351,1610612747,LAL,Los Angeles Lakers,2544,LeBron James,2024-25,Regular Season,2025-09-27,1610612752,NYK,New York Knicks,False,True,L,37.4,24,9,14,3,7,0,3,2,3,5,10,2,2,2,5,-1
0000000351,1610612747,LAL,Los Angeles Lakers,1629029,Luka Dončić,2024-25,Regular Season,2025-09-27,1610612752,NYK,New York Knicks,False,True,L,35.6,21,8,15,3,6,1,7,0,7,7,7,0,0,3,5,-17
0000000351,1610612747,LAL,Los Angeles Lakers,203076,Anthony Davis,2024-25,Regular Season,2025-09-27,1610612752,NYK,New York Knicks,False,True,L,22.5,26,10,16,1,2,4,6,4,9,13,2,2,3,5,3,5
0000000351,1610612747,LAL,Los Angeles Lakers,1630559,Austin Reaves,2024-25,Regular Season,2025-09-27,1610612752,NYK,New York Knicks,False,True,L,30.7,9,3,8,0,8,4,8,1,1,2,6,4,1,0,5,-13
0000000351,1610612747,LAL,Los Angeles Lakers,1626156,Dalton Knecht,2024-25,Regular Season,2025-09-27,1610612752,NYK,New York Knicks,False,True,L,31.3,17,9,13,9,9,0,7,0,3,3,3,3,2,1,1,-16
0000000351,1610612747,LAL,Los Angeles Lakers,1629020,Rui Hachimura,2024-25,Regular Season,2025-09-27,1610612752,NYK,New York Knicks,False,True,L,34.5,9,6,8,6,8,5,6,0,0,0,0,3,1,1,3,5
0000000352,1610612752,NYK,New York Knicks,1628973,Jalen Brunson,2024-25,Regular Season,2025-09-29,1610612744,GSW,Golden State Warriors,True,False,W,36.1,26,10,19,6,7,0,8,4,2,6,7,2,2,3,0,10
0000000352,1610612752,NYK,New York Knicks,1626164,Isaiah Hartenstein,2024-25,Regular Season,2025-09-29,1610612744,GSW,Golden State Warriors,True,False,W,18.3,24,9,16,1,1,1,1,1,8,9,2,1,1,5,2,-14
0000000352,1610612752,NYK,New York Knicks,1629628,RJ Barrett,2024-25,Regular Season,2025-09-29,1610612744,GSW,Golden State Warriors,True,False,W,33.2,15,6,12,0,0,4,6,4,6,10,2,1,2,0,3,2
0000000352,1610612752,NYK,New York Knicks,1630193,Immanuel Quickley,2024-25,Regular Season,2025-09-29,1610612744,GSW,Golden State Warriors,True,False,W,18.1,9,3,8,2,6,2,7,3,0,3,4,0,1,3,2,0
0000000352,1610612752,NYK,New York Knicks,203944,Julius Randle,2024-25,Regular Season,2025-09-29,1610612744,GSW,Golden State Warriors,True,False,W,20.8,27,10,14,0,0,7,8,4,9,13,3,0,3,1,2,16
0000000352,1610612752,NYK,New York Knicks,1631216,Miles McBride,2024-25,Regular Season,2025-09-29,1610612744,GSW,Golden State Warriors,True,False,W,27.0,9,3,9,1,4,0,2,0,0,0,1,2,3,4,5,5
0000000352,1610612744,GSW,Golden State Warriors,201939,Stephen Curry,2024-25,Regular Season,2025-09-29,1610612752,NYK,New York Knicks,False,True,L,33.6,34,13,21,6,10,7,7,2,8,10,6,3,3,4,3,17
0000000352,1610612744,GSW,Golden State Warriors,202691,Klay Thompson,2024-25,Regular Season,2025-09-29,1610612752,NYK,New York Knicks,False,True,L,18.3,12,6,8,6,8,2,4,0,0,0,0,0,0,2,2,-3
0000000352,1610612744,GSW,Golden State Warriors,203110,Draymond Green,2024-25,Regular Season,2025-09-29,1610612752,NYK,New York Knicks,False,True,L,36.4,20,8,15,2,4,3,3,4,1,5,5,1,2,1,2,14
0000000352,1610612744,GSW,Golden State Warriors,1630228,Jonathan Kuminga,2024-25,Regular Season,2025-09-29,1610612752,NYK,New York Knicks,False,True,L,25.1,5,2,3,0,0,1,2,2,7,9,3,3,3,5,0,10
0000000352,1610612744,GSW,Golden State Warriors,1626172,Kevon Looney,2024-25,Regular Season,2025-09-29,1610612752,NYK,New York Knicks,False,True,L,22.4,8,3,5,0,1,0,5,0,11,11,3,3,2,4,4,5
0000000352,1610612744,GSW,Golden State Warriors,1630541,Brandin Podziemski,2024-25,Regular Season,2025-09-29,1610612752,NYK,New York Knicks,False,True,L,35.5,10,4,11,2,2,4,4,1,4,5,2,4,3,3,5,-4
0000000353,1610612752,NYK,New York Knicks,1628973,Jalen Brunson,2024-25,Regular Season,2025-10-01,1610612743,DEN,Denver Nuggets,True,False,W,23.6,35,14,19,4,6,0,1,2,1,3,6,3,1,4,3,-17
0000000353,1610612752,NYK,New York Knicks,1626164,Isaiah Hartenstein,2024-25,Regular Season,2025-10-01,1610612743,DEN,Denver Nuggets,True,False,W,34.0,24,9,13,0,0,7,7,3,4,7,2,0,3,5,3,10
0000000353,1610612752,NYK,New York Knicks,1629628,RJ Barrett,2024-25,Regular Season,2025-10-01,1610612743,DEN,Denver Nuggets,True,False,W,36.4,9,3,7,2,2,0,0,4,6,10,1,0,1,0,4,-9
0000000353,1610612752,NYK,New York Knicks,1630193,Immanuel Quickley,2024-25,Regular Season,2025-10-01,1610612743,DEN,Denver Nuggets,True,False,W,36.6,5,2,9,0,9,1,1,4,1,5,5,1,3,1,3,-1
0000000353,1610612752,NYK,New York Knicks,203944,Julius Randle,2024-25,Regular Season,2025-10-01,1610612743,DEN,Denver Nuggets,True,False,W,22.1,13,5,9,2,4,3,5,3,7,10,5,4,0,2,3,8
0000000353,1610612752,NYK,New York Knicks,1631216,Miles McBride,2024-25,Regular Season,2025-10-01,1610612743,DEN,Denver Nuggets,True,False,W,37.5,8,3,9,1,9,0,0,2,0,2,0,0,2,4,1,12
0000000353,1610612743,DEN,Denver Nuggets,203999,Nikola Jokić,2024-25,Regular Season,2025-10-01,1610612752,NYK,New York Knicks,False,True,L,19.1,31,12,17,0,2,0,0,1,11,12,7,2,2,0,5,9
0000000353,1610612743,DEN,Denver Nuggets,1627750,Jamal Murray,2024-25,Regular Season,2025-10-01,1610612752,NYK,New York Knicks,False,True,L,22.2,10,4,8,0,0,0,3,4,5,9,8,0,3,5,5,8
0000000353,1610612743,DEN,Denver Nuggets,1628420,Aaron Gordon,2024-25,Regular Season,2025-10-01,1610612752,NYK,New York Knicks,False,True,L,22.5,17,6,14,0,0,0,0,0,3,3,5,1,1,5,3,-5
0000000353,1610612743,DEN,Denver Nuggets,1630166,Christian Braun,2024-25,Regular Season,2025-10-01,1610612752,NYK,New York Knicks,False,True,L,27.7,9,3,10,2,7,1,1,1,1,2,0,4,1,4,1,1
0000000353,1610612743,DEN,Denver Nuggets,203914,Kentavious Caldwell-Pope,2024-25,Regular Season,2025-10-01,1610612752,NYK,New York Knicks,False,True,L,34.1,9,3,9,3,4,4,8,0,2,2,3,2,1,1,4,4
0000000353,1610612743,DEN,Denver Nuggets,1631128,Peyton Watson,2024-25,Regular Season,2025-10-01,1610612752,NYK,New York Knicks,False,True,L,29.6,0,0,5,0,2,1,2,1,1,2,0,4,3,4,3,1
0000000354,1610612752,NYK,New York Knicks,1628973,Jalen Brunson,2024-25,Regular Season,2025-10-03,1610612738,BOS,Boston Celtics,True,False,W,31.2,27,10,18,4,8,0,6,3,0,3,10,4,0,4,1,-8
0000000354,1610612752,NYK,New York Knicks,1626164,Isaiah Hartenstein,2024-25,Regular Season,2025-10-03,1610612738,BOS,Boston Celtics,True,False,W,19.6,20,8,12,1,3,2,4,3,8,11,3,4,3,4,2,15
0000000354,1610612752,NYK,New York Knicks,1629628,RJ Barrett,2024-25,Regular Season,2025-10-03,1610612738,BOS,Boston Celtics,True,False,W,34.4,30,12,19,0,5,5,7,0,0,0,5,1,2,2,0,-5
0000000354,1610612752,NYK,New York Knicks,1630193,Immanuel Quickley,2024-25,Regular Season,2025-10-03,1610612738,BOS,Boston Celtics,True,False,W,20.8,20,8,11,1,8,1,8,0,0,0,3,1,2,0,1,16
0000000354,1610612752,NYK,New York Knicks,203944,Julius Randle,2024-25,Regular Season,2025-10-03,1610612738,BOS,Boston Celtics,True,False,W,25.6,20,8,16,0,0,0,0,0,0,0,5,0,3,5,0,-3
0000000354,1610612752,NYK,New York Knicks,1631216,Miles McBride,2024-25,Regular Season,2025-10-03,1610612738,BOS,Boston Celtics,True,False,W,26.2,11,6,10,6,6,1,3,0,0,0,4,4,3,0,0,9
0000000354,1610612738,BOS,Boston Celtics,1628369,Jayson Tatum,2024-25,Regular Season,2025-10-03,1610612752,NYK,New York Knicks,False,True,L,21.7,24,9,15,5,7,3,6,2,6,8,2,2,2,4,5,16
0000000354,1610612738,BOS,Boston Celtics,1627759,Jaylen Brown,2024-25,Regular Season,2025-10-03,1610612752,NYK,New York Knicks,False,True,L,33.2,21,8,16,4,5,1,3,2,0,2,1,1,2,1,4,-6
0000000354,1610612738,BOS,Boston Celtics,201950,Jrue Holiday,2024-25,Regular Season,2025-10-03,1610612752,NYK,New York Knicks,False,True,L,31.0,14,5,10,2,5,0,7,2,3,5,2,2,1,4,2,11
0000000354,1610612738,BOS,Boston Celtics,1628464,Derrick White,2024-25,Regular Season,2025-10-03,1610612752,NYK,New York Knicks,False,True,L,26.5,24,9,16,4,7,0,1,0,4,4,6,0,1,2,3,-11
0000000354,1610612738,BOS,Boston Celtics,203935,Kristaps Porziņģis,2024-25,Regular Season,2025-10-03,1610612752,NYK,New York Knicks,False,True,L,28.7,17,6,13,1,3,1,7,0,1,1,0,1,0,4,4,-13
0000000354,1610612738,BOS,Boston Celtics,1629057,Robert Williams,2024-25,Regular Season,2025-10-03,1610612752,NYK,New York Knicks,False,True,L,33.3,7,2,6,1,3,3,7,4,6,10,0,1,1,1,4,18
0000000355,1610612752,NYK,New York Knicks,1628973,Jalen Brunson,2024-25,Regular Season,2025-10-05,1610612748,MIA,Miami Heat,True,False,W,26.9,29,11,16,1,7,0,4,3,7,10,5,1,3,0,4,-13
0000000355,1610612752,NYK,New York Knicks,1626164,Isaiah Hartenstein,2024-25,Regular Season,2025-10-05,1610612748,MIA,Miami Heat,True,False,W,25.4,28,11,19,1,1,6,6,0,10,10,2,0,1,3,3,10
0000000355,1610612752,NYK,New York Knicks,1629628,RJ Barrett,2024-25,Regular Season,2025-10-05,1610612748,MIA,Miami Heat,True,False,W,20.7,17,6,10,1,2,2,5,0,0,0,0,3,2,4,0,17
0000000355,1610612752,NYK,New York Knicks,1630193,Immanuel Quickley,2024-25,Regular Season,2025-10-05,1610612748,MIA,Miami Heat,True,False,W,35.1,11,6,8,6,8,2,3,1,5,6,4,0,3,5,1,-7
0000000355,1610612752,NYK,New York Knicks,203944,Julius Randle,2024-25,Regular Season,2025-10-05,1610612748,MIA,Miami Heat,True,False,W,21.4,13,6,10,6,10,3,6,2,3,5,2,3,1,3,4,-11
0000000355,1610612752,NYK,New York Knicks,1631216,Miles McBride,2024-25,Regular Season,2025-10-05,1610612748,MIA,Miami Heat,True,False,W,35.0,6,2,7,0,6,1,6,1,0,1,0,2,0,4,3,-1
0000000355,1610612748,MIA,Miami Heat,202710,Jimmy Butler,2024-25,Regular Season,2025-10-05,1610612752,NYK,New York Knicks,False,True,L,25.6,22,8,16,3,5,3,5,3,4,7,7,4,1,1,1,16
0000000355,1610612748,MIA,Miami Heat,1629639,Tyler Herro,2024-25,Regular Season,2025-10-05,1610612752,NYK,New York Knicks,False,True,L,25.5,14,5,9,1,2,8,8,0,7,7,6,4,3,3,4,11
0000000355,1610612748,MIA,Miami Heat,202355,Bam Adebayo,2024-25,Regular Season,2025-10-05,1610612752,NYK,New York Knicks,False,True,L,36.0,34,13,18,2,3,1,2,1,10,11,1,2,0,3,0,17
0000000355,1610612748,MIA,Miami Heat,1631107,Jaime Jaquez,2024-25,Regular Season,2025-10-05,1610612752,NYK,New York Knicks,False,True,L,29.6,0,3,3,3,3,3,3,0,0,0,5,0,2,0,1,-5
0000000355,1610612748,MIA,Miami Heat,203482,Kelly Olynyk,2024-25,Regular Season,2025-10-05,1610612752,NYK,New York Knicks,False,True,L,35.7,12,4,12,0,0,1,1,0,4,4,2,4,2,0,4,-10
0000000355,1610612748,MIA,Miami Heat,1630217,Caleb Martin,2024-25,Regular Season,2025-10-05,1610612752,NYK,New York Knicks,False,True,L,32.4,10,4,6,2,4,6,7,2,0,2,0,1,2,0,4,-10
0000000356,1610612748,MIA,Miami Heat,202710,Jimmy Butler,2024-25,Regular Season,2025-10-07,1610612747,LAL,Los Angeles Lakers,True,False,L,34.1,23,9,12,2,9,3,5,0,15,15,11,0,2,3,0,-4
0000000356,1610612748,MIA,Miami Heat,1629639,Tyler Herro,2024-25,Regular Season,2025-10-07,1610612747,LAL,Los Angeles Lakers,True,False,L,33.8,11,4,7,2,3,0,0,2,4,6,2,3,2,3,1,-14
0000000356,1610612748,MIA,Miami Heat,202355,Bam Adebayo,2024-25,Regular Season,2025-10-07,1610612747,LAL,Los Angeles Lakers,True,False,L,35.7,26,10,14,0,0,2,7,1,9,10,3,2,0,1,3,0
0000000356,1610612748,MIA,Miami Heat,1631107,Jaime Jaquez,2024-25,Regular Season,2025-10-07,1610612747,LAL,Los Angeles Lakers,True,False,L,25.3,11,5,8,5,8,1,5,0,2,2,3,3,1,5,2,-18
0000000356,1610612748,MIA,Miami Heat,203482,Kelly Olynyk,2024-25,Regular Season,2025-10-07,1610612747,LAL,Los Angeles Lakers,True,False,L,31.2,3,1,2,0,1,5,8,4,2,6,5,2,1,1,1,-17
0000000356,1610612748,MIA,Miami Heat,1630217,Caleb Martin,2024-25,Regular Season,2025-10-07,1610612747,LAL,Los Angeles Lakers,True,False,L,25.9,13,5,11,1,5,3,5,4,6,10,0,3,3,0,5,2
0000000356,1610612747,LAL,Los Angeles Lakers,2544,LeBron James,2024-25,Regular Season,2025-10-07,1610612748,MIA,Miami Heat,False,True,W,20.5,21,8,16,3,4,0,6,1,6,7,10,4,3,5,1,17
0000000356,1610612747,LAL,Los Angeles Lakers,1629029,Luka Dončić,2024-25,Regular Season,2025-10-07,1610612748,MIA,Miami Heat,False,True,W,32.1,36,14,24,2,2,1,3,2,7,9,9,1,3,1,4,-12
0000000356,1610612747,LAL,Los Angeles Lakers,203076,Anthony Davis,2024-25,Regular Season,2025-10-07,1610612748,MIA,Miami Heat,False,True,W,23.9,14,5,8,0,0,0,7,2,10,12,4,3,2,1,4,-17
0000000356,1610612747,LAL,Los Angeles Lakers,1630559,Austin Reaves,2024-25,Regular Season,2025-10-07,1610612748,MIA,Miami Heat,False,True,W,31.1,17,6,10,0,4,0,8,0,0,0,6,3,2,2,2,-18
0000000356,1610612747,LAL,Los Angeles Lakers,1626156,Dalton Knecht,2024-25,Regular Season,2025-10-07,1610612748,MIA,Miami Heat,False,True,W,25.2,9,3,10,0,7,2,2,0,0,0,0,0,0,4,5,15
0000000356,1610612747,LAL,Los Angeles Lakers,1629020,Rui Hachimura,2024-25,Regular Season,2025-10-07,1610612748,MIA,Miami Heat,False,True,W,28.8,14,5,9,1,7,0,0,2,1,3,0,1,1,1,3,-5
0000000357,1610612748,MIA,Miami Heat,202710,Jimmy Butler,2024-25,Regular Season,2025-10-09,1610612744,GSW,Golden State Warriors,True,False,W,31.0,25,10,15,1,6,0,7,2,2,4,4,2,3,5,4,-16
0000000357,1610612748,MIA,Miami Heat,1629639,Tyler Herro,2024-25,Regular Season,2025-10-09,1610612744,GSW,Golden State Warriors,True,False,W,21.9,22,8,12,3,5,0,0,2,4,6,5,0,3,1,4,-15
0000000357,1610612748,MIA,Miami Heat,202355,Bam Adebayo,2024-25,Regular Season,2025-10-09,1610612744,GSW,Golden State Warriors,True,False,W,31.2,23,9,15,2,3,1,1,2,9,11,6,2,3,0,3,6
0000000357,1610612748,MIA,Miami Heat,1631107,Jaime Jaquez,2024-25,Regular Season,2025-10-09,1610612744,GSW,Golden State Warriors,True,False,W,19.5,12,4,10,4,7,0,1,3,1,4,4,2,3,4,3,-2
0000000357,1610612748,MIA,Miami Heat,203482,Kelly Olynyk,2024-25,Regular Season,2025-10-09,1610612744,GSW,Golden State Warriors,True,False,W,20.5,11,4,9,0,0,7,7,1,0,1,2,4,3,1,2,-7
0000000357,1610612748,MIA,Miami Heat,1630217,Caleb Martin,2024-25,Regular Season,2025-10-09,1610612744,GSW,Golden State Warriors,True,False,W,34.7,15,6,8,2,3,5,5,4,1,5,5,3,1,0,2,-2
0000000357,1610612744,GSW,Golden State Warriors,201939,Stephen Curry,2024-25,Regular Season,2025-10-09,1610612748,MIA,Miami Heat,False,True,L,33.2,36,14,21,1,2,1,1,1,2,3,6,1,1,3,2,17
0000000357,1610612744,GSW,Golden State Warriors,202691,Klay Thompson,2024-25,Regular Season,2025-10-09,1610612748,MIA,Miami Heat,False,True,L,29.3,27,10,19,6,6,2,2,0,6,6,7,0,1,3,5,-15
0000000357,1610612744,GSW,Golden State Warriors,203110,Draymond Green,2024-25,Regular Season,2025-10-09,1610612748,MIA,Miami Heat,False,True,L,30.1,4,6,6,6,6,0,4,1,5,6,3,0,0,4,4,-18
0000000357,1610612744,GSW,Golden State Warriors,1630228,Jonathan Kuminga,2024-25,Regular Season,2025-10-09,1610612748,MIA,Miami Heat,False,True,L,21.2,15,6,12,0,0,6,8,1,0,1,2,0,1,3,0,12
0000000357,1610612744,GSW,Golden State Warriors,1626172,Kevon Looney,2024-25,Regular Season,2025-10-09,1610612748,MIA,Miami Heat,False,True,L,18.5,0,2,4,2,2,3,5,4,4,8,2,4,1,1,3,9
0000000357,1610612744,GSW,Golden State Warriors,1630541,Brandin Podziemski,2024-25,Regular Season,2025-10-09,1610612748,MIA,Miami Heat,False,True,L,25.3,10,8,10,8,10,1,1,4,2,6,4,2,0,5,2,7
0000000358,1610612748,MIA,Miami Heat,202710,Jimmy Butler,2024-25,Regular Season,2025-10-11,1610612743,DEN,Denver Nuggets,True,False,W,21.3,12,6,10,6,10,0,4,3,0,3,6,3,1,3,2,0
0000000358,1610612748,MIA,Miami Heat,1629639,Tyler Herro,2024-25,Regular Season,2025-10-11,1610612743,DEN,Denver Nuggets,True,False,W,23.3,22,8,17,7,8,2,2,2,5,7,1,2,0,0,5,-17
0000000358,1610612748,MIA,Miami Heat,202355,Bam Adebayo,2024-25,Regular Season,2025-10-11,1610612743,DEN,Denver Nuggets,True,False,W,37.0,22,8,12,2,2,3,5,3,11,14,3,2,2,4,3,-2
0000000358,1610612748,MIA,Miami Heat,1631107,Jaime Jaquez,2024-25,Regular Season,2025-10-11,1610612743,DEN,Denver Nuggets,True,False,W,22.5,15,7,12,7,7,2,8,0,0,0,3,0,3,0,4,-5
0000000358,1610612748,MIA,Miami Heat,203482,Kelly Olynyk,2024-25,Regular Season,2025-10-11,1610612743,DEN,Denver Nuggets,True,False,W,30.6,11,4,8,0,0,1,5,3,0,3,4,0,0,2,4,11
0000000358,1610612748,MIA,Miami Heat,1630217,Caleb Martin,2024-25,Regular Season,2025-10-11,1610612743,DEN,Denver Nuggets,True,False,W,25.5,7,2,4,2,4,3,5,1,0,1,1,2,2,0,4,11
0000000358,1610612743,DEN,Denver Nuggets,203999,Nikola Jokić,2024-25,Regular Season,2025-10-11,1610612748,MIA,Miami Heat,False,True,L,29.0,24,9,18,0,0,1,3,4,8,12,9,1,0,1,2,15
0000000358,1610612743,DEN,Denver Nuggets,1627750,Jamal Murray,2024-25,Regular Season,2025-10-11,1610612748,MIA,Miami Heat,False,True,L,33.6,7,3,4,3,3,1,7,0,4,4,2,3,2,3,2,-4
0000000358,1610612743,DEN,Denver Nuggets,1628420,Aaron Gordon,2024-25,Regular Season,2025-10-11,1610612748,MIA,Miami Heat,False,True,L,19.1,24,9,15,0,9,0,0,1,0,1,3,2,3,1,1,-2
0000000358,1610612743,DEN,Denver Nuggets,1630166,Christian Braun,2024-25,Regular Season,2025-10-11,1610612748,MIA,Miami Heat,False,True,L,36.6,8,3,5,3,4,1,1,2,3,5,0,2,1,0,0,9
0000000358,1610612743,DEN,Denver Nuggets,203914,Kentavious Caldwell-Pope,2024-25,Regular Season,2025-10-11,1610612748,MIA,Miami Heat,False,True,L,29.6,0,7,9,7,9,3,3,1,1,2,0,1,3,4,2,17
0000000358,1610612743,DEN,Denver Nuggets,1631128,Peyton Watson,2024-25,Regular Season,2025-10-11,1610612748,MIA,Miami Heat,False,True,L,35.6,9,9,10,9,10,3,3,2,5,7,2,2,2,4,4,-11
0000000359,1610612748,MIA,Miami Heat,202710,Jimmy Butler,2024-25,Regular Season,2025-10-13,1610612738,BOS,Boston Celtics,True,False,L,31.8,15,6,13,2,4,0,1,3,2,5,2,2,2,0,4,10
0000000359,1610612748,MIA,Miami Heat,1629639,Tyler Herro,2024-25,Regular Season,2025-10-13,1610612738,BOS,Boston Celtics,True,False,L,22.8,13,5,8,3,5,0,7,4,1,5,7,3,1,3,4,17
0000000359,1610612748,MIA,Miami Heat,202355,Bam Adebayo,2024-25,Regular Season,2025-10-13,1610612738,BOS,Boston Celtics,True,False,L,19.0,13,5,7,1,3,2,6,3,5,8,3,1,3,1,0,12
0000000359,1610612748,MIA,Miami Heat,1631107,Jaime Jaquez,2024-25,Regular Season,2025-10-13,1610612738,BOS,Boston Celtics,True,False,L,31.4,6,2,9,1,1,2,7,0,5,5,1,2,0,3,0,-10
0000000359,1610612748,MIA,Miami Heat,203482,Kelly Olynyk,2024-25,Regular Season,2025-10-13,1610612738,BOS,Boston Celtics,True,False,L,21.8,9,3,8,1,2,3,5,2,0,2,3,4,0,0,4,18
0000000359,1610612748,MIA,Miami Heat,1630217,Caleb Martin,2024-25,Regular Season,2025-10-13,1610612738,BOS,Boston Celtics,True,False,L,19.1,2,0,4,0,0,3,7,1,3,4,1,1,3,2,5,-17
0000000359,1610612738,BOS,Boston Celtics,1628369,Jayson Tatum,2024-25,Regular Season,2025-10-13,1610612748,MIA,Miami Heat,False,True,W,22.5,31,12,17,3,6,0,0,0,11,11,3,3,0,3,0,-3
0000000359,1610612738,BOS,Boston Celtics,1627759,Jaylen Brown,2024-25,Regular Season,2025-10-13,1610612748,MIA,Miami Heat,False,True,W,28.9,32,12,19,0,0,4,5,2,11,13,2,1,3,3,3,-10
0000000359,1610612738,BOS,Boston Celtics,201950,Jrue Holiday,2024-25,Regular Season,2025-10-13,1610612748,MIA,Miami Heat,False,True,W,37.2,5,8,8,8,8,0,0,4,0,4,11,3,3,3,2,0
0000000359,1610612738,BOS,Boston Celtics,1628464,Derrick White,2024-25,Regular Season,2025-10-13,1610612748,MIA,Miami Heat,False,True,W,33.3,8,3,10,2,5,0,7,1,5,6,0,0,2,3,0,-4
0000000359,1610612738,BOS,Boston Celtics,203935,Kristaps Porziņģis,2024-25,Regular Season,2025-10-13,1610612748,MIA,Miami Heat,False,True,W,37.8,22,8,13,0,1,2,5,1,1,2,6,4,2,4,4,2
0000000359,1610612738,BOS,Boston Celtics,1629057,Robert Williams,2024-25,Regular Season,2025-10-13,1610612748,MIA,Miami Heat,False,True,W,36.5,14,5,11,0,0,1,1,1,4,5,1,1,2,3,0,18
0000000360,1610612748,MIA,Miami Heat,202710,Jimmy Butler,2024-25,Regular Season,2025-10-15,1610612752,NYK,New York Knicks,True,False,L,28.6,25,10,17,2,6,3,3,0,4,4,7,4,2,3,1,4
0000000360,1610612748,MIA,Miami Heat,1629639,Tyler Herro,2024-25,Regular Season,2025-10-15,1610612752,NYK,New York Knicks,True,False,L,26.2,20,9,14,9,9,1,4,3,1,4,7,3,1,5,2,-12
0000000360,1610612748,MIA,Miami Heat,202355,Bam Adebayo,2024-25,Regular Season,2025-10-15,1610612752,NYK,New York Knicks,True,False,L,32.0,11,4,8,1,1,0,2,3,7,10,3,2,2,2,0,16
0000000360,1610612748,MIA,Miami Heat,1631107,Jaime Jaquez,2024-25,Regular Season,2025-10-15,1610612752,NYK,New York Knicks,True,False,L,27.8,13,5,8,1,7,2,3,1,6,7,2,3,1,0,0,8
0000000360,1610612748,MIA,Miami Heat,203482,Kelly Olynyk,2024-25,Regular Season,2025-10-15,1610612752,NYK,New York Knicks,True,False,L,25.2,8,3,5,1,2,0,0,3,4,7,2,1,3,5,0,11
0000000360,1610612748,MIA,Miami Heat,1630217,Caleb Martin,2024-25,Regular Season,2025-10-15,1610612752,NYK,New York Knicks,True,False,L,21.7,7,2,6,1,4,8,8,2,0,2,0,3,0,3,4,-12
0000000360,1610612752,NYK,New York Knicks,1628973,Jalen Brunson,2024-25,Regular Season,2025-10-15,1610612748,MIA,Miami Heat,False,True,W,28.1,23,9,17,2,6,2,4,4,3,7,8,3,3,1,3,11
0000000360,1610612752,NYK,New York Knicks,1626164,Isaiah Hartenstein,2024-25,Regular Season,2025-10-15,1610612748,MIA,Miami Heat,False,True,W,24.1,26,10,15,0,1,1,1,3,7,10,2,4,1,4,4,2
0000000360,1610612752,NYK,New York Knicks,1629628,RJ Barrett,2024-25,Regular Season,2025-10-15,1610612748,MIA,Miami Heat,False,True,W,24.2,13,5,7,1,6,0,2,0,12,12,0,3,0,4,0,16
0000000360,1610612752,NYK,New York Knicks,1630193,Immanuel Quickley,2024-25,Regular Season,2025-10-15,1610612748,MIA,Miami Heat,False,True,W,32.9,17,6,13,0,0,5,7,1,0,1,2,1,0,0,5,-18
0000000360,1610612752,NYK,New York Knicks,203944,Julius Randle,2024-25,Regular Season,2025-10-15,1610612748,MIA,Miami Heat,False,True,W,32.0,20,8,16,0,0,0,6,1,5,6,2,3,3,4,3,4
0000000360,1610612752,NYK,New York Knicks,1631216,Miles McBride,2024-25,Regular Season,2025-10-15,1610612748,MIA,Miami Heat,False,True,W,34.6,3,1,5,1,5,0,1,2,0,2,3,3,1,2,5,6
