game_id,team_id,team_abbr,team_name,player_id,player_name,season,season_type,game_date,opponent_team_id,opponent_team_abbr,opponent_team_name,is_home,is_away,wl,minutes,pts,fgm,fga,fg3m,fg3a,ftm,fta,oreb,dreb,reb,ast,stl,blk,tov,pf,plus_minus
0000000361,1610612747,LAL,Los Angeles Lakers,2544,LeBron James,2025-26,Regular Season,2025-10-21,1610612744,GSW,Golden State Warriors,True,False,W,26.7,30,12,21,3,7,1,3,2,6,8,6,2,3,2,5,-6
0000000361,1610612747,LAL,Los Angeles Lakers,1629029,Luka Dončić,2025-26,Regular Season,2025-10-21,1610612744,GSW,Golden State Warriors,True,False,W,18.4,28,11,20,6,7,4,5,0,12,12,10,1,0,5,2,-4
0000000361,1610612747,LAL,Los Angeles Lakers,203076,Anthony Davis,2025-26,Regular Season,2025-10-21,1610612744,GSW,Golden State Warriors,True,False,W,30.4,36,14,19,3,3,3,5,1,11,12,3,3,1,2,3,4
0000000361,1610612747,LAL,Los Angeles Lakers,1630559,Austin Reaves,2025-26,Regular Season,2025-10-21,1610612744,GSW,Golden State Warriors,True,False,W,18.3,11,4,8,2,4,0,0,0,0,0,5,1,2,1,3,-15
0000000361,1610612747,LAL,Los Angeles Lakers,1626156,Dalton Knecht,2025-26,Regular Season,2025-10-21,1610612744,GSW,Golden State Warriors,True,False,W,36.9,12,4,8,0,0,3,8,0,8,8,1,0,3,4,2,18
0000000361,1610612747,LAL,Los Angeles Lakers,1629020,Rui Hachimura,2025-26,Regular Season,2025-10-21,1610612744,GSW,Golden State Warriors,True,False,W,31.1,10,4,10,4,10,2,3,0,0,0,4,2,1,0,5,11
0000000361,1610612744,GSW,Golden State Warriors,201939,Stephen Curry,2025-26,Regular Season,2025-10-21,1610612747,LAL,Los Angeles Lakers,False,True,L,27.7,23,9,15,2,7,0,4,2,4,6,6,2,3,5,0,-18
0000000361,1610612744,GSW,Golden State Warriors,202691,Klay Thompson,2025-26,Regular Season,2025-10-21,1610612747,LAL,Los Angeles Lakers,False,True,L,35.6,29,11,16,4,9,1,1,1,5,6,0,3,2,4,5,-9
0000000361,1610612744,GSW,Golden State Warriors,203110,Draymond Green,2025-26,Regular Season,2025-10-21,1610612747,LAL,Los Angeles Lakers,False,True,L,28.8,8,3,5,1,1,3,4,1,5,6,8,0,3,2,3,-8
0000000361,1610612744,GSW,Golden State Warriors,1630228,Jonathan Kuminga,2025-26,Regular Season,2025-10-21,1610612747,LAL,Los Angeles Lakers,False,True,L,30.7,9,5,6,5,5,1,8,0,5,5,3,3,3,5,1,-12
0000000361,1610612744,GSW,Golden State Warriors,1626172,Kevon Looney,2025-26,Regular Season,2025-10-21,1610612747,LAL,Los Angeles Lakers,False,True,L,32.1,9,3,9,2,2,0,0,2,6,8,2,1,2,5,1,-10
0000000361,1610612744,GSW,Golden State Warriors,1630541,Brandin Podziemski,2025-26,Regular Season,2025-10-21,1610612747,LAL,Los Angeles Lakers,False,True,L,29.7,6,4,9,4,9,1,8,0,0,0,5,3,3,0,1,4
0000000362,1610612747,LAL,Los Angeles Lakers,2544,LeBron James,2025-26,Regular Season,2025-10-23,1610612743,DEN,Denver Nuggets,True,False,W,18.7,14,8,11,8,10,0,3,2,2,4,7,3,3,3,5,-8
0000000362,1610612747,LAL,Los Angeles Lakers,1629029,Luka Dončić,2025-26,Regular Season,2025-10-23,1610612743,DEN,Denver Nuggets,True,False,W,31.8,24,9,18,0,1,1,1,2,0,2,8,2,1,4,3,12
0000000362,1610612747,LAL,Los Angeles Lakers,203076,Anthony Davis,2025-26,Regular Season,2025-10-23,1610612743,DEN,Denver Nuggets,True,False,W,34.7,29,11,19,3,3,0,3,4,8,12,4,1,1,1,2,6
0000000362,1610612747,LAL,Los Angeles Lakers,1630559,Austin Reaves,2025-26,Regular Season,2025-10-23,1610612743,DEN,Denver Nuggets,True,False,W,23.6,25,10,15,1,1,0,0,1,0,1,6,4,0,5,4,-4
0000000362,1610612747,LAL,Los Angeles Lakers,1626156,Dalton Knecht,2025-26,Regular Season,2025-10-23,1610612743,DEN,Denver Nuggets,True,False,W,22.1,11,4,8,0,0,0,7,0,2,2,0,4,3,0,5,-6
0000000362,1610612747,LAL,Los Angeles Lakers,1629020,Rui Hachimura,2025-26,Regular Season,2025-10-23,1610612743,DEN,Denver Nuggets,True,False,W,30.3,20,8,12,2,3,8,8,0,0,0,2,1,2,0,5,14
0000000362,1610612743,DEN,Denver Nuggets,203999,Nikola Jokić,2025-26,Regular Season,2025-10-23,1610612747,LAL,Los Angeles Lakers,False,True,L,30.5,21,8,15,0,1,4,6,3,9,12,7,4,0,5,2,-1
0000000362,1610612743,DEN,Denver Nuggets,1627750,Jamal Murray,2025-26,Regular Season,2025-10-23,1610612747,LAL,Los Angeles Lakers,False,True,L,23.5,13,5,8,3,7,3,5,1,2,3,4,2,0,4,4,-8
0000000362,1610612743,DEN,Denver Nuggets,1628420,Aaron Gordon,2025-26,Regular Season,2025-10-23,1610612747,LAL,Los Angeles Lakers,False,True,L,35.1,11,4,10,0,0,1,4,1,2,3,6,2,0,2,4,-10
0000000362,1610612743,DEN,Denver Nuggets,1630166,Christian Braun,2025-26,Regular Season,2025-10-23,1610612747,LAL,Los Angeles Lakers,False,True,L,37.2,5,2,7,0,0,1,1,2,0,2,0,2,3,1,4,-8
0000000362,1610612743,DEN,Denver Nuggets,203914,Kentavious Caldwell-Pope,2025-26,Regular Season,2025-10-23,1610612747,LAL,Los Angeles Lakers,False,True,L,27.6,4,7,8,7,8,6,7,0,0,0,0,0,1,2,3,-3
0000000362,1610612743,DEN,Denver Nuggets,1631128,Peyton Watson,2025-26,Regular Season,2025-10-23,1610612747,LAL,Los Angeles Lakers,False,True,L,26.8,4,1,8,0,4,7,7,4,4,8,0,1,0,1,4,-7
0000000363,1610612747,LAL,Los Angeles Lakers,2544,LeBron James,2025-26,Regular Season,2025-10-25,1610612738,BOS,Boston Celtics,True,False,W,27.3,27,10,15,2,2,1,3,2,2,4,8,1,1,4,2,-17
0000000363,1610612747,LAL,Los Angeles Lakers,1629029,Luka Dončić,2025-26,Regular Season,2025-10-25,1610612738,BOS,Boston Celtics,True,False,W,28.2,27,10,14,7,8,0,1,2,6,8,8,4,3,1,0,10
0000000363,1610612747,LAL,Los Angeles Lakers,203076,Anthony Davis,2025-26,Regular Season,2025-10-25,1610612738,BOS,Boston Celtics,True,False,W,30.5,33,13,19,0,1,2,8,2,8,10,4,1,0,4,5,-8
0000000363,1610612747,LAL,Los Angeles Lakers,1630559,Austin Reaves,2025-26,Regular Season,2025-10-25,1610612738,BOS,Boston Celtics,True,False,W,26.3,18,7,12,2,9,3,5,3,3,6,8,0,0,2,2,16
0000000363,1610612747,LAL,Los Angeles Lakers,1626156,Dalton Knecht,2025-26,Regular Season,2025-10-25,1610612738,BOS,Boston Celtics,True,False,W,30.5,7,4,7,4,6,2,7,2,6,8,0,2,0,3,1,-15
0000000363,1610612747,LAL,Los Angeles Lakers,1629020,Rui Hachimura,2025-26,Regular Season,2025-10-25,1610612738,BOS,Boston Celtics,True,False,W,25.5,8,10,10,10,10,2,3,1,5,6,0,4,0,3,2,-7
0000000363,1610612738,BOS,Boston Celtics,1628369,Jayson Tatum,2025-26,Regular Season,2025-10-25,1610612747,LAL,Los Angeles Lakers,False,True,L,25.1,27,10,16,0,8,1,2,1,13,14,7,3,1,0,5,1
0000000363,1610612738,BOS,Boston Celtics,1627759,Jaylen Brown,2025-26,Regular Season,2025-10-25,1610612747,LAL,Los Angeles Lakers,False,True,L,22.4,28,11,20,3,9,0,4,2,9,11,4,2,2,2,2,-13
0000000363,1610612738,BOS,Boston Celtics,201950,Jrue Holiday,2025-26,Regular Season,2025-10-25,1610612747,LAL,Los Angeles Lakers,False,True,L,25.7,19,7,15,7,7,3,3,2,6,8,4,2,0,4,5,12
0000000363,1610612738,BOS,Boston Celtics,1628464,Derrick White,2025-26,Regular Season,2025-10-25,1610612747,LAL,Los Angeles Lakers,False,True,L,34.5,9,5,7,5,6,3,7,2,4,6,4,4,0,4,4,15
0000000363,1610612738,BOS,Boston Celtics,203935,Kristaps Porziņģis,2025-26,Regular Season,2025-10-25,1610612747,LAL,Los Angeles Lakers,False,True,L,28.4,17,6,10,1,3,1,3,3,3,6,2,0,1,2,2,-3
0000000363,1610612738,BOS,Boston Celtics,1629057,Robert Williams,2025-26,Regular Season,2025-10-25,1610612747,LAL,Los Angeles Lakers,False,True,L,36.3,11,4,10,1,3,1,8,0,8,8,4,0,1,0,2,-11
0000000364,1610612747,LAL,Los Angeles Lakers,2544,LeBron James,2025-26,Regular Season,2025-10-27,1610612752,NYK,New York Knicks,True,False,W,25.0,29,11,16,4,4,2,7,1,0,1,10,2,0,0,2,9
0000000364,1610612747,LAL,Los Angeles Lakers,1629029,Luka Dončić,2025-26,Regular Season,2025-10-27,1610612752,NYK,New York Knicks,True,False,W,37.7,31,12,20,3,10,5,8,1,0,1,11,2,0,4,3,-10
0000000364,1610612747,LAL,Los Angeles Lakers,203076,Anthony Davis,2025-26,Regular Season,2025-10-27,1610612752,NYK,New York Knicks,True,False,W,18.6,27,10,18,0,2,6,7,1,13,14,3,2,1,1,2,1
0000000364,1610612747,LAL,Los Angeles Lakers,1630559,Austin Reaves,2025-26,Regular Season,2025-10-27,1610612752,NYK,New York Knicks,True,False,W,35.9,14,8,12,8,8,2,3,3,1,4,5,3,0,5,2,-16
0000000364,1610612747,LAL,Los Angeles Lakers,1626156,Dalton Knecht,2025-26,Regular Season,2025-10-27,1610612752,NYK,New York Knicks,True,False,W,20.5,10,4,7,3,4,1,7,1,0,1,2,1,3,3,1,17
0000000364,1610612747,LAL,Los Angeles Lakers,1629020,Rui Hachimura,2025-26,Regular Season,2025-10-27,1610612752,NYK,New York Knicks,True,False,W,21.2,16,6,11,4,4,7,7,2,0,2,0,3,1,1,2,-8
0000000364,1610612752,NYK,New York Knicks,1628973,Jalen Brunson,2025-26,Regular Season,2025-10-27,1610612747,LAL,Los Angeles Lakers,False,True,L,35.9,25,10,14,0,9,2,4,0,0,0,7,4,0,4,5,18
0000000364,1610612752,NYK,New York Knicks,1626164,Isaiah Hartenstein,2025-26,Regular Season,2025-10-27,1610612747,LAL,Los Angeles Lakers,False,True,L,23.1,27,10,15,0,0,3,7,4,5,9,0,3,0,2,4,-2
0000000364,1610612752,NYK,New York Knicks,1629628,RJ Barrett,2025-26,Regular Season,2025-10-27,1610612747,LAL,Los Angeles Lakers,False,True,L,28.9,23,9,12,0,4,0,6,0,1,1,2,1,1,0,2,-10
0000000364,1610612752,NYK,New York Knicks,1630193,Immanuel Quickley,2025-26,Regular Season,2025-10-27,1610612747,LAL,Los Angeles Lakers,False,True,L,23.4,14,5,8,1,1,5,8,0,5,5,2,3,1,0,4,10
0000000364,1610612752,NYK,New York Knicks,203944,Julius Randle,2025-26,Regular Season,2025-10-27,1610612747,LAL,Los Angeles Lakers,False,True,L,26.7,26,10,14,2,6,1,3,2,10,12,4,0,2,2,0,9
0000000364,1610612752,NYK,New York Knicks,1631216,Miles McBride,2025-26,Regular Season,2025-10-27,1610612747,LAL,Los Angeles Lakers,False,True,L,18.4,6,2,7,2,3,0,5,0,0,0,5,4,0,1,1,4
0000000365,1610612747,LAL,Los Angeles Lakers,2544,LeBron James,2025-26,Regular Season,2025-10-29,1610612748,MIA,Miami Heat,True,False,W,21.2,18,7,10,1,1,0,0,2,7,9,5,2,3,0,5,-12
0000000365,1610612747,LAL,Los Angeles Lakers,1629029,Luka Dončić,2025-26,Regular Season,2025-10-29,1610612748,MIA,Miami Heat,True,False,W,28.6,30,12,20,2,2,0,0,3,5,8,4,3,1,2,3,15
0000000365,1610612747,LAL,Los Angeles Lakers,203076,Anthony Davis,2025-26,Regular Season,2025-10-29,1610612748,MIA,Miami Heat,True,False,W,36.6,21,8,12,0,2,0,1,1,13,14,3,3,0,3,2,-11
0000000365,1610612747,LAL,Los Angeles Lakers,1630559,Austin Reaves,2025-26,Regular Season,2025-10-29,1610612748,MIA,Miami Heat,True,False,W,37.5,23,9,17,1,1,0,1,3,0,3,6,4,0,0,1,-10
0000000365,1610612747,LAL,Los Angeles Lakers,1626156,Dalton Knecht,2025-26,Regular Season,2025-10-29,1610612748,MIA,Miami Heat,True,False,W,23.7,17,6,12,0,0,0,7,1,0,1,1,0,1,3,1,8
0000000365,1610612747,LAL,Los Angeles Lakers,1629020,Rui Hachimura,2025-26,Regular Season,2025-10-29,1610612748,MIA,Miami Heat,True,False,W,19.5,15,6,12,0,0,0,0,2,0,2,1,0,1,4,1,-9
0000000365,1610612748,MIA,Miami Heat,202710,Jimmy Butler,2025-26,Regular Season,2025-10-29,1610612747,LAL,Los Angeles Lakers,False,True,L,21.6,18,7,14,3,5,0,3,1,3,4,6,0,3,5,0,3
0000000365,1610612748,MIA,Miami Heat,1629639,Tyler Herro,2025-26,Regular Season,2025-10-29,1610612747,LAL,Los Angeles Lakers,False,True,L,37.6,16,6,12,0,5,0,1,3,2,5,4,0,3,0,0,6
0000000365,1610612748,MIA,Miami Heat,202355,Bam Adebayo,2025-26,Regular Season,2025-10-29,1610612747,LAL,Los Angeles Lakers,False,True,L,37.7,18,7,12,0,0,0,0,4,6,10,3,0,3,4,4,14
0000000365,1610612748,MIA,Miami Heat,1631107,Jaime Jaquez,2025-26,Regular Season,2025-10-29,1610612747,LAL,Los Angeles Lakers,False,True,L,27.1,7,3,4,3,3,0,0,4,4,8,3,0,0,3,3,4
0000000365,1610612748,MIA,Miami Heat,203482,Kelly Olynyk,2025-26,Regular Season,2025-10-29,1610612747,LAL,Los Angeles Lakers,False,True,L,28.7,6,2,5,0,0,1,3,4,4,8,2,0,1,0,4,-13
0000000365,1610612748,MIA,Miami Heat,1630217,Caleb Martin,2025-26,Regular Season,2025-10-29,1610612747,LAL,Los Angeles Lakers,False,True,L,23.6,0,2,8,2,8,0,1,2,0,2,5,2,3,4,3,-17
0000000366,1610612744,GSW,Golden State Warriors,201939,Stephen Curry,2025-26,Regular Season,2025-10-31,1610612747,LAL,Los Angeles Lakers,True,False,L,19.2,26,10,15,4,8,3,7,3,0,3,6,4,0,2,2,-18
0000000366,1610612744,GSW,Golden State Warriors,202691,Klay Thompson,2025-26,Regular Season,2025-10-31,1610612747,LAL,Los Angeles Lakers,True,False,L,22.8,22,8,15,2,4,2,4,2,0,2,0,0,0,4,5,1
0000000366,1610612744,GSW,Golden State Warriors,203110,Draymond Green,2025-26,Regular Season,2025-10-31,1610612747,LAL,Los Angeles Lakers,True,False,L,23.0,7,2,8,2,2,3,4,4,0,4,6,1,1,1,0,-15
0000000366,1610612744,GSW,Golden State Warriors,1630228,Jonathan Kuminga,2025-26,Regular Season,2025-10-31,1610612747,LAL,Los Angeles Lakers,True,False,L,27.1,8,5,7,5,6,0,8,0,1,1,2,1,3,4,3,-18
0000000366,1610612744,GSW,Golden State Warriors,1626172,Kevon Looney,2025-26,Regular Season,2025-10-31,1610612747,LAL,Los Angeles Lakers,True,False,L,32.2,13,5,7,1,1,1,1,1,8,9,3,1,0,3,3,13
0000000366,1610612744,GSW,Golden State Warriors,1630541,Brandin Podziemski,2025-26,Regular Season,2025-10-31,1610612747,LAL,Los Angeles Lakers,True,False,L,20.1,14,5,11,0,0,0,0,1,1,2,4,2,3,3,2,15
0000000366,1610612747,LAL,Los Angeles Lakers,2544,LeBron James,2025-26,Regular Season,2025-10-31,1610612744,GSW,Golden State Warriors,False,True,W,22.7,18,7,15,2,4,5,5,0,0,0,5,4,0,3,2,-13
0000000366,1610612747,LAL,Los Angeles Lakers,1629029,Luka Dončić,2025-26,Regular Season,2025-10-31,1610612744,GSW,Golden State Warriors,False,True,W,29.6,38,15,20,2,9,2,5,1,4,5,6,2,3,0,5,1
0000000366,1610612747,LAL,Los Angeles Lakers,203076,Anthony Davis,2025-26,Regular Season,2025-10-31,1610612744,GSW,Golden State Warriors,False,True,W,26.4,21,8,11,0,3,0,7,1,6,7,3,3,2,4,3,-9
0000000366,1610612747,LAL,Los Angeles Lakers,1630559,Austin Reaves,2025-26,Regular Season,2025-10-31,1610612744,GSW,Golden State Warriors,False,True,W,29.7,13,5,8,0,8,1,1,0,5,5,4,1,2,2,1,11
0000000366,1610612747,LAL,Los Angeles Lakers,1626156,Dalton Knecht,2025-26,Regular Season,2025-10-31,1610612744,GSW,Golden State Warriors,False,True,W,33.7,1,1,5,1,4,4,6,3,1,4,0,4,0,3,3,-10
0000000366,1610612747,LAL,Los Angeles Lakers,1629020,Rui Hachimura,2025-26,Regular Season,2025-10-31,1610612744,GSW,Golden State Warriors,False,True,W,22.4,13,5,12,2,6,2,2,2,1,3,2,3,1,5,2,18
0000000367,1610612744,GSW,Golden State Warriors,201939,Stephen Curry,2025-26,Regular Season,2025-11-02,1610612743,DEN,Denver Nuggets,True,False,L,34.6,27,10,16,3,7,6,8,0,11,11,7,0,3,4,4,1
0000000367,1610612744,GSW,Golden State Warriors,202691,Klay Thompson,2025-26,Regular Season,2025-11-02,1610612743,DEN,Denver Nuggets,True,False,L,34.5,19,7,14,0,1,3,4,2,1,3,1,4,1,5,4,12
0000000367,1610612744,GSW,Golden State Warriors,203110,Draymond Green,2025-26,Regular Season,2025-11-02,1610612743,DEN,Denver Nuggets,True,False,L,33.4,9,3,9,0,0,2,5,2,0,2,3,4,1,5,3,14
0000000367,1610612744,GSW,Golden State Warriors,1630228,Jonathan Kuminga,2025-26,Regular Season,2025-11-02,1610612743,DEN,Denver Nuggets,True,False,L,32.9,17,8,9,8,8,0,1,4,0,4,3,4,0,5,3,18
0000000367,1610612744,GSW,Golden State Warriors,1626172,Kevon Looney,2025-26,Regular Season,2025-11-02,1610612743,DEN,Denver Nuggets,True,False,L,34.5,4,2,6,2,2,2,5,3,5,8,6,2,1,3,0,12
0000000367,1610612744,GSW,Golden State Warriors,1630541,Brandin Podziemski,2025-26,Regular Season,2025-11-02,1610612743,DEN,Denver Nuggets,True,False,L,23.6,13,5,9,0,3,1,4,1,6,7,4,3,0,2,5,8
0000000367,1610612743,DEN,Denver Nuggets,203999,Nikola Jokić,2025-26,Regular Season,2025-11-02,1610612744,GSW,Golden State Warriors,False,True,W,36.9,30,12,20,1,1,5,6,3,2,5,7,4,3,2,0,-8
0000000367,1610612743,DEN,Denver Nuggets,1627750,Jamal Murray,2025-26,Regular Season,2025-11-02,1610612744,GSW,Golden State Warriors,False,True,W,33.1,25,10,16,3,3,0,0,0,5,5,6,0,0,3,3,13
0000000367,1610612743,DEN,Denver Nuggets,1628420,Aaron Gordon,2025-26,Regular Season,2025-11-02,1610612744,GSW,Golden State Warriors,False,True,W,24.5,17,6,12,0,5,1,3,4,2,6,4,2,3,5,4,-7
0000000367,1610612743,DEN,Denver Nuggets,1630166,Christian Braun,2025-26,Regular Season,2025-11-02,1610612744,GSW,Golden State Warriors,False,True,W,27.4,6,4,5,4,5,0,0,2,2,4,0,4,2,1,4,6
0000000367,1610612743,DEN,Denver Nuggets,203914,Kentavious Caldwell-Pope,2025-26,Regular Season,2025-11-02,1610612744,GSW,Golden State Warriors,False,True,W,29.5,16,6,13,5,7,2,3,2,1,3,0,1,2,5,0,4
0000000367,1610612743,DEN,Denver Nuggets,1631128,Peyton Watson,2025-26,Regular Season,2025-11-02,1610612744,GSW,Golden State Warriors,False,True,W,19.9,12,7,7,7,7,2,5,4,0,4,1,0,1,0,2,13
0000000368,1610612744,GSW,Golden State Warriors,201939,Stephen Curry,2025-26,Regular Season,2025-11-04,1610612738,BOS,Boston Celtics,True,False,W,31.3,26,10,17,3,9,0,5,1,12,13,11,4,3,0,3,-9
0000000368,1610612744,GSW,Golden State Warriors,202691,Klay Thompson,2025-26,Regular Season,2025-11-04,1610612738,BOS,Boston Celtics,True,False,W,20.6,22,8,17,8,10,4,4,0,0,0,3,0,3,4,0,-16
0000000368,1610612744,GSW,Golden State Warriors,203110,Draymond Green,2025-26,Regular Season,2025-11-04,1610612738,BOS,Boston Celtics,True,False,W,21.2,13,5,12,3,5,2,3,2,5,7,9,3,1,1,3,-1
0000000368,1610612744,GSW,Golden State Warriors,1630228,Jonathan Kuminga,2025-26,Regular Season,2025-11-04,1610612738,BOS,Boston Celtics,True,False,W,35.6,15,7,13,7,10,1,4,2,3,5,2,3,3,5,2,6
0000000368,1610612744,GSW,Golden State Warriors,1626172,Kevon Looney,2025-26,Regular Season,2025-11-04,1610612738,BOS,Boston Celtics,True,False,W,22.9,9,3,7,0,0,1,5,3,10,13,6,4,2,4,4,-16
0000000368,1610612744,GSW,Golden State Warriors,1630541,Brandin Podziemski,2025-26,Regular Season,2025-11-04,1610612738,BOS,Boston Celtics,True,False,W,18.5,4,4,7,4,5,4,5,0,0,0,5,2,1,0,2,-13
0000000368,1610612738,BOS,Boston Celtics,1628369,Jayson Tatum,2025-26,Regular Season,2025-11-04,1610612744,GSW,Golden State Warriors,False,True,L,25.4,19,7,10,0,2,7,7,2,3,5,7,1,0,4,3,2
0000000368,1610612738,BOS,Boston Celtics,1627759,Jaylen Brown,2025-26,Regular Season,2025-11-04,1610612744,GSW,Golden State Warriors,False,True,L,21.7,21,8,11,6,10,4,7,3,6,9,7,4,3,3,4,-7
0000000368,1610612738,BOS,Boston Celtics,201950,Jrue Holiday,2025-26,Regular Season,2025-11-04,1610612744,GSW,Golden State Warriors,False,True,L,18.4,0,7,9,7,9,0,0,0,0,0,4,2,2,2,4,-8
0000000368,1610612738,BOS,Boston Celtics,1628464,Derrick White,2025-26,Regular Season,2025-11-04,1610612744,GSW,Golden State Warriors,False,True,L,35.2,12,4,10,2,5,0,1,2,0,2,7,0,0,1,1,-10
0000000368,1610612738,BOS,Boston Celtics,203935,Kristaps Porziņģis,2025-26,Regular Season,2025-11-04,1610612744,GSW,Golden State Warriors,False,True,L,28.3,18,7,13,3,3,3,3,2,2,4,0,3,0,3,4,-8
0000000368,1610612738,BOS,Boston Celtics,1629057,Robert Williams,2025-26,Regular Season,2025-11-04,1610612744,GSW,Golden State Warriors,False,True,L,18.5,6,2,6,0,2,0,0,0,11,11,0,2,3,4,3,6
0000000369,1610612744,GSW,Golden State Warriors,201939,Stephen Curry,2025-26,Regular Season,2025-11-06,1610612752,NYK,New York Knicks,True,False,W,36.9,20,8,16,3,5,2,4,1,3,4,3,1,1,5,1,-1
0000000369,1610612744,GSW,Golden State Warriors,202691,Klay Thompson,2025-26,Regular Season,2025-11-06,1610612752,NYK,New York Knicks,True,False,W,19.9,22,8,12,5,10,0,1,0,3,3,2,1,3,4,3,-2
0000000369,1610612744,GSW,Golden State Warriors,203110,Draymond Green,2025-26,Regular Season,2025-11-06,1610612752,NYK,New York Knicks,True,False,W,29.2,0,0,6,0,0,5,8,2,7,9,4,4,2,1,4,-1
0000000369,1610612744,GSW,Golden State Warriors,1630228,Jonathan Kuminga,2025-26,Regular Season,2025-11-06,1610612752,NYK,New York Knicks,True,False,W,35.9,14,8,13,8,10,0,1,2,0,2,1,0,3,5,5,-18
0000000369,1610612744,GSW,Golden State Warriors,1626172,Kevon Looney,2025-26,Regular Season,2025-11-06,1610612752,NYK,New York Knicks,True,False,W,27.9,3,1,6,0,0,3,4,2,7,9,2,0,2,1,0,-16
0000000369,1610612744,GSW,Golden State Warriors,1630541,Brandin Podziemski,2025-26,Regular Season,2025-11-06,1610612752,NYK,New York Knicks,True,False,W,34.2,25,10,16,0,0,5,7,3,4,7,1,0,0,2,2,13
0000000369,1610612752,NYK,New York Knicks,1628973,Jalen Brunson,2025-26,Regular Season,2025-11-06,1610612744,GSW,Golden State Warriors,False,True,L,36.2,17,6,11,5,7,0,6,2,0,2,8,4,0,4,0,-12
0000000369,1610612752,NYK,New York Knicks,1626164,Isaiah Hartenstein,2025-26,Regular Season,2025-11-06,1610612744,GSW,Golden State Warriors,False,True,L,29.6,18,7,13,0,0,2,3,2,8,10,4,3,2,3,0,-17
0000000369,1610612752,NYK,New York Knicks,1629628,RJ Barrett,2025-26,Regular Season,2025-11-06,1610612744,GSW,Golden State Warriors,False,True,L,25.1,20,8,16,4,6,0,3,2,1,3,5,0,0,2,4,-13
0000000369,1610612752,NYK,New York Knicks,1630193,Immanuel Quickley,2025-26,Regular Season,2025-11-06,1610612744,GSW,Golden State Warriors,False,True,L,25.7,6,2,7,0,2,0,2,0,0,0,2,0,3,5,3,-7
0000000369,1610612752,NYK,New York Knicks,203944,Julius Randle,2025-26,Regular Season,2025-11-06,1610612744,GSW,Golden State Warriors,False,True,L,19.3,20,8,15,2,2,1,3,1,7,8,4,2,0,0,2,15
0000000369,1610612752,NYK,New York Knicks,1631216,Miles McBride,2025-26,Regular Season,2025-11-06,1610612744,GSW,Golden State Warriors,False,True,L,29.3,0,0,10,0,10,7,7,0,0,0,0,3,3,2,0,-7
0000000370,1610612744,GSW,Golden State Warriors,201939,Stephen Curry,2025-26,Regular Season,2025-11-08,1610612748,MIA,Miami Heat,True,False,W,26.1,24,9,16,2,9,3,6,0,7,7,5,3,0,3,3,4
0000000370,1610612744,GSW,Golden State Warriors,202691,Klay Thompson,2025-26,Regular Season,2025-11-08,1610612748,MIA,Miami Heat,True,False,W,31.6,28,11,18,3,4,7,8,0,3,3,0,0,3,3,1,14
0000000370,1610612744,GSW,Golden State Warriors,203110,Draymond Green,2025-26,Regular Season,2025-11-08,1610612748,MIA,Miami Heat,True,False,W,25.0,19,7,14,2,7,0,2,3,4,7,6,3,2,3,3,-15
0000000370,1610612744,GSW,Golden State Warriors,1630228,Jonathan Kuminga,2025-26,Regular Season,2025-11-08,1610612748,MIA,Miami Heat,True,False,W,21.2,17,6,12,0,2,1,1,0,5,5,1,3,3,2,5,-3
0000000370,1610612744,GSW,Golden State Warriors,1626172,Kevon Looney,2025-26,Regular Season,2025-11-08,1610612748,MIA,Miami Heat,True,False,W,23.9,1,0,4,0,3,0,0,1,10,11,1,3,0,4,2,-16
0000000370,1610612744,GSW,Golden State Warriors,1630541,Brandin Podziemski,2025-26,Regular Season,2025-11-08,1610612748,MIA,Miami Heat,True,False,W,24.7,14,10,10,10,10,0,0,0,11,11,3,3,0,4,5,-13
0000000370,1610612748,MIA,Miami Heat,202710,Jimmy Butler,2025-26,Regular Season,2025-11-08,1610612744,GSW,Golden State Warriors,False,True,L,23.9,16,6,10,0,1,2,2,3,5,8,3,0,3,1,4,1
0000000370,1610612748,MIA,Miami Heat,1629639,Tyler Herro,2025-26,Regular Season,2025-11-08,1610612744,GSW,Golden State Warriors,False,True,L,23.4,15,6,9,0,1,1,2,4,0,4,6,4,0,4,5,-18
0000000370,1610612748,MIA,Miami Heat,202355,Bam Adebayo,2025-26,Regular Season,2025-11-08,1610612744,GSW,Golden State Warriors,False,True,L,36.6,25,10,13,0,2,2,2,0,8,8,5,4,1,4,1,-16
0000000370,1610612748,MIA,Miami Heat,1631107,Jaime Jaquez,2025-26,Regular Season,2025-11-08,1610612744,GSW,Golden State Warriors,False,True,L,30.1,15,6,11,2,6,0,0,2,4,6,3,1,3,4,2,-15
0000000370,1610612748,MIA,Miami Heat,203482,Kelly Olynyk,2025-26,Regular Season,2025-11-08,1610612744,GSW,Golden State Warriors,False,True,L,31.9,10,4,11,0,0,3,5,4,0,4,4,4,2,0,0,16
0000000370,1610612748,MIA,Miami Heat,1630217,Caleb Martin,2025-26,Regular Season,2025-11-08,1610612744,GSW,Golden State Warriors,False,True,L,34.4,4,7,7,7,7,0,2,2,5,7,1,0,0,0,0,-10
0000000371,1610612743,DEN,Denver Nuggets,203999,Nikola Jokić,2025-26,Regular Season,2025-11-10,1610612747,LAL,Los Angeles Lakers,True,False,L,26.4,25,10,15,3,3,7,7,0,7,7,7,2,3,1,4,-2
0000000371,1610612743,DEN,Denver Nuggets,1627750,Jamal Murray,2025-26,Regular Season,2025-11-10,1610612747,LAL,Los Angeles Lakers,True,False,L,26.7,24,9,13,1,1,0,2,2,6,8,6,4,2,3,2,1
0000000371,1610612743,DEN,Denver Nuggets,1628420,Aaron Gordon,2025-26,Regular Season,2025-11-10,1610612747,LAL,Los Angeles Lakers,True,False,L,21.3,23,9,16,2,2,0,8,2,0,2,0,0,3,5,1,0
0000000371,1610612743,DEN,Denver Nuggets,1630166,Christian Braun,2025-26,Regular Season,2025-11-10,1610612747,LAL,Los Angeles Lakers,True,False,L,37.7,13,5,10,2,7,0,2,3,0,3,1,0,1,2,4,-7
0000000371,1610612743,DEN,Denver Nuggets,203914,Kentavious Caldwell-Pope,2025-26,Regular Season,2025-11-10,1610612747,LAL,Los Angeles Lakers,True,False,L,24.8,9,3,8,1,2,2,6,0,0,0,2,0,0,1,0,-2
0000000371,1610612743,DEN,Denver Nuggets,1631128,Peyton Watson,2025-26,Regular Season,2025-11-10,1610612747,LAL,Los Angeles Lakers,True,False,L,26.1,5,2,5,0,0,1,3,0,4,4,0,2,1,3,3,-12
0000000371,1610612747,LAL,Los Angeles Lakers,2544,LeBron James,2025-26,Regular Season,2025-11-10,1610612743,DEN,Denver Nuggets,False,True,W,27.8,27,10,18,2,7,7,7,0,10,10,5,0,0,2,2,2
0000000371,1610612747,LAL,Los Angeles Lakers,1629029,Luka Dončić,2025-26,Regular Season,2025-11-10,1610612743,DEN,Denver Nuggets,False,True,W,28.1,42,16,27,5,8,2,2,2,6,8,7,0,0,1,1,4
0000000371,1610612747,LAL,Los Angeles Lakers,203076,Anthony Davis,2025-26,Regular Season,2025-11-10,1610612743,DEN,Denver Nuggets,False,True,W,32.4,25,10,15,1,1,3,4,2,5,7,3,2,3,1,3,-15
0000000371,1610612747,LAL,Los Angeles Lakers,1630559,Austin Reaves,2025-26,Regular Season,2025-11-10,1610612743,DEN,Denver Nuggets,False,True,W,25.4,12,8,10,8,10,0,0,0,0,0,4,2,3,2,0,-13
0000000371,1610612747,LAL,Los Angeles Lakers,1626156,Dalton Knecht,2025-26,Regular Season,2025-11-10,1610612743,DEN,Denver Nuggets,False,True,W,25.5,7,5,8,5,6,3,8,2,0,2,1,3,3,3,2,17
0000000371,1610612747,LAL,Los Angeles Lakers,1629020,Rui Hachimura,2025-26,Regular Season,2025-11-10,1610612743,DEN,Denver Nuggets,False,True,W,23.4,5,2,7,1,2,2,2,2,3,5,0,1,2,5,0,6
0000000372,1610612743,DEN,Denver Nuggets,203999,Nikola Jokić,2025-26,Regular Season,2025-11-12,1610612744,GSW,Golden State Warriors,True,False,L,19.4,19,7,14,1,1,3,5,0,12,12,8,0,1,3,2,-12
0000000372,1610612743,DEN,Denver Nuggets,1627750,Jamal Murray,2025-26,Regular Season,2025-11-12,1610612744,GSW,Golden State Warriors,True,False,L,22.9,12,4,9,1,2,0,6,2,0,2,8,4,1,3,4,-13
0000000372,1610612743,DEN,Denver Nuggets,1628420,Aaron Gordon,2025-26,Regular Season,2025-11-12,1610612744,GSW,Golden State Warriors,True,False,L,37.8,8,3,9,1,4,3,4,0,9,9,1,0,2,5,3,-15
0000000372,1610612743,DEN,Denver Nuggets,1630166,Christian Braun,2025-26,Regular Season,2025-11-12,1610612744,GSW,Golden State Warriors,True,False,L,26.9,9,3,9,2,2,1,6,4,2,6,0,4,2,1,0,-14
0000000372,1610612743,DEN,Denver Nuggets,203914,Kentavious Caldwell-Pope,2025-26,Regular Season,2025-11-12,1610612744,GSW,Golden State Warriors,True,False,L,23.3,11,6,10,6,10,3,5,0,0,0,3,1,2,2,3,10
0000000372,1610612743,DEN,Denver Nuggets,1631128,Peyton Watson,2025-26,Regular Season,2025-11-12,1610612744,GSW,Golden State Warriors,True,False,L,23.0,8,3,5,0,1,2,3,0,0,0,2,3,0,4,0,14
0000000372,1610612744,GSW,Golden State Warriors,201939,Stephen Curry,2025-26,Regular Season,2025-11-12,1610612743,DEN,Denver Nuggets,False,True,W,27.8,19,7,13,5,7,2,7,2,0,2,4,4,3,1,3,7
0000000372,1610612744,GSW,Golden State Warriors,202691,Klay Thompson,2025-26,Regular Season,2025-11-12,1610612743,DEN,Denver Nuggets,False,True,W,19.0,12,9,10,9,10,0,4,1,0,1,0,4,1,2,1,-7
0000000372,1610612744,GSW,Golden State Warriors,203110,Draymond Green,2025-26,Regular Season,2025-11-12,1610612743,DEN,Denver Nuggets,False,True,W,32.9,17,7,14,7,10,4,7,0,0,0,7,3,3,5,0,-7
0000000372,1610612744,GSW,Golden State Warriors,1630228,Jonathan Kuminga,2025-26,Regular Season,2025-11-12,1610612743,DEN,Denver Nuggets,False,True,W,21.5,22,8,15,6,6,3,6,0,0,0,2,0,2,5,2,0
0000000372,1610612744,GSW,Golden State Warriors,1626172,Kevon Looney,2025-26,Regular Season,2025-11-12,1610612743,DEN,Denver Nuggets,False,True,W,34.0,11,4,11,0,0,2,2,2,4,6,2,3,0,3,2,4
0000000372,1610612744,GSW,Golden State Warriors,1630541,Brandin Podziemski,2025-26,Regular Season,2025-11-12,1610612743,DEN,Denver Nuggets,False,True,W,32.5,8,3,7,0,0,1,3,4,2,6,4,4,0,4,0,12
0000000373,1610612743,DEN,Denver Nuggets,203999,Nikola Jokić,2025-26,Regular Season,2025-11-14,1610612738,BOS,Boston Celtics,True,False,W,24.2,34,13,23,0,1,2,5,0,9,9,10,3,3,3,3,-16
0000000373,1610612743,DEN,Denver Nuggets,1627750,Jamal Murray,2025-26,Regular Season,2025-11-14,1610612738,BOS,Boston Celtics,True,False,W,29.8,20,8,14,1,1,0,5,2,0,2,7,3,1,0,2,18
0000000373,1610612743,DEN,Denver Nuggets,1628420,Aaron Gordon,2025-26,Regular Season,2025-11-14,1610612738,BOS,Boston Celtics,True,False,W,25.7,16,6,12,1,3,0,2,0,6,6,2,3,0,2,5,-17
0000000373,1610612743,DEN,Denver Nuggets,1630166,Christian Braun,2025-26,Regular Season,2025-11-14,1610612738,BOS,Boston Celtics,True,False,W,19.3,5,2,8,2,3,0,0,0,0,0,3,4,3,2,5,-2
0000000373,1610612743,DEN,Denver Nuggets,203914,Kentavious Caldwell-Pope,2025-26,Regular Season,2025-11-14,1610612738,BOS,Boston Celtics,True,False,W,31.4,14,5,10,2,2,1,6,0,0,0,0,0,0,0,5,4
0000000373,1610612743,DEN,Denver Nuggets,1631128,Peyton Watson,2025-26,Regular Season,2025-11-14,1610612738,BOS,Boston Celtics,True,False,W,30.2,12,4,7,0,0,4,7,2,1,3,1,1,3,0,2,-1
0000000373,1610612738,BOS,Boston Celtics,1628369,Jayson Tatum,2025-26,Regular Season,2025-11-14,1610612743,DEN,Denver Nuggets,False,True,L,35.5,26,10,17,2,5,6,7,4,5,9,3,1,1,4,0,16
0000000373,1610612738,BOS,Boston Celtics,1627759,Jaylen Brown,2025-26,Regular Season,2025-11-14,1610612743,DEN,Denver Nuggets,False,True,L,34.8,17,6,9,4,6,3,4,3,6,9,2,3,1,3,2,18
0000000373,1610612738,BOS,Boston Celtics,201950,Jrue Holiday,2025-26,Regular Season,2025-11-14,1610612743,DEN,Denver Nuggets,False,True,L,19.9,20,8,14,4,4,1,1,3,0,3,5,4,3,1,0,-8
0000000373,1610612738,BOS,Boston Celtics,1628464,Derrick White,2025-26,Regular Season,2025-11-14,1610612743,DEN,Denver Nuggets,False,True,L,36.3,2,9,9,9,9,1,8,1,4,5,5,2,2,1,2,5
0000000373,1610612738,BOS,Boston Celtics,203935,Kristaps Porziņģis,2025-26,Regular Season,2025-11-14,1610612743,DEN,Denver Nuggets,False,True,L,36.6,27,10,14,1,1,2,7,2,0,2,2,4,2,3,5,-8
0000000373,1610612738,BOS,Boston Celtics,1629057,Robert Williams,2025-26,Regular Season,2025-11-14,1610612743,DEN,Denver Nuggets,False,True,L,27.7,0,0,5,0,0,2,7,4,1,5,1,3,3,3,2,2
0000000374,1610612743,DEN,Denver Nuggets,203999,Nikola Jokić,2025-26,Regular Season,2025-11-16,1610612752,NYK,New York Knicks,True,False,L,18.3,17,6,14,3,3,3,4,1,9,10,9,2,2,4,2,-15
0000000374,1610612743,DEN,Denver Nuggets,1627750,Jamal Murray,2025-26,Regular Season,2025-11-16,1610612752,NYK,New York Knicks,True,False,L,31.1,25,10,16,3,6,0,2,3,4,7,2,0,0,5,2,18
0000000374,1610612743,DEN,Denver Nuggets,1628420,Aaron Gordon,2025-26,Regular Season,2025-11-16,1610612752,NYK,New York Knicks,True,False,L,30.9,17,6,12,1,3,0,2,1,9,10,0,4,0,0,3,-3
0000000374,1610612743,DEN,Denver Nuggets,1630166,Christian Braun,2025-26,Regular Season,2025-11-16,1610612752,NYK,New York Knicks,True,False,L,27.4,8,3,5,1,4,1,1,0,5,5,4,0,0,5,0,-17
0000000374,1610612743,DEN,Denver Nuggets,203914,Kentavious Caldwell-Pope,2025-26,Regular Season,2025-11-16,1610612752,NYK,New York Knicks,True,False,L,22.9,5,2,8,2,2,0,3,0,0,0,2,3,1,2,4,15
0000000374,1610612743,DEN,Denver Nuggets,1631128,Peyton Watson,2025-26,Regular Season,2025-11-16,1610612752,NYK,New York Knicks,True,False,L,18.2,3,1,2,0,0,7,8,1,0,1,4,2,1,0,4,-4
0000000374,1610612752,NYK,New York Knicks,1628973,Jalen Brunson,2025-26,Regular Season,2025-11-16,1610612743,DEN,Denver Nuggets,False,True,W,33.6,14,5,9,3,9,5,8,3,0,3,3,1,3,5,1,10
0000000374,1610612752,NYK,New York Knicks,1626164,Isaiah Hartenstein,2025-26,Regular Season,2025-11-16,1610612743,DEN,Denver Nuggets,False,True,W,36.2,20,8,11,0,0,0,2,3,12,15,2,2,3,4,5,-8
0000000374,1610612752,NYK,New York Knicks,1629628,RJ Barrett,2025-26,Regular Season,2025-11-16,1610612743,DEN,Denver Nuggets,False,True,W,18.6,20,8,15,1,2,0,0,3,0,3,3,3,3,2,3,-4
0000000374,1610612752,NYK,New York Knicks,1630193,Immanuel Quickley,2025-26,Regular Season,2025-11-16,1610612743,DEN,Denver Nuggets,False,True,W,30.9,11,4,6,0,1,0,1,0,1,1,3,2,0,5,3,13
0000000374,1610612752,NYK,New York Knicks,203944,Julius Randle,2025-26,Regular Season,2025-11-16,1610612743,DEN,Denver Nuggets,False,True,W,22.4,31,12,16,4,4,3,3,4,5,9,4,4,0,1,2,3
0000000374,1610612752,NYK,New York Knicks,1631216,Miles McBride,2025-26,Regular Season,2025-11-16,1610612743,DEN,Denver Nuggets,False,True,W,27.3,0,1,5,1,5,1,4,0,0,0,2,3,3,3,5,18
0000000375,1610612743,DEN,Denver Nuggets,203999,Nikola Jokić,2025-26,Regular Season,2025-11-18,1610612748,MIA,Miami Heat,True,False,L,19.2,27,10,17,0,0,3,7,2,8,10,10,0,0,5,1,-5
0000000375,1610612743,DEN,Denver Nuggets,1627750,Jamal Murray,2025-26,Regular Season,2025-11-18,1610612748,MIA,Miami Heat,True,False,L,34.0,16,6,10,1,3,3,4,1,0,1,6,1,0,0,3,-8
0000000375,1610612743,DEN,Denver Nuggets,1628420,Aaron Gordon,2025-26,Regular Season,2025-11-18,1610612748,MIA,Miami Heat,True,False,L,30.2,17,6,14,0,0,5,8,0,14,14,5,4,1,1,0,3
0000000375,1610612743,DEN,Denver Nuggets,1630166,Christian Braun,2025-26,Regular Season,2025-11-18,1610612748,MIA,Miami Heat,True,False,L,30.3,22,8,16,3,6,0,1,2,1,3,0,0,1,1,4,-16
0000000375,1610612743,DEN,Denver Nuggets,203914,Kentavious Caldwell-Pope,2025-26,Regular Season,2025-11-18,1610612748,MIA,Miami Heat,True,False,L,19.7,6,2,5,1,1,1,1,0,0,0,1,2,1,0,0,-8
0000000375,1610612743,DEN,Denver Nuggets,1631128,Peyton Watson,2025-26,Regular Season,2025-11-18,1610612748,MIA,Miami Heat,True,False,L,32.8,10,4,11,3,3,1,8,0,0,0,0,2,0,1,3,2
0000000375,1610612748,MIA,Miami Heat,202710,Jimmy Butler,2025-26,Regular Season,2025-11-18,1610612743,DEN,Denver Nuggets,False,True,W,34.4,22,8,16,0,2,0,1,0,9,9,6,1,0,4,3,2
0000000375,1610612748,MIA,Miami Heat,1629639,Tyler Herro,2025-26,Regular Season,2025-11-18,1610612743,DEN,Denver Nuggets,False,True,W,34.5,25,10,15,2,9,0,0,0,0,0,7,3,2,0,4,16
0000000375,1610612748,MIA,Miami Heat,202355,Bam Adebayo,2025-26,Regular Season,2025-11-18,1610612743,DEN,Denver Nuggets,False,True,W,32.7,18,7,13,0,3,0,7,0,12,12,2,2,1,1,0,8
0000000375,1610612748,MIA,Miami Heat,1631107,Jaime Jaquez,2025-26,Regular Season,2025-11-18,1610612743,DEN,Denver Nuggets,False,True,W,34.1,17,6,12,0,7,2,2,1,0,1,0,2,2,2,1,-10
0000000375,1610612748,MIA,Miami Heat,203482,Kelly Olynyk,2025-26,Regular Season,2025-11-18,1610612743,DEN,Denver Nuggets,False,True,W,29.2,18,7,12,0,0,0,0,0,9,9,3,4,3,3,1,8
0000000375,1610612748,MIA,Miami Heat,1630217,Caleb Martin,2025-26,Regular Season,2025-11-18,1610612743,DEN,Denver Nuggets,False,True,W,23.1,17,7,9,7,7,4,5,0,0,0,1,4,1,0,4,-11
0000000376,1610612738,BOS,Boston Celtics,1628369,Jayson Tatum,2025-26,Regular Season,2025-11-20,1610612747,LAL,Los Angeles Lakers,True,False,L,27.7,19,7,12,1,10,8,8,4,4,8,5,2,3,4,0,-15
0000000376,1610612738,BOS,Boston Celtics,1627759,Jaylen Brown,2025-26,Regular Season,2025-11-20,1610612747,LAL,Los Angeles Lakers,True,False,L,20.3,16,6,9,2,2,1,5,0,6,6,1,3,1,4,2,-8
0000000376,1610612738,BOS,Boston Celtics,201950,Jrue Holiday,2025-26,Regular Season,2025-11-20,1610612747,LAL,Los Angeles Lakers,True,False,L,22.9,11,4,11,0,6,2,2,0,4,4,4,3,0,3,5,-6
0000000376,1610612738,BOS,Boston Celtics,1628464,Derrick White,2025-26,Regular Season,2025-11-20,1610612747,LAL,Los Angeles Lakers,True,False,L,37.1,10,5,10,5,5,2,2,3,0,3,5,4,2,5,4,-17
0000000376,1610612738,BOS,Boston Celtics,203935,Kristaps Porziņģis,2025-26,Regular Season,2025-11-20,1610612747,LAL,Los Angeles Lakers,True,False,L,25.3,12,4,11,0,0,0,1,2,2,4,1,3,1,1,2,10
0000000376,1610612738,BOS,Boston Celtics,1629057,Robert Williams,2025-26,Regular Season,2025-11-20,1610612747,LAL,Los Angeles Lakers,True,False,L,35.1,6,2,8,0,2,3,4,1,9,10,0,0,1,1,0,-3
0000000376,1610612747,LAL,Los Angeles Lakers,2544,LeBron James,2025-26,Regular Season,2025-11-20,1610612738,BOS,Boston Celtics,False,True,W,34.5,35,14,18,0,2,0,0,4,3,7,9,2,1,0,3,9
0000000376,1610612747,LAL,Los Angeles Lakers,1629029,Luka Dončić,2025-26,Regular Season,2025-11-20,1610612738,BOS,Boston Celtics,False,True,W,26.4,36,14,23,0,1,0,5,2,6,8,6,2,1,4,1,-7
0000000376,1610612747,LAL,Los Angeles Lakers,203076,Anthony Davis,2025-26,Regular Season,2025-11-20,1610612738,BOS,Boston Celtics,False,True,W,27.7,34,13,19,0,0,2,6,1,12,13,3,4,3,0,5,-17
0000000376,1610612747,LAL,Los Angeles Lakers,1630559,Austin Reaves,2025-26,Regular Season,2025-11-20,1610612738,BOS,Boston Celtics,False,True,W,36.5,22,8,15,3,8,0,2,0,6,6,3,1,2,2,1,-8
0000000376,1610612747,LAL,Los Angeles Lakers,1626156,Dalton Knecht,2025-26,Regular Season,2025-11-20,1610612738,BOS,Boston Celtics,False,True,W,33.1,8,3,5,0,3,3,7,4,3,7,2,0,0,5,4,-10
0000000376,1610612747,LAL,Los Angeles Lakers,1629020,Rui Hachimura,2025-26,Regular Season,2025-11-20,1610612738,BOS,Boston Celtics,False,True,W,37.7,18,10,10,10,10,0,7,2,7,9,1,1,2,5,0,-10
0000000377,1610612738,BOS,Boston Celtics,1628369,Jayson Tatum,2025-26,Regular Season,2025-11-22,1610612744,GSW,Golden State Warriors,True,False,W,29.0,26,10,19,8,10,2,3,3,1,4,6,4,3,1,4,8
0000000377,1610612738,BOS,Boston Celtics,1627759,Jaylen Brown,2025-26,Regular Season,2025-11-22,1610612744,GSW,Golden State Warriors,True,False,W,26.9,32,12,19,2,10,6,6,3,4,7,6,4,3,4,2,-1
0000000377,1610612738,BOS,Boston Celtics,201950,Jrue Holiday,2025-26,Regular Season,2025-11-22,1610612744,GSW,Golden State Warriors,True,False,W,29.6,8,3,9,3,9,4,8,0,0,0,2,2,0,5,3,-6
0000000377,1610612738,BOS,Boston Celtics,1628464,Derrick White,2025-26,Regular Season,2025-11-22,1610612744,GSW,Golden State Warriors,True,False,W,24.9,26,10,15,0,7,0,4,2,1,3,3,2,3,5,4,16
0000000377,1610612738,BOS,Boston Celtics,203935,Kristaps Porziņģis,2025-26,Regular Season,2025-11-22,1610612744,GSW,Golden State Warriors,True,False,W,22.5,12,4,8,1,2,6,7,2,8,10,2,1,0,4,2,5
0000000377,1610612738,BOS,Boston Celtics,1629057,Robert Williams,2025-26,Regular Season,2025-11-22,1610612744,GSW,Golden State Warriors,True,False,W,37.6,5,2,7,1,1,1,1,1,0,1,4,1,2,3,3,-3
0000000377,1610612744,GSW,Golden State Warriors,201939,Stephen Curry,2025-26,Regular Season,2025-11-22,1610612738,BOS,Boston Celtics,False,True,L,20.7,33,13,18,1,3,2,8,2,3,5,6,2,3,0,5,-6
0000000377,1610612744,GSW,Golden State Warriors,202691,Klay Thompson,2025-26,Regular Season,2025-11-22,1610612738,BOS,Boston Celtics,False,True,L,21.6,14,5,9,0,0,1,1,0,0,0,1,4,2,1,2,-1
0000000377,1610612744,GSW,Golden State Warriors,203110,Draymond Green,2025-26,Regular Season,2025-11-22,1610612738,BOS,Boston Celtics,False,True,L,31.2,8,3,6,0,2,0,0,4,5,9,8,4,3,1,3,-1
0000000377,1610612744,GSW,Golden State Warriors,1630228,Jonathan Kuminga,2025-26,Regular Season,2025-11-22,1610612738,BOS,Boston Celtics,False,True,L,23.8,24,9,16,1,2,2,7,1,0,1,1,0,0,1,5,-1
0000000377,1610612744,GSW,Golden State Warriors,1626172,Kevon Looney,2025-26,Regular Season,2025-11-22,1610612738,BOS,Boston Celtics,False,True,L,33.6,8,3,10,0,3,1,7,0,14,14,0,4,0,0,2,-16
0000000377,1610612744,GSW,Golden State Warriors,1630541,Brandin Podziemski,2025-26,Regular Season,2025-11-22,1610612738,BOS,Boston Celtics,False,True,L,31.7,13,5,11,0,1,0,6,4,1,5,1,0,1,4,5,-11
0000000378,1610612738,BOS,Boston Celtics,1628369,Jayson Tatum,2025-26,Regular Season,2025-11-24,1610612743,DEN,Denver Nuggets,True,False,W,29.0,17,6,13,2,2,0,1,2,3,5,4,1,3,5,1,0
0000000378,1610612738,BOS,Boston Celtics,1627759,Jaylen Brown,2025-26,Regular Season,2025-11-24,1610612743,DEN,Denver Nuggets,True,False,W,32.6,21,8,14,5,7,0,4,3,2,5,0,0,0,0,0,4
0000000378,1610612738,BOS,Boston Celtics,201950,Jrue Holiday,2025-26,Regular Season,2025-11-24,1610612743,DEN,Denver Nuggets,True,False,W,34.7,12,4,9,1,5,3,5,2,1,3,6,1,1,1,0,-6
0000000378,1610612738,BOS,Boston Celtics,1628464,Derrick White,2025-26,Regular Season,2025-11-24,1610612743,DEN,Denver Nuggets,True,False,W,19.6,14,5,10,2,9,4,6,0,6,6,6,1,0,0,5,-3
0000000378,1610612738,BOS,Boston Celtics,203935,Kristaps Porziņģis,2025-26,Regular Season,2025-11-24,1610612743,DEN,Denver Nuggets,True,False,W,22.8,24,9,14,1,3,0,0,4,2,6,6,4,3,2,3,-3
0000000378,1610612738,BOS,Boston Celtics,1629057,Robert Williams,2025-26,Regular Season,2025-11-24,1610612743,DEN,Denver Nuggets,True,False,W,25.1,15,6,10,0,0,4,6,2,7,9,0,3,3,1,4,-12
0000000378,1610612743,DEN,Denver Nuggets,203999,Nikola Jokić,2025-26,Regular Season,2025-11-24,1610612738,BOS,Boston Celtics,False,True,L,27.5,27,10,18,0,1,0,1,3,6,9,9,0,2,4,5,-8
0000000378,1610612743,DEN,Denver Nuggets,1627750,Jamal Murray,2025-26,Regular Season,2025-11-24,1610612738,BOS,Boston Celtics,False,True,L,20.9,21,8,11,0,7,4,7,0,0,0,4,4,3,4,5,6
0000000378,1610612743,DEN,Denver Nuggets,1628420,Aaron Gordon,2025-26,Regular Season,2025-11-24,1610612738,BOS,Boston Celtics,False,True,L,20.6,11,7,9,7,9,0,0,2,2,4,3,0,3,5,2,-4
0000000378,1610612743,DEN,Denver Nuggets,1630166,Christian Braun,2025-26,Regular Season,2025-11-24,1610612738,BOS,Boston Celtics,False,True,L,27.9,4,1,6,1,6,2,5,3,1,4,5,1,3,5,4,-14
0000000378,1610612743,DEN,Denver Nuggets,203914,Kentavious Caldwell-Pope,2025-26,Regular Season,2025-11-24,1610612738,BOS,Boston Celtics,False,True,L,32.7,19,7,12,2,3,0,0,0,0,0,3,0,0,1,5,1
0000000378,1610612743,DEN,Denver Nuggets,1631128,Peyton Watson,2025-26,Regular Season,2025-11-24,1610612738,BOS,Boston Celtics,False,True,L,19.7,10,4,7,0,0,2,3,1,1,2,2,0,0,0,4,-11
0000000379,1610612738,BOS,Boston Celtics,1628369,Jayson Tatum,2025-26,Regular Season,2025-11-26,1610612752,NYK,New York Knicks,True,False,W,24.5,33,13,21,6,6,5,5,0,6,6,6,0,2,5,5,-15
0000000379,1610612738,BOS,Boston Celtics,1627759,Jaylen Brown,2025-26,Regular Season,2025-11-26,1610612752,NYK,New York Knicks,True,False,W,30.4,16,6,10,0,0,1,3,0,4,4,0,0,3,0,0,-3
0000000379,1610612738,BOS,Boston Celtics,201950,Jrue Holiday,2025-26,Regular Season,2025-11-26,1610612752,NYK,New York Knicks,True,False,W,29.0,17,6,14,3,4,2,2,3,2,5,4,3,0,5,1,-9
0000000379,1610612738,BOS,Boston Celtics,1628464,Derrick White,2025-26,Regular Season,2025-11-26,1610612752,NYK,New York Knicks,True,False,W,36.5,10,4,8,0,6,0,4,1,1,2,5,2,2,5,0,-6
0000000379,1610612738,BOS,Boston Celtics,203935,Kristaps Porziņģis,2025-26,Regular Season,2025-11-26,1610612752,NYK,New York Knicks,True,False,W,29.7,20,8,13,3,3,1,2,0,11,11,3,3,3,5,3,-17
0000000379,1610612738,BOS,Boston Celtics,1629057,Robert Williams,2025-26,Regular Season,2025-11-26,1610612752,NYK,New York Knicks,True,False,W,32.1,1,0,2,0,1,5,8,0,7,7,2,1,3,0,2,-15
0000000379,1610612752,NYK,New York Knicks,1628973,Jalen Brunson,2025-26,Regular Season,2025-11-26,1610612738,BOS,Boston Celtics,False,True,L,23.3,26,10,17,2,2,5,7,4,2,6,7,0,3,5,5,6
0000000379,1610612752,NYK,New York Knicks,1626164,Isaiah Hartenstein,2025-26,Regular Season,2025-11-26,1610612738,BOS,Boston Celtics,False,True,L,23.3,6,2,8,1,2,0,8,4,5,9,4,0,3,4,2,16
0000000379,1610612752,NYK,New York Knicks,1629628,RJ Barrett,2025-26,Regular Season,2025-11-26,1610612738,BOS,Boston Celtics,False,True,L,23.1,13,5,7,0,1,5,8,0,0,0,1,4,1,2,3,18
0000000379,1610612752,NYK,New York Knicks,1630193,Immanuel Quickley,2025-26,Regular Season,2025-11-26,1610612738,BOS,Boston Celtics,False,True,L,26.8,9,3,6,0,0,6,6,0,0,0,4,0,3,3,4,-8
0000000379,1610612752,NYK,New York Knicks,203944,Julius Randle,2025-26,Regular Season,2025-11-26,1610612738,BOS,Boston Celtics,False,True,L,30.0,34,13,18,4,7,4,5,1,3,4,2,0,1,5,3,9
0000000379,1610612752,NYK,New York Knicks,1631216,Miles McBride,2025-26,Regular Season,2025-11-26,1610612738,BOS,Boston Celtics,False,True,L,37.5,0,2,5,2,3,6,6,0,0,0,2,4,0,5,0,-11
0000000380,1610612738,BOS,Boston Celtics,1628369,Jayson Tatum,2025-26,Regular Season,2025-11-28,1610612748,MIA,Miami Heat,True,False,L,24.9,20,8,11,1,5,5,6,1,5,6,5,2,0,5,0,1
0000000380,1610612738,BOS,Boston Celtics,1627759,Jaylen Brown,2025-26,Regular Season,2025-11-28,1610612748,MIA,Miami Heat,True,False,L,27.5,27,10,17,5,5,3,6,0,6,6,6,0,1,2,3,-12
0000000380,1610612738,BOS,Boston Celtics,201950,Jrue Holiday,2025-26,Regular Season,2025-11-28,1610612748,MIA,Miami Heat,True,False,L,19.3,3,3,7,3,5,2,3,2,0,2,3,4,3,2,3,-13
0000000380,1610612738,BOS,Boston Celtics,1628464,Derrick White,2025-26,Regular Season,2025-11-28,1610612748,MIA,Miami Heat,True,False,L,23.2,19,7,14,3,9,2,6,1,2,3,7,2,2,5,3,-4
0000000380,1610612738,BOS,Boston Celtics,203935,Kristaps Porziņģis,2025-26,Regular Season,2025-11-28,1610612748,MIA,Miami Heat,True,False,L,27.2,21,8,14,1,2,1,8,0,8,8,3,1,0,0,3,9
0000000380,1610612738,BOS,Boston Celtics,1629057,Robert Williams,2025-26,Regular Season,2025-11-28,1610612748,MIA,Miami Heat,True,False,L,26.4,13,5,10,1,2,0,0,0,10,10,2,0,2,2,5,7
0000000380,1610612748,MIA,Miami Heat,202710,Jimmy Butler,2025-26,Regular Season,2025-11-28,1610612738,BOS,Boston Celtics,False,True,W,36.0,36,14,21,1,3,8,8,2,4,6,5,0,3,1,4,5
0000000380,1610612748,MIA,Miami Heat,1629639,Tyler Herro,2025-26,Regular Season,2025-11-28,1610612738,BOS,Boston Celtics,False,True,W,22.9,22,8,14,3,10,3,5,1,3,4,2,1,2,1,1,-17
0000000380,1610612748,MIA,Miami Heat,202355,Bam Adebayo,2025-26,Regular Season,2025-11-28,1610612738,BOS,Boston Celtics,False,True,W,20.0,16,6,10,0,2,0,0,4,4,8,3,4,0,5,5,-6
0000000380,1610612748,MIA,Miami Heat,1631107,Jaime Jaquez,2025-26,Regular Season,2025-11-28,1610612738,BOS,Boston Celtics,False,True,W,20.2,8,3,8,0,3,4,5,1,2,3,4,0,2,3,1,6
0000000380,1610612748,MIA,Miami Heat,203482,Kelly Olynyk,2025-26,Regular Season,2025-11-28,1610612738,BOS,Boston Celtics,False,True,W,20.1,15,6,10,0,1,2,6,1,3,4,5,0,2,3,5,-16
0000000380,1610612748,MIA,Miami Heat,1630217,Caleb Martin,2025-26,Regular Season,2025-11-28,1610612738,BOS,Boston Celtics,False,True,W,34.5,10,4,9,0,4,2,7,4,3,7,2,4,1,1,4,13
0000000381,1610612752,NYK,New York Knicks,1628973,Jalen Brunson,2025-26,Regular Season,2025-11-30,1610612747,LAL,Los Angeles Lakers,True,False,L,19.5,22,8,12,0,2,4,5,2,0,2,8,3,3,5,4,9
0000000381,1610612752,NYK,New York Knicks,1626164,Isaiah Hartenstein,2025-26,Regular Season,2025-11-30,1610612747,LAL,Los Angeles Lakers,True,False,L,24.3,12,4,9,1,2,1,2,0,9,9,5,3,3,0,2,9
0000000381,1610612752,NYK,New York Knicks,1629628,RJ Barrett,2025-26,Regular Season,2025-11-30,1610612747,LAL,Los Angeles Lakers,True,False,L,19.4,12,4,9,0,5,0,4,1,6,7,2,2,1,5,2,15
0000000381,1610612752,NYK,New York Knicks,1630193,Immanuel Quickley,2025-26,Regular Season,2025-11-30,1610612747,LAL,Los Angeles Lakers,True,False,L,20.7,6,2,6,0,1,4,4,3,1,4,3,2,1,0,0,-16
0000000381,1610612752,NYK,New York Knicks,203944,Julius Randle,2025-26,Regular Season,2025-11-30,1610612747,LAL,Los Angeles Lakers,True,False,L,26.4,25,10,17,1,4,3,4,3,10,13,5,0,1,4,3,-2
0000000381,1610612752,NYK,New York Knicks,1631216,Miles McBride,2025-26,Regular Season,2025-11-30,1610612747,LAL,Los Angeles Lakers,True,False,L,25.1,2,2,7,2,7,2,2,2,3,5,1,2,3,0,0,7
0000000381,1610612747,LAL,Los Angeles Lakers,2544,LeBron James,2025-26,Regular Season,2025-11-30,1610612752,NYK,New York Knicks,False,True,W,19.2,28,11,19,1,3,0,0,1,4,5,7,3,1,5,2,2
0000000381,1610612747,LAL,Los Angeles Lakers,1629029,Luka Dončić,2025-26,Regular Season,2025-11-30,1610612752,NYK,New York Knicks,False,True,W,31.4,24,9,17,1,5,1,4,0,7,7,11,0,2,0,1,6
0000000381,1610612747,LAL,Los Angeles Lakers,203076,Anthony Davis,2025-26,Regular Season,2025-11-30,1610612752,NYK,New York Knicks,False,True,W,35.3,19,7,10,0,0,1,3,2,9,11,2,4,1,0,1,2
0000000381,1610612747,LAL,Los Angeles Lakers,1630559,Austin Reaves,2025-26,Regular Season,2025-11-30,1610612752,NYK,New York Knicks,False,True,W,32.0,13,5,9,2,9,2,3,4,1,5,5,1,2,0,5,-2
0000000381,1610612747,LAL,Los Angeles Lakers,1626156,Dalton Knecht,2025-26,Regular Season,2025-11-30,1610612752,NYK,New York Knicks,False,True,W,25.2,9,6,9,6,9,2,2,2,0,2,0,3,2,1,2,-6
0000000381,1610612747,LAL,Los Angeles Lakers,1629020,Rui Hachimura,2025-26,Regular Season,2025-11-30,1610612752,NYK,New York Knicks,False,True,W,27.4,15,6,11,2,2,0,1,2,2,4,3,3,2,4,3,-3
0000000382,1610612752,NYK,New York Knicks,1628973,Jalen Brunson,2025-26,Regular Season,2025-12-02,1610612744,GSW,Golden State Warriors,True,False,W,25.3,24,9,18,0,5,3,7,0,10,10,14,0,3,0,0,9
0000000382,1610612752,NYK,New York Knicks,1626164,Isaiah Hartenstein,2025-26,Regular Season,2025-12-02,1610612744,GSW,Golden State Warriors,True,False,W,19.1,21,8,15,0,3,4,7,1,9,10,7,4,3,1,3,9
0000000382,1610612752,NYK,New York Knicks,1629628,RJ Barrett,2025-26,Regular Season,2025-12-02,1610612744,GSW,Golden State Warriors,True,False,W,29.5,20,8,13,5,10,3,8,0,9,9,1,2,1,4,0,-2
0000000382,1610612752,NYK,New York Knicks,1630193,Immanuel Quickley,2025-26,Regular Season,2025-12-02,1610612744,GSW,Golden State Warriors,True,False,W,36.4,13,5,7,3,4,1,6,0,1,1,3,4,3,2,4,17
0000000382,1610612752,NYK,New York Knicks,203944,Julius Randle,2025-26,Regular Season,2025-12-02,1610612744,GSW,Golden State Warriors,True,False,W,30.1,25,10,14,3,9,1,1,3,5,8,6,3,1,5,2,1
0000000382,1610612752,NYK,New York Knicks,1631216,Miles McBride,2025-26,Regular Season,2025-12-02,1610612744,GSW,Golden State Warriors,True,False,W,27.8,3,4,6,4,6,0,7,2,0,2,1,4,3,1,2,14
0000000382,1610612744,GSW,Golden State Warriors,201939,Stephen Curry,2025-26,Regular Season,2025-12-02,1610612752,NYK,New York Knicks,False,True,L,18.7,25,10,13,1,1,0,0,1,5,6,2,4,2,5,3,10
0000000382,1610612744,GSW,Golden State Warriors,202691,Klay Thompson,2025-26,Regular Season,2025-12-02,1610612752,NYK,New York Knicks,False,True,L,20.0,16,6,11,0,6,4,5,3,3,6,1,1,1,5,0,-2
0000000382,1610612744,GSW,Golden State Warriors,203110,Draymond Green,2025-26,Regular Season,2025-12-02,1610612752,NYK,New York Knicks,False,True,L,21.4,19,7,14,6,10,0,1,0,9,9,7,2,3,5,5,-4
0000000382,1610612744,GSW,Golden State Warriors,1630228,Jonathan Kuminga,2025-26,Regular Season,2025-12-02,1610612752,NYK,New York Knicks,False,True,L,33.2,22,8,13,1,5,2,6,3,0,3,3,2,2,4,0,-16
0000000382,1610612744,GSW,Golden State Warriors,1626172,Kevon Looney,2025-26,Regular Season,2025-12-02,1610612752,NYK,New York Knicks,False,True,L,33.1,1,0,5,0,0,3,3,0,8,8,0,1,2,3,1,0
0000000382,1610612744,GSW,Golden State Warriors,1630541,Brandin Podziemski,2025-26,Regular Season,2025-12-02,1610612752,NYK,New York Knicks,False,True,L,20.2,14,5,11,0,0,7,7,2,1,3,4,0,0,1,3,9
0000000383,1610612752,NYK,New York Knicks,1628973,Jalen Brunson,2025-26,Regular Season,2025-12-04,1610612743,DEN,Denver Nuggets,True,False,W,36.7,33,13,20,6,6,0,0,1,4,5,5,3,3,4,2,16
0000000383,1610612752,NYK,New York Knicks,1626164,Isaiah Hartenstein,2025-26,Regular Season,2025-12-04,1610612743,DEN,Denver Nuggets,True,False,W,24.4,25,10,17,1,1,3,8,2,6,8,5,2,2,5,2,1
0000000383,1610612752,NYK,New York Knicks,1629628,RJ Barrett,2025-26,Regular Season,2025-12-04,1610612743,DEN,Denver Nuggets,True,False,W,35.0,23,9,17,1,3,3,5,2,3,5,2,1,0,0,4,-1
0000000383,1610612752,NYK,New York Knicks,1630193,Immanuel Quickley,2025-26,Regular Season,2025-12-04,1610612743,DEN,Denver Nuggets,True,False,W,34.0,11,4,11,1,4,1,4,1,3,4,6,0,1,3,1,-11
0000000383,1610612752,NYK,New York Knicks,203944,Julius Randle,2025-26,Regular Season,2025-12-04,1610612743,DEN,Denver Nuggets,True,False,W,28.7,21,8,12,3,5,7,7,3,5,8,3,2,1,3,0,-12
0000000383,1610612752,NYK,New York Knicks,1631216,Miles McBride,2025-26,Regular Season,2025-12-04,1610612743,DEN,Denver Nuggets,True,False,W,20.9,0,0,3,0,0,1,8,3,0,3,2,1,0,1,1,-1
0000000383,1610612743,DEN,Denver Nuggets,203999,Nikola Jokić,2025-26,Regular Season,2025-12-04,1610612752,NYK,New York Knicks,False,True,L,23.6,21,8,13,0,2,1,3,4,7,11,9,4,3,4,0,-14
0000000383,1610612743,DEN,Denver Nuggets,1627750,Jamal Murray,2025-26,Regular Season,2025-12-04,1610612752,NYK,New York Knicks,False,True,L,32.2,16,6,13,0,5,1,7,0,4,4,5,2,0,4,5,-3
0000000383,1610612743,DEN,Denver Nuggets,1628420,Aaron Gordon,2025-26,Regular Season,2025-12-04,1610612752,NYK,New York Knicks,False,True,L,29.3,14,5,13,2,2,0,2,0,0,0,1,3,0,3,4,17
0000000383,1610612743,DEN,Denver Nuggets,1630166,Christian Braun,2025-26,Regular Season,2025-12-04,1610612752,NYK,New York Knicks,False,True,L,27.3,5,2,6,2,2,1,1,0,0,0,1,0,1,4,3,16
0000000383,1610612743,DEN,Denver Nuggets,203914,Kentavious Caldwell-Pope,2025-26,Regular Season,2025-12-04,1610612752,NYK,New York Knicks,False,True,L,33.6,3,4,5,4,5,5,8,2,6,8,6,3,0,2,3,9
0000000383,1610612743,DEN,Denver Nuggets,1631128,Peyton Watson,2025-26,Regular Season,2025-12-04,1610612752,NYK,New York Knicks,False,True,L,21.2,8,5,9,5,9,0,3,0,0,0,1,0,0,5,3,16
0000000384,1610612752,NYK,New York Knicks,1628973,Jalen Brunson,2025-26,Regular Season,2025-12-06,1610612738,BOS,Boston Celtics,True,False,W,34.2,29,11,15,6,6,0,1,2,0,2,4,0,2,5,5,12
0000000384,1610612752,NYK,New York Knicks,1626164,Isaiah Hartenstein,2025-26,Regular Season,2025-12-06,1610612738,BOS,Boston Celtics,True,False,W,32.3,15,6,8,0,3,0,1,2,2,4,5,2,3,1,2,7
0000000384,1610612752,NYK,New York Knicks,1629628,RJ Barrett,2025-26,Regular Season,2025-12-06,1610612738,BOS,Boston Celtics,True,False,W,26.7,20,8,16,4,10,6,7,1,6,7,2,4,0,0,4,12
0000000384,1610612752,NYK,New York Knicks,1630193,Immanuel Quickley,2025-26,Regular Season,2025-12-06,1610612738,BOS,Boston Celtics,True,False,W,18.3,4,1,3,0,3,3,5,1,0,1,3,3,0,1,3,-15
0000000384,1610612752,NYK,New York Knicks,203944,Julius Randle,2025-26,Regular Season,2025-12-06,1610612738,BOS,Boston Celtics,True,False,W,37.8,22,8,15,3,3,0,0,0,6,6,3,4,2,0,3,-2
0000000384,1610612752,NYK,New York Knicks,1631216,Miles McBride,2025-26,Regular Season,2025-12-06,1610612738,BOS,Boston Celtics,True,False,W,29.9,0,5,8,5,8,0,2,3,0,3,1,4,1,5,5,15
0000000384,1610612738,BOS,Boston Celtics,1628369,Jayson Tatum,2025-26,Regular Season,2025-12-06,1610612752,NYK,New York Knicks,False,True,L,34.0,23,9,17,4,4,6,6,2,6,8,4,4,1,4,1,-15
0000000384,1610612738,BOS,Boston Celtics,1627759,Jaylen Brown,2025-26,Regular Season,2025-12-06,1610612752,NYK,New York Knicks,False,True,L,27.2,23,9,15,0,9,4,8,0,10,10,2,4,0,0,0,-14
0000000384,1610612738,BOS,Boston Celtics,201950,Jrue Holiday,2025-26,Regular Season,2025-12-06,1610612752,NYK,New York Knicks,False,True,L,26.2,10,4,9,1,1,2,4,4,2,6,4,0,0,0,0,12
0000000384,1610612738,BOS,Boston Celtics,1628464,Derrick White,2025-26,Regular Season,2025-12-06,1610612752,NYK,New York Knicks,False,True,L,37.5,16,6,9,2,6,0,0,0,0,0,6,4,2,1,3,2
0000000384,1610612738,BOS,Boston Celtics,203935,Kristaps Porziņģis,2025-26,Regular Season,2025-12-06,1610612752,NYK,New York Knicks,False,True,L,27.8,13,5,8,0,1,0,7,1,4,5,3,4,3,5,1,9
0000000384,1610612738,BOS,Boston Celtics,1629057,Robert Williams,2025-26,Regular Season,2025-12-06,1610612752,NYK,New York Knicks,False,True,L,37.9,4,1,7,0,0,4,4,2,1,3,0,2,0,5,1,-10
0000000385,1610612752,NYK,New York Knicks,1628973,Jalen Brunson,2025-26,Regular Season,2025-12-08,1610612748,MIA,Miami Heat,True,False,W,31.7,31,12,18,1,6,0,8,1,0,1,7,3,2,3,4,17
0000000385,1610612752,NYK,New York Knicks,1626164,Isaiah Hartenstein,2025-26,Regular Season,2025-12-08,1610612748,MIA,Miami Heat,True,False,W,28.0,18,7,12,0,0,1,3,4,5,9,2,1,1,2,0,17
0000000385,1610612752,NYK,New York Knicks,1629628,RJ Barrett,2025-26,Regular Season,2025-12-08,1610612748,MIA,Miami Heat,True,False,W,25.9,13,5,9,1,1,1,6,2,3,5,0,4,2,1,5,8
0000000385,1610612752,NYK,New York Knicks,1630193,Immanuel Quickley,2025-26,Regular Season,2025-12-08,1610612748,MIA,Miami Heat,True,False,W,24.8,7,2,7,2,2,2,2,3,0,3,4,2,3,5,1,14
0000000385,1610612752,NYK,New York Knicks,203944,Julius Randle,2025-26,Regular Season,2025-12-08,1610612748,MIA,Miami Heat,True,False,W,33.1,23,9,16,2,6,1,3,3,9,12,1,2,1,5,5,-7
0000000385,1610612752,NYK,New York Knicks,1631216,Miles McBride,2025-26,Regular Season,2025-12-08,1610612748,MIA,Miami Heat,True,False,W,25.5,10,4,11,2,3,7,8,0,0,0,4,1,3,4,4,9
0000000385,1610612748,MIA,Miami Heat,202710,Jimmy Butler,2025-26,Regular Season,2025-12-08,1610612752,NYK,New York Knicks,False,True,L,28.9,17,6,10,2,10,0,0,0,7,7,7,2,0,1,0,-16
0000000385,1610612748,MIA,Miami Heat,1629639,Tyler Herro,2025-26,Regular Season,2025-12-08,1610612752,NYK,New York Knicks,False,True,L,34.2,13,5,10,1,9,0,2,3,6,9,7,2,3,1,0,-17
0000000385,1610612748,MIA,Miami Heat,202355,Bam Adebayo,2025-26,Regular Season,2025-12-08,1610612752,NYK,New York Knicks,False,True,L,28.3,20,8,12,2,2,6,7,3,3,6,3,3,3,0,3,14
0000000385,1610612748,MIA,Miami Heat,1631107,Jaime Jaquez,2025-26,Regular Season,2025-12-08,1610612752,NYK,New York Knicks,False,True,L,29.9,14,5,10,3,5,0,1,3,1,4,2,3,2,0,0,5
0000000385,1610612748,MIA,Miami Heat,203482,Kelly Olynyk,2025-26,Regular Season,2025-12-08,1610612752,NYK,New York Knicks,False,True,L,37.5,13,5,8,0,0,0,4,2,0,2,1,1,2,4,5,7
0000000385,1610612748,MIA,Miami Heat,1630217,Caleb Martin,2025-26,Regular Season,2025-12-08,1610612752,NYK,New York Knicks,False,True,L,20.1,10,4,11,0,0,3,8,0,3,3,1,1,1,3,1,12
0000000386,1610612748,MIA,Miami Heat,202710,Jimmy Butler,2025-26,Regular Season,2025-12-10,1610612747,LAL,Los Angeles Lakers,True,False,L,28.6,15,6,13,6,9,0,8,1,8,9,8,1,3,1,3,-3
0000000386,1610612748,MIA,Miami Heat,1629639,Tyler Herro,2025-26,Regular Season,2025-12-10,1610612747,LAL,Los Angeles Lakers,True,False,L,22.8,18,7,10,0,10,2,3,3,0,3,6,4,0,2,1,6
0000000386,1610612748,MIA,Miami Heat,202355,Bam Adebayo,2025-26,Regular Season,2025-12-10,1610612747,LAL,Los Angeles Lakers,True,False,L,25.4,21,8,12,2,3,3,3,4,8,12,5,2,3,3,0,5
0000000386,1610612748,MIA,Miami Heat,1631107,Jaime Jaquez,2025-26,Regular Season,2025-12-10,1610612747,LAL,Los Angeles Lakers,True,False,L,18.1,11,4,7,4,4,1,4,1,6,7,2,4,0,4,0,16
0000000386,1610612748,MIA,Miami Heat,203482,Kelly Olynyk,2025-26,Regular Season,2025-12-10,1610612747,LAL,Los Angeles Lakers,True,False,L,36.1,11,4,9,0,0,0,0,4,5,9,3,3,0,4,3,9
0000000386,1610612748,MIA,Miami Heat,1630217,Caleb Martin,2025-26,Regular Season,2025-12-10,1610612747,LAL,Los Angeles Lakers,True,False,L,29.6,18,7,10,0,0,1,8,0,8,8,2,4,1,3,4,-10
0000000386,1610612747,LAL,Los Angeles Lakers,2544,LeBron James,2025-26,Regular Season,2025-12-10,1610612748,MIA,Miami Heat,False,True,W,26.9,22,8,12,0,3,0,0,0,7,7,8,1,2,5,2,17
0000000386,1610612747,LAL,Los Angeles Lakers,1629029,Luka Dončić,2025-26,Regular Season,2025-12-10,1610612748,MIA,Miami Heat,False,True,W,28.2,26,10,15,7,8,0,6,2,7,9,7,0,3,5,5,18
0000000386,1610612747,LAL,Los Angeles Lakers,203076,Anthony Davis,2025-26,Regular Season,2025-12-10,1610612748,MIA,Miami Heat,False,True,W,23.1,21,8,14,2,3,5,6,3,9,12,0,0,1,4,1,-8
0000000386,1610612747,LAL,Los Angeles Lakers,1630559,Austin Reaves,2025-26,Regular Season,2025-12-10,1610612748,MIA,Miami Heat,False,True,W,18.2,16,6,11,5,10,0,2,1,0,1,3,0,2,5,1,-7
0000000386,1610612747,LAL,Los Angeles Lakers,1626156,Dalton Knecht,2025-26,Regular Season,2025-12-10,1610612748,MIA,Miami Heat,False,True,W,19.6,14,5,10,0,2,0,1,1,4,5,3,4,3,2,2,17
0000000386,1610612747,LAL,Los Angeles Lakers,1629020,Rui Hachimura,2025-26,Regular Season,2025-12-10,1610612748,MIA,Miami Heat,False,True,W,30.9,19,7,13,1,1,0,2,1,4,5,0,3,0,0,5,-15
0000000387,1610612748,MIA,Miami Heat,202710,Jimmy Butler,2025-26,Regular Season,2025-12-12,1610612744,GSW,Golden State Warriors,True,False,L,36.3,18,7,14,0,4,2,4,0,0,0,4,3,2,5,3,1
0000000387,1610612748,MIA,Miami Heat,1629639,Tyler Herro,2025-26,Regular Season,2025-12-12,1610612744,GSW,Golden State Warriors,True,False,L,31.1,20,8,14,0,1,3,7,2,7,9,5,3,1,2,0,-12
0000000387,1610612748,MIA,Miami Heat,202355,Bam Adebayo,2025-26,Regular Season,2025-12-12,1610612744,GSW,Golden State Warriors,True,False,L,23.9,17,6,11,0,1,1,1,1,8,9,4,4,2,5,3,15
0000000387,1610612748,MIA,Miami Heat,1631107,Jaime Jaquez,2025-26,Regular Season,2025-12-12,1610612744,GSW,Golden State Warriors,True,False,L,27.9,17,10,14,10,10,0,1,4,3,7,0,1,0,1,0,5
0000000387,1610612748,MIA,Miami Heat,203482,Kelly Olynyk,2025-26,Regular Season,2025-12-12,1610612744,GSW,Golden State Warriors,True,False,L,31.7,14,5,10,0,0,7,7,4,6,10,2,0,0,5,2,-10
0000000387,1610612748,MIA,Miami Heat,1630217,Caleb Martin,2025-26,Regular Season,2025-12-12,1610612744,GSW,Golden State Warriors,True,False,L,27.0,3,1,6,0,6,1,2,2,4,6,0,1,2,3,1,-10
0000000387,1610612744,GSW,Golden State Warriors,201939,Stephen Curry,2025-26,Regular Season,2025-12-12,1610612748,MIA,Miami Heat,False,True,W,18.2,20,8,15,0,0,1,1,0,5,5,7,4,1,5,5,13
0000000387,1610612744,GSW,Golden State Warriors,202691,Klay Thompson,2025-26,Regular Season,2025-12-12,1610612748,MIA,Miami Heat,False,True,W,29.4,30,12,17,4,7,6,8,3,0,3,1,4,3,0,5,18
0000000387,1610612744,GSW,Golden State Warriors,203110,Draymond Green,2025-26,Regular Season,2025-12-12,1610612748,MIA,Miami Heat,False,True,W,28.2,14,5,11,1,7,0,3,3,4,7,5,0,3,4,5,-4
0000000387,1610612744,GSW,Golden State Warriors,1630228,Jonathan Kuminga,2025-26,Regular Season,2025-12-12,1610612748,MIA,Miami Heat,False,True,W,19.2,6,2,6,0,0,2,5,1,3,4,3,0,0,5,1,-1
0000000387,1610612744,GSW,Golden State Warriors,1626172,Kevon Looney,2025-26,Regular Season,2025-12-12,1610612748,MIA,Miami Heat,False,True,W,23.5,10,4,11,0,2,2,4,4,9,13,1,3,3,5,1,-11
0000000387,1610612744,GSW,Golden State Warriors,1630541,Brandin Podziemski,2025-26,Regular Season,2025-12-12,1610612748,MIA,Miami Heat,False,True,W,27.3,11,4,9,3,9,0,4,2,9,11,6,4,1,5,2,-1
0000000388,1610612748,MIA,Miami Heat,202710,Jimmy Butler,2025-26,Regular Season,2025-12-14,1610612743,DEN,Denver Nuggets,True,False,W,19.1,7,4,9,4,4,5,6,2,5,7,3,2,3,4,2,13
0000000388,1610612748,MIA,Miami Heat,1629639,Tyler Herro,2025-26,Regular Season,2025-12-14,1610612743,DEN,Denver Nuggets,True,False,W,31.4,33,13,19,2,8,0,0,0,9,9,5,4,0,5,4,-9
0000000388,1610612748,MIA,Miami Heat,202355,Bam Adebayo,2025-26,Regular Season,2025-12-14,1610612743,DEN,Denver Nuggets,True,False,W,28.9,24,9,13,2,3,0,2,4,8,12,2,0,0,4,4,4
0000000388,1610612748,MIA,Miami Heat,1631107,Jaime Jaquez,2025-26,Regular Season,2025-12-14,1610612743,DEN,Denver Nuggets,True,False,W,36.4,10,4,11,0,0,1,1,3,6,9,6,2,1,5,5,15
0000000388,1610612748,MIA,Miami Heat,203482,Kelly Olynyk,2025-26,Regular Season,2025-12-14,1610612743,DEN,Denver Nuggets,True,False,W,37.8,3,1,3,1,1,0,0,3,0,3,2,0,3,5,3,-17
0000000388,1610612748,MIA,Miami Heat,1630217,Caleb Martin,2025-26,Regular Season,2025-12-14,1610612743,DEN,Denver Nuggets,True,False,W,32.7,6,2,7,2,2,0,3,0,6,6,3,0,0,1,4,10
0000000388,1610612743,DEN,Denver Nuggets,203999,Nikola Jokić,2025-26,Regular Season,2025-12-14,1610612748,MIA,Miami Heat,False,True,L,22.1,27,10,16,1,1,2,2,3,16,19,9,0,3,2,1,-2
0000000388,1610612743,DEN,Denver Nuggets,1627750,Jamal Murray,2025-26,Regular Season,2025-12-14,1610612748,MIA,Miami Heat,False,True,L,18.4,16,8,14,8,9,5,5,4,0,4,9,2,1,5,5,-6
0000000388,1610612743,DEN,Denver Nuggets,1628420,Aaron Gordon,2025-26,Regular Season,2025-12-14,1610612748,MIA,Miami Heat,False,True,L,23.3,13,5,9,0,0,5,5,2,5,7,2,0,1,0,5,-12
0000000388,1610612743,DEN,Denver Nuggets,1630166,Christian Braun,2025-26,Regular Season,2025-12-14,1610612748,MIA,Miami Heat,False,True,L,26.6,0,3,7,3,7,2,4,0,2,2,3,2,0,1,1,3
0000000388,1610612743,DEN,Denver Nuggets,203914,Kentavious Caldwell-Pope,2025-26,Regular Season,2025-12-14,1610612748,MIA,Miami Heat,False,True,L,28.5,16,7,14,7,7,4,4,0,5,5,0,3,3,0,2,11
0000000388,1610612743,DEN,Denver Nuggets,1631128,Peyton Watson,2025-26,Regular Season,2025-12-14,1610612748,MIA,Miami Heat,False,True,L,34.6,5,2,6,2,6,1,1,0,1,1,0,2,1,1,3,-16
0000000389,1610612748,MIA,Miami Heat,202710,Jimmy Butler,2025-26,Regular Season,2025-12-16,1610612738,BOS,Boston Celtics,True,False,W,24.5,21,8,11,0,0,0,6,1,13,14,14,2,1,2,0,4
0000000389,1610612748,MIA,Miami Heat,1629639,Tyler Herro,2025-26,Regular Season,2025-12-16,1610612738,BOS,Boston Celtics,True,False,W,23.8,25,10,15,0,10,8,8,0,0,0,1,4,1,0,2,15
0000000389,1610612748,MIA,Miami Heat,202355,Bam Adebayo,2025-26,Regular Season,2025-12-16,1610612738,BOS,Boston Celtics,True,False,W,24.0,27,10,17,0,2,3,7,2,6,8,5,3,1,2,5,8
0000000389,1610612748,MIA,Miami Heat,1631107,Jaime Jaquez,2025-26,Regular Season,2025-12-16,1610612738,BOS,Boston Celtics,True,False,W,33.3,11,9,10,9,10,0,4,2,3,5,1,4,3,4,1,-3
0000000389,1610612748,MIA,Miami Heat,203482,Kelly Olynyk,2025-26,Regular Season,2025-12-16,1610612738,BOS,Boston Celtics,True,False,W,34.6,12,4,7,0,0,0,7,0,4,4,2,3,1,4,4,-10
0000000389,1610612748,MIA,Miami Heat,1630217,Caleb Martin,2025-26,Regular Season,2025-12-16,1610612738,BOS,Boston Celtics,True,False,W,18.0,19,7,10,0,1,5,8,2,0,2,1,1,3,4,0,-5
0000000389,1610612738,BOS,Boston Celtics,1628369,Jayson Tatum,2025-26,Regular Season,2025-12-16,1610612748,MIA,Miami Heat,False,True,L,32.3,23,9,12,2,2,2,3,0,4,4,3,0,3,5,5,18
0000000389,1610612738,BOS,Boston Celtics,1627759,Jaylen Brown,2025-26,Regular Season,2025-12-16,1610612748,MIA,Miami Heat,False,True,L,23.7,24,9,13,3,3,8,8,2,7,9,4,3,2,5,2,6
0000000389,1610612738,BOS,Boston Celtics,201950,Jrue Holiday,2025-26,Regular Season,2025-12-16,1610612748,MIA,Miami Heat,False,True,L,19.1,6,2,7,0,5,0,0,0,4,4,5,3,0,5,4,2
0000000389,1610612738,BOS,Boston Celtics,1628464,Derrick White,2025-26,Regular Season,2025-12-16,1610612748,MIA,Miami Heat,False,True,L,26.8,7,3,6,3,5,1,1,1,0,1,2,2,3,4,2,-13
0000000389,1610612738,BOS,Boston Celtics,203935,Kristaps Porziņģis,2025-26,Regular Season,2025-12-16,1610612748,MIA,Miami Heat,False,True,L,24.7,26,10,14,0,1,0,0,4,3,7,2,4,0,1,1,-14
0000000389,1610612738,BOS,Boston Celtics,1629057,Robert Williams,2025-26,Regular Season,2025-12-16,1610612748,MIA,Miami Heat,False,True,L,34.0,7,2,5,2,3,6,8,2,6,8,0,0,1,0,0,8
0000000390,1610612748,MIA,Miami Heat,202710,Jimmy Butler,2025-26,Regular Season,2025-12-18,1610612752,NYK,New York Knicks,True,False,L,24.9,25,10,13,0,9,2,3,2,2,4,2,4,1,3,3,7
0000000390,1610612748,MIA,Miami Heat,1629639,Tyler Herro,2025-26,Regular Season,2025-12-18,1610612752,NYK,New York Knicks,True,False,L,22.6,24,9,15,5,7,0,0,3,1,4,1,0,2,1,4,8
0000000390,1610612748,MIA,Miami Heat,202355,Bam Adebayo,2025-26,Regular Season,2025-12-18,1610612752,NYK,New York Knicks,True,False,L,28.6,18,7,12,2,2,2,6,1,7,8,0,3,2,2,0,9
0000000390,1610612748,MIA,Miami Heat,1631107,Jaime Jaquez,2025-26,Regular Season,2025-12-18,1610612752,NYK,New York Knicks,True,False,L,27.8,21,8,11,4,9,1,6,0,1,1,0,3,2,5,0,16
0000000390,1610612748,MIA,Miami Heat,203482,Kelly Olynyk,2025-26,Regular Season,2025-12-18,1610612752,NYK,New York Knicks,True,False,L,33.2,0,1,5,1,1,0,7,2,2,4,4,4,2,5,4,-7
0000000390,1610612748,MIA,Miami Heat,1630217,Caleb Martin,2025-26,Regular Season,2025-12-18,1610612752,NYK,New York Knicks,True,False,L,27.2,13,5,9,5,7,1,1,0,2,2,3,0,3,1,1,-11
0000000390,1610612752,NYK,New York Knicks,1628973,Jalen Brunson,2025-26,Regular Season,2025-12-18,1610612748,MIA,Miami Heat,False,True,W,25.1,31,12,16,3,10,0,1,2,6,8,6,1,1,4,3,13
0000000390,1610612752,NYK,New York Knicks,1626164,Isaiah Hartenstein,2025-26,Regular Season,2025-12-18,1610612748,MIA,Miami Heat,False,True,W,24.4,28,11,19,0,1,2,2,0,13,13,2,4,3,0,1,-6
0000000390,1610612752,NYK,New York Knicks,1629628,RJ Barrett,2025-26,Regular Season,2025-12-18,1610612748,MIA,Miami Heat,False,True,W,35.4,20,8,13,0,0,0,2,3,0,3,0,4,2,0,0,-14
0000000390,1610612752,NYK,New York Knicks,1630193,Immanuel Quickley,2025-26,Regular Season,2025-12-18,1610612748,MIA,Miami Heat,False,True,W,20.1,16,6,14,4,8,0,1,0,0,0,3,4,0,0,4,-2
0000000390,1610612752,NYK,New York Knicks,203944,Julius Randle,2025-26,Regular Season,2025-12-18,1610612748,MIA,Miami Heat,False,True,W,24.5,9,3,7,2,4,5,6,2,12,14,3,1,1,3,2,-14
0000000390,1610612752,NYK,New York Knicks,1631216,Miles McBride,2025-26,Regular Season,2025-12-18,1610612748,MIA,Miami Heat,False,True,W,22.8,1,2,5,2,5,5,5,1,1,2,1,3,2,1,0,9
0000000391,1610612747,LAL,Los Angeles Lakers,2544,LeBron James,2025-26,Regular Season,2025-12-20,1610612744,GSW,Golden State Warriors,True,False,W,18.2,26,10,18,3,9,4,5,3,4,7,2,2,2,5,0,6
0000000391,1610612747,LAL,Los Angeles Lakers,1629029,Luka Dončić,2025-26,Regular Season,2025-12-20,1610612744,GSW,Golden State Warriors,True,False,W,22.0,27,10,17,3,7,1,7,4,5,9,8,3,2,3,3,2
0000000391,1610612747,LAL,Los Angeles Lakers,203076,Anthony Davis,2025-26,Regular Season,2025-12-20,1610612744,GSW,Golden State Warriors,True,False,W,35.5,22,8,15,1,1,1,2,3,10,13,2,3,1,4,2,-9
0000000391,1610612747,LAL,Los Angeles Lakers,1630559,Austin Reaves,2025-26,Regular Season,2025-12-20,1610612744,GSW,Golden State Warriors,True,False,W,35.1,23,9,15,3,4,7,8,0,0,0,7,2,3,2,2,-3
0000000391,1610612747,LAL,Los Angeles Lakers,1626156,Dalton Knecht,2025-26,Regular Season,2025-12-20,1610612744,GSW,Golden State Warriors,True,False,W,21.0,15,9,9,9,9,7,7,4,3,7,0,3,0,3,5,-4
0000000391,1610612747,LAL,Los Angeles Lakers,1629020,Rui Hachimura,2025-26,Regular Season,2025-12-20,1610612744,GSW,Golden State Warriors,True,False,W,20.0,15,6,8,6,6,1,4,0,0,0,6,4,0,3,4,-2
0000000391,1610612744,GSW,Golden State Warriors,201939,Stephen Curry,2025-26,Regular Season,2025-12-20,1610612747,LAL,Los Angeles Lakers,False,True,L,21.2,23,9,17,0,1,0,3,2,3,5,5,1,0,4,0,7
0000000391,1610612744,GSW,Golden State Warriors,202691,Klay Thompson,2025-26,Regular Season,2025-12-20,1610612747,LAL,Los Angeles Lakers,False,True,L,37.4,25,10,15,4,5,3,6,0,9,9,2,0,1,3,1,-7
0000000391,1610612744,GSW,Golden State Warriors,203110,Draymond Green,2025-26,Regular Season,2025-12-20,1610612747,LAL,Los Angeles Lakers,False,True,L,27.7,22,8,12,1,1,1,4,3,1,4,6,1,0,3,1,3
0000000391,1610612744,GSW,Golden State Warriors,1630228,Jonathan Kuminga,2025-26,Regular Season,2025-12-20,1610612747,LAL,Los Angeles Lakers,False,True,L,25.9,11,7,10,7,10,0,1,0,0,0,3,2,0,2,1,11
0000000391,1610612744,GSW,Golden State Warriors,1626172,Kevon Looney,2025-26,Regular Season,2025-12-20,1610612747,LAL,Los Angeles Lakers,False,True,L,29.9,1,0,3,0,0,0,1,0,7,7,4,4,2,4,3,-5
0000000391,1610612744,GSW,Golden State Warriors,1630541,Brandin Podziemski,2025-26,Regular Season,2025-12-20,1610612747,LAL,Los Angeles Lakers,False,True,L,35.6,11,4,8,1,2,2,4,0,6,6,4,4,3,3,5,-6
0000000392,1610612747,LAL,Los Angeles Lakers,2544,LeBron James,2025-26,Regular Season,2025-12-22,1610612743,DEN,Denver Nuggets,True,False,W,28.4,26,10,19,1,1,5,5,1,9,10,7,2,3,0,3,-5
0000000392,1610612747,LAL,Los Angeles Lakers,1629029,Luka Dončić,2025-26,Regular Season,2025-12-22,1610612743,DEN,Denver Nuggets,True,False,W,23.9,17,6,9,3,6,4,4,3,11,14,8,1,0,1,2,12
0000000392,1610612747,LAL,Los Angeles Lakers,203076,Anthony Davis,2025-26,Regular Season,2025-12-22,1610612743,DEN,Denver Nuggets,True,False,W,36.3,36,14,23,1,2,2,2,1,14,15,5,3,3,4,4,-5
0000000392,1610612747,LAL,Los Angeles Lakers,1630559,Austin Reaves,2025-26,Regular Season,2025-12-22,1610612743,DEN,Denver Nuggets,True,False,W,30.4,15,7,12,7,10,5,5,2,0,2,7,3,2,0,5,-13
0000000392,1610612747,LAL,Los Angeles Lakers,1626156,Dalton Knecht,2025-26,Regular Season,2025-12-22,1610612743,DEN,Denver Nuggets,True,False,W,24.0,3,4,7,4,6,5,7,1,9,10,0,1,3,5,2,-4
0000000392,1610612747,LAL,Los Angeles Lakers,1629020,Rui Hachimura,2025-26,Regular Season,2025-12-22,1610612743,DEN,Denver Nuggets,True,False,W,37.4,5,7,7,7,7,4,8,0,4,4,1,2,3,1,5,-18
0000000392,1610612743,DEN,Denver Nuggets,203999,Nikola Jokić,2025-26,Regular Season,2025-12-22,1610612747,LAL,Los Angeles Lakers,False,True,L,31.9,32,12,21,1,1,0,3,2,17,19,9,1,3,0,0,-11
0000000392,1610612743,DEN,Denver Nuggets,1627750,Jamal Murray,2025-26,Regular Season,2025-12-22,1610612747,LAL,Los Angeles Lakers,False,True,L,20.1,13,5,10,0,4,6,7,3,0,3,6,3,2,4,2,2
0000000392,1610612743,DEN,Denver Nuggets,1628420,Aaron Gordon,2025-26,Regular Season,2025-12-22,1610612747,LAL,Los Angeles Lakers,False,True,L,37.3,13,5,10,3,4,6,8,0,2,2,0,4,1,1,5,-8
0000000392,1610612743,DEN,Denver Nuggets,1630166,Christian Braun,2025-26,Regular Season,2025-12-22,1610612747,LAL,Los Angeles Lakers,False,True,L,23.1,12,5,9,5,5,2,2,1,5,6,2,2,0,3,1,-9
0000000392,1610612743,DEN,Denver Nuggets,203914,Kentavious Caldwell-Pope,2025-26,Regular Season,2025-12-22,1610612747,LAL,Los Angeles Lakers,False,True,L,33.1,12,5,10,5,8,2,4,1,3,4,2,2,0,2,2,7
0000000392,1610612743,DEN,Denver Nuggets,1631128,Peyton Watson,2025-26,Regular Season,2025-12-22,1610612747,LAL,Los Angeles Lakers,False,True,L,20.5,14,5,9,1,1,3,6,0,0,0,4,3,0,0,1,12
0000000393,1610612747,LAL,Los Angeles Lakers,2544,LeBron James,2025-26,Regular Season,2025-12-24,1610612738,BOS,Boston Celtics,True,False,L,34.7,18,7,12,1,2,1,1,3,5,8,5,0,0,4,4,-16
0000000393,1610612747,LAL,Los Angeles Lakers,1629029,Luka Dončić,2025-26,Regular Season,2025-12-24,1610612738,BOS,Boston Celtics,True,False,L,34.5,37,14,24,0,0,2,5,3,0,3,8,3,1,5,3,10
0000000393,1610612747,LAL,Los Angeles Lakers,203076,Anthony Davis,2025-26,Regular Season,2025-12-24,1610612738,BOS,Boston Celtics,True,False,L,22.1,22,8,17,1,3,0,3,0,6,6,1,2,1,0,1,-5
0000000393,1610612747,LAL,Los Angeles Lakers,1630559,Austin Reaves,2025-26,Regular Season,2025-12-24,1610612738,BOS,Boston Celtics,True,False,L,27.5,8,3,9,2,8,0,0,1,6,7,2,1,3,2,4,-7
0000000393,1610612747,LAL,Los Angeles Lakers,1626156,Dalton Knecht,2025-26,Regular Season,2025-12-24,1610612738,BOS,Boston Celtics,True,False,L,34.9,0,0,3,0,0,4,8,0,5,5,0,1,2,0,1,-17
0000000393,1610612747,LAL,Los Angeles Lakers,1629020,Rui Hachimura,2025-26,Regular Season,2025-12-24,1610612738,BOS,Boston Celtics,True,False,L,36.2,6,4,8,4,4,0,0,0,0,0,0,0,1,3,0,10
0000000393,1610612738,BOS,Boston Celtics,1628369,Jayson Tatum,2025-26,Regular Season,2025-12-24,1610612747,LAL,Los Angeles Lakers,False,True,W,33.1,32,12,21,0,0,1,1,0,7,7,5,0,3,4,3,-13
0000000393,1610612738,BOS,Boston Celtics,1627759,Jaylen Brown,2025-26,Regular Season,2025-12-24,1610612747,LAL,Los Angeles Lakers,False,True,W,25.6,28,11,19,3,4,3,5,0,9,9,2,4,2,4,0,0
0000000393,1610612738,BOS,Boston Celtics,201950,Jrue Holiday,2025-26,Regular Season,2025-12-24,1610612747,LAL,Los Angeles Lakers,False,True,W,36.8,6,3,8,3,3,2,8,1,2,3,8,3,1,3,3,9
0000000393,1610612738,BOS,Boston Celtics,1628464,Derrick White,2025-26,Regular Season,2025-12-24,1610612747,LAL,Los Angeles Lakers,False,True,W,23.1,13,5,12,1,3,6,6,1,0,1,7,0,1,0,2,17
0000000393,1610612738,BOS,Boston Celtics,203935,Kristaps Porziņģis,2025-26,Regular Season,2025-12-24,1610612747,LAL,Los Angeles Lakers,False,True,W,25.3,18,7,14,0,3,0,1,0,7,7,3,3,3,1,4,-12
0000000393,1610612738,BOS,Boston Celtics,1629057,Robert Williams,2025-26,Regular Season,2025-12-24,1610612747,LAL,Los Angeles Lakers,False,True,W,24.0,4,1,4,0,2,0,5,4,1,5,2,3,3,4,2,-16
0000000394,1610612747,LAL,Los Angeles Lakers,2544,LeBron James,2025-26,Regular Season,2025-12-26,1610612752,NYK,New York Knicks,True,False,W,33.1,30,12,18,6,7,2,5,4,4,8,10,4,2,3,5,-17
0000000394,1610612747,LAL,Los Angeles Lakers,1629029,Luka Dončić,2025-26,Regular Season,2025-12-26,1610612752,NYK,New York Knicks,True,False,W,34.0,19,8,10,8,9,3,3,4,4,8,11,1,3,0,5,-17
0000000394,1610612747,LAL,Los Angeles Lakers,203076,Anthony Davis,2025-26,Regular Season,2025-12-26,1610612752,NYK,New York Knicks,True,False,W,26.3,25,10,16,2,2,4,4,4,11,15,4,0,0,4,4,-13
0000000394,1610612747,LAL,Los Angeles Lakers,1630559,Austin Reaves,2025-26,Regular Season,2025-12-26,1610612752,NYK,New York Knicks,True,False,W,26.0,14,5,11,0,10,3,5,0,4,4,5,3,3,3,2,13
0000000394,1610612747,LAL,Los Angeles Lakers,1626156,Dalton Knecht,2025-26,Regular Season,2025-12-26,1610612752,NYK,New York Knicks,True,False,W,24.8,21,8,14,8,9,0,0,2,4,6,0,1,3,2,2,9
0000000394,1610612747,LAL,Los Angeles Lakers,1629020,Rui Hachimura,2025-26,Regular Season,2025-12-26,1610612752,NYK,New York Knicks,True,False,W,32.6,1,1,5,1,3,4,5,1,7,8,0,0,2,5,4,2
0000000394,1610612752,NYK,New York Knicks,1628973,Jalen Brunson,2025-26,Regular Season,2025-12-26,1610612747,LAL,Los Angeles Lakers,False,True,L,26.6,30,12,17,5,9,0,1,2,0,2,5,0,2,4,3,-17
0000000394,1610612752,NYK,New York Knicks,1626164,Isaiah Hartenstein,2025-26,Regular Season,2025-12-26,1610612747,LAL,Los Angeles Lakers,False,True,L,30.7,22,8,12,1,3,0,2,0,13,13,4,4,0,2,3,12
0000000394,1610612752,NYK,New York Knicks,1629628,RJ Barrett,2025-26,Regular Season,2025-12-26,1610612747,LAL,Los Angeles Lakers,False,True,L,26.4,13,5,7,3,3,8,8,0,8,8,2,1,2,2,3,-6
0000000394,1610612752,NYK,New York Knicks,1630193,Immanuel Quickley,2025-26,Regular Season,2025-12-26,1610612747,LAL,Los Angeles Lakers,False,True,L,29.5,9,3,6,0,0,0,6,3,2,5,6,4,1,2,3,-7
0000000394,1610612752,NYK,New York Knicks,203944,Julius Randle,2025-26,Regular Season,2025-12-26,1610612747,LAL,Los Angeles Lakers,False,True,L,18.7,22,8,13,1,10,3,7,3,5,8,6,2,1,3,4,-14
0000000394,1610612752,NYK,New York Knicks,1631216,Miles McBride,2025-26,Regular Season,2025-12-26,1610612747,LAL,Los Angeles Lakers,False,True,L,35.9,10,4,11,1,4,4,6,2,0,2,1,4,3,0,0,6
0000000395,1610612747,LAL,Los Angeles Lakers,2544,LeBron James,2025-26,Regular Season,2025-12-28,1610612748,MIA,Miami Heat,True,False,W,28.0,24,9,16,0,7,1,4,0,5,5,8,3,3,1,5,-7
0000000395,1610612747,LAL,Los Angeles Lakers,1629029,Luka Dončić,2025-26,Regular Season,2025-12-28,1610612748,MIA,Miami Heat,True,False,W,21.4,36,14,21,5,8,2,2,1,4,5,9,3,3,0,5,-18
0000000395,1610612747,LAL,Los Angeles Lakers,203076,Anthony Davis,2025-26,Regular Season,2025-12-28,1610612748,MIA,Miami Heat,True,False,W,30.1,22,8,16,1,1,3,6,2,6,8,1,0,2,1,2,11
0000000395,1610612747,LAL,Los Angeles Lakers,1630559,Austin Reaves,2025-26,Regular Season,2025-12-28,1610612748,MIA,Miami Heat,True,False,W,30.3,15,6,10,0,0,2,5,1,3,4,4,1,3,1,0,1
0000000395,1610612747,LAL,Los Angeles Lakers,1626156,Dalton Knecht,2025-26,Regular Season,2025-12-28,1610612748,MIA,Miami Heat,True,False,W,18.5,14,5,8,1,5,0,0,2,1,3,3,2,0,5,5,-17
0000000395,1610612747,LAL,Los Angeles Lakers,1629020,Rui Hachimura,2025-26,Regular Season,2025-12-28,1610612748,MIA,Miami Heat,True,False,W,37.5,19,7,13,2,5,0,0,2,1,3,0,2,0,3,5,-14
0000000395,1610612748,MIA,Miami Heat,202710,Jimmy Butler,2025-26,Regular Season,2025-12-28,1610612747,LAL,Los Angeles Lakers,False,True,L,30.5,16,6,12,2,2,5,5,0,1,1,6,0,0,0,0,13
0000000395,1610612748,MIA,Miami Heat,1629639,Tyler Herro,2025-26,Regular Season,2025-12-28,1610612747,LAL,Los Angeles Lakers,False,True,L,35.0,14,6,12,6,6,0,0,4,1,5,3,4,1,4,3,-10
0000000395,1610612748,MIA,Miami Heat,202355,Bam Adebayo,2025-26,Regular Season,2025-12-28,1610612747,LAL,Los Angeles Lakers,False,True,L,30.6,31,12,20,1,1,1,7,1,5,6,2,2,2,0,3,1
0000000395,1610612748,MIA,Miami Heat,1631107,Jaime Jaquez,2025-26,Regular Season,2025-12-28,1610612747,LAL,Los Angeles Lakers,False,True,L,35.9,21,8,16,1,8,1,3,1,0,1,3,2,2,2,1,11
0000000395,1610612748,MIA,Miami Heat,203482,Kelly Olynyk,2025-26,Regular Season,2025-12-28,1610612747,LAL,Los Angeles Lakers,False,True,L,27.2,12,4,9,1,2,0,0,1,2,3,3,4,1,4,1,10
0000000395,1610612748,MIA,Miami Heat,1630217,Caleb Martin,2025-26,Regular Season,2025-12-28,1610612747,LAL,Los Angeles Lakers,False,True,L,35.8,8,3,9,3,9,5,7,2,0,2,0,4,3,2,4,8
0000000396,1610612744,GSW,Golden State Warriors,201939,Stephen Curry,2025-26,Regular Season,2025-12-30,1610612747,LAL,Los Angeles Lakers,True,False,L,31.8,26,10,15,10,10,2,6,1,9,10,13,4,2,0,3,1
0000000396,1610612744,GSW,Golden State Warriors,202691,Klay Thompson,2025-26,Regular Season,2025-12-30,1610612747,LAL,Los Angeles Lakers,True,False,L,20.6,11,4,7,3,5,0,7,0,0,0,1,3,1,4,4,-18
0000000396,1610612744,GSW,Golden State Warriors,203110,Draymond Green,2025-26,Regular Season,2025-12-30,1610612747,LAL,Los Angeles Lakers,True,False,L,35.5,11,4,10,1,6,1,2,1,11,12,5,2,0,2,5,-7
0000000396,1610612744,GSW,Golden State Warriors,1630228,Jonathan Kuminga,2025-26,Regular Season,2025-12-30,1610612747,LAL,Los Angeles Lakers,True,False,L,29.7,13,5,8,4,4,1,1,2,6,8,2,2,0,3,4,-3
0000000396,1610612744,GSW,Golden State Warriors,1626172,Kevon Looney,2025-26,Regular Season,2025-12-30,1610612747,LAL,Los Angeles Lakers,True,False,L,33.1,3,1,2,0,1,0,0,3,6,9,6,4,3,3,2,5
0000000396,1610612744,GSW,Golden State Warriors,1630541,Brandin Podziemski,2025-26,Regular Season,2025-12-30,1610612747,LAL,Los Angeles Lakers,True,False,L,19.6,7,5,9,5,9,0,0,1,4,5,1,3,0,5,0,-11
0000000396,1610612747,LAL,Los Angeles Lakers,2544,LeBron James,2025-26,Regular Season,2025-12-30,1610612744,GSW,Golden State Warriors,False,True,W,34.0,23,9,14,1,6,3,5,0,12,12,5,2,0,3,1,14
0000000396,1610612747,LAL,Los Angeles Lakers,1629029,Luka Dončić,2025-26,Regular Season,2025-12-30,1610612744,GSW,Golden State Warriors,False,True,W,36.9,25,10,14,3,3,0,0,2,5,7,9,0,1,5,4,14
0000000396,1610612747,LAL,Los Angeles Lakers,203076,Anthony Davis,2025-26,Regular Season,2025-12-30,1610612744,GSW,Golden State Warriors,False,True,W,34.0,24,9,18,0,3,1,4,1,12,13,5,3,1,0,2,-8
0000000396,1610612747,LAL,Los Angeles Lakers,1630559,Austin Reaves,2025-26,Regular Season,2025-12-30,1610612744,GSW,Golden State Warriors,False,True,W,26.3,2,0,3,0,0,5,5,2,6,8,5,2,0,3,5,-5
0000000396,1610612747,LAL,Los Angeles Lakers,1626156,Dalton Knecht,2025-26,Regular Season,2025-12-30,1610612744,GSW,Golden State Warriors,False,True,W,25.4,2,2,3,2,3,5,8,0,3,3,3,4,3,0,2,2
0000000396,1610612747,LAL,Los Angeles Lakers,1629020,Rui Hachimura,2025-26,Regular Season,2025-12-30,1610612744,GSW,Golden State Warriors,False,True,W,35.5,13,5,12,1,1,2,4,3,6,9,2,0,1,0,3,16
0000000397,1610612744,GSW,Golden State Warriors,201939,Stephen Curry,2025-26,Regular Season,2026-01-01,1610612743,DEN,Denver Nuggets,True,False,W,31.6,30,12,16,1,2,0,0,4,2,6,7,0,0,1,2,16
0000000397,1610612744,GSW,Golden State Warriors,202691,Klay Thompson,2025-26,Regular Season,2026-01-01,1610612743,DEN,Denver Nuggets,True,False,W,33.2,24,9,14,1,2,2,2,4,3,7,0,3,1,2,5,4
0000000397,1610612744,GSW,Golden State Warriors,203110,Draymond Green,2025-26,Regular Season,2026-01-01,1610612743,DEN,Denver Nuggets,True,False,W,25.8,7,2,6,1,1,0,0,4,6,10,8,0,0,2,3,-1
0000000397,1610612744,GSW,Golden State Warriors,1630228,Jonathan Kuminga,2025-26,Regular Season,2026-01-01,1610612743,DEN,Denver Nuggets,True,False,W,36.4,12,6,8,6,6,2,5,0,0,0,0,1,0,1,0,7
0000000397,1610612744,GSW,Golden State Warriors,1626172,Kevon Looney,2025-26,Regular Season,2026-01-01,1610612743,DEN,Denver Nuggets,True,False,W,35.1,13,5,7,1,1,7,8,0,6,6,5,0,1,2,0,12
0000000397,1610612744,GSW,Golden State Warriors,1630541,Brandin Podziemski,2025-26,Regular Season,2026-01-01,1610612743,DEN,Denver Nuggets,True,False,W,18.7,1,2,6,2,3,1,6,1,1,2,0,0,0,3,0,2
0000000397,1610612743,DEN,Denver Nuggets,203999,Nikola Jokić,2025-26,Regular Season,2026-01-01,1610612744,GSW,Golden State Warriors,False,True,L,26.3,33,13,22,2,2,0,1,0,14,14,10,4,0,0,3,-5
0000000397,1610612743,DEN,Denver Nuggets,1627750,Jamal Murray,2025-26,Regular Season,2026-01-01,1610612744,GSW,Golden State Warriors,False,True,L,24.7,11,4,11,2,2,7,7,4,2,6,4,3,1,1,3,-9
0000000397,1610612743,DEN,Denver Nuggets,1628420,Aaron Gordon,2025-26,Regular Season,2026-01-01,1610612744,GSW,Golden State Warriors,False,True,L,19.2,13,5,12,3,6,0,4,2,4,6,2,0,1,5,1,4
0000000397,1610612743,DEN,Denver Nuggets,1630166,Christian Braun,2025-26,Regular Season,2026-01-01,1610612744,GSW,Golden State Warriors,False,True,L,31.9,5,2,6,1,6,3,3,0,0,0,4,0,1,5,3,1
0000000397,1610612743,DEN,Denver Nuggets,203914,Kentavious Caldwell-Pope,2025-26,Regular Season,2026-01-01,1610612744,GSW,Golden State Warriors,False,True,L,22.1,6,2,8,1,3,0,8,1,0,1,3,3,0,3,1,-11
0000000397,1610612743,DEN,Denver Nuggets,1631128,Peyton Watson,2025-26,Regular Season,2026-01-01,1610612744,GSW,Golden State Warriors,False,True,L,32.9,11,4,9,0,9,0,0,1,8,9,1,3,0,4,5,-10
0000000398,1610612744,GSW,Golden State Warriors,201939,Stephen Curry,2025-26,Regular Season,2026-01-03,1610612738,BOS,Boston Celtics,True,False,L,21.9,19,7,11,0,6,0,1,1,0,1,4,4,2,1,3,12
0000000398,1610612744,GSW,Golden State Warriors,202691,Klay Thompson,2025-26,Regular Season,2026-01-03,1610612738,BOS,Boston Celtics,True,False,L,18.0,9,4,8,4,7,2,2,1,0,1,3,2,0,1,1,-10
0000000398,1610612744,GSW,Golden State Warriors,203110,Draymond Green,2025-26,Regular Season,2026-01-03,1610612738,BOS,Boston Celtics,True,False,L,37.8,11,4,6,1,3,4,6,0,9,9,5,1,2,4,3,11
0000000398,1610612744,GSW,Golden State Warriors,1630228,Jonathan Kuminga,2025-26,Regular Season,2026-01-03,1610612738,BOS,Boston Celtics,True,False,L,25.4,6,4,6,4,5,3,3,1,2,3,2,2,3,4,4,2
0000000398,1610612744,GSW,Golden State Warriors,1626172,Kevon Looney,2025-26,Regular Season,2026-01-03,1610612738,BOS,Boston Celtics,True,False,L,24.4,0,2,5,2,2,0,1,2,8,10,3,1,3,0,2,0
0000000398,1610612744,GSW,Golden State Warriors,1630541,Brandin Podziemski,2025-26,Regular Season,2026-01-03,1610612738,BOS,Boston Celtics,True,False,L,20.6,9,3,10,0,0,2,2,0,11,11,4,0,3,5,5,0
0000000398,1610612738,BOS,Boston Celtics,1628369,Jayson Tatum,2025-26,Regular Season,2026-01-03,1610612744,GSW,Golden State Warriors,False,True,W,21.8,31,12,18,4,4,1,1,4,6,10,5,1,2,5,0,6
0000000398,1610612738,BOS,Boston Celtics,1627759,Jaylen Brown,2025-26,Regular Season,2026-01-03,1610612744,GSW,Golden State Warriors,False,True,W,20.9,28,11,20,1,1,0,1,4,4,8,3,2,0,5,5,-5
0000000398,1610612738,BOS,Boston Celtics,201950,Jrue Holiday,2025-26,Regular Season,2026-01-03,1610612744,GSW,Golden State Warriors,False,True,W,19.0,1,2,5,2,5,5,5,3,2,5,3,4,1,0,3,-15
0000000398,1610612738,BOS,Boston Celtics,1628464,Derrick White,2025-26,Regular Season,2026-01-03,1610612744,GSW,Golden State Warriors,False,True,W,36.5,16,6,11,0,1,8,8,1,0,1,3,2,1,3,3,-13
0000000398,1610612738,BOS,Boston Celtics,203935,Kristaps Porziņģis,2025-26,Regular Season,2026-01-03,1610612744,GSW,Golden State Warriors,False,True,W,25.4,16,6,9,3,3,0,0,1,6,7,1,2,3,5,3,6
0000000398,1610612738,BOS,Boston Celtics,1629057,Robert Williams,2025-26,Regular Season,2026-01-03,1610612744,GSW,Golden State Warriors,False,True,W,32.2,1,1,1,1,1,2,7,2,1,3,0,3,2,4,0,-13
0000000399,1610612744,GSW,Golden State Warriors,201939,Stephen Curry,2025-26,Regular Season,2026-01-05,1610612752,NYK,New York Knicks,True,False,L,20.0,28,11,15,0,0,1,1,3,5,8,5,2,2,3,3,-1
0000000399,1610612744,GSW,Golden State Warriors,202691,Klay Thompson,2025-26,Regular Season,2026-01-05,1610612752,NYK,New York Knicks,True,False,L,35.0,18,7,13,4,5,1,5,1,1,2,0,0,0,0,0,-7
0000000399,1610612744,GSW,Golden State Warriors,203110,Draymond Green,2025-26,Regular Season,2026-01-05,1610612752,NYK,New York Knicks,True,False,L,27.5,15,6,11,4,9,6,7,0,9,9,9,2,0,1,5,13
0000000399,1610612744,GSW,Golden State Warriors,1630228,Jonathan Kuminga,2025-26,Regular Season,2026-01-05,1610612752,NYK,New York Knicks,True,False,L,33.1,8,3,5,0,4,1,8,1,6,7,2,0,2,3,2,9
0000000399,1610612744,GSW,Golden State Warriors,1626172,Kevon Looney,2025-26,Regular Season,2026-01-05,1610612752,NYK,New York Knicks,True,False,L,20.7,1,0,2,0,2,2,2,0,3,3,0,2,3,2,2,15
0000000399,1610612744,GSW,Golden State Warriors,1630541,Brandin Podziemski,2025-26,Regular Season,2026-01-05,1610612752,NYK,New York Knicks,True,False,L,35.8,2,3,5,3,5,0,3,1,1,2,4,0,0,3,1,10
0000000399,1610612752,NYK,New York Knicks,1628973,Jalen Brunson,2025-26,Regular Season,2026-01-05,1610612744,GSW,Golden State Warriors,False,True,W,21.3,31,12,16,0,7,0,0,4,3,7,3,3,3,5,0,12
0000000399,1610612752,NYK,New York Knicks,1626164,Isaiah Hartenstein,2025-26,Regular Season,2026-01-05,1610612744,GSW,Golden State Warriors,False,True,W,31.2,27,10,18,1,1,0,0,1,15,16,1,0,0,0,5,9
0000000399,1610612752,NYK,New York Knicks,1629628,RJ Barrett,2025-26,Regular Season,2026-01-05,1610612744,GSW,Golden State Warriors,False,True,W,20.7,26,10,15,2,2,0,0,2,3,5,1,4,3,1,4,9
0000000399,1610612752,NYK,New York Knicks,1630193,Immanuel Quickley,2025-26,Regular Season,2026-01-05,1610612744,GSW,Golden State Warriors,False,True,W,22.6,1,6,8,6,8,0,0,1,2,3,4,3,0,2,5,-9
0000000399,1610612752,NYK,New York Knicks,203944,Julius Randle,2025-26,Regular Season,2026-01-05,1610612744,GSW,Golden State Warriors,False,True,W,21.9,21,8,16,3,4,3,4,2,0,2,3,0,2,5,2,-15
0000000399,1610612752,NYK,New York Knicks,1631216,Miles McBride,2025-26,Regular Season,2026-01-05,1610612744,GSW,Golden State Warriors,False,True,W,35.5,8,3,9,0,0,6,8,3,1,4,1,3,3,1,1,16
0000000400,1610612744,GSW,Golden State Warriors,201939,Stephen Curry,2025-26,Regular Season,2026-01-07,1610612748,MIA,Miami Heat,True,False,L,19.7,27,10,16,8,10,6,7,2,3,5,6,3,3,2,1,11
0000000400,1610612744,GSW,Golden State Warriors,202691,Klay Thompson,2025-26,Regular Season,2026-01-07,1610612748,MIA,Miami Heat,True,False,L,26.2,23,9,13,0,1,8,8,0,0,0,2,3,0,0,3,-2
0000000400,1610612744,GSW,Golden State Warriors,203110,Draymond Green,2025-26,Regular Season,2026-01-07,1610612748,MIA,Miami Heat,True,False,L,27.2,1,0,7,0,7,6,8,2,5,7,8,4,1,3,4,9
0000000400,1610612744,GSW,Golden State Warriors,1630228,Jonathan Kuminga,2025-26,Regular Season,2026-01-07,1610612748,MIA,Miami Heat,True,False,L,20.4,25,10,18,0,1,7,7,0,6,6,5,4,2,0,5,-13
0000000400,1610612744,GSW,Golden State Warriors,1626172,Kevon Looney,2025-26,Regular Season,2026-01-07,1610612748,MIA,Miami Heat,True,False,L,29.5,3,1,3,0,3,1,6,3,3,6,1,0,1,1,5,3
0000000400,1610612744,GSW,Golden State Warriors,1630541,Brandin Podziemski,2025-26,Regular Season,2026-01-07,1610612748,MIA,Miami Heat,True,False,L,36.4,17,6,10,2,9,6,7,4,1,5,2,1,2,4,2,-7
0000000400,1610612748,MIA,Miami Heat,202710,Jimmy Butler,2025-26,Regular Season,2026-01-07,1610612744,GSW,Golden State Warriors,False,True,W,32.2,24,9,13,6,6,3,3,0,6,6,7,1,0,4,3,-3
0000000400,1610612748,MIA,Miami Heat,1629639,Tyler Herro,2025-26,Regular Season,2026-01-07,1610612744,GSW,Golden State Warriors,False,True,W,19.6,25,10,13,2,3,2,2,0,0,0,0,0,1,5,5,-6
0000000400,1610612748,MIA,Miami Heat,202355,Bam Adebayo,2025-26,Regular Season,2026-01-07,1610612744,GSW,Golden State Warriors,False,True,W,20.0,12,4,10,2,2,0,0,4,0,4,1,3,0,0,0,14
0000000400,1610612748,MIA,Miami Heat,1631107,Jaime Jaquez,2025-26,Regular Season,2026-01-07,1610612744,GSW,Golden State Warriors,False,True,W,35.4,12,4,9,0,4,7,7,1,3,4,4,2,2,4,5,-5
0000000400,1610612748,MIA,Miami Heat,203482,Kelly Olynyk,2025-26,Regular Season,2026-01-07,1610612744,GSW,Golden State Warriors,False,True,W,30.2,10,4,9,0,3,2,4,3,6,9,0,2,3,5,4,17
0000000400,1610612748,MIA,Miami Heat,1630217,Caleb Martin,2025-26,Regular Season,2026-01-07,1610612744,GSW,Golden State Warriors,False,True,W,29.1,15,6,9,6,7,3,5,2,6,8,3,1,1,5,3,-13
0000000401,1610612743,DEN,Denver Nuggets,203999,Nikola Jokić,2025-26,Regular Season,2026-01-09,1610612747,LAL,Los Angeles Lakers,True,False,L,35.1,31,12,17,0,2,0,5,0,11,11,6,3,0,4,1,-6
0000000401,1610612743,DEN,Denver Nuggets,1627750,Jamal Murray,2025-26,Regular Season,2026-01-09,1610612747,LAL,Los Angeles Lakers,True,False,L,25.4,22,8,15,0,1,4,8,2,1,3,3,0,3,2,1,-7
0000000401,1610612743,DEN,Denver Nuggets,1628420,Aaron Gordon,2025-26,Regular Season,2026-01-09,1610612747,LAL,Los Angeles Lakers,True,False,L,25.3,19,7,15,0,2,1,7,2,1,3,3,0,1,1,0,5
0000000401,1610612743,DEN,Denver Nuggets,1630166,Christian Braun,2025-26,Regular Season,2026-01-09,1610612747,LAL,Los Angeles Lakers,True,False,L,25.4,2,1,4,1,1,2,6,3,0,3,5,1,3,1,4,5
0000000401,1610612743,DEN,Denver Nuggets,203914,Kentavious Caldwell-Pope,2025-26,Regular Season,2026-01-09,1610612747,LAL,Los Angeles Lakers,True,False,L,34.7,3,3,5,3,5,1,4,0,0,0,2,4,2,3,5,-16
0000000401,1610612743,DEN,Denver Nuggets,1631128,Peyton Watson,2025-26,Regular Season,2026-01-09,1610612747,LAL,Los Angeles Lakers,True,False,L,25.3,4,1,7,0,1,1,2,1,3,4,2,3,1,4,0,-15
0000000401,1610612747,LAL,Los Angeles Lakers,2544,LeBron James,2025-26,Regular Season,2026-01-09,1610612743,DEN,Denver Nuggets,False,True,W,37.3,19,7,12,5,5,0,0,4,1,5,10,3,0,0,0,4
0000000401,1610612747,LAL,Los Angeles Lakers,1629029,Luka Dončić,2025-26,Regular Season,2026-01-09,1610612743,DEN,Denver Nuggets,False,True,W,25.8,25,10,13,7,7,1,2,4,5,9,3,0,2,3,2,15
0000000401,1610612747,LAL,Los Angeles Lakers,203076,Anthony Davis,2025-26,Regular Season,2026-01-09,1610612743,DEN,Denver Nuggets,False,True,W,35.2,14,5,9,1,1,3,3,1,13,14,4,1,0,2,4,11
0000000401,1610612747,LAL,Los Angeles Lakers,1630559,Austin Reaves,2025-26,Regular Season,2026-01-09,1610612743,DEN,Denver Nuggets,False,True,W,32.2,18,7,12,3,5,1,4,3,0,3,7,4,2,2,3,-11
0000000401,1610612747,LAL,Los Angeles Lakers,1626156,Dalton Knecht,2025-26,Regular Season,2026-01-09,1610612743,DEN,Denver Nuggets,False,True,W,20.9,10,4,7,0,3,4,7,4,0,4,0,0,1,1,1,9
0000000401,1610612747,LAL,Los Angeles Lakers,1629020,Rui Hachimura,2025-26,Regular Season,2026-01-09,1610612743,DEN,Denver Nuggets,False,True,W,28.1,17,6,14,0,0,4,5,3,1,4,1,0,1,2,3,-16
0000000402,1610612743,DEN,Denver Nuggets,203999,Nikola Jokić,2025-26,Regular Season,2026-01-11,1610612744,GSW,Golden State Warriors,True,False,W,36.4,33,13,21,1,1,6,7,2,13,15,11,4,0,5,1,-18
0000000402,1610612743,DEN,Denver Nuggets,1627750,Jamal Murray,2025-26,Regular Season,2026-01-11,1610612744,GSW,Golden State Warriors,True,False,W,21.7,18,7,13,4,9,1,4,0,0,0,4,4,0,0,3,-11
0000000402,1610612743,DEN,Denver Nuggets,1628420,Aaron Gordon,2025-26,Regular Season,2026-01-11,1610612744,GSW,Golden State Warriors,True,False,W,18.3,12,4,9,2,6,3,6,4,2,6,2,0,1,2,0,-1
0000000402,1610612743,DEN,Denver Nuggets,1630166,Christian Braun,2025-26,Regular Season,2026-01-11,1610612744,GSW,Golden State Warriors,True,False,W,34.7,6,2,7,0,2,1,3,2,1,3,0,2,0,1,1,-2
0000000402,1610612743,DEN,Denver Nuggets,203914,Kentavious Caldwell-Pope,2025-26,Regular Season,2026-01-11,1610612744,GSW,Golden State Warriors,True,False,W,34.9,14,8,13,8,9,4,8,2,2,4,0,3,1,4,2,17
0000000402,1610612743,DEN,Denver Nuggets,1631128,Peyton Watson,2025-26,Regular Season,2026-01-11,1610612744,GSW,Golden State Warriors,True,False,W,25.3,0,0,8,0,8,0,0,0,0,0,0,3,3,4,2,-2
0000000402,1610612744,GSW,Golden State Warriors,201939,Stephen Curry,2025-26,Regular Season,2026-01-11,1610612743,DEN,Denver Nuggets,False,True,L,21.3,23,9,17,4,6,0,3,3,0,3,4,3,0,3,3,16
0000000402,1610612744,GSW,Golden State Warriors,202691,Klay Thompson,2025-26,Regular Season,2026-01-11,1610612743,DEN,Denver Nuggets,False,True,L,24.8,20,8,14,1,1,8,8,2,1,3,0,2,3,1,2,-7
0000000402,1610612744,GSW,Golden State Warriors,203110,Draymond Green,2025-26,Regular Season,2026-01-11,1610612743,DEN,Denver Nuggets,False,True,L,35.4,15,6,9,5,6,2,3,0,5,5,5,0,2,1,4,8
0000000402,1610612744,GSW,Golden State Warriors,1630228,Jonathan Kuminga,2025-26,Regular Season,2026-01-11,1610612743,DEN,Denver Nuggets,False,True,L,26.2,5,2,7,2,7,0,0,2,1,3,0,4,0,1,3,6
0000000402,1610612744,GSW,Golden State Warriors,1626172,Kevon Looney,2025-26,Regular Season,2026-01-11,1610612743,DEN,Denver Nuggets,False,True,L,26.8,12,4,8,1,1,6,6,0,9,9,3,1,0,5,0,-13
0000000402,1610612744,GSW,Golden State Warriors,1630541,Brandin Podziemski,2025-26,Regular Season,2026-01-11,1610612743,DEN,Denver Nuggets,False,True,L,32.3,0,5,8,5,8,0,3,1,4,5,6,0,0,0,4,-18
0000000403,1610612743,DEN,Denver Nuggets,203999,Nikola Jokić,2025-26,Regular Season,2026-01-13,1610612738,BOS,Boston Celtics,True,False,L,35.6,27,10,15,0,3,3,6,4,7,11,14,2,2,3,1,7
0000000403,1610612743,DEN,Denver Nuggets,1627750,Jamal Murray,2025-26,Regular Season,2026-01-13,1610612738,BOS,Boston Celtics,True,False,L,35.6,22,10,14,10,10,5,8,0,0,0,6,2,1,0,0,15
0000000403,1610612743,DEN,Denver Nuggets,1628420,Aaron Gordon,2025-26,Regular Season,2026-01-13,1610612738,BOS,Boston Celtics,True,False,L,37.9,13,5,9,1,5,1,1,2,4,6,1,1,3,5,5,-9
0000000403,1610612743,DEN,Denver Nuggets,1630166,Christian Braun,2025-26,Regular Season,2026-01-13,1610612738,BOS,Boston Celtics,True,False,L,28.7,4,1,7,1,6,1,4,0,3,3,1,2,1,1,4,-14
0000000403,1610612743,DEN,Denver Nuggets,203914,Kentavious Caldwell-Pope,2025-26,Regular Season,2026-01-13,1610612738,BOS,Boston Celtics,True,False,L,21.1,0,2,5,2,4,0,2,0,0,0,0,3,3,2,5,-3
0000000403,1610612743,DEN,Denver Nuggets,1631128,Peyton Watson,2025-26,Regular Season,2026-01-13,1610612738,BOS,Boston Celtics,True,False,L,21.4,1,5,7,5,7,1,2,4,0,4,2,4,0,1,4,-18
0000000403,1610612738,BOS,Boston Celtics,1628369,Jayson Tatum,2025-26,Regular Season,2026-01-13,1610612743,DEN,Denver Nuggets,False,True,W,33.8,37,14,22,4,6,0,0,4,7,11,5,3,2,0,5,-9
0000000403,1610612738,BOS,Boston Celtics,1627759,Jaylen Brown,2025-26,Regular Season,2026-01-13,1610612743,DEN,Denver Nuggets,False,True,W,23.2,16,7,9,7,8,5,7,4,0,4,3,4,3,1,2,16
0000000403,1610612738,BOS,Boston Celtics,201950,Jrue Holiday,2025-26,Regular Season,2026-01-13,1610612743,DEN,Denver Nuggets,False,True,W,37.1,4,3,7,3,5,2,8,4,1,5,3,4,1,5,4,6
0000000403,1610612738,BOS,Boston Celtics,1628464,Derrick White,2025-26,Regular Season,2026-01-13,1610612743,DEN,Denver Nuggets,False,True,W,27.8,11,8,10,8,10,4,7,1,3,4,4,4,2,2,0,18
0000000403,1610612738,BOS,Boston Celtics,203935,Kristaps Porziņģis,2025-26,Regular Season,2026-01-13,1610612743,DEN,Denver Nuggets,False,True,W,24.3,21,8,14,0,3,3,6,3,6,9,3,3,3,0,2,9
0000000403,1610612738,BOS,Boston Celtics,1629057,Robert Williams,2025-26,Regular Season,2026-01-13,1610612743,DEN,Denver Nuggets,False,True,W,19.5,19,7,13,1,2,4,4,1,12,13,1,3,0,3,4,-11
0000000404,1610612743,DEN,Denver Nuggets,203999,Nikola Jokić,2025-26,Regular Season,2026-01-15,1610612752,NYK,New York Knicks,True,False,L,30.0,34,13,20,2,2,2,8,2,5,7,8,2,2,0,0,17
0000000404,1610612743,DEN,Denver Nuggets,1627750,Jamal Murray,2025-26,Regular Season,2026-01-15,1610612752,NYK,New York Knicks,True,False,L,32.8,19,7,14,2,3,0,4,0,2,2,6,4,0,5,1,-5
0000000404,1610612743,DEN,Denver Nuggets,1628420,Aaron Gordon,2025-26,Regular Season,2026-01-15,1610612752,NYK,New York Knicks,True,False,L,37.6,12,4,12,0,2,3,6,4,4,8,1,2,1,4,5,10
0000000404,1610612743,DEN,Denver Nuggets,1630166,Christian Braun,2025-26,Regular Season,2026-01-15,1610612752,NYK,New York Knicks,True,False,L,37.0,6,2,9,0,9,0,0,3,4,7,4,2,3,5,4,-6
0000000404,1610612743,DEN,Denver Nuggets,203914,Kentavious Caldwell-Pope,2025-26,Regular Season,2026-01-15,1610612752,NYK,New York Knicks,True,False,L,22.6,6,4,7,4,7,6,8,0,0,0,0,1,3,1,4,-7
0000000404,1610612743,DEN,Denver Nuggets,1631128,Peyton Watson,2025-26,Regular Season,2026-01-15,1610612752,NYK,New York Knicks,True,False,L,28.0,0,0,7,0,7,0,1,3,0,3,0,3,1,3,4,0
0000000404,1610612752,NYK,New York Knicks,1628973,Jalen Brunson,2025-26,Regular Season,2026-01-15,1610612743,DEN,Denver Nuggets,False,True,W,33.2,21,8,15,2,10,0,6,0,0,0,10,1,1,1,0,12
0000000404,1610612752,NYK,New York Knicks,1626164,Isaiah Hartenstein,2025-26,Regular Season,2026-01-15,1610612743,DEN,Denver Nuggets,False,True,W,30.9,21,8,16,0,0,0,0,1,6,7,1,2,0,2,4,6
0000000404,1610612752,NYK,New York Knicks,1629628,RJ Barrett,2025-26,Regular Season,2026-01-15,1610612743,DEN,Denver Nuggets,False,True,W,33.5,19,7,13,2,7,0,0,2,2,4,1,4,0,4,2,-12
0000000404,1610612752,NYK,New York Knicks,1630193,Immanuel Quickley,2025-26,Regular Season,2026-01-15,1610612743,DEN,Denver Nuggets,False,True,W,23.1,12,4,11,0,3,0,5,0,0,0,0,3,1,1,3,-18
0000000404,1610612752,NYK,New York Knicks,203944,Julius Randle,2025-26,Regular Season,2026-01-15,1610612743,DEN,Denver Nuggets,False,True,W,26.1,14,5,13,0,9,0,0,4,5,9,4,3,0,3,4,0
0000000404,1610612752,NYK,New York Knicks,1631216,Miles McBride,2025-26,Regular Season,2026-01-15,1610612743,DEN,Denver Nuggets,False,True,W,28.2,14,7,12,7,8,2,3,0,0,0,0,1,3,3,1,-1
0000000405,1610612743,DEN,Denver Nuggets,203999,Nikola Jokić,2025-26,Regular Season,2026-01-17,1610612748,MIA,Miami Heat,True,False,W,25.3,24,9,14,1,2,3,3,4,7,11,6,4,2,0,4,-15
0000000405,1610612743,DEN,Denver Nuggets,1627750,Jamal Murray,2025-26,Regular Season,2026-01-17,1610612748,MIA,Miami Heat,True,False,W,23.5,11,4,10,4,4,2,3,1,4,5,5,3,1,5,5,2
0000000405,1610612743,DEN,Denver Nuggets,1628420,Aaron Gordon,2025-26,Regular Season,2026-01-17,1610612748,MIA,Miami Heat,True,False,W,35.1,21,8,11,0,4,0,3,1,5,6,3,1,0,4,4,4
0000000405,1610612743,DEN,Denver Nuggets,1630166,Christian Braun,2025-26,Regular Season,2026-01-17,1610612748,MIA,Miami Heat,True,False,W,33.0,10,5,7,5,5,0,0,2,0,2,4,4,2,2,4,-10
0000000405,1610612743,DEN,Denver Nuggets,203914,Kentavious Caldwell-Pope,2025-26,Regular Season,2026-01-17,1610612748,MIA,Miami Heat,True,False,W,25.7,17,6,10,0,0,5,5,2,4,6,3,4,3,2,1,-7
0000000405,1610612743,DEN,Denver Nuggets,1631128,Peyton Watson,2025-26,Regular Season,2026-01-17,1610612748,MIA,Miami Heat,True,False,W,31.4,7,2,7,0,0,1,2,0,0,0,2,4,3,4,2,-12
0000000405,1610612748,MIA,Miami Heat,202710,Jimmy Butler,2025-26,Regular Season,2026-01-17,1610612743,DEN,Denver Nuggets,False,True,L,31.4,23,9,16,5,6,3,5,3,2,5,3,3,1,4,0,-14
0000000405,1610612748,MIA,Miami Heat,1629639,Tyler Herro,2025-26,Regular Season,2026-01-17,1610612743,DEN,Denver Nuggets,False,True,L,29.7,19,7,15,4,5,0,8,3,3,6,6,4,3,2,5,2
0000000405,1610612748,MIA,Miami Heat,202355,Bam Adebayo,2025-26,Regular Season,2026-01-17,1610612743,DEN,Denver Nuggets,False,True,L,24.9,16,6,12,1,2,0,0,1,6,7,1,0,1,3,0,-14
0000000405,1610612748,MIA,Miami Heat,1631107,Jaime Jaquez,2025-26,Regular Season,2026-01-17,1610612743,DEN,Denver Nuggets,False,True,L,27.6,9,6,10,6,6,2,8,3,3,6,2,4,3,4,1,0
0000000405,1610612748,MIA,Miami Heat,203482,Kelly Olynyk,2025-26,Regular Season,2026-01-17,1610612743,DEN,Denver Nuggets,False,True,L,25.8,13,5,10,2,2,1,4,1,0,1,3,1,3,3,1,-15
0000000405,1610612748,MIA,Miami Heat,1630217,Caleb Martin,2025-26,Regular Season,2026-01-17,1610612743,DEN,Denver Nuggets,False,True,L,29.9,1,1,4,1,4,2,2,2,1,3,0,0,0,4,2,-13
0000000406,1610612738,BOS,Boston Celtics,1628369,Jayson Tatum,2025-26,Regular Season,2026-01-19,1610612747,LAL,Los Angeles Lakers,True,False,W,33.4,32,12,17,0,4,2,6,4,7,11,7,1,2,2,1,-2
0000000406,1610612738,BOS,Boston Celtics,1627759,Jaylen Brown,2025-26,Regular Season,2026-01-19,1610612747,LAL,Los Angeles Lakers,True,False,W,27.3,9,3,5,0,0,6,6,4,2,6,0,0,0,5,5,16
0000000406,1610612738,BOS,Boston Celtics,201950,Jrue Holiday,2025-26,Regular Season,2026-01-19,1610612747,LAL,Los Angeles Lakers,True,False,W,28.5,6,2,6,0,4,2,3,1,0,1,2,1,1,0,1,-5
0000000406,1610612738,BOS,Boston Celtics,1628464,Derrick White,2025-26,Regular Season,2026-01-19,1610612747,LAL,Los Angeles Lakers,True,False,W,28.2,25,10,13,6,8,3,3,3,0,3,2,3,1,1,2,12
0000000406,1610612738,BOS,Boston Celtics,203935,Kristaps Porziņģis,2025-26,Regular Season,2026-01-19,1610612747,LAL,Los Angeles Lakers,True,False,W,23.8,15,6,11,2,2,2,3,2,0,2,0,3,0,1,0,-8
0000000406,1610612738,BOS,Boston Celtics,1629057,Robert Williams,2025-26,Regular Season,2026-01-19,1610612747,LAL,Los Angeles Lakers,True,False,W,23.3,25,10,13,0,0,1,6,0,7,7,0,3,3,4,0,-5
0000000406,1610612747,LAL,Los Angeles Lakers,2544,LeBron James,2025-26,Regular Season,2026-01-19,1610612738,BOS,Boston Celtics,False,True,L,25.1,17,6,12,1,1,1,1,1,5,6,6,0,2,1,5,-7
0000000406,1610612747,LAL,Los Angeles Lakers,1629029,Luka Dončić,2025-26,Regular Season,2026-01-19,1610612738,BOS,Boston Celtics,False,True,L,27.2,28,11,15,3,3,1,8,4,3,7,7,1,1,3,5,-2
0000000406,1610612747,LAL,Los Angeles Lakers,203076,Anthony Davis,2025-26,Regular Season,2026-01-19,1610612738,BOS,Boston Celtics,False,True,L,32.6,32,12,20,0,2,6,8,2,10,12,1,0,3,0,1,-1
0000000406,1610612747,LAL,Los Angeles Lakers,1630559,Austin Reaves,2025-26,Regular Season,2026-01-19,1610612738,BOS,Boston Celtics,False,True,L,36.2,24,9,17,3,8,1,6,0,3,3,5,4,0,1,1,-3
0000000406,1610612747,LAL,Los Angeles Lakers,1626156,Dalton Knecht,2025-26,Regular Season,2026-01-19,1610612738,BOS,Boston Celtics,False,True,L,26.5,5,3,7,3,4,8,8,1,1,2,1,4,2,0,4,-17
0000000406,1610612747,LAL,Los Angeles Lakers,1629020,Rui Hachimura,2025-26,Regular Season,2026-01-19,1610612738,BOS,Boston Celtics,False,True,L,36.6,0,0,9,0,9,5,5,0,9,9,2,3,2,0,3,2
0000000407,1610612738,BOS,Boston Celtics,1628369,Jayson Tatum,2025-26,Regular Season,2026-01-21,1610612744,GSW,Golden State Warriors,True,False,W,23.3,29,11,19,9,9,8,8,2,0,2,6,1,2,3,0,-2
0000000407,1610612738,BOS,Boston Celtics,1627759,Jaylen Brown,2025-26,Regular Season,2026-01-21,1610612744,GSW,Golden State Warriors,True,False,W,26.4,22,8,14,2,3,2,7,0,3,3,5,4,3,1,5,-3
0000000407,1610612738,BOS,Boston Celtics,201950,Jrue Holiday,2025-26,Regular Season,2026-01-21,1610612744,GSW,Golden State Warriors,True,False,W,20.0,8,3,9,0,4,1,8,4,2,6,5,3,3,0,4,14
0000000407,1610612738,BOS,Boston Celtics,1628464,Derrick White,2025-26,Regular Season,2026-01-21,1610612744,GSW,Golden State Warriors,True,False,W,23.9,8,3,7,1,5,0,4,4,3,7,5,0,0,2,1,16
0000000407,1610612738,BOS,Boston Celtics,203935,Kristaps Porziņģis,2025-26,Regular Season,2026-01-21,1610612744,GSW,Golden State Warriors,True,False,W,20.6,26,10,17,2,2,0,6,0,3,3,0,1,0,3,3,-13
0000000407,1610612738,BOS,Boston Celtics,1629057,Robert Williams,2025-26,Regular Season,2026-01-21,1610612744,GSW,Golden State Warriors,True,False,W,37.8,9,3,5,0,0,2,8,1,4,5,2,4,1,2,3,2
0000000407,1610612744,GSW,Golden State Warriors,201939,Stephen Curry,2025-26,Regular Season,2026-01-21,1610612738,BOS,Boston Celtics,False,True,L,34.4,22,8,15,4,7,1,1,2,0,2,6,1,0,1,1,5
0000000407,1610612744,GSW,Golden State Warriors,202691,Klay Thompson,2025-26,Regular Season,2026-01-21,1610612738,BOS,Boston Celtics,False,True,L,33.8,14,9,10,9,10,3,3,0,1,1,0,3,1,2,2,0
0000000407,1610612744,GSW,Golden State Warriors,203110,Draymond Green,2025-26,Regular Season,2026-01-21,1610612738,BOS,Boston Celtics,False,True,L,34.0,8,3,8,0,4,3,3,2,4,6,5,3,2,4,2,2
0000000407,1610612744,GSW,Golden State Warriors,1630228,Jonathan Kuminga,2025-26,Regular Season,2026-01-21,1610612738,BOS,Boston Celtics,False,True,L,20.2,22,8,13,5,8,0,0,4,0,4,1,2,3,4,5,12
0000000407,1610612744,GSW,Golden State Warriors,1626172,Kevon Looney,2025-26,Regular Season,2026-01-21,1610612738,BOS,Boston Celtics,False,True,L,26.7,21,8,16,1,3,7,7,4,4,8,3,3,0,5,5,17
0000000407,1610612744,GSW,Golden State Warriors,1630541,Brandin Podziemski,2025-26,Regular Season,2026-01-21,1610612738,BOS,Boston Celtics,False,True,L,23.1,11,4,6,0,0,1,6,3,2,5,4,0,1,3,5,-9
0000000408,1610612738,BOS,Boston Celtics,1628369,Jayson Tatum,2025-26,Regular Season,2026-01-23,1610612743,DEN,Denver Nuggets,True,False,W,25.9,11,4,11,0,2,0,0,2,6,8,1,2,3,3,5,-8
0000000408,1610612738,BOS,Boston Celtics,1627759,Jaylen Brown,2025-26,Regular Season,2026-01-23,1610612743,DEN,Denver Nuggets,True,False,W,30.0,27,10,18,3,5,0,0,3,0,3,0,1,0,4,2,15
0000000408,1610612738,BOS,Boston Celtics,201950,Jrue Holiday,2025-26,Regular Season,2026-01-23,1610612743,DEN,Denver Nuggets,True,False,W,35.4,11,7,10,7,10,4,5,1,1,2,9,2,2,1,2,9
0000000408,1610612738,BOS,Boston Celtics,1628464,Derrick White,2025-26,Regular Season,2026-01-23,1610612743,DEN,Denver Nuggets,True,False,W,32.0,20,8,13,0,3,0,3,0,0,0,6,3,2,0,2,4
0000000408,1610612738,BOS,Boston Celtics,203935,Kristaps Porziņģis,2025-26,Regular Season,2026-01-23,1610612743,DEN,Denver Nuggets,True,False,W,28.8,14,5,10,2,3,2,7,2,8,10,5,1,1,4,5,-4
0000000408,1610612738,BOS,Boston Celtics,1629057,Robert Williams,2025-26,Regular Season,2026-01-23,1610612743,DEN,Denver Nuggets,True,False,W,37.9,14,5,9,1,3,3,4,3,3,6,1,0,1,3,5,-7
0000000408,1610612743,DEN,Denver Nuggets,203999,Nikola Jokić,2025-26,Regular Season,2026-01-23,1610612738,BOS,Boston Celtics,False,True,L,20.0,29,11,18,3,3,2,2,3,9,12,9,3,1,1,4,4
0000000408,1610612743,DEN,Denver Nuggets,1627750,Jamal Murray,2025-26,Regular Season,2026-01-23,1610612738,BOS,Boston Celtics,False,True,L,31.4,18,7,10,2,3,3,3,3,1,4,2,3,2,5,2,-9
0000000408,1610612743,DEN,Denver Nuggets,1628420,Aaron Gordon,2025-26,Regular Season,2026-01-23,1610612738,BOS,Boston Celtics,False,True,L,31.8,8,3,8,3,3,1,8,1,2,3,0,4,3,5,0,-13
0000000408,1610612743,DEN,Denver Nuggets,1630166,Christian Braun,2025-26,Regular Season,2026-01-23,1610612738,BOS,Boston Celtics,False,True,L,34.3,10,7,8,7,7,6,8,1,2,3,0,1,0,1,2,7
0000000408,1610612743,DEN,Denver Nuggets,203914,Kentavious Caldwell-Pope,2025-26,Regular Season,2026-01-23,1610612738,BOS,Boston Celtics,False,True,L,20.3,11,4,7,1,1,4,4,1,4,5,2,0,3,3,1,16
0000000408,1610612743,DEN,Denver Nuggets,1631128,Peyton Watson,2025-26,Regular Season,2026-01-23,1610612738,BOS,Boston Celtics,False,True,L,33.7,3,3,8,3,8,1,3,3,0,3,2,4,0,0,3,-6
0000000409,1610612738,BOS,Boston Celtics,1628369,Jayson Tatum,2025-26,Regular Season,2026-01-25,1610612752,NYK,New York Knicks,True,False,L,29.8,39,15,20,0,6,4,4,3,5,8,6,2,0,1,5,15
0000000409,1610612738,BOS,Boston Celtics,1627759,Jaylen Brown,2025-26,Regular Season,2026-01-25,1610612752,NYK,New York Knicks,True,False,L,30.3,24,9,14,2,3,0,0,4,1,5,1,2,1,0,1,-3
0000000409,1610612738,BOS,Boston Celtics,201950,Jrue Holiday,2025-26,Regular Season,2026-01-25,1610612752,NYK,New York Knicks,True,False,L,31.6,7,2,7,1,2,3,3,4,4,8,6,2,0,5,2,12
0000000409,1610612738,BOS,Boston Celtics,1628464,Derrick White,2025-26,Regular Season,2026-01-25,1610612752,NYK,New York Knicks,True,False,L,37.9,9,3,9,2,6,1,3,2,0,2,4,2,1,2,1,15
0000000409,1610612738,BOS,Boston Celtics,203935,Kristaps Porziņģis,2025-26,Regular Season,2026-01-25,1610612752,NYK,New York Knicks,True,False,L,22.9,12,4,11,1,1,0,7,4,0,4,0,1,3,3,0,-17
0000000409,1610612738,BOS,Boston Celtics,1629057,Robert Williams,2025-26,Regular Season,2026-01-25,1610612752,NYK,New York Knicks,True,False,L,23.6,4,2,5,2,2,2,2,4,3,7,1,2,2,2,4,0
0000000409,1610612752,NYK,New York Knicks,1628973,Jalen Brunson,2025-26,Regular Season,2026-01-25,1610612738,BOS,Boston Celtics,False,True,W,21.8,21,8,16,0,1,0,1,0,0,0,5,2,2,0,0,-8
0000000409,1610612752,NYK,New York Knicks,1626164,Isaiah Hartenstein,2025-26,Regular Season,2026-01-25,1610612738,BOS,Boston Celtics,False,True,W,29.6,25,10,17,0,0,0,0,0,7,7,1,0,0,5,4,-14
0000000409,1610612752,NYK,New York Knicks,1629628,RJ Barrett,2025-26,Regular Season,2026-01-25,1610612738,BOS,Boston Celtics,False,True,W,22.4,13,5,10,2,3,3,4,1,1,2,4,1,3,2,0,7
0000000409,1610612752,NYK,New York Knicks,1630193,Immanuel Quickley,2025-26,Regular Season,2026-01-25,1610612738,BOS,Boston Celtics,False,True,W,31.6,15,6,12,0,3,2,7,2,1,3,1,2,2,4,3,-15
0000000409,1610612752,NYK,New York Knicks,203944,Julius Randle,2025-26,Regular Season,2026-01-25,1610612738,BOS,Boston Celtics,False,True,W,19.2,22,8,14,3,9,0,0,4,2,6,4,2,0,1,4,-10
0000000409,1610612752,NYK,New York Knicks,1631216,Miles McBride,2025-26,Regular Season,2026-01-25,1610612738,BOS,Boston Celtics,False,True,W,36.9,10,5,9,5,9,1,2,1,1,2,1,2,2,2,2,1
0000000410,1610612738,BOS,Boston Celtics,1628369,Jayson Tatum,2025-26,Regular Season,2026-01-27,1610612748,MIA,Miami Heat,True,False,L,27.1,30,12,18,0,0,0,2,1,13,14,13,4,3,5,5,11
0000000410,1610612738,BOS,Boston Celtics,1627759,Jaylen Brown,2025-26,Regular Season,2026-01-27,1610612748,MIA,Miami Heat,True,False,L,32.7,17,7,9,7,9,7,8,1,10,11,5,4,3,1,2,-9
0000000410,1610612738,BOS,Boston Celtics,201950,Jrue Holiday,2025-26,Regular Season,2026-01-27,1610612748,MIA,Miami Heat,True,False,L,29.7,11,4,10,4,4,2,5,0,0,0,8,4,3,4,4,17
0000000410,1610612738,BOS,Boston Celtics,1628464,Derrick White,2025-26,Regular Season,2026-01-27,1610612748,MIA,Miami Heat,True,False,L,26.4,15,6,12,2,9,1,3,0,0,0,4,0,2,4,1,-15
0000000410,1610612738,BOS,Boston Celtics,203935,Kristaps Porziņģis,2025-26,Regular Season,2026-01-27,1610612748,MIA,Miami Heat,True,False,L,38.0,12,4,10,0,0,3,4,0,7,7,2,4,2,0,1,11
0000000410,1610612738,BOS,Boston Celtics,1629057,Robert Williams,2025-26,Regular Season,2026-01-27,1610612748,MIA,Miami Heat,True,False,L,26.3,2,0,3,0,2,5,6,3,0,3,1,4,3,1,3,-10
0000000410,1610612748,MIA,Miami Heat,202710,Jimmy Butler,2025-26,Regular Season,2026-01-27,1610612738,BOS,Boston Celtics,False,True,W,27.5,27,10,19,3,8,0,0,2,0,2,4,4,3,5,1,-15
0000000410,1610612748,MIA,Miami Heat,1629639,Tyler Herro,2025-26,Regular Season,2026-01-27,1610612738,BOS,Boston Celtics,False,True,W,37.5,32,12,21,0,1,4,6,2,3,5,10,2,0,4,3,-15
0000000410,1610612748,MIA,Miami Heat,202355,Bam Adebayo,2025-26,Regular Season,2026-01-27,1610612738,BOS,Boston Celtics,False,True,W,25.8,24,9,15,0,0,6,7,0,11,11,2,0,2,0,1,3
0000000410,1610612748,MIA,Miami Heat,1631107,Jaime Jaquez,2025-26,Regular Season,2026-01-27,1610612738,BOS,Boston Celtics,False,True,W,25.8,11,4,8,0,1,1,1,3,0,3,3,4,1,1,1,0
0000000410,1610612748,MIA,Miami Heat,203482,Kelly Olynyk,2025-26,Regular Season,2026-01-27,1610612738,BOS,Boston Celtics,False,True,W,33.9,18,7,15,1,1,2,2,0,8,8,1,1,3,1,1,0
0000000410,1610612748,MIA,Miami Heat,1630217,Caleb Martin,2025-26,Regular Season,2026-01-27,1610612738,BOS,Boston Celtics,False,True,W,23.2,9,3,10,2,2,0,0,0,12,12,0,3,0,0,2,-18
0000000411,1610612752,NYK,New York Knicks,1628973,Jalen Brunson,2025-26,Regular Season,2026-01-29,1610612747,LAL,Los Angeles Lakers,True,False,W,33.1,30,12,18,1,7,5,8,4,3,7,7,0,3,1,2,2
0000000411,1610612752,NYK,New York Knicks,1626164,Isaiah Hartenstein,2025-26,Regular Season,2026-01-29,1610612747,LAL,Los Angeles Lakers,True,False,W,38.0,21,8,16,1,3,0,2,0,10,10,3,0,3,1,4,6
0000000411,1610612752,NYK,New York Knicks,1629628,RJ Barrett,2025-26,Regular Season,2026-01-29,1610612747,LAL,Los Angeles Lakers,True,False,W,23.7,14,5,12,4,9,1,1,2,9,11,0,0,0,3,0,-5
0000000411,1610612752,NYK,New York Knicks,1630193,Immanuel Quickley,2025-26,Regular Season,2026-01-29,1610612747,LAL,Los Angeles Lakers,True,False,W,32.4,3,5,7,5,7,1,2,2,5,7,6,1,0,0,2,6
0000000411,1610612752,NYK,New York Knicks,203944,Julius Randle,2025-26,Regular Season,2026-01-29,1610612747,LAL,Los Angeles Lakers,True,False,W,26.2,21,8,13,2,4,0,0,2,5,7,1,2,3,1,5,-4
0000000411,1610612752,NYK,New York Knicks,1631216,Miles McBride,2025-26,Regular Season,2026-01-29,1610612747,LAL,Los Angeles Lakers,True,False,W,34.9,15,6,13,2,2,1,7,1,0,1,0,4,3,1,1,-3
0000000411,1610612747,LAL,Los Angeles Lakers,2544,LeBron James,2025-26,Regular Season,2026-01-29,1610612752,NYK,New York Knicks,False,True,L,28.7,19,7,12,0,0,1,1,1,6,7,5,3,0,2,0,10
0000000411,1610612747,LAL,Los Angeles Lakers,1629029,Luka Dončić,2025-26,Regular Season,2026-01-29,1610612752,NYK,New York Knicks,False,True,L,26.5,23,9,12,5,10,1,1,3,5,8,8,0,3,3,3,4
0000000411,1610612747,LAL,Los Angeles Lakers,203076,Anthony Davis,2025-26,Regular Season,2026-01-29,1610612752,NYK,New York Knicks,False,True,L,27.4,22,8,15,1,2,4,4,2,9,11,1,2,0,1,3,8
0000000411,1610612747,LAL,Los Angeles Lakers,1630559,Austin Reaves,2025-26,Regular Season,2026-01-29,1610612752,NYK,New York Knicks,False,True,L,22.8,18,7,14,2,9,4,7,1,1,2,6,0,1,5,5,13
0000000411,1610612747,LAL,Los Angeles Lakers,1626156,Dalton Knecht,2025-26,Regular Season,2026-01-29,1610612752,NYK,New York Knicks,False,True,L,27.7,7,3,8,3,5,3,4,3,3,6,0,2,2,2,3,5
0000000411,1610612747,LAL,Los Angeles Lakers,1629020,Rui Hachimura,2025-26,Regular Season,2026-01-29,1610612752,NYK,New York Knicks,False,True,L,32.1,7,2,4,1,2,4,8,1,2,3,0,3,3,4,2,12
0000000412,1610612752,NYK,New York Knicks,1628973,Jalen Brunson,2025-26,Regular Season,2026-01-31,1610612744,GSW,Golden State Warriors,True,False,W,32.4,26,10,15,1,2,1,3,4,4,8,4,4,0,1,5,3
0000000412,1610612752,NYK,New York Knicks,1626164,Isaiah Hartenstein,2025-26,Regular Season,2026-01-31,1610612744,GSW,Golden State Warriors,True,False,W,27.2,24,9,13,1,2,0,0,0,11,11,1,0,3,4,3,-11
0000000412,1610612752,NYK,New York Knicks,1629628,RJ Barrett,2025-26,Regular Season,2026-01-31,1610612744,GSW,Golden State Warriors,True,False,W,21.3,16,6,11,0,2,0,0,3,0,3,5,4,1,4,1,-11
0000000412,1610612752,NYK,New York Knicks,1630193,Immanuel Quickley,2025-26,Regular Season,2026-01-31,1610612744,GSW,Golden State Warriors,True,False,W,19.3,11,4,7,4,7,3,3,0,0,0,5,0,0,4,1,10
0000000412,1610612752,NYK,New York Knicks,203944,Julius Randle,2025-26,Regular Season,2026-01-31,1610612744,GSW,Golden State Warriors,True,False,W,21.0,18,7,10,1,4,0,3,0,7,7,2,3,3,0,3,-7
0000000412,1610612752,NYK,New York Knicks,1631216,Miles McBride,2025-26,Regular Season,2026-01-31,1610612744,GSW,Golden State Warriors,True,False,W,26.4,8,3,9,3,7,3,8,1,0,1,2,0,1,4,4,-8
0000000412,1610612744,GSW,Golden State Warriors,201939,Stephen Curry,2025-26,Regular Season,2026-01-31,1610612752,NYK,New York Knicks,False,True,L,22.1,15,6,11,2,3,2,7,0,5,5,7,4,3,4,0,4
0000000412,1610612744,GSW,Golden State Warriors,202691,Klay Thompson,2025-26,Regular Season,2026-01-31,1610612752,NYK,New York Knicks,False,True,L,35.1,20,8,13,3,10,1,2,2,0,2,2,3,0,1,5,4
0000000412,1610612744,GSW,Golden State Warriors,203110,Draymond Green,2025-26,Regular Season,2026-01-31,1610612752,NYK,New York Knicks,False,True,L,21.9,14,5,12,1,3,0,0,3,5,8,6,3,1,3,0,-4
0000000412,1610612744,GSW,Golden State Warriors,1630228,Jonathan Kuminga,2025-26,Regular Season,2026-01-31,1610612752,NYK,New York Knicks,False,True,L,28.5,17,6,10,0,0,1,3,0,0,0,3,0,1,0,0,-3
0000000412,1610612744,GSW,Golden State Warriors,1626172,Kevon Looney,2025-26,Regular Season,2026-01-31,1610612752,NYK,New York Knicks,False,True,L,30.6,4,1,4,1,2,6,6,2,7,9,1,4,1,3,4,-14
0000000412,1610612744,GSW,Golden State Warriors,1630541,Brandin Podziemski,2025-26,Regular Season,2026-01-31,1610612752,NYK,New York Knicks,False,True,L,26.7,7,5,8,5,8,0,0,1,2,3,5,1,2,4,4,11
0000000413,1610612752,NYK,New York Knicks,1628973,Jalen Brunson,2025-26,Regular Season,2026-02-02,1610612743,DEN,Denver Nuggets,True,False,W,23.7,25,10,16,0,1,2,4,0,2,2,10,2,3,4,1,-18
0000000413,1610612752,NYK,New York Knicks,1626164,Isaiah Hartenstein,2025-26,Regular Season,2026-02-02,1610612743,DEN,Denver Nuggets,True,False,W,24.7,32,12,18,0,1,0,0,4,0,4,2,3,3,0,1,-13
0000000413,1610612752,NYK,New York Knicks,1629628,RJ Barrett,2025-26,Regular Season,2026-02-02,1610612743,DEN,Denver Nuggets,True,False,W,32.9,14,5,9,3,3,1,3,3,6,9,4,0,3,0,4,9
0000000413,1610612752,NYK,New York Knicks,1630193,Immanuel Quickley,2025-26,Regular Season,2026-02-02,1610612743,DEN,Denver Nuggets,True,False,W,36.9,4,8,8,8,8,1,1,2,5,7,5,1,3,3,4,15
0000000413,1610612752,NYK,New York Knicks,203944,Julius Randle,2025-26,Regular Season,2026-02-02,1610612743,DEN,Denver Nuggets,True,False,W,23.9,13,8,12,8,9,0,8,4,4,8,5,2,2,5,0,-4
0000000413,1610612752,NYK,New York Knicks,1631216,Miles McBride,2025-26,Regular Season,2026-02-02,1610612743,DEN,Denver Nuggets,True,False,W,19.5,2,4,6,4,6,0,3,2,0,2,1,3,1,2,1,14
0000000413,1610612743,DEN,Denver Nuggets,203999,Nikola Jokić,2025-26,Regular Season,2026-02-02,1610612752,NYK,New York Knicks,False,True,L,24.3,19,7,11,0,0,0,0,3,12,15,9,1,0,0,2,-15
0000000413,1610612743,DEN,Denver Nuggets,1627750,Jamal Murray,2025-26,Regular Season,2026-02-02,1610612752,NYK,New York Knicks,False,True,L,32.0,25,10,13,0,1,6,8,0,0,0,6,1,3,5,1,-2
0000000413,1610612743,DEN,Denver Nuggets,1628420,Aaron Gordon,2025-26,Regular Season,2026-02-02,1610612752,NYK,New York Knicks,False,True,L,31.0,2,4,10,4,10,2,3,0,2,2,2,1,2,1,4,-6
0000000413,1610612743,DEN,Denver Nuggets,1630166,Christian Braun,2025-26,Regular Season,2026-02-02,1610612752,NYK,New York Knicks,False,True,L,32.1,0,3,4,3,4,0,0,1,4,5,0,0,1,3,5,5
0000000413,1610612743,DEN,Denver Nuggets,203914,Kentavious Caldwell-Pope,2025-26,Regular Season,2026-02-02,1610612752,NYK,New York Knicks,False,True,L,22.0,17,6,14,4,9,2,2,2,0,2,4,1,2,5,0,-16
0000000413,1610612743,DEN,Denver Nuggets,1631128,Peyton Watson,2025-26,Regular Season,2026-02-02,1610612752,NYK,New York Knicks,False,True,L,27.4,8,3,10,1,6,0,0,0,7,7,0,4,1,2,5,-2
0000000414,1610612752,NYK,New York Knicks,1628973,Jalen Brunson,2025-26,Regular Season,2026-02-04,1610612738,BOS,Boston Celtics,True,False,W,26.0,37,14,24,0,1,2,6,0,0,0,10,4,2,4,0,-16
0000000414,1610612752,NYK,New York Knicks,1626164,Isaiah Hartenstein,2025-26,Regular Season,2026-02-04,1610612738,BOS,Boston Celtics,True,False,W,19.7,13,5,10,2,2,3,7,2,7,9,2,0,1,1,4,14
0000000414,1610612752,NYK,New York Knicks,1629628,RJ Barrett,2025-26,Regular Season,2026-02-04,1610612738,BOS,Boston Celtics,True,False,W,22.0,22,8,17,4,4,1,6,3,1,4,1,2,0,5,2,6
0000000414,1610612752,NYK,New York Knicks,1630193,Immanuel Quickley,2025-26,Regular Season,2026-02-04,1610612738,BOS,Boston Celtics,True,False,W,29.0,22,8,17,5,6,0,1,2,1,3,4,0,0,3,0,4
0000000414,1610612752,NYK,New York Knicks,203944,Julius Randle,2025-26,Regular Season,2026-02-04,1610612738,BOS,Boston Celtics,True,False,W,28.6,14,5,10,0,9,1,1,2,6,8,3,4,1,2,1,14
0000000414,1610612752,NYK,New York Knicks,1631216,Miles McBride,2025-26,Regular Season,2026-02-04,1610612738,BOS,Boston Celtics,True,False,W,22.4,1,1,8,1,8,0,8,2,1,3,0,3,0,5,0,14
0000000414,1610612738,BOS,Boston Celtics,1628369,Jayson Tatum,2025-26,Regular Season,2026-02-04,1610612752,NYK,New York Knicks,False,True,L,34.1,24,9,15,0,1,1,2,3,1,4,3,2,2,2,3,8
0000000414,1610612738,BOS,Boston Celtics,1627759,Jaylen Brown,2025-26,Regular Season,2026-02-04,1610612752,NYK,New York Knicks,False,True,L,18.4,30,12,17,1,1,6,7,4,0,4,3,2,0,5,5,12
0000000414,1610612738,BOS,Boston Celtics,201950,Jrue Holiday,2025-26,Regular Season,2026-02-04,1610612752,NYK,New York Knicks,False,True,L,22.6,13,5,11,0,5,0,0,2,1,3,3,1,3,5,2,-12
0000000414,1610612738,BOS,Boston Celtics,1628464,Derrick White,2025-26,Regular Season,2026-02-04,1610612752,NYK,New York Knicks,False,True,L,31.6,14,5,12,5,10,0,4,2,0,2,3,3,1,4,4,8
0000000414,1610612738,BOS,Boston Celtics,203935,Kristaps Porziņģis,2025-26,Regular Season,2026-02-04,1610612752,NYK,New York Knicks,False,True,L,20.3,19,7,10,2,2,7,7,4,5,9,0,0,3,4,3,-12
0000000414,1610612738,BOS,Boston Celtics,1629057,Robert Williams,2025-26,Regular Season,2026-02-04,1610612752,NYK,New York Knicks,False,True,L,30.3,2,0,7,0,0,1,6,3,7,10,4,2,3,5,1,-15
0000000415,1610612752,NYK,New York Knicks,1628973,Jalen Brunson,2025-26,Regular Season,2026-02-06,1610612748,MIA,Miami Heat,True,False,W,27.0,23,9,12,5,8,1,6,0,1,1,7,0,1,0,0,-18
0000000415,1610612752,NYK,New York Knicks,1626164,Isaiah Hartenstein,2025-26,Regular Season,2026-02-06,1610612748,MIA,Miami Heat,True,False,W,31.1,23,9,13,1,3,1,2,2,11,13,2,4,2,1,5,9
0000000415,1610612752,NYK,New York Knicks,1629628,RJ Barrett,2025-26,Regular Season,2026-02-06,1610612748,MIA,Miami Heat,True,False,W,25.3,16,6,13,0,1,4,4,2,5,7,3,3,3,0,2,-14
0000000415,1610612752,NYK,New York Knicks,1630193,Immanuel Quickley,2025-26,Regular Season,2026-02-06,1610612748,MIA,Miami Heat,True,False,W,29.2,18,7,13,4,6,1,5,3,0,3,1,3,3,2,0,5
0000000415,1610612752,NYK,New York Knicks,203944,Julius Randle,2025-26,Regular Season,2026-02-06,1610612748,MIA,Miami Heat,True,False,W,23.8,20,8,15,0,0,0,0,0,11,11,0,0,3,5,4,15
0000000415,1610612752,NYK,New York Knicks,1631216,Miles McBride,2025-26,Regular Season,2026-02-06,1610612748,MIA,Miami Heat,True,False,W,35.1,7,2,6,2,6,3,3,3,0,3,0,3,2,5,3,-14
0000000415,1610612748,MIA,Miami Heat,202710,Jimmy Butler,2025-26,Regular Season,2026-02-06,1610612752,NYK,New York Knicks,False,True,L,25.1,16,6,14,3,6,1,4,4,4,8,4,4,2,3,4,-14
0000000415,1610612748,MIA,Miami Heat,1629639,Tyler Herro,2025-26,Regular Season,2026-02-06,1610612752,NYK,New York Knicks,False,True,L,26.7,16,6,13,5,6,1,2,3,0,3,4,0,1,4,4,1
0000000415,1610612748,MIA,Miami Heat,202355,Bam Adebayo,2025-26,Regular Season,2026-02-06,1610612752,NYK,New York Knicks,False,True,L,31.2,20,8,13,1,3,0,1,0,12,12,2,2,3,1,4,-1
0000000415,1610612748,MIA,Miami Heat,1631107,Jaime Jaquez,2025-26,Regular Season,2026-02-06,1610612752,NYK,New York Knicks,False,True,L,32.4,10,4,9,1,8,4,7,0,4,4,5,4,3,3,5,-6
0000000415,1610612748,MIA,Miami Heat,203482,Kelly Olynyk,2025-26,Regular Season,2026-02-06,1610612752,NYK,New York Knicks,False,True,L,33.8,13,5,12,1,1,1,3,0,4,4,4,0,2,3,1,-13
0000000415,1610612748,MIA,Miami Heat,1630217,Caleb Martin,2025-26,Regular Season,2026-02-06,1610612752,NYK,New York Knicks,False,True,L,21.8,10,4,7,1,2,6,6,3,2,5,2,4,1,1,2,-4
0000000416,1610612748,MIA,Miami Heat,202710,Jimmy Butler,2025-26,Regular Season,2026-02-08,1610612747,LAL,Los Angeles Lakers,True,False,L,19.8,23,9,12,0,0,5,5,3,1,4,6,4,2,0,2,9
0000000416,1610612748,MIA,Miami Heat,1629639,Tyler Herro,2025-26,Regular Season,2026-02-08,1610612747,LAL,Los Angeles Lakers,True,False,L,25.4,21,8,15,2,4,4,7,1,4,5,1,3,3,0,5,-18
0000000416,1610612748,MIA,Miami Heat,202355,Bam Adebayo,2025-26,Regular Season,2026-02-08,1610612747,LAL,Los Angeles Lakers,True,False,L,32.8,18,7,14,1,2,4,8,4,7,11,4,4,3,0,4,-7
0000000416,1610612748,MIA,Miami Heat,1631107,Jaime Jaquez,2025-26,Regular Season,2026-02-08,1610612747,LAL,Los Angeles Lakers,True,False,L,18.7,8,7,9,7,9,0,1,4,2,6,0,0,0,3,2,-5
0000000416,1610612748,MIA,Miami Heat,203482,Kelly Olynyk,2025-26,Regular Season,2026-02-08,1610612747,LAL,Los Angeles Lakers,True,False,L,23.8,5,2,3,2,3,0,2,1,5,6,4,0,1,3,1,6
0000000416,1610612748,MIA,Miami Heat,1630217,Caleb Martin,2025-26,Regular Season,2026-02-08,1610612747,LAL,Los Angeles Lakers,True,False,L,28.3,0,0,7,0,7,5,6,4,1,5,0,1,2,1,4,-2
0000000416,1610612747,LAL,Los Angeles Lakers,2544,LeBron James,2025-26,Regular Season,2026-02-08,1610612748,MIA,Miami Heat,False,True,W,23.3,33,13,22,4,8,2,7,0,10,10,4,1,0,0,0,4
0000000416,1610612747,LAL,Los Angeles Lakers,1629029,Luka Dončić,2025-26,Regular Season,2026-02-08,1610612748,MIA,Miami Heat,False,True,W,35.8,17,6,10,6,10,0,4,1,11,12,5,4,3,5,1,-6
0000000416,1610612747,LAL,Los Angeles Lakers,203076,Anthony Davis,2025-26,Regular Season,2026-02-08,1610612748,MIA,Miami Heat,False,True,W,25.0,31,12,18,1,2,1,3,4,4,8,1,1,1,1,3,4
0000000416,1610612747,LAL,Los Angeles Lakers,1630559,Austin Reaves,2025-26,Regular Season,2026-02-08,1610612748,MIA,Miami Heat,False,True,W,32.7,5,2,5,2,5,0,5,1,7,8,5,0,0,4,0,-9
0000000416,1610612747,LAL,Los Angeles Lakers,1626156,Dalton Knecht,2025-26,Regular Season,2026-02-08,1610612748,MIA,Miami Heat,False,True,W,20.6,15,6,8,2,2,1,1,0,0,0,0,1,3,4,0,-14
0000000416,1610612747,LAL,Los Angeles Lakers,1629020,Rui Hachimura,2025-26,Regular Season,2026-02-08,1610612748,MIA,Miami Heat,False,True,W,35.0,0,3,4,3,4,4,4,3,0,3,3,4,1,2,4,11
0000000417,1610612748,MIA,Miami Heat,202710,Jimmy Butler,2025-26,Regular Season,2026-02-10,1610612744,GSW,Golden State Warriors,True,False,W,27.9,21,8,16,3,10,2,7,2,9,11,13,1,3,4,4,-7
0000000417,1610612748,MIA,Miami Heat,1629639,Tyler Herro,2025-26,Regular Season,2026-02-10,1610612744,GSW,Golden State Warriors,True,False,W,33.0,23,9,15,6,6,1,5,3,0,3,2,1,1,1,0,-11
0000000417,1610612748,MIA,Miami Heat,202355,Bam Adebayo,2025-26,Regular Season,2026-02-10,1610612744,GSW,Golden State Warriors,True,False,W,30.9,18,7,10,0,1,1,3,2,11,13,4,3,2,3,2,-4
0000000417,1610612748,MIA,Miami Heat,1631107,Jaime Jaquez,2025-26,Regular Season,2026-02-10,1610612744,GSW,Golden State Warriors,True,False,W,34.0,11,6,11,6,10,7,7,1,4,5,1,0,3,0,0,-1
0000000417,1610612748,MIA,Miami Heat,203482,Kelly Olynyk,2025-26,Regular Season,2026-02-10,1610612744,GSW,Golden State Warriors,True,False,W,30.8,10,4,7,0,2,1,3,1,1,2,0,0,1,5,2,-4
0000000417,1610612748,MIA,Miami Heat,1630217,Caleb Martin,2025-26,Regular Season,2026-02-10,1610612744,GSW,Golden State Warriors,True,False,W,37.5,17,6,10,0,0,0,3,2,0,2,1,3,1,3,5,-9
0000000417,1610612744,GSW,Golden State Warriors,201939,Stephen Curry,2025-26,Regular Season,2026-02-10,1610612748,MIA,Miami Heat,False,True,L,27.5,28,11,19,0,2,0,1,0,7,7,6,1,0,2,3,17
0000000417,1610612744,GSW,Golden State Warriors,202691,Klay Thompson,2025-26,Regular Season,2026-02-10,1610612748,MIA,Miami Heat,False,True,L,37.8,21,8,12,0,2,5,5,1,2,3,2,3,0,1,4,9
0000000417,1610612744,GSW,Golden State Warriors,203110,Draymond Green,2025-26,Regular Season,2026-02-10,1610612748,MIA,Miami Heat,False,True,L,18.0,13,5,11,0,8,0,1,1,8,9,4,3,0,3,4,-3
0000000417,1610612744,GSW,Golden State Warriors,1630228,Jonathan Kuminga,2025-26,Regular Season,2026-02-10,1610612748,MIA,Miami Heat,False,True,L,30.2,18,7,15,5,9,2,3,1,9,10,3,2,3,0,2,2
0000000417,1610612744,GSW,Golden State Warriors,1626172,Kevon Looney,2025-26,Regular Season,2026-02-10,1610612748,MIA,Miami Heat,False,True,L,19.9,3,1,7,0,0,1,6,2,0,2,2,4,2,2,0,14
0000000417,1610612744,GSW,Golden State Warriors,1630541,Brandin Podziemski,2025-26,Regular Season,2026-02-10,1610612748,MIA,Miami Heat,False,True,L,28.5,5,2,7,0,0,4,6,2,3,5,4,1,2,5,2,7
0000000418,1610612748,MIA,Miami Heat,202710,Jimmy Butler,2025-26,Regular Season,2026-02-12,1610612743,DEN,Denver Nuggets,True,False,L,25.1,15,6,8,0,5,3,4,1,3,4,2,1,3,2,2,8
0000000418,1610612748,MIA,Miami Heat,1629639,Tyler Herro,2025-26,Regular Season,2026-02-12,1610612743,DEN,Denver Nuggets,True,False,L,35.8,16,6,14,5,5,3,3,0,9,9,3,2,3,2,1,-16
0000000418,1610612748,MIA,Miami Heat,202355,Bam Adebayo,2025-26,Regular Season,2026-02-12,1610612743,DEN,Denver Nuggets,True,False,L,32.8,20,8,15,0,0,0,0,3,7,10,1,1,3,0,2,-3
0000000418,1610612748,MIA,Miami Heat,1631107,Jaime Jaquez,2025-26,Regular Season,2026-02-12,1610612743,DEN,Denver Nuggets,True,False,L,26.0,12,4,10,1,7,4,8,1,6,7,0,0,1,5,2,2
0000000418,1610612748,MIA,Miami Heat,203482,Kelly Olynyk,2025-26,Regular Season,2026-02-12,1610612743,DEN,Denver Nuggets,True,False,L,23.3,6,2,9,1,3,3,3,0,0,0,0,2,2,1,1,-6
0000000418,1610612748,MIA,Miami Heat,1630217,Caleb Martin,2025-26,Regular Season,2026-02-12,1610612743,DEN,Denver Nuggets,True,False,L,20.1,6,2,9,0,6,0,0,0,1,1,6,4,3,4,2,13
0000000418,1610612743,DEN,Denver Nuggets,203999,Nikola Jokić,2025-26,Regular Season,2026-02-12,1610612748,MIA,Miami Heat,False,True,W,34.3,26,10,17,1,2,0,5,3,9,12,6,3,0,2,2,-8
0000000418,1610612743,DEN,Denver Nuggets,1627750,Jamal Murray,2025-26,Regular Season,2026-02-12,1610612748,MIA,Miami Heat,False,True,W,21.3,32,12,21,9,10,7,8,3,0,3,5,1,3,1,2,18
0000000418,1610612743,DEN,Denver Nuggets,1628420,Aaron Gordon,2025-26,Regular Season,2026-02-12,1610612748,MIA,Miami Heat,False,True,W,32.5,20,8,12,6,9,0,2,2,6,8,3,0,0,3,1,-16
0000000418,1610612743,DEN,Denver Nuggets,1630166,Christian Braun,2025-26,Regular Season,2026-02-12,1610612748,MIA,Miami Heat,False,True,W,24.2,15,6,8,0,2,0,0,0,0,0,2,1,1,4,4,-14
0000000418,1610612743,DEN,Denver Nuggets,203914,Kentavious Caldwell-Pope,2025-26,Regular Season,2026-02-12,1610612748,MIA,Miami Heat,False,True,W,32.0,11,4,6,1,3,3,5,4,0,4,2,2,0,5,0,2
0000000418,1610612743,DEN,Denver Nuggets,1631128,Peyton Watson,2025-26,Regular Season,2026-02-12,1610612748,MIA,Miami Heat,False,True,W,31.0,8,3,9,0,0,1,1,1,9,10,0,3,0,3,3,-16
0000000419,1610612748,MIA,Miami Heat,202710,Jimmy Butler,2025-26,Regular Season,2026-02-14,1610612738,BOS,Boston Celtics,True,False,L,23.9,18,7,13,2,2,7,7,0,6,6,6,1,2,1,3,15
0000000419,1610612748,MIA,Miami Heat,1629639,Tyler Herro,2025-26,Regular Season,2026-02-14,1610612738,BOS,Boston Celtics,True,False,L,36.2,25,10,13,3,5,8,8,1,0,1,3,4,3,2,5,-11
0000000419,1610612748,MIA,Miami Heat,202355,Bam Adebayo,2025-26,Regular Season,2026-02-14,1610612738,BOS,Boston Celtics,True,False,L,27.7,21,8,11,0,0,1,2,1,8,9,5,1,1,3,4,-3
0000000419,1610612748,MIA,Miami Heat,1631107,Jaime Jaquez,2025-26,Regular Season,2026-02-14,1610612738,BOS,Boston Celtics,True,False,L,19.5,15,6,13,0,0,1,1,0,1,1,3,1,1,2,4,-11
0000000419,1610612748,MIA,Miami Heat,203482,Kelly Olynyk,2025-26,Regular Season,2026-02-14,1610612738,BOS,Boston Celtics,True,False,L,18.6,6,2,7,1,1,1,7,3,1,4,4,2,0,0,4,-7
0000000419,1610612748,MIA,Miami Heat,1630217,Caleb Martin,2025-26,Regular Season,2026-02-14,1610612738,BOS,Boston Celtics,True,False,L,28.5,0,0,3,0,3,7,7,2,1,3,3,4,2,1,0,-1
0000000419,1610612738,BOS,Boston Celtics,1628369,Jayson Tatum,2025-26,Regular Season,2026-02-14,1610612748,MIA,Miami Heat,False,True,W,30.2,33,13,18,0,0,5,7,3,4,7,6,1,2,5,0,-18
0000000419,1610612738,BOS,Boston Celtics,1627759,Jaylen Brown,2025-26,Regular Season,2026-02-14,1610612748,MIA,Miami Heat,False,True,W,25.8,14,5,13,1,1,1,8,4,5,9,1,2,0,1,4,-7
0000000419,1610612738,BOS,Boston Celtics,201950,Jrue Holiday,2025-26,Regular Season,2026-02-14,1610612748,MIA,Miami Heat,False,True,W,23.4,15,6,9,0,3,0,4,2,7,9,7,2,0,5,4,12
0000000419,1610612738,BOS,Boston Celtics,1628464,Derrick White,2025-26,Regular Season,2026-02-14,1610612748,MIA,Miami Heat,False,True,W,18.4,22,8,15,0,1,0,7,3,6,9,5,3,2,3,0,-16
0000000419,1610612738,BOS,Boston Celtics,203935,Kristaps Porziņģis,2025-26,Regular Season,2026-02-14,1610612748,MIA,Miami Heat,False,True,W,37.4,25,10,17,0,0,3,7,2,7,9,0,4,1,0,3,-10
0000000419,1610612738,BOS,Boston Celtics,1629057,Robert Williams,2025-26,Regular Season,2026-02-14,1610612748,MIA,Miami Heat,False,True,W,33.2,12,4,7,2,2,0,6,1,3,4,0,3,2,1,0,-18
0000000420,1610612748,MIA,Miami Heat,202710,Jimmy Butler,2025-26,Regular Season,2026-02-16,1610612752,NYK,New York Knicks,True,False,L,32.4,13,5,11,5,6,6,6,1,5,6,5,4,3,1,0,12
0000000420,1610612748,MIA,Miami Heat,1629639,Tyler Herro,2025-26,Regular Season,2026-02-16,1610612752,NYK,New York Knicks,True,False,L,19.5,15,6,11,0,6,2,4,2,2,4,6,0,0,5,0,-17
0000000420,1610612748,MIA,Miami Heat,202355,Bam Adebayo,2025-26,Regular Season,2026-02-16,1610612752,NYK,New York Knicks,True,False,L,36.1,13,5,10,3,3,1,7,1,10,11,2,2,1,4,3,-14
0000000420,1610612748,MIA,Miami Heat,1631107,Jaime Jaquez,2025-26,Regular Season,2026-02-16,1610612752,NYK,New York Knicks,True,False,L,21.6,12,4,10,1,10,0,7,0,4,4,4,3,0,4,2,16
0000000420,1610612748,MIA,Miami Heat,203482,Kelly Olynyk,2025-26,Regular Season,2026-02-16,1610612752,NYK,New York Knicks,True,False,L,21.8,10,4,9,0,1,0,6,0,5,5,1,3,1,4,2,-2
0000000420,1610612748,MIA,Miami Heat,1630217,Caleb Martin,2025-26,Regular Season,2026-02-16,1610612752,NYK,New York Knicks,True,False,L,18.3,11,4,8,4,7,0,0,0,0,0,0,3,3,1,3,17
0000000420,1610612752,NYK,New York Knicks,1628973,Jalen Brunson,2025-26,Regular Season,2026-02-16,1610612748,MIA,Miami Heat,False,True,W,25.2,33,13,22,6,8,6,6,1,3,4,9,2,1,5,2,17
0000000420,1610612752,NYK,New York Knicks,1626164,Isaiah Hartenstein,2025-26,Regular Season,2026-02-16,1610612748,MIA,Miami Heat,False,True,W,30.8,19,7,12,3,3,1,3,2,2,4,2,3,2,2,2,-4
0000000420,1610612752,NYK,New York Knicks,1629628,RJ Barrett,2025-26,Regular Season,2026-02-16,1610612748,MIA,Miami Heat,False,True,W,34.6,17,6,12,3,3,0,0,0,9,9,2,1,0,5,4,2
0000000420,1610612752,NYK,New York Knicks,1630193,Immanuel Quickley,2025-26,Regular Season,2026-02-16,1610612748,MIA,Miami Heat,False,True,W,35.4,11,4,8,1,8,2,7,0,3,3,3,3,1,2,0,-10
0000000420,1610612752,NYK,New York Knicks,203944,Julius Randle,2025-26,Regular Season,2026-02-16,1610612748,MIA,Miami Heat,False,True,W,19.7,21,8,16,3,9,1,3,0,10,10,3,3,1,0,5,-8
0000000420,1610612752,NYK,New York Knicks,1631216,Miles McBride,2025-26,Regular Season,2026-02-16,1610612748,MIA,Miami Heat,False,True,W,21.4,7,2,8,0,2,3,6,4,0,4,3,2,3,5,0,-18
0000000421,1610612747,LAL,Los Angeles Lakers,2544,LeBron James,2025-26,Regular Season,2026-02-18,1610612744,GSW,Golden State Warriors,True,False,W,21.5,22,8,16,2,4,0,0,4,4,8,7,2,3,4,5,-8
0000000421,1610612747,LAL,Los Angeles Lakers,1629029,Luka Dončić,2025-26,Regular Season,2026-02-18,1610612744,GSW,Golden State Warriors,True,False,W,23.1,8,3,8,2,6,0,4,2,7,9,8,1,1,1,1,-14
0000000421,1610612747,LAL,Los Angeles Lakers,203076,Anthony Davis,2025-26,Regular Season,2026-02-18,1610612744,GSW,Golden State Warriors,True,False,W,30.1,21,8,16,0,0,0,0,4,8,12,3,1,3,4,5,3
0000000421,1610612747,LAL,Los Angeles Lakers,1630559,Austin Reaves,2025-26,Regular Season,2026-02-18,1610612744,GSW,Golden State Warriors,True,False,W,30.3,11,5,7,5,6,1,1,0,2,2,2,2,2,5,4,5
0000000421,1610612747,LAL,Los Angeles Lakers,1626156,Dalton Knecht,2025-26,Regular Season,2026-02-18,1610612744,GSW,Golden State Warriors,True,False,W,29.6,12,4,8,4,5,6,7,0,0,0,0,4,0,2,4,7
0000000421,1610612747,LAL,Los Angeles Lakers,1629020,Rui Hachimura,2025-26,Regular Season,2026-02-18,1610612744,GSW,Golden State Warriors,True,False,W,18.3,16,6,11,0,2,0,0,2,5,7,2,3,1,2,4,1
0000000421,1610612744,GSW,Golden State Warriors,201939,Stephen Curry,2025-26,Regular Season,2026-02-18,1610612747,LAL,Los Angeles Lakers,False,True,L,20.2,22,8,14,7,10,0,8,3,2,5,4,0,3,0,5,-8
0000000421,1610612744,GSW,Golden State Warriors,202691,Klay Thompson,2025-26,Regular Season,2026-02-18,1610612747,LAL,Los Angeles Lakers,False,True,L,36.8,17,6,10,2,2,7,7,1,1,2,2,1,2,2,5,-16
0000000421,1610612744,GSW,Golden State Warriors,203110,Draymond Green,2025-26,Regular Season,2026-02-18,1610612747,LAL,Los Angeles Lakers,False,True,L,25.7,7,3,9,3,3,0,6,1,14,15,5,1,1,4,1,-13
0000000421,1610612744,GSW,Golden State Warriors,1630228,Jonathan Kuminga,2025-26,Regular Season,2026-02-18,1610612747,LAL,Los Angeles Lakers,False,True,L,22.3,8,3,8,1,1,0,4,2,0,2,1,1,2,4,4,-8
0000000421,1610612744,GSW,Golden State Warriors,1626172,Kevon Looney,2025-26,Regular Season,2026-02-18,1610612747,LAL,Los Angeles Lakers,False,True,L,34.0,14,5,13,0,1,0,0,4,2,6,0,4,1,1,4,-17
0000000421,1610612744,GSW,Golden State Warriors,1630541,Brandin Podziemski,2025-26,Regular Season,2026-02-18,1610612747,LAL,Los Angeles Lakers,False,True,L,21.0,18,7,15,0,1,2,4,1,6,7,3,1,3,5,0,-14
0000000422,1610612747,LAL,Los Angeles Lakers,2544,LeBron James,2025-26,Regular Season,2026-02-20,1610612743,DEN,Denver Nuggets,True,False,W,21.8,20,8,15,1,3,8,8,3,5,8,5,0,2,5,4,-17
0000000422,1610612747,LAL,Los Angeles Lakers,1629029,Luka Dončić,2025-26,Regular Season,2026-02-20,1610612743,DEN,Denver Nuggets,True,False,W,18.6,25,10,14,5,6,0,4,4,3,7,8,1,1,0,4,13
0000000422,1610612747,LAL,Los Angeles Lakers,203076,Anthony Davis,2025-26,Regular Season,2026-02-20,1610612743,DEN,Denver Nuggets,True,False,W,29.7,15,6,12,2,3,3,3,3,10,13,3,3,3,3,4,13
0000000422,1610612747,LAL,Los Angeles Lakers,1630559,Austin Reaves,2025-26,Regular Season,2026-02-20,1610612743,DEN,Denver Nuggets,True,False,W,37.6,30,12,16,0,4,1,6,4,2,6,5,0,2,3,5,17
0000000422,1610612747,LAL,Los Angeles Lakers,1626156,Dalton Knecht,2025-26,Regular Season,2026-02-20,1610612743,DEN,Denver Nuggets,True,False,W,21.5,16,6,12,2,2,2,5,0,7,7,0,2,2,0,5,12
0000000422,1610612747,LAL,Los Angeles Lakers,1629020,Rui Hachimura,2025-26,Regular Season,2026-02-20,1610612743,DEN,Denver Nuggets,True,False,W,35.9,7,2,9,1,3,0,1,4,3,7,0,2,0,2,5,-12
0000000422,1610612743,DEN,Denver Nuggets,203999,Nikola Jokić,2025-26,Regular Season,2026-02-20,1610612747,LAL,Los Angeles Lakers,False,True,L,29.1,32,12,19,2,2,0,6,2,14,16,4,3,2,0,3,-12
0000000422,1610612743,DEN,Denver Nuggets,1627750,Jamal Murray,2025-26,Regular Season,2026-02-20,1610612747,LAL,Los Angeles Lakers,False,True,L,30.0,15,6,9,0,9,0,3,0,0,0,3,3,0,2,5,-18
0000000422,1610612743,DEN,Denver Nuggets,1628420,Aaron Gordon,2025-26,Regular Season,2026-02-20,1610612747,LAL,Los Angeles Lakers,False,True,L,31.7,1,2,6,2,2,2,8,1,4,5,1,2,0,1,5,-5
0000000422,1610612743,DEN,Denver Nuggets,1630166,Christian Braun,2025-26,Regular Season,2026-02-20,1610612747,LAL,Los Angeles Lakers,False,True,L,21.0,5,5,6,5,5,7,7,4,2,6,0,0,3,4,5,-17
0000000422,1610612743,DEN,Denver Nuggets,203914,Kentavious Caldwell-Pope,2025-26,Regular Season,2026-02-20,1610612747,LAL,Los Angeles Lakers,False,True,L,31.9,5,2,3,1,1,3,4,3,2,5,3,0,2,3,2,3
0000000422,1610612743,DEN,Denver Nuggets,1631128,Peyton Watson,2025-26,Regular Season,2026-02-20,1610612747,LAL,Los Angeles Lakers,False,True,L,34.9,0,0,5,0,0,2,5,0,9,9,0,2,3,0,4,-5
0000000423,1610612747,LAL,Los Angeles Lakers,2544,LeBron James,2025-26,Regular Season,2026-02-22,1610612738,BOS,Boston Celtics,True,False,L,21.0,31,12,18,1,1,0,6,3,6,9,8,4,2,0,4,-1
0000000423,1610612747,LAL,Los Angeles Lakers,1629029,Luka Dončić,2025-26,Regular Season,2026-02-22,1610612738,BOS,Boston Celtics,True,False,L,36.3,24,9,17,1,1,1,5,4,7,11,8,2,3,0,2,-9
0000000423,1610612747,LAL,Los Angeles Lakers,203076,Anthony Davis,2025-26,Regular Season,2026-02-22,1610612738,BOS,Boston Celtics,True,False,L,19.0,22,8,13,3,3,1,3,4,6,10,2,0,3,5,5,2
0000000423,1610612747,LAL,Los Angeles Lakers,1630559,Austin Reaves,2025-26,Regular Season,2026-02-22,1610612738,BOS,Boston Celtics,True,False,L,19.6,9,3,6,1,1,1,1,4,0,4,6,3,1,4,3,0
0000000423,1610612747,LAL,Los Angeles Lakers,1626156,Dalton Knecht,2025-26,Regular Season,2026-02-22,1610612738,BOS,Boston Celtics,True,False,L,35.9,7,2,7,1,3,6,7,0,0,0,1,3,0,2,4,0
0000000423,1610612747,LAL,Los Angeles Lakers,1629020,Rui Hachimura,2025-26,Regular Season,2026-02-22,1610612738,BOS,Boston Celtics,True,False,L,18.4,14,5,11,2,2,7,8,2,1,3,1,0,1,0,0,-7
0000000423,1610612738,BOS,Boston Celtics,1628369,Jayson Tatum,2025-26,Regular Season,2026-02-22,1610612747,LAL,Los Angeles Lakers,False,True,W,28.6,39,15,21,1,1,0,0,1,3,4,2,2,0,2,5,-7
0000000423,1610612738,BOS,Boston Celtics,1627759,Jaylen Brown,2025-26,Regular Season,2026-02-22,1610612747,LAL,Los Angeles Lakers,False,True,W,29.1,28,11,20,1,5,2,2,4,7,11,1,3,1,5,2,-3
0000000423,1610612738,BOS,Boston Celtics,201950,Jrue Holiday,2025-26,Regular Season,2026-02-22,1610612747,LAL,Los Angeles Lakers,False,True,W,34.3,15,8,13,8,9,3,6,0,5,5,2,2,2,1,0,-13
0000000423,1610612738,BOS,Boston Celtics,1628464,Derrick White,2025-26,Regular Season,2026-02-22,1610612747,LAL,Los Angeles Lakers,False,True,W,33.1,16,6,14,0,3,0,6,0,0,0,2,1,3,0,0,13
0000000423,1610612738,BOS,Boston Celtics,203935,Kristaps Porziņģis,2025-26,Regular Season,2026-02-22,1610612747,LAL,Los Angeles Lakers,False,True,W,34.2,27,10,18,0,0,0,0,4,8,12,2,3,1,2,5,4
0000000423,1610612738,BOS,Boston Celtics,1629057,Robert Williams,2025-26,Regular Season,2026-02-22,1610612747,LAL,Los Angeles Lakers,False,True,W,27.7,18,7,15,2,2,3,8,0,5,5,0,0,1,1,4,-10
0000000424,1610612747,LAL,Los Angeles Lakers,2544,LeBron James,2025-26,Regular Season,2026-02-24,1610612752,NYK,New York Knicks,True,False,W,22.8,24,9,16,5,10,2,2,0,6,6,7,1,0,0,2,-12
0000000424,1610612747,LAL,Los Angeles Lakers,1629029,Luka Dončić,2025-26,Regular Season,2026-02-24,1610612752,NYK,New York Knicks,True,False,W,37.6,36,14,20,4,10,7,8,2,11,13,14,3,2,2,3,-3
0000000424,1610612747,LAL,Los Angeles Lakers,203076,Anthony Davis,2025-26,Regular Season,2026-02-24,1610612752,NYK,New York Knicks,True,False,W,22.8,37,14,23,0,0,1,2,2,8,10,1,1,2,5,5,7
0000000424,1610612747,LAL,Los Angeles Lakers,1630559,Austin Reaves,2025-26,Regular Season,2026-02-24,1610612752,NYK,New York Knicks,True,False,W,25.9,10,4,6,3,3,3,7,3,0,3,4,1,2,3,3,13
0000000424,1610612747,LAL,Los Angeles Lakers,1626156,Dalton Knecht,2025-26,Regular Season,2026-02-24,1610612752,NYK,New York Knicks,True,False,W,20.7,11,4,9,1,6,1,5,1,0,1,0,2,0,3,3,-1
0000000424,1610612747,LAL,Los Angeles Lakers,1629020,Rui Hachimura,2025-26,Regular Season,2026-02-24,1610612752,NYK,New York Knicks,True,False,W,26.2,14,5,12,2,6,1,2,3,0,3,0,2,2,1,0,9
0000000424,1610612752,NYK,New York Knicks,1628973,Jalen Brunson,2025-26,Regular Season,2026-02-24,1610612747,LAL,Los Angeles Lakers,False,True,L,19.3,21,8,14,3,10,0,4,0,0,0,6,0,3,2,2,-2
0000000424,1610612752,NYK,New York Knicks,1626164,Isaiah Hartenstein,2025-26,Regular Season,2026-02-24,1610612747,LAL,Los Angeles Lakers,False,True,L,36.6,25,10,17,0,3,0,6,4,5,9,1,0,2,1,3,-6
0000000424,1610612752,NYK,New York Knicks,1629628,RJ Barrett,2025-26,Regular Season,2026-02-24,1610612747,LAL,Los Angeles Lakers,False,True,L,23.0,9,3,6,0,6,2,3,4,2,6,0,4,1,0,0,14
0000000424,1610612752,NYK,New York Knicks,1630193,Immanuel Quickley,2025-26,Regular Season,2026-02-24,1610612747,LAL,Los Angeles Lakers,False,True,L,34.6,13,5,9,5,7,3,6,1,3,4,4,1,3,4,5,7
0000000424,1610612752,NYK,New York Knicks,203944,Julius Randle,2025-26,Regular Season,2026-02-24,1610612747,LAL,Los Angeles Lakers,False,True,L,24.0,17,6,13,2,10,5,7,2,4,6,6,2,2,3,2,16
0000000424,1610612752,NYK,New York Knicks,1631216,Miles McBride,2025-26,Regular Season,2026-02-24,1610612747,LAL,Los Angeles Lakers,False,True,L,29.5,14,9,9,9,9,0,2,1,0,1,0,4,3,1,0,13
0000000425,1610612747,LAL,Los Angeles Lakers,2544,LeBron James,2025-26,Regular Season,2026-02-26,1610612748,MIA,Miami Heat,True,False,W,31.8,36,14,23,3,3,0,1,2,9,11,8,4,1,5,5,-13
0000000425,1610612747,LAL,Los Angeles Lakers,1629029,Luka Dončić,2025-26,Regular Season,2026-02-26,1610612748,MIA,Miami Heat,True,False,W,22.9,33,13,17,3,4,1,8,1,2,3,8,3,1,3,1,8
0000000425,1610612747,LAL,Los Angeles Lakers,203076,Anthony Davis,2025-26,Regular Season,2026-02-26,1610612748,MIA,Miami Heat,True,False,W,30.9,22,8,12,0,3,2,4,3,10,13,4,4,0,5,3,-17
0000000425,1610612747,LAL,Los Angeles Lakers,1630559,Austin Reaves,2025-26,Regular Season,2026-02-26,1610612748,MIA,Miami Heat,True,False,W,28.9,25,10,14,1,8,5,6,2,5,7,4,3,3,5,2,6
0000000425,1610612747,LAL,Los Angeles Lakers,1626156,Dalton Knecht,2025-26,Regular Season,2026-02-26,1610612748,MIA,Miami Heat,True,False,W,35.0,18,7,12,1,3,2,7,4,0,4,0,2,0,1,3,5
0000000425,1610612747,LAL,Los Angeles Lakers,1629020,Rui Hachimura,2025-26,Regular Season,2026-02-26,1610612748,MIA,Miami Heat,True,False,W,32.7,7,2,6,2,2,8,8,0,0,0,3,3,1,0,3,-14
0000000425,1610612748,MIA,Miami Heat,202710,Jimmy Butler,2025-26,Regular Season,2026-02-26,1610612747,LAL,Los Angeles Lakers,False,True,L,32.2,8,3,8,1,1,3,6,4,5,9,2,2,1,3,2,-14
0000000425,1610612748,MIA,Miami Heat,1629639,Tyler Herro,2025-26,Regular Season,2026-02-26,1610612747,LAL,Los Angeles Lakers,False,True,L,26.4,18,7,13,0,0,5,7,4,3,7,5,2,1,5,2,3
0000000425,1610612748,MIA,Miami Heat,202355,Bam Adebayo,2025-26,Regular Season,2026-02-26,1610612747,LAL,Los Angeles Lakers,False,True,L,33.3,25,10,15,1,2,3,3,4,8,12,0,1,2,1,4,2
0000000425,1610612748,MIA,Miami Heat,1631107,Jaime Jaquez,2025-26,Regular Season,2026-02-26,1610612747,LAL,Los Angeles Lakers,False,True,L,33.4,4,1,5,0,0,1,5,3,3,6,3,1,0,4,2,17
0000000425,1610612748,MIA,Miami Heat,203482,Kelly Olynyk,2025-26,Regular Season,2026-02-26,1610612747,LAL,Los Angeles Lakers,False,True,L,29.0,8,3,7,2,2,0,1,3,0,3,1,0,2,1,1,9
0000000425,1610612748,MIA,Miami Heat,1630217,Caleb Martin,2025-26,Regular Season,2026-02-26,1610612747,LAL,Los Angeles Lakers,False,True,L,25.9,2,1,7,1,7,2,2,3,2,5,5,3,3,0,1,5
0000000426,1610612744,GSW,Golden State Warriors,201939,Stephen Curry,2025-26,Regular Season,2026-02-28,1610612747,LAL,Los Angeles Lakers,True,False,L,27.1,27,10,19,7,9,3,4,1,0,1,5,2,0,0,4,4
0000000426,1610612744,GSW,Golden State Warriors,202691,Klay Thompson,2025-26,Regular Season,2026-02-28,1610612747,LAL,Los Angeles Lakers,True,False,L,35.7,13,8,8,8,8,1,2,2,0,2,4,4,3,2,2,-17
0000000426,1610612744,GSW,Golden State Warriors,203110,Draymond Green,2025-26,Regular Season,2026-02-28,1610612747,LAL,Los Angeles Lakers,True,False,L,33.9,5,2,4,2,3,0,0,1,9,10,7,4,3,1,1,-5
0000000426,1610612744,GSW,Golden State Warriors,1630228,Jonathan Kuminga,2025-26,Regular Season,2026-02-28,1610612747,LAL,Los Angeles Lakers,True,False,L,30.7,28,11,16,2,8,0,0,0,0,0,1,4,1,3,1,17
0000000426,1610612744,GSW,Golden State Warriors,1626172,Kevon Looney,2025-26,Regular Season,2026-02-28,1610612747,LAL,Los Angeles Lakers,True,False,L,22.1,14,5,8,0,2,2,3,0,10,10,1,2,3,5,3,2
0000000426,1610612744,GSW,Golden State Warriors,1630541,Brandin Podziemski,2025-26,Regular Season,2026-02-28,1610612747,LAL,Los Angeles Lakers,True,False,L,23.9,0,0,5,0,0,2,3,2,1,3,4,1,2,3,2,6
0000000426,1610612747,LAL,Los Angeles Lakers,2544,LeBron James,2025-26,Regular Season,2026-02-28,1610612744,GSW,Golden State Warriors,False,True,W,28.8,20,8,12,7,9,4,5,2,4,6,5,4,3,4,2,2
0000000426,1610612747,LAL,Los Angeles Lakers,1629029,Luka Dončić,2025-26,Regular Season,2026-02-28,1610612744,GSW,Golden State Warriors,False,True,W,34.6,31,12,16,1,2,7,8,2,5,7,4,3,1,0,2,-14
0000000426,1610612747,LAL,Los Angeles Lakers,203076,Anthony Davis,2025-26,Regular Season,2026-02-28,1610612744,GSW,Golden State Warriors,False,True,W,24.0,27,10,18,0,0,1,1,4,6,10,0,0,3,5,5,-11
0000000426,1610612747,LAL,Los Angeles Lakers,1630559,Austin Reaves,2025-26,Regular Season,2026-02-28,1610612744,GSW,Golden State Warriors,False,True,W,28.4,19,7,10,1,5,7,8,0,4,4,7,3,1,5,3,-5
0000000426,1610612747,LAL,Los Angeles Lakers,1626156,Dalton Knecht,2025-26,Regular Season,2026-02-28,1610612744,GSW,Golden State Warriors,False,True,W,20.3,0,2,6,2,6,1,6,0,3,3,1,0,2,4,1,-9
0000000426,1610612747,LAL,Los Angeles Lakers,1629020,Rui Hachimura,2025-26,Regular Season,2026-02-28,1610612744,GSW,Golden State Warriors,False,True,W,36.5,6,6,9,6,9,0,8,3,0,3,2,1,0,3,0,-15
0000000427,1610612744,GSW,Golden State Warriors,201939,Stephen Curry,2025-26,Regular Season,2026-03-02,1610612743,DEN,Denver Nuggets,True,False,W,23.5,30,12,17,3,4,5,6,2,5,7,7,3,0,5,0,-18
0000000427,1610612744,GSW,Golden State Warriors,202691,Klay Thompson,2025-26,Regular Season,2026-03-02,1610612743,DEN,Denver Nuggets,True,False,W,29.9,17,6,13,3,7,0,0,1,1,2,3,3,0,4,5,8
0000000427,1610612744,GSW,Golden State Warriors,203110,Draymond Green,2025-26,Regular Season,2026-03-02,1610612743,DEN,Denver Nuggets,True,False,W,33.6,5,2,8,0,6,0,5,0,5,5,8,0,0,1,4,9
0000000427,1610612744,GSW,Golden State Warriors,1630228,Jonathan Kuminga,2025-26,Regular Season,2026-03-02,1610612743,DEN,Denver Nuggets,True,False,W,32.3,16,6,13,2,2,3,8,1,0,1,3,1,1,1,2,13
0000000427,1610612744,GSW,Golden State Warriors,1626172,Kevon Looney,2025-26,Regular Season,2026-03-02,1610612743,DEN,Denver Nuggets,True,False,W,31.9,2,0,3,0,3,5,5,4,4,8,4,3,3,5,4,-17
0000000427,1610612744,GSW,Golden State Warriors,1630541,Brandin Podziemski,2025-26,Regular Season,2026-03-02,1610612743,DEN,Denver Nuggets,True,False,W,19.6,14,8,11,8,10,2,6,1,4,5,2,4,2,2,2,13
0000000427,1610612743,DEN,Denver Nuggets,203999,Nikola Jokić,2025-26,Regular Season,2026-03-02,1610612744,GSW,Golden State Warriors,False,True,L,32.3,21,8,14,0,2,4,7,0,13,13,8,3,2,2,4,-2
0000000427,1610612743,DEN,Denver Nuggets,1627750,Jamal Murray,2025-26,Regular Season,2026-03-02,1610612744,GSW,Golden State Warriors,False,True,L,27.2,12,4,9,4,4,0,0,0,5,5,3,0,1,0,5,-12
0000000427,1610612743,DEN,Denver Nuggets,1628420,Aaron Gordon,2025-26,Regular Season,2026-03-02,1610612744,GSW,Golden State Warriors,False,True,L,34.7,10,4,10,3,10,2,3,0,5,5,2,1,3,5,0,1
0000000427,1610612743,DEN,Denver Nuggets,1630166,Christian Braun,2025-26,Regular Season,2026-03-02,1610612744,GSW,Golden State Warriors,False,True,L,31.2,6,3,10,3,10,2,5,0,1,1,2,3,2,5,0,-5
0000000427,1610612743,DEN,Denver Nuggets,203914,Kentavious Caldwell-Pope,2025-26,Regular Season,2026-03-02,1610612744,GSW,Golden State Warriors,False,True,L,36.1,9,3,9,0,2,0,0,1,2,3,2,1,2,3,2,9
0000000427,1610612743,DEN,Denver Nuggets,1631128,Peyton Watson,2025-26,Regular Season,2026-03-02,1610612744,GSW,Golden State Warriors,False,True,L,30.5,2,1,6,1,1,2,2,0,2,2,0,0,3,5,3,7
0000000428,1610612744,GSW,Golden State Warriors,201939,Stephen Curry,2025-26,Regular Season,2026-03-04,1610612738,BOS,Boston Celtics,True,False,L,34.9,22,10,15,10,10,4,4,3,2,5,4,2,0,3,0,13
0000000428,1610612744,GSW,Golden State Warriors,202691,Klay Thompson,2025-26,Regular Season,2026-03-04,1610612738,BOS,Boston Celtics,True,False,L,29.7,16,6,13,3,5,2,4,1,0,1,0,3,3,2,2,7
0000000428,1610612744,GSW,Golden State Warriors,203110,Draymond Green,2025-26,Regular Season,2026-03-04,1610612738,BOS,Boston Celtics,True,False,L,25.5,10,4,7,3,7,1,5,4,6,10,2,0,0,3,5,3
0000000428,1610612744,GSW,Golden State Warriors,1630228,Jonathan Kuminga,2025-26,Regular Season,2026-03-04,1610612738,BOS,Boston Celtics,True,False,L,29.1,19,7,14,6,6,3,6,0,7,7,2,4,3,5,0,3
0000000428,1610612744,GSW,Golden State Warriors,1626172,Kevon Looney,2025-26,Regular Season,2026-03-04,1610612738,BOS,Boston Celtics,True,False,L,36.5,0,0,5,0,2,4,7,2,6,8,2,4,0,0,2,15
0000000428,1610612744,GSW,Golden State Warriors,1630541,Brandin Podziemski,2025-26,Regular Season,2026-03-04,1610612738,BOS,Boston Celtics,True,False,L,23.6,13,8,9,8,9,1,1,4,2,6,0,1,0,0,5,-7
0000000428,1610612738,BOS,Boston Celtics,1628369,Jayson Tatum,2025-26,Regular Season,2026-03-04,1610612744,GSW,Golden State Warriors,False,True,W,35.7,25,10,15,1,1,1,5,0,10,10,5,0,0,1,2,-18
0000000428,1610612738,BOS,Boston Celtics,1627759,Jaylen Brown,2025-26,Regular Season,2026-03-04,1610612744,GSW,Golden State Warriors,False,True,W,35.9,17,6,11,0,2,2,2,0,3,3,0,4,1,1,2,4
0000000428,1610612738,BOS,Boston Celtics,201950,Jrue Holiday,2025-26,Regular Season,2026-03-04,1610612744,GSW,Golden State Warriors,False,True,W,19.2,14,5,11,1,10,0,8,1,5,6,4,1,2,3,2,-12
0000000428,1610612738,BOS,Boston Celtics,1628464,Derrick White,2025-26,Regular Season,2026-03-04,1610612744,GSW,Golden State Warriors,False,True,W,24.3,14,8,13,8,10,6,6,0,8,8,0,0,3,1,1,-11
0000000428,1610612738,BOS,Boston Celtics,203935,Kristaps Porziņģis,2025-26,Regular Season,2026-03-04,1610612744,GSW,Golden State Warriors,False,True,W,19.3,19,7,14,1,3,3,8,4,0,4,3,2,2,1,5,0
0000000428,1610612738,BOS,Boston Celtics,1629057,Robert Williams,2025-26,Regular Season,2026-03-04,1610612744,GSW,Golden State Warriors,False,True,W,30.1,2,0,5,0,1,0,0,0,8,8,5,4,0,1,5,-13
0000000429,1610612744,GSW,Golden State Warriors,201939,Stephen Curry,2025-26,Regular Season,2026-03-06,1610612752,NYK,New York Knicks,True,False,L,28.6,33,13,19,0,4,0,0,4,3,7,6,0,3,4,1,-4
0000000429,1610612744,GSW,Golden State Warriors,202691,Klay Thompson,2025-26,Regular Season,2026-03-06,1610612752,NYK,New York Knicks,True,False,L,31.4,5,2,8,0,0,1,2,4,4,8,4,4,0,4,0,-15
0000000429,1610612744,GSW,Golden State Warriors,203110,Draymond Green,2025-26,Regular Season,2026-03-06,1610612752,NYK,New York Knicks,True,False,L,29.7,13,5,10,1,4,5,7,3,1,4,4,2,1,1,3,-1
0000000429,1610612744,GSW,Golden State Warriors,1630228,Jonathan Kuminga,2025-26,Regular Season,2026-03-06,1610612752,NYK,New York Knicks,True,False,L,22.1,19,7,11,0,0,3,8,0,13,13,1,1,2,0,0,-17
0000000429,1610612744,GSW,Golden State Warriors,1626172,Kevon Looney,2025-26,Regular Season,2026-03-06,1610612752,NYK,New York Knicks,True,False,L,24.7,0,3,3,3,3,0,1,0,10,10,1,4,3,5,4,0
0000000429,1610612744,GSW,Golden State Warriors,1630541,Brandin Podziemski,2025-26,Regular Season,2026-03-06,1610612752,NYK,New York Knicks,True,False,L,18.5,6,3,9,3,3,4,6,2,4,6,4,4,0,0,0,-12
0000000429,1610612752,NYK,New York Knicks,1628973,Jalen Brunson,2025-26,Regular Season,2026-03-06,1610612744,GSW,Golden State Warriors,False,True,W,33.9,20,8,11,3,9,0,2,2,0,2,6,1,1,5,3,11
0000000429,1610612752,NYK,New York Knicks,1626164,Isaiah Hartenstein,2025-26,Regular Season,2026-03-06,1610612744,GSW,Golden State Warriors,False,True,W,25.4,23,9,16,0,1,2,8,2,5,7,2,0,0,4,4,-6
0000000429,1610612752,NYK,New York Knicks,1629628,RJ Barrett,2025-26,Regular Season,2026-03-06,1610612744,GSW,Golden State Warriors,False,True,W,18.3,27,10,18,1,5,2,6,0,3,3,3,4,3,3,0,-4
0000000429,1610612752,NYK,New York Knicks,1630193,Immanuel Quickley,2025-26,Regular Season,2026-03-06,1610612744,GSW,Golden State Warriors,False,True,W,22.8,11,4,11,0,3,6,6,0,0,0,4,0,0,1,4,7
0000000429,1610612752,NYK,New York Knicks,203944,Julius Randle,2025-26,Regular Season,2026-03-06,1610612744,GSW,Golden State Warriors,False,True,W,33.4,27,10,16,6,7,0,4,4,0,4,2,3,0,4,2,-5
0000000429,1610612752,NYK,New York Knicks,1631216,Miles McBride,2025-26,Regular Season,2026-03-06,1610612744,GSW,Golden State Warriors,False,True,W,35.8,9,5,10,5,6,0,5,0,0,0,1,4,1,4,1,2
0000000430,1610612744,GSW,Golden State Warriors,201939,Stephen Curry,2025-26,Regular Season,2026-03-08,1610612748,MIA,Miami Heat,True,False,W,35.8,39,15,20,3,5,0,0,0,9,9,3,3,1,0,4,-10
0000000430,1610612744,GSW,Golden State Warriors,202691,Klay Thompson,2025-26,Regular Season,2026-03-08,1610612748,MIA,Miami Heat,True,False,W,35.4,33,13,19,0,0,5,6,0,0,0,4,1,2,0,1,-4
0000000430,1610612744,GSW,Golden State Warriors,203110,Draymond Green,2025-26,Regular Season,2026-03-08,1610612748,MIA,Miami Heat,True,False,W,35.8,9,3,6,1,5,4,6,0,3,3,5,2,1,4,0,-14
0000000430,1610612744,GSW,Golden State Warriors,1630228,Jonathan Kuminga,2025-26,Regular Season,2026-03-08,1610612748,MIA,Miami Heat,True,False,W,37.9,16,6,11,0,0,2,7,2,1,3,0,4,0,5,5,3
0000000430,1610612744,GSW,Golden State Warriors,1626172,Kevon Looney,2025-26,Regular Season,2026-03-08,1610612748,MIA,Miami Heat,True,False,W,37.5,7,2,8,0,1,3,3,1,9,10,3,2,3,1,5,-12
0000000430,1610612744,GSW,Golden State Warriors,1630541,Brandin Podziemski,2025-26,Regular Season,2026-03-08,1610612748,MIA,Miami Heat,True,False,W,35.5,11,4,10,2,10,0,2,2,4,6,7,3,2,1,1,11
0000000430,1610612748,MIA,Miami Heat,202710,Jimmy Butler,2025-26,Regular Season,2026-03-08,1610612744,GSW,Golden State Warriors,False,True,L,36.3,22,8,12,1,3,2,7,2,3,5,2,3,2,5,3,9
0000000430,1610612748,MIA,Miami Heat,1629639,Tyler Herro,2025-26,Regular Season,2026-03-08,1610612744,GSW,Golden State Warriors,False,True,L,35.9,15,6,10,4,4,1,5,4,2,6,6,3,0,0,2,5
0000000430,1610612748,MIA,Miami Heat,202355,Bam Adebayo,2025-26,Regular Season,2026-03-08,1610612744,GSW,Golden State Warriors,False,True,L,24.2,22,8,12,0,0,3,7,0,12,12,0,3,1,0,1,5
0000000430,1610612748,MIA,Miami Heat,1631107,Jaime Jaquez,2025-26,Regular Season,2026-03-08,1610612744,GSW,Golden State Warriors,False,True,L,31.2,14,7,9,7,9,4,5,2,6,8,0,2,0,0,1,-5
0000000430,1610612748,MIA,Miami Heat,203482,Kelly Olynyk,2025-26,Regular Season,2026-03-08,1610612744,GSW,Golden State Warriors,False,True,L,23.0,8,3,5,1,1,5,6,1,2,3,0,3,3,1,4,-9
0000000430,1610612748,MIA,Miami Heat,1630217,Caleb Martin,2025-26,Regular Season,2026-03-08,1610612744,GSW,Golden State Warriors,False,True,L,30.6,5,2,8,1,8,0,7,0,4,4,0,1,3,2,5,-12
0000000431,1610612743,DEN,Denver Nuggets,203999,Nikola Jokić,2025-26,Regular Season,2026-03-10,1610612747,LAL,Los Angeles Lakers,True,False,L,28.4,26,10,18,0,2,6,6,2,13,15,14,4,1,3,2,8
0000000431,1610612743,DEN,Denver Nuggets,1627750,Jamal Murray,2025-26,Regular Season,2026-03-10,1610612747,LAL,Los Angeles Lakers,True,False,L,23.1,31,12,20,1,2,0,0,3,0,3,4,1,1,4,1,6
0000000431,1610612743,DEN,Denver Nuggets,1628420,Aaron Gordon,2025-26,Regular Season,2026-03-10,1610612747,LAL,Los Angeles Lakers,True,False,L,37.8,7,2,9,1,9,0,4,1,4,5,3,3,2,5,5,3
0000000431,1610612743,DEN,Denver Nuggets,1630166,Christian Braun,2025-26,Regular Season,2026-03-10,1610612747,LAL,Los Angeles Lakers,True,False,L,31.2,12,4,12,2,3,8,8,3,0,3,0,0,0,2,0,2
0000000431,1610612743,DEN,Denver Nuggets,203914,Kentavious Caldwell-Pope,2025-26,Regular Season,2026-03-10,1610612747,LAL,Los Angeles Lakers,True,False,L,25.7,10,4,10,1,10,1,1,4,5,9,2,4,0,2,4,6
0000000431,1610612743,DEN,Denver Nuggets,1631128,Peyton Watson,2025-26,Regular Season,2026-03-10,1610612747,LAL,Los Angeles Lakers,True,False,L,18.9,6,4,9,4,5,8,8,2,2,4,0,4,2,3,5,-1
0000000431,1610612747,LAL,Los Angeles Lakers,2544,LeBron James,2025-26,Regular Season,2026-03-10,1610612743,DEN,Denver Nuggets,False,True,W,27.1,29,11,17,0,4,0,1,1,8,9,3,1,2,5,0,-8
0000000431,1610612747,LAL,Los Angeles Lakers,1629029,Luka Dončić,2025-26,Regular Season,2026-03-10,1610612743,DEN,Denver Nuggets,False,True,W,32.9,25,10,16,1,1,0,0,1,4,5,6,1,1,2,2,0
0000000431,1610612747,LAL,Los Angeles Lakers,203076,Anthony Davis,2025-26,Regular Season,2026-03-10,1610612743,DEN,Denver Nuggets,False,True,W,21.1,18,7,12,0,0,0,0,4,4,8,0,1,0,3,0,-15
0000000431,1610612747,LAL,Los Angeles Lakers,1630559,Austin Reaves,2025-26,Regular Season,2026-03-10,1610612743,DEN,Denver Nuggets,False,True,W,37.2,14,5,9,1,1,1,2,1,2,3,3,4,2,2,0,-9
0000000431,1610612747,LAL,Los Angeles Lakers,1626156,Dalton Knecht,2025-26,Regular Season,2026-03-10,1610612743,DEN,Denver Nuggets,False,True,W,22.9,4,5,5,5,5,1,6,2,1,3,1,1,1,0,5,0
0000000431,1610612747,LAL,Los Angeles Lakers,1629020,Rui Hachimura,2025-26,Regular Season,2026-03-10,1610612743,DEN,Denver Nuggets,False,True,W,31.6,11,5,8,5,5,3,3,1,0,1,1,3,3,3,1,-5
0000000432,1610612743,DEN,Denver Nuggets,203999,Nikola Jokić,2025-26,Regular Season,2026-03-12,1610612744,GSW,Golden State Warriors,True,False,W,26.5,20,8,15,1,1,4,8,1,8,9,7,1,0,2,4,-15
0000000432,1610612743,DEN,Denver Nuggets,1627750,Jamal Murray,2025-26,Regular Season,2026-03-12,1610612744,GSW,Golden State Warriors,True,False,W,30.6,26,10,18,2,2,1,7,4,4,8,4,1,1,2,5,-9
0000000432,1610612743,DEN,Denver Nuggets,1628420,Aaron Gordon,2025-26,Regular Season,2026-03-12,1610612744,GSW,Golden State Warriors,True,False,W,33.5,13,5,12,0,5,0,2,1,9,10,4,2,1,5,4,-16
0000000432,1610612743,DEN,Denver Nuggets,1630166,Christian Braun,2025-26,Regular Season,2026-03-12,1610612744,GSW,Golden State Warriors,True,False,W,29.3,12,6,7,6,6,4,6,0,0,0,0,2,2,0,1,-3
0000000432,1610612743,DEN,Denver Nuggets,203914,Kentavious Caldwell-Pope,2025-26,Regular Season,2026-03-12,1610612744,GSW,Golden State Warriors,True,False,W,21.2,9,5,8,5,8,3,5,4,0,4,0,1,2,3,1,-14
0000000432,1610612743,DEN,Denver Nuggets,1631128,Peyton Watson,2025-26,Regular Season,2026-03-12,1610612744,GSW,Golden State Warriors,True,False,W,37.2,8,4,10,4,9,0,0,4,1,5,0,3,3,5,4,14
0000000432,1610612744,GSW,Golden State Warriors,201939,Stephen Curry,2025-26,Regular Season,2026-03-12,1610612743,DEN,Denver Nuggets,False,True,L,20.9,31,12,20,1,9,0,0,3,0,3,5,0,1,4,1,12
0000000432,1610612744,GSW,Golden State Warriors,202691,Klay Thompson,2025-26,Regular Season,2026-03-12,1610612743,DEN,Denver Nuggets,False,True,L,31.5,8,4,10,4,10,3,3,3,1,4,1,3,3,0,3,5
0000000432,1610612744,GSW,Golden State Warriors,203110,Draymond Green,2025-26,Regular Season,2026-03-12,1610612743,DEN,Denver Nuggets,False,True,L,37.4,5,2,8,0,8,2,3,0,5,5,6,4,3,4,3,18
0000000432,1610612744,GSW,Golden State Warriors,1630228,Jonathan Kuminga,2025-26,Regular Season,2026-03-12,1610612743,DEN,Denver Nuggets,False,True,L,20.3,17,6,11,0,8,0,1,4,0,4,3,4,2,4,2,-14
0000000432,1610612744,GSW,Golden State Warriors,1626172,Kevon Looney,2025-26,Regular Season,2026-03-12,1610612743,DEN,Denver Nuggets,False,True,L,28.3,3,1,7,0,2,1,2,1,4,5,2,3,2,4,5,9
0000000432,1610612744,GSW,Golden State Warriors,1630541,Brandin Podziemski,2025-26,Regular Season,2026-03-12,1610612743,DEN,Denver Nuggets,False,True,L,37.1,12,4,9,0,0,4,8,4,4,8,7,0,0,3,0,-15
0000000433,1610612743,DEN,Denver Nuggets,203999,Nikola Jokić,2025-26,Regular Season,2026-03-14,1610612738,BOS,Boston Celtics,True,False,L,32.0,29,11,16,0,3,0,0,1,7,8,8,0,1,1,0,-9
0000000433,1610612743,DEN,Denver Nuggets,1627750,Jamal Murray,2025-26,Regular Season,2026-03-14,1610612738,BOS,Boston Celtics,True,False,L,36.2,22,8,14,0,1,2,6,2,2,4,6,1,2,4,4,-10
0000000433,1610612743,DEN,Denver Nuggets,1628420,Aaron Gordon,2025-26,Regular Season,2026-03-14,1610612738,BOS,Boston Celtics,True,False,L,31.0,10,4,8,0,0,4,7,1,5,6,0,1,0,3,4,9
0000000433,1610612743,DEN,Denver Nuggets,1630166,Christian Braun,2025-26,Regular Season,2026-03-14,1610612738,BOS,Boston Celtics,True,False,L,28.6,9,4,5,4,4,0,4,0,0,0,0,0,0,3,5,11
0000000433,1610612743,DEN,Denver Nuggets,203914,Kentavious Caldwell-Pope,2025-26,Regular Season,2026-03-14,1610612738,BOS,Boston Celtics,True,False,L,23.7,13,5,10,1,10,3,4,1,0,1,0,0,3,0,0,13
0000000433,1610612743,DEN,Denver Nuggets,1631128,Peyton Watson,2025-26,Regular Season,2026-03-14,1610612738,BOS,Boston Celtics,True,False,L,32.5,5,2,5,0,0,0,5,4,4,8,1,1,3,2,0,-8
0000000433,1610612738,BOS,Boston Celtics,1628369,Jayson Tatum,2025-26,Regular Season,2026-03-14,1610612743,DEN,Denver Nuggets,False,True,W,36.4,27,10,17,2,6,3,4,0,7,7,3,1,1,2,1,8
0000000433,1610612738,BOS,Boston Celtics,1627759,Jaylen Brown,2025-26,Regular Season,2026-03-14,1610612743,DEN,Denver Nuggets,False,True,W,22.0,22,8,12,1,9,6,6,0,3,3,0,0,1,5,3,-18
0000000433,1610612738,BOS,Boston Celtics,201950,Jrue Holiday,2025-26,Regular Season,2026-03-14,1610612743,DEN,Denver Nuggets,False,True,W,20.0,7,4,8,4,8,3,5,0,1,1,5,4,3,4,3,17
0000000433,1610612738,BOS,Boston Celtics,1628464,Derrick White,2025-26,Regular Season,2026-03-14,1610612743,DEN,Denver Nuggets,False,True,W,27.6,16,6,10,0,0,6,7,0,0,0,6,2,0,4,1,5
0000000433,1610612738,BOS,Boston Celtics,203935,Kristaps Porziņģis,2025-26,Regular Season,2026-03-14,1610612743,DEN,Denver Nuggets,False,True,W,33.3,22,8,12,2,3,0,0,1,5,6,4,0,0,2,4,7
0000000433,1610612738,BOS,Boston Celtics,1629057,Robert Williams,2025-26,Regular Season,2026-03-14,1610612743,DEN,Denver Nuggets,False,True,W,37.7,1,1,3,1,1,1,3,2,7,9,0,2,2,4,2,-1
0000000434,1610612743,DEN,Denver Nuggets,203999,Nikola Jokić,2025-26,Regular Season,2026-03-16,1610612752,NYK,New York Knicks,True,False,L,29.4,22,8,12,1,2,1,1,4,8,12,9,3,3,5,4,11
0000000434,1610612743,DEN,Denver Nuggets,1627750,Jamal Murray,2025-26,Regular Season,2026-03-16,1610612752,NYK,New York Knicks,True,False,L,19.7,18,7,14,4,6,4,8,2,0,2,1,3,3,2,3,4
0000000434,1610612743,DEN,Denver Nuggets,1628420,Aaron Gordon,2025-26,Regular Season,2026-03-16,1610612752,NYK,New York Knicks,True,False,L,22.6,11,4,8,0,1,0,0,0,9,9,2,0,0,0,1,-14
0000000434,1610612743,DEN,Denver Nuggets,1630166,Christian Braun,2025-26,Regular Season,2026-03-16,1610612752,NYK,New York Knicks,True,False,L,28.7,0,6,9,6,9,3,3,4,0,4,4,2,2,2,5,-1
0000000434,1610612743,DEN,Denver Nuggets,203914,Kentavious Caldwell-Pope,2025-26,Regular Season,2026-03-16,1610612752,NYK,New York Knicks,True,False,L,22.3,14,5,9,1,3,2,4,3,2,5,1,4,3,3,5,-16
0000000434,1610612743,DEN,Denver Nuggets,1631128,Peyton Watson,2025-26,Regular Season,2026-03-16,1610612752,NYK,New York Knicks,True,False,L,28.7,4,3,5,3,5,0,0,2,0,2,0,4,0,5,2,-9
0000000434,1610612752,NYK,New York Knicks,1628973,Jalen Brunson,2025-26,Regular Season,2026-03-16,1610612743,DEN,Denver Nuggets,False,True,W,34.7,30,12,20,1,1,4,6,4,2,6,5,4,3,5,5,9
0000000434,1610612752,NYK,New York Knicks,1626164,Isaiah Hartenstein,2025-26,Regular Season,2026-03-16,1610612743,DEN,Denver Nuggets,False,True,W,21.6,22,8,13,1,1,3,7,4,4,8,2,1,0,0,3,5
0000000434,1610612752,NYK,New York Knicks,1629628,RJ Barrett,2025-26,Regular Season,2026-03-16,1610612743,DEN,Denver Nuggets,False,True,W,33.3,23,9,16,8,8,1,6,3,3,6,8,3,0,4,1,-17
0000000434,1610612752,NYK,New York Knicks,1630193,Immanuel Quickley,2025-26,Regular Season,2026-03-16,1610612743,DEN,Denver Nuggets,False,True,W,30.0,16,6,12,0,1,2,2,0,0,0,1,1,0,4,2,4
0000000434,1610612752,NYK,New York Knicks,203944,Julius Randle,2025-26,Regular Season,2026-03-16,1610612743,DEN,Denver Nuggets,False,True,W,20.4,18,7,15,2,5,4,6,1,8,9,3,4,0,4,2,-13
0000000434,1610612752,NYK,New York Knicks,1631216,Miles McBride,2025-26,Regular Season,2026-03-16,1610612743,DEN,Denver Nuggets,False,True,W,36.7,6,2,9,2,9,5,5,2,0,2,1,0,2,0,5,-4
0000000435,1610612743,DEN,Denver Nuggets,203999,Nikola Jokić,2025-26,Regular Season,2026-03-18,1610612748,MIA,Miami Heat,True,False,W,24.4,26,10,16,1,3,3,6,3,5,8,10,2,0,0,4,5
0000000435,1610612743,DEN,Denver Nuggets,1627750,Jamal Murray,2025-26,Regular Season,2026-03-18,1610612748,MIA,Miami Heat,True,False,W,19.8,23,9,14,4,4,5,7,3,3,6,3,2,0,2,3,18
0000000435,1610612743,DEN,Denver Nuggets,1628420,Aaron Gordon,2025-26,Regular Season,2026-03-18,1610612748,MIA,Miami Heat,True,False,W,28.4,13,5,10,1,8,0,5,3,5,8,1,3,2,5,4,-1
0000000435,1610612743,DEN,Denver Nuggets,1630166,Christian Braun,2025-26,Regular Season,2026-03-18,1610612748,MIA,Miami Heat,True,False,W,20.6,1,4,10,4,10,0,0,3,3,6,2,0,3,4,3,-8
0000000435,1610612743,DEN,Denver Nuggets,203914,Kentavious Caldwell-Pope,2025-26,Regular Season,2026-03-18,1610612748,MIA,Miami Heat,True,False,W,35.4,1,0,8,0,8,0,3,1,0,1,1,0,3,2,0,-6
0000000435,1610612743,DEN,Denver Nuggets,1631128,Peyton Watson,2025-26,Regular Season,2026-03-18,1610612748,MIA,Miami Heat,True,False,W,29.4,18,7,12,0,0,1,2,3,0,3,1,4,0,3,5,-16
0000000435,1610612748,MIA,Miami Heat,202710,Jimmy Butler,2025-26,Regular Season,2026-03-18,1610612743,DEN,Denver Nuggets,False,True,L,33.3,20,8,11,1,1,0,3,3,2,5,4,1,1,0,1,2
0000000435,1610612748,MIA,Miami Heat,1629639,Tyler Herro,2025-26,Regular Season,2026-03-18,1610612743,DEN,Denver Nuggets,False,True,L,33.9,23,9,17,0,0,7,8,1,3,4,3,3,3,5,0,-5
0000000435,1610612748,MIA,Miami Heat,202355,Bam Adebayo,2025-26,Regular Season,2026-03-18,1610612743,DEN,Denver Nuggets,False,True,L,32.4,12,4,11,2,3,1,7,1,5,6,0,3,2,1,3,5
0000000435,1610612748,MIA,Miami Heat,1631107,Jaime Jaquez,2025-26,Regular Season,2026-03-18,1610612743,DEN,Denver Nuggets,False,True,L,33.5,7,2,9,1,1,4,5,3,3,6,0,2,2,5,4,13
0000000435,1610612748,MIA,Miami Heat,203482,Kelly Olynyk,2025-26,Regular Season,2026-03-18,1610612743,DEN,Denver Nuggets,False,True,L,35.7,0,0,5,0,1,4,5,2,0,2,2,1,2,5,4,18
0000000435,1610612748,MIA,Miami Heat,1630217,Caleb Martin,2025-26,Regular Season,2026-03-18,1610612743,DEN,Denver Nuggets,False,True,L,32.2,14,5,12,1,5,0,1,1,8,9,0,2,2,1,0,18
0000000436,1610612738,BOS,Boston Celtics,1628369,Jayson Tatum,2025-26,Regular Season,2026-03-20,1610612747,LAL,Los Angeles Lakers,True,False,W,25.6,31,12,17,7,9,2,7,4,3,7,1,0,2,0,5,10
0000000436,1610612738,BOS,Boston Celtics,1627759,Jaylen Brown,2025-26,Regular Season,2026-03-20,1610612747,LAL,Los Angeles Lakers,True,False,W,34.1,26,10,16,1,9,1,2,4,0,4,8,2,3,0,4,14
0000000436,1610612738,BOS,Boston Celtics,201950,Jrue Holiday,2025-26,Regular Season,2026-03-20,1610612747,LAL,Los Angeles Lakers,True,False,W,18.8,13,5,11,2,3,2,4,2,10,12,3,0,0,5,0,8
0000000436,1610612738,BOS,Boston Celtics,1628464,Derrick White,2025-26,Regular Season,2026-03-20,1610612747,LAL,Los Angeles Lakers,True,False,W,35.1,10,7,9,7,9,0,0,0,2,2,5,4,2,5,5,13
0000000436,1610612738,BOS,Boston Celtics,203935,Kristaps Porziņģis,2025-26,Regular Season,2026-03-20,1610612747,LAL,Los Angeles Lakers,True,False,W,31.2,15,6,9,2,2,4,5,2,13,15,3,1,3,0,0,12
0000000436,1610612738,BOS,Boston Celtics,1629057,Robert Williams,2025-26,Regular Season,2026-03-20,1610612747,LAL,Los Angeles Lakers,True,False,W,19.3,0,2,4,2,2,6,7,3,8,11,0,1,3,3,3,13
0000000436,1610612747,LAL,Los Angeles Lakers,2544,LeBron James,2025-26,Regular Season,2026-03-20,1610612738,BOS,Boston Celtics,False,True,L,25.3,18,7,10,0,0,0,0,1,6,7,9,4,2,4,3,3
0000000436,1610612747,LAL,Los Angeles Lakers,1629029,Luka Dončić,2025-26,Regular Season,2026-03-20,1610612738,BOS,Boston Celtics,False,True,L,29.4,28,11,19,0,0,4,4,0,10,10,8,3,0,2,2,-15
0000000436,1610612747,LAL,Los Angeles Lakers,203076,Anthony Davis,2025-26,Regular Season,2026-03-20,1610612738,BOS,Boston Celtics,False,True,L,25.6,13,5,7,0,0,1,3,4,5,9,5,4,1,0,1,-5
0000000436,1610612747,LAL,Los Angeles Lakers,1630559,Austin Reaves,2025-26,Regular Season,2026-03-20,1610612738,BOS,Boston Celtics,False,True,L,32.1,20,8,16,0,7,1,2,0,0,0,6,1,3,3,3,-4
0000000436,1610612747,LAL,Los Angeles Lakers,1626156,Dalton Knecht,2025-26,Regular Season,2026-03-20,1610612738,BOS,Boston Celtics,False,True,L,32.9,14,5,10,3,3,1,3,0,0,0,1,1,2,3,1,2
0000000436,1610612747,LAL,Los Angeles Lakers,1629020,Rui Hachimura,2025-26,Regular Season,2026-03-20,1610612738,BOS,Boston Celtics,False,True,L,19.5,0,0,4,0,0,2,3,0,3,3,5,2,2,4,4,-18
0000000437,1610612738,BOS,Boston Celtics,1628369,Jayson Tatum,2025-26,Regular Season,2026-03-22,1610612744,GSW,Golden State Warriors,True,False,W,32.2,20,8,12,4,4,1,7,3,3,6,4,3,2,2,3,3
0000000437,1610612738,BOS,Boston Celtics,1627759,Jaylen Brown,2025-26,Regular Season,2026-03-22,1610612744,GSW,Golden State Warriors,True,False,W,36.2,21,8,12,5,8,3,7,2,9,11,4,0,0,4,0,18
0000000437,1610612738,BOS,Boston Celtics,201950,Jrue Holiday,2025-26,Regular Season,2026-03-22,1610612744,GSW,Golden State Warriors,True,False,W,28.3,14,5,8,3,3,1,2,0,7,7,3,4,0,4,0,-10
0000000437,1610612738,BOS,Boston Celtics,1628464,Derrick White,2025-26,Regular Season,2026-03-22,1610612744,GSW,Golden State Warriors,True,False,W,34.3,15,6,10,6,7,0,1,0,4,4,3,4,2,1,0,-12
0000000437,1610612738,BOS,Boston Celtics,203935,Kristaps Porziņģis,2025-26,Regular Season,2026-03-22,1610612744,GSW,Golden State Warriors,True,False,W,35.5,0,3,5,3,3,4,4,2,0,2,3,2,1,0,0,17
0000000437,1610612738,BOS,Boston Celtics,1629057,Robert Williams,2025-26,Regular Season,2026-03-22,1610612744,GSW,Golden State Warriors,True,False,W,34.0,14,5,12,0,0,1,3,2,5,7,0,0,3,2,1,5
0000000437,1610612744,GSW,Golden State Warriors,201939,Stephen Curry,2025-26,Regular Season,2026-03-22,1610612738,BOS,Boston Celtics,False,True,L,20.0,14,5,9,3,3,1,1,0,0,0,5,3,2,4,2,-10
0000000437,1610612744,GSW,Golden State Warriors,202691,Klay Thompson,2025-26,Regular Season,2026-03-22,1610612738,BOS,Boston Celtics,False,True,L,27.5,29,11,17,0,10,1,1,1,0,1,2,4,1,1,1,-7
0000000437,1610612744,GSW,Golden State Warriors,203110,Draymond Green,2025-26,Regular Season,2026-03-22,1610612738,BOS,Boston Celtics,False,True,L,28.1,4,2,5,2,3,5,6,1,0,1,5,2,3,4,0,3
0000000437,1610612744,GSW,Golden State Warriors,1630228,Jonathan Kuminga,2025-26,Regular Season,2026-03-22,1610612738,BOS,Boston Celtics,False,True,L,28.7,10,4,9,2,2,2,2,4,4,8,0,1,0,1,2,0
0000000437,1610612744,GSW,Golden State Warriors,1626172,Kevon Looney,2025-26,Regular Season,2026-03-22,1610612738,BOS,Boston Celtics,False,True,L,19.8,5,2,5,0,0,6,7,3,1,4,4,0,1,4,3,-9
0000000437,1610612744,GSW,Golden State Warriors,1630541,Brandin Podziemski,2025-26,Regular Season,2026-03-22,1610612738,BOS,Boston Celtics,False,True,L,21.3,4,4,6,4,6,2,2,1,4,5,5,3,0,4,2,4
0000000438,1610612738,BOS,Boston Celtics,1628369,Jayson Tatum,2025-26,Regular Season,2026-03-24,1610612743,DEN,Denver Nuggets,True,False,W,24.1,26,10,19,0,3,0,1,1,10,11,11,0,3,0,1,6
0000000438,1610612738,BOS,Boston Celtics,1627759,Jaylen Brown,2025-26,Regular Season,2026-03-24,1610612743,DEN,Denver Nuggets,True,False,W,21.5,30,12,19,4,6,1,6,0,0,0,0,2,2,0,5,6
0000000438,1610612738,BOS,Boston Celtics,201950,Jrue Holiday,2025-26,Regular Season,2026-03-24,1610612743,DEN,Denver Nuggets,True,False,W,21.0,8,6,9,6,8,1,1,1,6,7,5,1,0,3,5,-3
0000000438,1610612738,BOS,Boston Celtics,1628464,Derrick White,2025-26,Regular Season,2026-03-24,1610612743,DEN,Denver Nuggets,True,False,W,31.1,1,1,7,1,7,0,6,1,2,3,4,2,3,2,2,-7
0000000438,1610612738,BOS,Boston Celtics,203935,Kristaps Porziņģis,2025-26,Regular Season,2026-03-24,1610612743,DEN,Denver Nuggets,True,False,W,34.2,16,6,12,1,1,1,8,1,3,4,0,2,1,4,3,-9
0000000438,1610612738,BOS,Boston Celtics,1629057,Robert Williams,2025-26,Regular Season,2026-03-24,1610612743,DEN,Denver Nuggets,True,False,W,30.0,16,6,11,0,2,1,4,4,2,6,0,3,1,0,4,6
0000000438,1610612743,DEN,Denver Nuggets,203999,Nikola Jokić,2025-26,Regular Season,2026-03-24,1610612738,BOS,Boston Celtics,False,True,L,28.8,37,14,21,2,3,2,7,3,13,16,7,4,0,4,1,8
0000000438,1610612743,DEN,Denver Nuggets,1627750,Jamal Murray,2025-26,Regular Season,2026-03-24,1610612738,BOS,Boston Celtics,False,True,L,26.8,27,10,19,1,1,0,0,0,2,2,5,3,3,0,5,10
0000000438,1610612743,DEN,Denver Nuggets,1628420,Aaron Gordon,2025-26,Regular Season,2026-03-24,1610612738,BOS,Boston Celtics,False,True,L,28.4,20,8,16,1,1,2,2,2,5,7,0,2,1,3,5,-6
0000000438,1610612743,DEN,Denver Nuggets,1630166,Christian Braun,2025-26,Regular Season,2026-03-24,1610612738,BOS,Boston Celtics,False,True,L,36.2,0,0,6,0,1,1,3,0,5,5,3,1,2,1,3,-5
0000000438,1610612743,DEN,Denver Nuggets,203914,Kentavious Caldwell-Pope,2025-26,Regular Season,2026-03-24,1610612738,BOS,Boston Celtics,False,True,L,27.8,6,2,7,0,7,0,0,4,2,6,5,2,2,2,5,3
0000000438,1610612743,DEN,Denver Nuggets,1631128,Peyton Watson,2025-26,Regular Season,2026-03-24,1610612738,BOS,Boston Celtics,False,True,L,29.8,3,3,6,3,4,2,2,3,0,3,1,1,0,1,2,-4
0000000439,1610612738,BOS,Boston Celtics,1628369,Jayson Tatum,2025-26,Regular Season,2026-03-26,1610612752,NYK,New York Knicks,True,False,L,31.8,31,12,18,4,5,0,1,0,8,8,4,2,0,3,1,9
0000000439,1610612738,BOS,Boston Celtics,1627759,Jaylen Brown,2025-26,Regular Season,2026-03-26,1610612752,NYK,New York Knicks,True,False,L,27.6,28,11,18,0,5,1,4,2,4,6,3,4,0,4,2,-13
0000000439,1610612738,BOS,Boston Celtics,201950,Jrue Holiday,2025-26,Regular Season,2026-03-26,1610612752,NYK,New York Knicks,True,False,L,26.2,6,3,9,3,9,0,8,4,1,5,1,4,1,0,4,-14
0000000439,1610612738,BOS,Boston Celtics,1628464,Derrick White,2025-26,Regular Season,2026-03-26,1610612752,NYK,New York Knicks,True,False,L,33.4,9,3,10,1,2,2,4,0,0,0,5,0,2,2,4,9
0000000439,1610612738,BOS,Boston Celtics,203935,Kristaps Porziņģis,2025-26,Regular Season,2026-03-26,1610612752,NYK,New York Knicks,True,False,L,18.1,12,4,9,2,3,7,7,1,5,6,5,3,1,5,3,18
0000000439,1610612738,BOS,Boston Celtics,1629057,Robert Williams,2025-26,Regular Season,2026-03-26,1610612752,NYK,New York Knicks,True,False,L,24.4,4,3,7,3,3,5,5,2,6,8,3,4,2,4,0,14
0000000439,1610612752,NYK,New York Knicks,1628973,Jalen Brunson,2025-26,Regular Season,2026-03-26,1610612738,BOS,Boston Celtics,False,True,W,24.8,33,13,18,6,8,2,4,4,0,4,4,4,3,5,1,-10
0000000439,1610612752,NYK,New York Knicks,1626164,Isaiah Hartenstein,2025-26,Regular Season,2026-03-26,1610612738,BOS,Boston Celtics,False,True,W,19.3,21,8,11,0,1,0,1,1,6,7,6,1,2,4,5,7
0000000439,1610612752,NYK,New York Knicks,1629628,RJ Barrett,2025-26,Regular Season,2026-03-26,1610612738,BOS,Boston Celtics,False,True,W,29.5,25,10,13,0,8,4,5,2,8,10,4,1,0,5,5,-18
0000000439,1610612752,NYK,New York Knicks,1630193,Immanuel Quickley,2025-26,Regular Season,2026-03-26,1610612738,BOS,Boston Celtics,False,True,W,22.3,16,6,12,6,6,1,4,1,1,2,2,2,0,4,3,-10
0000000439,1610612752,NYK,New York Knicks,203944,Julius Randle,2025-26,Regular Season,2026-03-26,1610612738,BOS,Boston Celtics,False,True,W,23.0,15,6,12,1,4,6,7,2,10,12,5,2,0,5,1,-6
0000000439,1610612752,NYK,New York Knicks,1631216,Miles McBride,2025-26,Regular Season,2026-03-26,1610612738,BOS,Boston Celtics,False,True,W,24.6,3,3,5,3,5,1,1,0,0,0,6,2,3,2,4,-12
0000000440,1610612738,BOS,Boston Celtics,1628369,Jayson Tatum,2025-26,Regular Season,2026-03-28,1610612748,MIA,Miami Heat,True,False,L,34.8,28,11,18,1,9,1,1,2,7,9,5,3,1,3,2,-7
0000000440,1610612738,BOS,Boston Celtics,1627759,Jaylen Brown,2025-26,Regular Season,2026-03-28,1610612748,MIA,Miami Heat,True,False,L,29.0,3,3,9,3,9,1,1,2,3,5,3,3,1,2,5,18
0000000440,1610612738,BOS,Boston Celtics,201950,Jrue Holiday,2025-26,Regular Season,2026-03-28,1610612748,MIA,Miami Heat,True,False,L,21.1,7,2,6,0,1,0,2,0,1,1,2,3,1,2,3,15
0000000440,1610612738,BOS,Boston Celtics,1628464,Derrick White,2025-26,Regular Season,2026-03-28,1610612748,MIA,Miami Heat,True,False,L,25.2,5,2,8,1,7,0,0,3,3,6,3,3,1,0,4,-11
0000000440,1610612738,BOS,Boston Celtics,203935,Kristaps Porziņģis,2025-26,Regular Season,2026-03-28,1610612748,MIA,Miami Heat,True,False,L,27.9,17,6,13,0,1,4,5,0,9,9,0,2,1,2,1,11
0000000440,1610612738,BOS,Boston Celtics,1629057,Robert Williams,2025-26,Regular Season,2026-03-28,1610612748,MIA,Miami Heat,True,False,L,21.7,4,1,3,1,2,2,6,4,9,13,0,4,1,4,4,-16
0000000440,1610612748,MIA,Miami Heat,202710,Jimmy Butler,2025-26,Regular Season,2026-03-28,1610612738,BOS,Boston Celtics,False,True,W,31.0,22,8,17,3,6,0,0,2,1,3,8,1,3,2,0,-11
0000000440,1610612748,MIA,Miami Heat,1629639,Tyler Herro,2025-26,Regular Season,2026-03-28,1610612738,BOS,Boston Celtics,False,True,W,19.8,14,5,12,4,6,1,1,4,1,5,5,0,3,3,1,14
0000000440,1610612748,MIA,Miami Heat,202355,Bam Adebayo,2025-26,Regular Season,2026-03-28,1610612738,BOS,Boston Celtics,False,True,W,35.9,23,9,16,0,2,0,2,2,10,12,2,4,0,2,1,-9
0000000440,1610612748,MIA,Miami Heat,1631107,Jaime Jaquez,2025-26,Regular Season,2026-03-28,1610612738,BOS,Boston Celtics,False,True,W,29.5,8,3,6,2,2,0,5,1,5,6,2,4,2,0,1,-16
0000000440,1610612748,MIA,Miami Heat,203482,Kelly Olynyk,2025-26,Regular Season,2026-03-28,1610612738,BOS,Boston Celtics,False,True,W,26.0,1,0,1,0,0,0,1,0,4,4,0,1,0,0,2,-8
0000000440,1610612748,MIA,Miami Heat,1630217,Caleb Martin,2025-26,Regular Season,2026-03-28,1610612738,BOS,Boston Celtics,False,True,W,20.1,12,4,12,3,7,1,1,2,0,2,0,3,3,2,0,5
0000000441,1610612752,NYK,New York Knicks,1628973,Jalen Brunson,2025-26,Regular Season,2026-03-30,1610612747,LAL,Los Angeles Lakers,True,False,W,21.8,33,13,20,2,4,1,1,4,1,5,6,4,3,0,1,16
0000000441,1610612752,NYK,New York Knicks,1626164,Isaiah Hartenstein,2025-26,Regular Season,2026-03-30,1610612747,LAL,Los Angeles Lakers,True,False,W,19.5,15,6,13,1,2,5,7,0,9,9,4,2,2,0,0,7
0000000441,1610612752,NYK,New York Knicks,1629628,RJ Barrett,2025-26,Regular Season,2026-03-30,1610612747,LAL,Los Angeles Lakers,True,False,W,35.5,31,12,20,0,0,1,6,0,3,3,0,2,3,4,3,12
0000000441,1610612752,NYK,New York Knicks,1630193,Immanuel Quickley,2025-26,Regular Season,2026-03-30,1610612747,LAL,Los Angeles Lakers,True,False,W,24.9,19,7,14,5,6,0,0,2,0,2,4,2,1,5,4,-12
0000000441,1610612752,NYK,New York Knicks,203944,Julius Randle,2025-26,Regular Season,2026-03-30,1610612747,LAL,Los Angeles Lakers,True,False,W,31.3,22,8,14,1,2,2,2,3,0,3,0,0,2,0,1,-5
0000000441,1610612752,NYK,New York Knicks,1631216,Miles McBride,2025-26,Regular Season,2026-03-30,1610612747,LAL,Los Angeles Lakers,True,False,W,35.3,9,6,10,6,10,0,0,0,0,0,3,3,2,2,2,-18
0000000441,1610612747,LAL,Los Angeles Lakers,2544,LeBron James,2025-26,Regular Season,2026-03-30,1610612752,NYK,New York Knicks,False,True,L,37.4,22,8,14,1,2,0,4,3,7,10,9,1,2,5,0,-15
0000000441,1610612747,LAL,Los Angeles Lakers,1629029,Luka Dončić,2025-26,Regular Season,2026-03-30,1610612752,NYK,New York Knicks,False,True,L,37.1,34,13,21,0,0,1,7,3,6,9,7,3,3,0,0,17
0000000441,1610612747,LAL,Los Angeles Lakers,203076,Anthony Davis,2025-26,Regular Season,2026-03-30,1610612752,NYK,New York Knicks,False,True,L,20.6,19,7,10,0,1,0,8,2,9,11,4,0,1,4,3,-13
0000000441,1610612747,LAL,Los Angeles Lakers,1630559,Austin Reaves,2025-26,Regular Season,2026-03-30,1610612752,NYK,New York Knicks,False,True,L,31.0,18,7,11,0,5,3,8,4,0,4,5,2,1,0,3,6
0000000441,1610612747,LAL,Los Angeles Lakers,1626156,Dalton Knecht,2025-26,Regular Season,2026-03-30,1610612752,NYK,New York Knicks,False,True,L,31.4,0,1,4,1,4,1,5,0,0,0,4,0,1,5,0,5
0000000441,1610612747,LAL,Los Angeles Lakers,1629020,Rui Hachimura,2025-26,Regular Season,2026-03-30,1610612752,NYK,New York Knicks,False,True,L,26.9,10,5,9,5,9,2,2,3,3,6,1,4,0,1,0,-13
0000000442,1610612752,NYK,New York Knicks,1628973,Jalen Brunson,2025-26,Regular Season,2026-04-01,1610612744,GSW,Golden State Warriors,True,False,W,28.8,28,11,17,0,0,2,8,2,1,3,8,2,0,2,5,11
0000000442,1610612752,NYK,New York Knicks,1626164,Isaiah Hartenstein,2025-26,Regular Season,2026-04-01,1610612744,GSW,Golden State Warriors,True,False,W,37.1,22,8,16,0,0,2,4,1,11,12,1,2,1,2,1,15
0000000442,1610612752,NYK,New York Knicks,1629628,RJ Barrett,2025-26,Regular Season,2026-04-01,1610612744,GSW,Golden State Warriors,True,False,W,33.3,13,9,9,9,9,4,8,0,8,8,5,0,3,4,3,13
0000000442,1610612752,NYK,New York Knicks,1630193,Immanuel Quickley,2025-26,Regular Season,2026-04-01,1610612744,GSW,Golden State Warriors,True,False,W,27.1,16,6,14,1,1,2,6,1,5,6,5,3,3,0,2,-14
0000000442,1610612752,NYK,New York Knicks,203944,Julius Randle,2025-26,Regular Season,2026-04-01,1610612744,GSW,Golden State Warriors,True,False,W,23.1,28,11,18,2,5,0,1,0,6,6,4,0,2,1,0,12
0000000442,1610612752,NYK,New York Knicks,1631216,Miles McBride,2025-26,Regular Season,2026-04-01,1610612744,GSW,Golden State Warriors,True,False,W,24.3,8,3,10,3,8,0,0,2,0,2,2,4,1,2,0,-11
0000000442,1610612744,GSW,Golden State Warriors,201939,Stephen Curry,2025-26,Regular Season,2026-04-01,1610612752,NYK,New York Knicks,False,True,L,24.7,18,7,10,1,7,0,0,1,5,6,7,4,3,1,5,16
0000000442,1610612744,GSW,Golden State Warriors,202691,Klay Thompson,2025-26,Regular Season,2026-04-01,1610612752,NYK,New York Knicks,False,True,L,26.9,10,4,9,3,5,4,7,0,0,0,1,2,2,3,1,-15
0000000442,1610612744,GSW,Golden State Warriors,203110,Draymond Green,2025-26,Regular Season,2026-04-01,1610612752,NYK,New York Knicks,False,True,L,22.5,6,2,6,0,1,3,5,3,0,3,6,0,2,2,0,1
0000000442,1610612744,GSW,Golden State Warriors,1630228,Jonathan Kuminga,2025-26,Regular Season,2026-04-01,1610612752,NYK,New York Knicks,False,True,L,21.4,11,5,7,5,7,0,5,1,1,2,1,4,2,0,5,11
0000000442,1610612744,GSW,Golden State Warriors,1626172,Kevon Looney,2025-26,Regular Season,2026-04-01,1610612752,NYK,New York Knicks,False,True,L,23.2,14,5,10,1,2,0,0,2,2,4,3,3,0,0,1,-3
0000000442,1610612744,GSW,Golden State Warriors,1630541,Brandin Podziemski,2025-26,Regular Season,2026-04-01,1610612752,NYK,New York Knicks,False,True,L,18.3,2,4,7,4,7,0,2,2,6,8,5,4,1,2,5,-16
0000000443,1610612752,NYK,New York Knicks,1628973,Jalen Brunson,2025-26,Regular Season,2026-04-03,1610612743,DEN,Denver Nuggets,True,False,W,25.2,22,8,12,0,10,2,6,0,0,0,7,2,2,4,1,-8
0000000443,1610612752,NYK,New York Knicks,1626164,Isaiah Hartenstein,2025-26,Regular Season,2026-04-03,1610612743,DEN,Denver Nuggets,True,False,W,31.9,13,5,10,0,0,2,4,0,7,7,0,1,3,4,0,6
0000000443,1610612752,NYK,New York Knicks,1629628,RJ Barrett,2025-26,Regular Season,2026-04-03,1610612743,DEN,Denver Nuggets,True,False,W,21.8,11,6,10,6,10,0,4,3,3,6,0,3,2,5,4,0
0000000443,1610612752,NYK,New York Knicks,1630193,Immanuel Quickley,2025-26,Regular Season,2026-04-03,1610612743,DEN,Denver Nuggets,True,False,W,28.5,14,5,12,0,10,5,5,4,2,6,2,1,3,4,5,-2
0000000443,1610612752,NYK,New York Knicks,203944,Julius Randle,2025-26,Regular Season,2026-04-03,1610612743,DEN,Denver Nuggets,True,False,W,25.8,18,7,11,0,0,3,3,4,9,13,4,1,1,5,3,-4
0000000443,1610612752,NYK,New York Knicks,1631216,Miles McBride,2025-26,Regular Season,2026-04-03,1610612743,DEN,Denver Nuggets,True,False,W,24.1,15,6,13,1,9,4,4,0,2,2,2,4,3,3,0,4
0000000443,1610612743,DEN,Denver Nuggets,203999,Nikola Jokić,2025-26,Regular Season,2026-04-03,1610612752,NYK,New York Knicks,False,True,L,26.6,27,10,17,0,2,3,6,2,14,16,12,0,1,1,2,-14
0000000443,1610612743,DEN,Denver Nuggets,1627750,Jamal Murray,2025-26,Regular Season,2026-04-03,1610612752,NYK,New York Knicks,False,True,L,30.5,4,8,8,8,8,5,8,3,2,5,4,0,2,5,3,-8
0000000443,1610612743,DEN,Denver Nuggets,1628420,Aaron Gordon,2025-26,Regular Season,2026-04-03,1610612752,NYK,New York Knicks,False,True,L,30.8,15,6,10,5,10,0,1,4,1,5,3,2,2,1,4,3
0000000443,1610612743,DEN,Denver Nuggets,1630166,Christian Braun,2025-26,Regular Season,2026-04-03,1610612752,NYK,New York Knicks,False,True,L,18.1,12,4,10,3,5,0,1,3,1,4,4,4,3,2,0,-3
0000000443,1610612743,DEN,Denver Nuggets,203914,Kentavious Caldwell-Pope,2025-26,Regular Season,2026-04-03,1610612752,NYK,New York Knicks,False,True,L,28.9,15,6,8,3,3,0,2,2,0,2,1,3,1,1,4,-17
0000000443,1610612743,DEN,Denver Nuggets,1631128,Peyton Watson,2025-26,Regular Season,2026-04-03,1610612752,NYK,New York Knicks,False,True,L,28.5,9,3,7,0,1,1,4,0,4,4,2,3,0,1,4,2
0000000444,1610612752,NYK,New York Knicks,1628973,Jalen Brunson,2025-26,Regular Season,2026-04-05,1610612738,BOS,Boston Celtics,True,False,W,28.7,33,13,21,0,2,1,4,2,0,2,7,4,1,2,4,-16
0000000444,1610612752,NYK,New York Knicks,1626164,Isaiah Hartenstein,2025-26,Regular Season,2026-04-05,1610612738,BOS,Boston Celtics,True,False,W,32.0,32,12,21,0,0,3,3,3,11,14,2,2,0,3,1,-15
0000000444,1610612752,NYK,New York Knicks,1629628,RJ Barrett,2025-26,Regular Season,2026-04-05,1610612738,BOS,Boston Celtics,True,False,W,24.6,20,8,14,8,9,6,7,0,9,9,0,3,1,3,2,7
0000000444,1610612752,NYK,New York Knicks,1630193,Immanuel Quickley,2025-26,Regular Season,2026-04-05,1610612738,BOS,Boston Celtics,True,False,W,27.2,8,3,7,0,0,1,7,0,2,2,4,3,2,4,5,-2
0000000444,1610612752,NYK,New York Knicks,203944,Julius Randle,2025-26,Regular Season,2026-04-05,1610612738,BOS,Boston Celtics,True,False,W,23.9,34,13,21,1,2,6,6,4,0,4,2,0,0,4,0,2
0000000444,1610612752,NYK,New York Knicks,1631216,Miles McBride,2025-26,Regular Season,2026-04-05,1610612738,BOS,Boston Celtics,True,False,W,35.2,4,1,8,1,8,2,4,0,0,0,1,3,2,4,3,-11
0000000444,1610612738,BOS,Boston Celtics,1628369,Jayson Tatum,2025-26,Regular Season,2026-04-05,1610612752,NYK,New York Knicks,False,True,L,19.3,39,15,22,6,10,4,4,2,3,5,2,1,3,5,4,-18
0000000444,1610612738,BOS,Boston Celtics,1627759,Jaylen Brown,2025-26,Regular Season,2026-04-05,1610612752,NYK,New York Knicks,False,True,L,34.6,24,9,13,0,2,3,3,2,3,5,1,0,2,1,0,-13
0000000444,1610612738,BOS,Boston Celtics,201950,Jrue Holiday,2025-26,Regular Season,2026-04-05,1610612752,NYK,New York Knicks,False,True,L,36.4,14,5,12,3,6,1,8,1,6,7,6,2,2,1,3,8
0000000444,1610612738,BOS,Boston Celtics,1628464,Derrick White,2025-26,Regular Season,2026-04-05,1610612752,NYK,New York Knicks,False,True,L,21.2,18,7,13,1,1,1,1,0,3,3,4,0,2,1,1,1
0000000444,1610612738,BOS,Boston Celtics,203935,Kristaps Porziņģis,2025-26,Regular Season,2026-04-05,1610612752,NYK,New York Knicks,False,True,L,26.2,10,4,9,1,2,1,2,1,8,9,5,2,1,3,5,16
0000000444,1610612738,BOS,Boston Celtics,1629057,Robert Williams,2025-26,Regular Season,2026-04-05,1610612752,NYK,New York Knicks,False,True,L,28.5,22,8,15,0,1,3,6,4,6,10,0,4,3,1,2,11
0000000445,1610612752,NYK,New York Knicks,1628973,Jalen Brunson,2025-26,Regular Season,2026-04-07,1610612748,MIA,Miami Heat,True,False,W,21.8,25,9,18,1,4,5,8,0,14,14,14,3,2,5,5,-14
0000000445,1610612752,NYK,New York Knicks,1626164,Isaiah Hartenstein,2025-26,Regular Season,2026-04-07,1610612748,MIA,Miami Heat,True,False,W,31.9,15,6,10,0,0,0,0,1,5,6,3,3,0,5,3,2
0000000445,1610612752,NYK,New York Knicks,1629628,RJ Barrett,2025-26,Regular Season,2026-04-07,1610612748,MIA,Miami Heat,True,False,W,19.5,18,7,14,0,5,0,5,1,2,3,1,2,1,1,5,-16
0000000445,1610612752,NYK,New York Knicks,1630193,Immanuel Quickley,2025-26,Regular Season,2026-04-07,1610612748,MIA,Miami Heat,True,False,W,37.9,13,5,11,1,1,0,6,2,0,2,5,2,0,4,3,-6
0000000445,1610612752,NYK,New York Knicks,203944,Julius Randle,2025-26,Regular Season,2026-04-07,1610612748,MIA,Miami Heat,True,False,W,37.6,20,8,15,3,8,0,5,0,11,11,6,2,2,2,2,13
0000000445,1610612752,NYK,New York Knicks,1631216,Miles McBride,2025-26,Regular Season,2026-04-07,1610612748,MIA,Miami Heat,True,False,W,26.6,0,1,4,1,4,5,6,2,0,2,0,3,0,1,1,-3
0000000445,1610612748,MIA,Miami Heat,202710,Jimmy Butler,2025-26,Regular Season,2026-04-07,1610612752,NYK,New York Knicks,False,True,L,31.1,29,11,15,3,7,2,7,3,5,8,8,1,0,3,4,5
0000000445,1610612748,MIA,Miami Heat,1629639,Tyler Herro,2025-26,Regular Season,2026-04-07,1610612752,NYK,New York Knicks,False,True,L,26.0,11,4,6,1,6,0,0,2,0,2,4,3,1,5,3,6
0000000445,1610612748,MIA,Miami Heat,202355,Bam Adebayo,2025-26,Regular Season,2026-04-07,1610612752,NYK,New York Knicks,False,True,L,20.8,24,9,18,2,2,0,4,4,4,8,6,4,3,3,5,-1
0000000445,1610612748,MIA,Miami Heat,1631107,Jaime Jaquez,2025-26,Regular Season,2026-04-07,1610612752,NYK,New York Knicks,False,True,L,24.5,10,4,6,1,6,6,7,3,3,6,0,1,2,2,3,-8
0000000445,1610612748,MIA,Miami Heat,203482,Kelly Olynyk,2025-26,Regular Season,2026-04-07,1610612752,NYK,New York Knicks,False,True,L,24.5,15,6,9,0,1,2,3,0,6,6,5,2,2,0,1,10
0000000445,1610612748,MIA,Miami Heat,1630217,Caleb Martin,2025-26,Regular Season,2026-04-07,1610612752,NYK,New York Knicks,False,True,L,31.6,1,1,6,1,5,1,8,0,0,0,0,3,2,2,5,8
0000000446,1610612748,MIA,Miami Heat,202710,Jimmy Butler,2025-26,Regular Season,2026-04-09,1610612747,LAL,Los Angeles Lakers,True,False,L,29.4,19,7,15,2,6,0,3,3,0,3,5,1,3,1,4,10
0000000446,1610612748,MIA,Miami Heat,1629639,Tyler Herro,2025-26,Regular Season,2026-04-09,1610612747,LAL,Los Angeles Lakers,True,False,L,18.1,20,8,13,6,7,1,2,3,8,11,3,2,2,0,0,16
0000000446,1610612748,MIA,Miami Heat,202355,Bam Adebayo,2025-26,Regular Season,2026-04-09,1610612747,LAL,Los Angeles Lakers,True,False,L,25.7,26,10,16,1,1,2,8,1,7,8,6,1,3,5,2,11
0000000446,1610612748,MIA,Miami Heat,1631107,Jaime Jaquez,2025-26,Regular Season,2026-04-09,1610612747,LAL,Los Angeles Lakers,True,False,L,21.5,6,6,9,6,9,1,3,0,0,0,3,3,2,0,3,9
0000000446,1610612748,MIA,Miami Heat,203482,Kelly Olynyk,2025-26,Regular Season,2026-04-09,1610612747,LAL,Los Angeles Lakers,True,False,L,20.5,9,3,7,1,1,0,4,1,0,1,5,2,1,4,3,-2
0000000446,1610612748,MIA,Miami Heat,1630217,Caleb Martin,2025-26,Regular Season,2026-04-09,1610612747,LAL,Los Angeles Lakers,True,False,L,36.7,2,1,6,1,5,0,2,1,3,4,3,2,0,0,4,10
0000000446,1610612747,LAL,Los Angeles Lakers,2544,LeBron James,2025-26,Regular Season,2026-04-09,1610612748,MIA,Miami Heat,False,True,W,32.1,28,11,20,0,0,0,3,0,9,9,5,0,2,3,5,-7
0000000446,1610612747,LAL,Los Angeles Lakers,1629029,Luka Dončić,2025-26,Regular Season,2026-04-09,1610612748,MIA,Miami Heat,False,True,W,24.0,22,8,13,0,7,1,1,3,3,6,9,4,2,0,4,9
0000000446,1610612747,LAL,Los Angeles Lakers,203076,Anthony Davis,2025-26,Regular Season,2026-04-09,1610612748,MIA,Miami Heat,False,True,W,21.8,30,12,17,3,3,0,0,4,10,14,0,1,2,0,1,-17
0000000446,1610612747,LAL,Los Angeles Lakers,1630559,Austin Reaves,2025-26,Regular Season,2026-04-09,1610612748,MIA,Miami Heat,False,True,W,23.4,17,6,9,0,4,4,5,2,3,5,8,1,1,3,5,-2
0000000446,1610612747,LAL,Los Angeles Lakers,1626156,Dalton Knecht,2025-26,Regular Season,2026-04-09,1610612748,MIA,Miami Heat,False,True,W,23.2,6,2,10,2,10,1,4,0,3,3,0,4,3,3,2,18
0000000446,1610612747,LAL,Los Angeles Lakers,1629020,Rui Hachimura,2025-26,Regular Season,2026-04-09,1610612748,MIA,Miami Heat,False,True,W,31.3,19,7,14,0,0,0,1,3,1,4,0,0,3,0,2,-5
0000000447,1610612748,MIA,Miami Heat,202710,Jimmy Butler,2025-26,Regular Season,2026-04-11,1610612744,GSW,Golden State Warriors,True,False,L,34.6,16,6,10,6,6,0,2,1,3,4,5,3,0,0,3,-14
0000000447,1610612748,MIA,Miami Heat,1629639,Tyler Herro,2025-26,Regular Season,2026-04-11,1610612744,GSW,Golden State Warriors,True,False,L,18.4,22,8,12,0,0,3,6,0,2,2,7,1,1,3,1,-11
0000000447,1610612748,MIA,Miami Heat,202355,Bam Adebayo,2025-26,Regular Season,2026-04-11,1610612744,GSW,Golden State Warriors,True,False,L,23.1,19,7,10,1,1,3,8,0,11,11,3,4,3,4,5,2
0000000447,1610612748,MIA,Miami Heat,1631107,Jaime Jaquez,2025-26,Regular Season,2026-04-11,1610612744,GSW,Golden State Warriors,True,False,L,31.4,14,5,13,2,7,1,4,3,4,7,3,4,0,3,4,2
0000000447,1610612748,MIA,Miami Heat,203482,Kelly Olynyk,2025-26,Regular Season,2026-04-11,1610612744,GSW,Golden State Warriors,True,False,L,33.4,0,0,5,0,0,4,4,1,0,1,3,4,0,5,0,-2
0000000447,1610612748,MIA,Miami Heat,1630217,Caleb Martin,2025-26,Regular Season,2026-04-11,1610612744,GSW,Golden State Warriors,True,False,L,37.2,0,1,3,1,3,6,6,0,0,0,3,0,1,3,3,17
0000000447,1610612744,GSW,Golden State Warriors,201939,Stephen Curry,2025-26,Regular Season,2026-04-11,1610612748,MIA,Miami Heat,False,True,W,31.3,27,10,18,1,7,1,2,1,2,3,7,3,3,4,4,12
0000000447,1610612744,GSW,Golden State Warriors,202691,Klay Thompson,2025-26,Regular Season,2026-04-11,1610612748,MIA,Miami Heat,False,True,W,35.5,24,9,14,3,7,2,8,1,0,1,3,3,2,5,2,-3
0000000447,1610612744,GSW,Golden State Warriors,203110,Draymond Green,2025-26,Regular Season,2026-04-11,1610612748,MIA,Miami Heat,False,True,W,26.3,13,5,7,1,2,7,8,0,9,9,4,2,3,2,3,-10
0000000447,1610612744,GSW,Golden State Warriors,1630228,Jonathan Kuminga,2025-26,Regular Season,2026-04-11,1610612748,MIA,Miami Heat,False,True,W,25.2,20,8,14,4,8,5,7,4,1,5,0,2,1,3,5,-15
0000000447,1610612744,GSW,Golden State Warriors,1626172,Kevon Looney,2025-26,Regular Season,2026-04-11,1610612748,MIA,Miami Heat,False,True,W,31.5,1,1,1,1,1,0,4,1,0,1,0,1,2,1,2,18
0000000447,1610612744,GSW,Golden State Warriors,1630541,Brandin Podziemski,2025-26,Regular Season,2026-04-11,1610612748,MIA,Miami Heat,False,True,W,22.3,14,5,13,0,4,0,3,0,2,2,0,4,1,5,1,18
0000000448,1610612748,MIA,Miami Heat,202710,Jimmy Butler,2025-26,Regular Season,2026-04-13,1610612743,DEN,Denver Nuggets,True,False,L,28.6,28,11,17,5,10,4,6,4,6,10,3,4,3,4,4,-18
0000000448,1610612748,MIA,Miami Heat,1629639,Tyler Herro,2025-26,Regular Season,2026-04-13,1610612743,DEN,Denver Nuggets,True,False,L,26.9,8,7,7,7,7,2,2,3,3,6,8,1,3,5,0,-10
0000000448,1610612748,MIA,Miami Heat,202355,Bam Adebayo,2025-26,Regular Season,2026-04-13,1610612743,DEN,Denver Nuggets,True,False,L,26.9,17,6,11,0,1,0,2,4,8,12,4,0,3,1,0,12
0000000448,1610612748,MIA,Miami Heat,1631107,Jaime Jaquez,2025-26,Regular Season,2026-04-13,1610612743,DEN,Denver Nuggets,True,False,L,30.8,8,3,5,2,2,2,2,1,0,1,0,4,1,5,0,-3
0000000448,1610612748,MIA,Miami Heat,203482,Kelly Olynyk,2025-26,Regular Season,2026-04-13,1610612743,DEN,Denver Nuggets,True,False,L,26.0,5,2,3,0,1,7,8,2,0,2,2,3,2,4,5,-10
0000000448,1610612748,MIA,Miami Heat,1630217,Caleb Martin,2025-26,Regular Season,2026-04-13,1610612743,DEN,Denver Nuggets,True,False,L,19.7,10,4,10,0,5,3,3,0,0,0,1,3,0,2,2,8
0000000448,1610612743,DEN,Denver Nuggets,203999,Nikola Jokić,2025-26,Regular Season,2026-04-13,1610612748,MIA,Miami Heat,False,True,W,29.3,31,12,18,0,0,7,7,4,9,13,9,0,3,4,5,-6
0000000448,1610612743,DEN,Denver Nuggets,1627750,Jamal Murray,2025-26,Regular Season,2026-04-13,1610612748,MIA,Miami Heat,False,True,W,27.0,13,5,8,0,4,0,1,4,1,5,5,1,1,5,3,-16
0000000448,1610612743,DEN,Denver Nuggets,1628420,Aaron Gordon,2025-26,Regular Season,2026-04-13,1610612748,MIA,Miami Heat,False,True,W,22.9,16,6,12,1,6,6,8,0,4,4,5,1,1,3,2,-17
0000000448,1610612743,DEN,Denver Nuggets,1630166,Christian Braun,2025-26,Regular Season,2026-04-13,1610612748,MIA,Miami Heat,False,True,W,29.8,1,2,6,2,2,3,3,0,0,0,0,0,2,0,0,-3
0000000448,1610612743,DEN,Denver Nuggets,203914,Kentavious Caldwell-Pope,2025-26,Regular Season,2026-04-13,1610612748,MIA,Miami Heat,False,True,W,28.3,25,10,17,3,8,3,6,1,0,1,7,1,2,5,2,11
0000000448,1610612743,DEN,Denver Nuggets,1631128,Peyton Watson,2025-26,Regular Season,2026-04-13,1610612748,MIA,Miami Heat,False,True,W,33.3,0,4,5,4,5,0,2,3,0,3,0,2,3,0,1,7
0000000449,1610612748,MIA,Miami Heat,202710,Jimmy Butler,2025-26,Regular Season,2026-04-15,1610612738,BOS,Boston Celtics,True,False,L,35.3,15,6,10,2,4,2,8,4,1,5,3,2,3,4,3,14
0000000449,1610612748,MIA,Miami Heat,1629639,Tyler Herro,2025-26,Regular Season,2026-04-15,1610612738,BOS,Boston Celtics,True,False,L,27.2,20,8,12,1,1,0,0,3,5,8,2,0,1,3,1,-8
0000000449,1610612748,MIA,Miami Heat,202355,Bam Adebayo,2025-26,Regular Season,2026-04-15,1610612738,BOS,Boston Celtics,True,False,L,19.7,23,9,12,1,1,1,2,2,5,7,7,3,0,3,0,17
0000000449,1610612748,MIA,Miami Heat,1631107,Jaime Jaquez,2025-26,Regular Season,2026-04-15,1610612738,BOS,Boston Celtics,True,False,L,24.8,8,8,10,8,8,2,8,2,1,3,4,4,0,4,1,15
0000000449,1610612748,MIA,Miami Heat,203482,Kelly Olynyk,2025-26,Regular Season,2026-04-15,1610612738,BOS,Boston Celtics,True,False,L,25.5,10,4,8,0,1,0,0,4,1,5,2,2,2,4,5,5
0000000449,1610612748,MIA,Miami Heat,1630217,Caleb Martin,2025-26,Regular Season,2026-04-15,1610612738,BOS,Boston Celtics,True,False,L,31.0,12,4,9,4,7,0,0,2,1,3,2,4,1,5,3,-1
0000000449,1610612738,BOS,Boston Celtics,1628369,Jayson Tatum,2025-26,Regular Season,2026-04-15,1610612748,MIA,Miami Heat,False,True,W,18.5,30,12,16,2,3,0,2,1,7,8,6,1,0,5,3,-2
0000000449,1610612738,BOS,Boston Celtics,1627759,Jaylen Brown,2025-26,Regular Season,2026-04-15,1610612748,MIA,Miami Heat,False,True,W,37.7,33,13,20,1,1,3,7,1,1,2,3,2,0,1,3,9
0000000449,1610612738,BOS,Boston Celtics,201950,Jrue Holiday,2025-26,Regular Season,2026-04-15,1610612748,MIA,Miami Heat,False,True,W,36.7,11,4,8,1,6,1,4,1,1,2,6,4,2,3,3,3
0000000449,1610612738,BOS,Boston Celtics,1628464,Derrick White,2025-26,Regular Season,2026-04-15,1610612748,MIA,Miami Heat,False,True,W,28.7,22,8,16,0,1,2,3,0,0,0,4,4,2,2,3,-11
0000000449,1610612738,BOS,Boston Celtics,203935,Kristaps Porziņģis,2025-26,Regular Season,2026-04-15,1610612748,MIA,Miami Heat,False,True,W,19.5,23,9,15,0,1,0,4,4,1,5,1,2,3,4,2,3
0000000449,1610612738,BOS,Boston Celtics,1629057,Robert Williams,2025-26,Regular Season,2026-04-15,1610612748,MIA,Miami Heat,False,True,W,24.2,4,1,3,1,2,2,6,4,6,10,2,4,2,4,0,10
0000000450,1610612748,MIA,Miami Heat,202710,Jimmy Butler,2025-26,Regular Season,2026-04-17,1610612752,NYK,New York Knicks,True,False,L,22.0,32,12,18,1,4,2,4,2,6,8,3,1,3,1,2,7
0000000450,1610612748,MIA,Miami Heat,1629639,Tyler Herro,2025-26,Regular Season,2026-04-17,1610612752,NYK,New York Knicks,True,False,L,33.7,11,4,10,0,10,7,7,4,2,6,6,0,0,0,1,-6
0000000450,1610612748,MIA,Miami Heat,202355,Bam Adebayo,2025-26,Regular Season,2026-04-17,1610612752,NYK,New York Knicks,True,False,L,36.5,15,6,13,1,1,1,3,2,6,8,3,4,3,0,2,0
0000000450,1610612748,MIA,Miami Heat,1631107,Jaime Jaquez,2025-26,Regular Season,2026-04-17,1610612752,NYK,New York Knicks,True,False,L,31.0,17,7,11,7,10,5,6,4,1,5,4,2,3,2,2,-4
0000000450,1610612748,MIA,Miami Heat,203482,Kelly Olynyk,2025-26,Regular Season,2026-04-17,1610612752,NYK,New York Knicks,True,False,L,25.4,8,3,6,0,0,0,0,1,8,9,0,3,3,5,1,-6
0000000450,1610612748,MIA,Miami Heat,1630217,Caleb Martin,2025-26,Regular Season,2026-04-17,1610612752,NYK,New York Knicks,True,False,L,26.3,0,1,9,1,9,1,1,0,0,0,1,2,3,0,0,-12
0000000450,1610612752,NYK,New York Knicks,1628973,Jalen Brunson,2025-26,Regular Season,2026-04-17,1610612748,MIA,Miami Heat,False,True,W,34.1,29,11,19,5,9,1,5,1,0,1,5,3,0,4,2,13
0000000450,1610612752,NYK,New York Knicks,1626164,Isaiah Hartenstein,2025-26,Regular Season,2026-04-17,1610612748,MIA,Miami Heat,False,True,W,37.1,15,6,13,0,2,2,7,4,6,10,2,4,3,4,1,-10
0000000450,1610612752,NYK,New York Knicks,1629628,RJ Barrett,2025-26,Regular Season,2026-04-17,1610612748,MIA,Miami Heat,False,True,W,21.5,17,6,9,2,7,2,7,3,5,8,0,1,0,5,5,5
0000000450,1610612752,NYK,New York Knicks,1630193,Immanuel Quickley,2025-26,Regular Season,2026-04-17,1610612748,MIA,Miami Heat,False,True,W,22.1,14,5,9,0,0,5,5,0,4,4,3,1,0,1,0,-10
0000000450,1610612752,NYK,New York Knicks,203944,Julius Randle,2025-26,Regular Season,2026-04-17,1610612748,MIA,Miami Heat,False,True,W,30.4,16,6,10,0,8,0,0,1,8,9,2,3,3,1,2,-14
0000000450,1610612752,NYK,New York Knicks,1631216,Miles McBride,2025-26,Regular Season,2026-04-17,1610612748,MIA,Miami Heat,False,True,W,35.0,12,4,12,4,4,0,1,3,1,4,3,3,3,2,1,-11
0000000451,1610612747,LAL,Los Angeles Lakers,2544,LeBron James,2025-26,Regular Season,2026-04-19,1610612744,GSW,Golden State Warriors,True,False,W,24.6,28,11,20,1,3,2,4,2,5,7,9,2,3,3,0,-14
0000000451,1610612747,LAL,Los Angeles Lakers,1629029,Luka Dončić,2025-26,Regular Season,2026-04-19,1610612744,GSW,Golden State Warriors,True,False,W,25.3,23,9,17,0,1,0,3,0,11,11,9,3,1,4,1,-6
0000000451,1610612747,LAL,Los Angeles Lakers,203076,Anthony Davis,2025-26,Regular Season,2026-04-19,1610612744,GSW,Golden State Warriors,True,False,W,19.3,25,10,14,2,2,0,1,3,5,8,2,4,2,2,2,-16
0000000451,1610612747,LAL,Los Angeles Lakers,1630559,Austin Reaves,2025-26,Regular Season,2026-04-19,1610612744,GSW,Golden State Warriors,True,False,W,18.1,18,7,13,1,1,1,1,1,6,7,3,1,3,4,0,0
0000000451,1610612747,LAL,Los Angeles Lakers,1626156,Dalton Knecht,2025-26,Regular Season,2026-04-19,1610612744,GSW,Golden State Warriors,True,False,W,37.0,3,1,7,1,2,0,3,0,0,0,0,4,0,0,4,4
0000000451,1610612747,LAL,Los Angeles Lakers,1629020,Rui Hachimura,2025-26,Regular Season,2026-04-19,1610612744,GSW,Golden State Warriors,True,False,W,34.6,9,4,7,4,6,0,7,3,3,6,1,4,2,0,3,-6
0000000451,1610612744,GSW,Golden State Warriors,201939,Stephen Curry,2025-26,Regular Season,2026-04-19,1610612747,LAL,Los Angeles Lakers,False,True,L,18.3,22,8,15,0,7,3,3,2,5,7,5,1,2,4,0,-13
0000000451,1610612744,GSW,Golden State Warriors,202691,Klay Thompson,2025-26,Regular Season,2026-04-19,1610612747,LAL,Los Angeles Lakers,False,True,L,30.8,22,8,13,1,4,0,1,0,4,4,0,2,1,1,4,18
0000000451,1610612744,GSW,Golden State Warriors,203110,Draymond Green,2025-26,Regular Season,2026-04-19,1610612747,LAL,Los Angeles Lakers,False,True,L,36.3,8,3,8,3,8,3,7,2,4,6,3,2,2,2,4,2
0000000451,1610612744,GSW,Golden State Warriors,1630228,Jonathan Kuminga,2025-26,Regular Season,2026-04-19,1610612747,LAL,Los Angeles Lakers,False,True,L,34.2,23,9,14,9,10,0,3,2,5,7,0,3,1,1,5,-11
0000000451,1610612744,GSW,Golden State Warriors,1626172,Kevon Looney,2025-26,Regular Season,2026-04-19,1610612747,LAL,Los Angeles Lakers,False,True,L,33.6,11,4,9,0,0,0,3,0,17,17,1,2,0,0,0,-6
0000000451,1610612744,GSW,Golden State Warriors,1630541,Brandin Podziemski,2025-26,Regular Season,2026-04-19,1610612747,LAL,Los Angeles Lakers,False,True,L,26.0,14,5,11,2,5,2,8,3,6,9,1,3,1,5,4,10
0000000452,1610612747,LAL,Los Angeles Lakers,2544,LeBron James,2025-26,Regular Season,2026-04-21,1610612743,DEN,Denver Nuggets,True,False,W,23.9,17,6,14,1,8,3,6,3,4,7,5,0,0,4,4,11
0000000452,1610612747,LAL,Los Angeles Lakers,1629029,Luka Dončić,2025-26,Regular Season,2026-04-21,1610612743,DEN,Denver Nuggets,True,False,W,22.9,30,12,17,10,10,0,8,2,10,12,10,2,3,3,5,-10
0000000452,1610612747,LAL,Los Angeles Lakers,203076,Anthony Davis,2025-26,Regular Season,2026-04-21,1610612743,DEN,Denver Nuggets,True,False,W,25.0,17,6,9,2,2,0,5,3,6,9,5,3,1,5,5,17
0000000452,1610612747,LAL,Los Angeles Lakers,1630559,Austin Reaves,2025-26,Regular Season,2026-04-21,1610612743,DEN,Denver Nuggets,True,False,W,23.8,16,10,10,10,10,1,1,4,1,5,4,1,2,4,1,1
0000000452,1610612747,LAL,Los Angeles Lakers,1626156,Dalton Knecht,2025-26,Regular Season,2026-04-21,1610612743,DEN,Denver Nuggets,True,False,W,28.7,15,6,8,0,0,0,2,2,0,2,1,2,1,1,4,-2
0000000452,1610612747,LAL,Los Angeles Lakers,1629020,Rui Hachimura,2025-26,Regular Season,2026-04-21,1610612743,DEN,Denver Nuggets,True,False,W,28.9,19,7,13,7,9,0,0,3,0,3,0,3,3,4,5,-12
0000000452,1610612743,DEN,Denver Nuggets,203999,Nikola Jokić,2025-26,Regular Season,2026-04-21,1610612747,LAL,Los Angeles Lakers,False,True,L,19.6,21,8,11,0,0,0,7,4,10,14,7,2,2,1,1,-17
0000000452,1610612743,DEN,Denver Nuggets,1627750,Jamal Murray,2025-26,Regular Season,2026-04-21,1610612747,LAL,Los Angeles Lakers,False,True,L,24.1,23,9,16,4,8,0,1,0,0,0,7,1,2,0,0,14
0000000452,1610612743,DEN,Denver Nuggets,1628420,Aaron Gordon,2025-26,Regular Season,2026-04-21,1610612747,LAL,Los Angeles Lakers,False,True,L,30.0,13,5,11,0,9,0,6,1,1,2,6,3,1,2,1,-16
0000000452,1610612743,DEN,Denver Nuggets,1630166,Christian Braun,2025-26,Regular Season,2026-04-21,1610612747,LAL,Los Angeles Lakers,False,True,L,35.0,15,6,12,5,10,6,6,0,5,5,1,2,3,4,2,2
0000000452,1610612743,DEN,Denver Nuggets,203914,Kentavious Caldwell-Pope,2025-26,Regular Season,2026-04-21,1610612747,LAL,Los Angeles Lakers,False,True,L,24.7,18,7,15,5,5,0,3,0,3,3,3,1,0,3,1,-11
0000000452,1610612743,DEN,Denver Nuggets,1631128,Peyton Watson,2025-26,Regular Season,2026-04-21,1610612747,LAL,Los Angeles Lakers,False,True,L,25.4,1,1,4,1,4,2,8,2,0,2,0,4,0,5,5,-3
0000000453,1610612747,LAL,Los Angeles Lakers,2544,LeBron James,2025-26,Regular Season,2026-04-23,1610612738,BOS,Boston Celtics,True,False,W,27.9,33,13,22,4,10,1,2,4,1,5,8,2,0,3,0,13
0000000453,1610612747,LAL,Los Angeles Lakers,1629029,Luka Dončić,2025-26,Regular Season,2026-04-23,1610612738,BOS,Boston Celtics,True,False,W,36.8,38,14,22,4,4,0,4,4,1,5,8,4,3,5,0,-10
0000000453,1610612747,LAL,Los Angeles Lakers,203076,Anthony Davis,2025-26,Regular Season,2026-04-23,1610612738,BOS,Boston Celtics,True,False,W,22.6,33,13,22,0,0,1,1,2,8,10,2,3,2,0,4,-14
0000000453,1610612747,LAL,Los Angeles Lakers,1630559,Austin Reaves,2025-26,Regular Season,2026-04-23,1610612738,BOS,Boston Celtics,True,False,W,29.9,7,2,6,2,2,3,3,1,0,1,5,1,3,5,0,12
0000000453,1610612747,LAL,Los Angeles Lakers,1626156,Dalton Knecht,2025-26,Regular Season,2026-04-23,1610612738,BOS,Boston Celtics,True,False,W,31.0,14,5,10,2,6,4,5,0,0,0,0,0,3,5,1,9
0000000453,1610612747,LAL,Los Angeles Lakers,1629020,Rui Hachimura,2025-26,Regular Season,2026-04-23,1610612738,BOS,Boston Celtics,True,False,W,36.2,9,3,9,2,3,7,7,0,0,0,1,0,1,1,2,6
0000000453,1610612738,BOS,Boston Celtics,1628369,Jayson Tatum,2025-26,Regular Season,2026-04-23,1610612747,LAL,Los Angeles Lakers,False,True,L,37.3,31,12,20,0,4,2,5,0,8,8,4,0,2,2,0,-12
0000000453,1610612738,BOS,Boston Celtics,1627759,Jaylen Brown,2025-26,Regular Season,2026-04-23,1610612747,LAL,Los Angeles Lakers,False,True,L,35.4,22,8,12,0,0,0,8,0,5,5,0,4,2,5,5,3
0000000453,1610612738,BOS,Boston Celtics,201950,Jrue Holiday,2025-26,Regular Season,2026-04-23,1610612747,LAL,Los Angeles Lakers,False,True,L,24.5,24,9,13,2,3,2,6,2,7,9,4,0,2,2,5,-18
0000000453,1610612738,BOS,Boston Celtics,1628464,Derrick White,2025-26,Regular Season,2026-04-23,1610612747,LAL,Los Angeles Lakers,False,True,L,28.0,22,8,17,3,7,1,4,2,1,3,8,1,3,4,3,15
0000000453,1610612738,BOS,Boston Celtics,203935,Kristaps Porziņģis,2025-26,Regular Season,2026-04-23,1610612747,LAL,Los Angeles Lakers,False,True,L,29.0,25,10,16,0,2,1,2,2,4,6,3,3,3,0,0,-6
0000000453,1610612738,BOS,Boston Celtics,1629057,Robert Williams,2025-26,Regular Season,2026-04-23,1610612747,LAL,Los Angeles Lakers,False,True,L,35.2,9,3,7,0,3,0,6,4,3,7,0,4,2,4,5,-15
0000000454,1610612747,LAL,Los Angeles Lakers,2544,LeBron James,2025-26,Regular Season,2026-04-25,1610612752,NYK,New York Knicks,True,False,L,34.5,28,11,17,5,6,1,3,1,7,8,6,3,3,3,3,0
0000000454,1610612747,LAL,Los Angeles Lakers,1629029,Luka Dončić,2025-26,Regular Season,2026-04-25,1610612752,NYK,New York Knicks,True,False,L,32.5,35,14,21,2,3,2,3,3,8,11,4,1,2,4,4,-18
0000000454,1610612747,LAL,Los Angeles Lakers,203076,Anthony Davis,2025-26,Regular Season,2026-04-25,1610612752,NYK,New York Knicks,True,False,L,33.1,15,6,12,2,3,4,5,3,9,12,2,2,1,5,5,5
0000000454,1610612747,LAL,Los Angeles Lakers,1630559,Austin Reaves,2025-26,Regular Season,2026-04-25,1610612752,NYK,New York Knicks,True,False,L,25.2,8,3,8,1,1,1,5,0,0,0,5,2,0,4,3,4
0000000454,1610612747,LAL,Los Angeles Lakers,1626156,Dalton Knecht,2025-26,Regular Season,2026-04-25,1610612752,NYK,New York Knicks,True,False,L,25.7,12,4,7,2,6,0,0,2,0,2,3,0,3,1,3,-17
0000000454,1610612747,LAL,Los Angeles Lakers,1629020,Rui Hachimura,2025-26,Regular Season,2026-04-25,1610612752,NYK,New York Knicks,True,False,L,30.4,1,2,8,2,8,3,3,3,2,5,1,3,0,5,1,-18
0000000454,1610612752,NYK,New York Knicks,1628973,Jalen Brunson,2025-26,Regular Season,2026-04-25,1610612747,LAL,Los Angeles Lakers,False,True,W,30.9,30,12,17,0,2,2,6,2,2,4,4,2,3,4,1,-10
0000000454,1610612752,NYK,New York Knicks,1626164,Isaiah Hartenstein,2025-26,Regular Season,2026-04-25,1610612747,LAL,Los Angeles Lakers,False,True,W,23.2,15,6,13,1,2,0,1,3,9,12,3,2,2,0,2,13
0000000454,1610612752,NYK,New York Knicks,1629628,RJ Barrett,2025-26,Regular Season,2026-04-25,1610612747,LAL,Los Angeles Lakers,False,True,W,33.6,26,10,18,0,9,2,3,2,2,4,4,4,3,2,0,0
0000000454,1610612752,NYK,New York Knicks,1630193,Immanuel Quickley,2025-26,Regular Season,2026-04-25,1610612747,LAL,Los Angeles Lakers,False,True,W,34.6,11,4,6,3,3,0,2,2,0,2,5,1,1,3,2,-15
0000000454,1610612752,NYK,New York Knicks,203944,Julius Randle,2025-26,Regular Season,2026-04-25,1610612747,LAL,Los Angeles Lakers,False,True,W,30.7,12,4,8,0,7,4,6,0,12,12,2,3,3,3,4,-11
0000000454,1610612752,NYK,New York Knicks,1631216,Miles McBride,2025-26,Regular Season,2026-04-25,1610612747,LAL,Los Angeles Lakers,False,True,W,29.9,21,8,15,7,10,3,5,0,0,0,0,0,2,0,2,-13
0000000455,1610612747,LAL,Los Angeles Lakers,2544,LeBron James,2025-26,Regular Season,2026-04-27,1610612748,MIA,Miami Heat,True,False,W,37.5,19,9,10,9,9,0,6,0,4,4,9,2,3,5,2,-10
0000000455,1610612747,LAL,Los Angeles Lakers,1629029,Luka Dončić,2025-26,Regular Season,2026-04-27,1610612748,MIA,Miami Heat,True,False,W,20.4,44,17,28,2,3,2,7,2,3,5,7,0,1,2,1,3
0000000455,1610612747,LAL,Los Angeles Lakers,203076,Anthony Davis,2025-26,Regular Season,2026-04-27,1610612748,MIA,Miami Heat,True,False,W,30.3,26,10,17,0,1,2,3,3,14,17,0,0,0,4,4,0
0000000455,1610612747,LAL,Los Angeles Lakers,1630559,Austin Reaves,2025-26,Regular Season,2026-04-27,1610612748,MIA,Miami Heat,True,False,W,22.3,10,4,11,1,2,6,6,0,2,2,3,1,0,1,0,-12
0000000455,1610612747,LAL,Los Angeles Lakers,1626156,Dalton Knecht,2025-26,Regular Season,2026-04-27,1610612748,MIA,Miami Heat,True,False,W,31.9,8,3,9,0,1,1,2,2,2,4,0,3,3,3,1,4
0000000455,1610612747,LAL,Los Angeles Lakers,1629020,Rui Hachimura,2025-26,Regular Season,2026-04-27,1610612748,MIA,Miami Heat,True,False,W,28.1,13,5,11,1,3,1,2,2,2,4,0,0,0,4,1,15
0000000455,1610612748,MIA,Miami Heat,202710,Jimmy Butler,2025-26,Regular Season,2026-04-27,1610612747,LAL,Los Angeles Lakers,False,True,L,22.2,29,11,16,0,7,0,2,0,7,7,4,2,3,0,5,7
0000000455,1610612748,MIA,Miami Heat,1629639,Tyler Herro,2025-26,Regular Season,2026-04-27,1610612747,LAL,Los Angeles Lakers,False,True,L,33.6,20,8,13,2,10,2,2,4,1,5,6,2,3,2,4,7
0000000455,1610612748,MIA,Miami Heat,202355,Bam Adebayo,2025-26,Regular Season,2026-04-27,1610612747,LAL,Los Angeles Lakers,False,True,L,24.4,29,11,18,0,1,0,1,4,4,8,6,0,3,0,4,-6
0000000455,1610612748,MIA,Miami Heat,1631107,Jaime Jaquez,2025-26,Regular Season,2026-04-27,1610612747,LAL,Los Angeles Lakers,False,True,L,24.2,8,3,9,2,5,0,1,0,0,0,1,0,0,0,5,-18
0000000455,1610612748,MIA,Miami Heat,203482,Kelly Olynyk,2025-26,Regular Season,2026-04-27,1610612747,LAL,Los Angeles Lakers,False,True,L,36.0,4,1,5,0,0,8,8,2,1,3,0,4,2,4,0,-13
0000000455,1610612748,MIA,Miami Heat,1630217,Caleb Martin,2025-26,Regular Season,2026-04-27,1610612747,LAL,Los Angeles Lakers,False,True,L,27.7,0,0,3,0,0,1,1,1,4,5,2,1,2,2,3,9
0000000456,1610612744,GSW,Golden State Warriors,201939,Stephen Curry,2025-26,Regular Season,2026-04-29,1610612747,LAL,Los Angeles Lakers,True,False,L,26.3,32,12,17,1,7,4,4,1,6,7,7,1,1,4,0,16
0000000456,1610612744,GSW,Golden State Warriors,202691,Klay Thompson,2025-26,Regular Season,2026-04-29,1610612747,LAL,Los Angeles Lakers,True,False,L,20.1,23,9,15,1,1,1,6,2,2,4,3,0,1,1,4,4
0000000456,1610612744,GSW,Golden State Warriors,203110,Draymond Green,2025-26,Regular Season,2026-04-29,1610612747,LAL,Los Angeles Lakers,True,False,L,30.0,8,3,5,0,2,4,8,1,5,6,9,4,0,4,3,-14
0000000456,1610612744,GSW,Golden State Warriors,1630228,Jonathan Kuminga,2025-26,Regular Season,2026-04-29,1610612747,LAL,Los Angeles Lakers,True,False,L,25.0,16,6,14,1,9,0,3,1,3,4,2,0,1,0,1,15
0000000456,1610612744,GSW,Golden State Warriors,1626172,Kevon Looney,2025-26,Regular Season,2026-04-29,1610612747,LAL,Los Angeles Lakers,True,False,L,36.1,4,2,3,2,3,0,3,1,2,3,4,3,3,2,1,1
0000000456,1610612744,GSW,Golden State Warriors,1630541,Brandin Podziemski,2025-26,Regular Season,2026-04-29,1610612747,LAL,Los Angeles Lakers,True,False,L,19.1,9,3,8,1,1,1,3,0,2,2,2,4,0,1,5,-9
0000000456,1610612747,LAL,Los Angeles Lakers,2544,LeBron James,2025-26,Regular Season,2026-04-29,1610612744,GSW,Golden State Warriors,False,True,W,32.2,26,10,18,1,7,1,8,3,9,12,6,3,0,5,5,-2
0000000456,1610612747,LAL,Los Angeles Lakers,1629029,Luka Dončić,2025-26,Regular Season,2026-04-29,1610612744,GSW,Golden State Warriors,False,True,W,24.2,32,12,21,2,4,3,4,1,8,9,10,0,2,5,2,-11
0000000456,1610612747,LAL,Los Angeles Lakers,203076,Anthony Davis,2025-26,Regular Season,2026-04-29,1610612744,GSW,Golden State Warriors,False,True,W,36.2,26,10,17,1,1,0,0,2,8,10,2,0,3,2,3,13
0000000456,1610612747,LAL,Los Angeles Lakers,1630559,Austin Reaves,2025-26,Regular Season,2026-04-29,1610612744,GSW,Golden State Warriors,False,True,W,27.9,18,7,12,3,5,6,7,2,5,7,0,0,3,2,3,6
0000000456,1610612747,LAL,Los Angeles Lakers,1626156,Dalton Knecht,2025-26,Regular Season,2026-04-29,1610612744,GSW,Golden State Warriors,False,True,W,24.8,0,5,5,5,5,2,3,2,2,4,0,3,2,4,5,-10
0000000456,1610612747,LAL,Los Angeles Lakers,1629020,Rui Hachimura,2025-26,Regular Season,2026-04-29,1610612744,GSW,Golden State Warriors,False,True,W,33.7,17,6,10,0,0,2,6,0,0,0,1,3,3,4,1,7
0000000457,1610612744,GSW,Golden State Warriors,201939,Stephen Curry,2025-26,Regular Season,2026-05-01,1610612743,DEN,Denver Nuggets,True,False,L,36.5,27,10,15,7,7,0,1,1,4,5,5,4,1,5,3,-11
0000000457,1610612744,GSW,Golden State Warriors,202691,Klay Thompson,2025-26,Regular Season,2026-05-01,1610612743,DEN,Denver Nuggets,True,False,L,37.2,18,7,11,0,1,2,8,4,1,5,0,4,1,4,1,2
0000000457,1610612744,GSW,Golden State Warriors,203110,Draymond Green,2025-26,Regular Season,2026-05-01,1610612743,DEN,Denver Nuggets,True,False,L,19.5,2,5,6,5,6,5,6,3,2,5,5,2,0,5,1,-3
0000000457,1610612744,GSW,Golden State Warriors,1630228,Jonathan Kuminga,2025-26,Regular Season,2026-05-01,1610612743,DEN,Denver Nuggets,True,False,L,37.6,2,1,6,1,6,1,3,0,10,10,4,3,3,3,5,-11
0000000457,1610612744,GSW,Golden State Warriors,1626172,Kevon Looney,2025-26,Regular Season,2026-05-01,1610612743,DEN,Denver Nuggets,True,False,L,35.5,3,1,2,0,0,2,8,0,10,10,0,0,0,0,2,1
0000000457,1610612744,GSW,Golden State Warriors,1630541,Brandin Podziemski,2025-26,Regular Season,2026-05-01,1610612743,DEN,Denver Nuggets,True,False,L,26.1,13,5,8,0,3,3,3,3,0,3,5,2,2,3,4,14
0000000457,1610612743,DEN,Denver Nuggets,203999,Nikola Jokić,2025-26,Regular Season,2026-05-01,1610612744,GSW,Golden State Warriors,False,True,W,30.1,28,11,20,1,2,1,4,4,9,13,10,0,3,0,2,12
0000000457,1610612743,DEN,Denver Nuggets,1627750,Jamal Murray,2025-26,Regular Season,2026-05-01,1610612744,GSW,Golden State Warriors,False,True,W,24.4,29,11,15,0,2,8,8,4,4,8,2,4,2,5,0,-14
0000000457,1610612743,DEN,Denver Nuggets,1628420,Aaron Gordon,2025-26,Regular Season,2026-05-01,1610612744,GSW,Golden State Warriors,False,True,W,35.3,12,4,9,0,0,0,0,3,2,5,0,2,2,1,5,1
0000000457,1610612743,DEN,Denver Nuggets,1630166,Christian Braun,2025-26,Regular Season,2026-05-01,1610612744,GSW,Golden State Warriors,False,True,W,34.8,8,3,7,1,1,0,1,1,0,1,3,3,1,0,2,-2
0000000457,1610612743,DEN,Denver Nuggets,203914,Kentavious Caldwell-Pope,2025-26,Regular Season,2026-05-01,1610612744,GSW,Golden State Warriors,False,True,W,37.4,3,2,5,2,2,0,1,1,5,6,2,3,0,4,2,-2
0000000457,1610612743,DEN,Denver Nuggets,1631128,Peyton Watson,2025-26,Regular Season,2026-05-01,1610612744,GSW,Golden State Warriors,False,True,W,24.1,3,1,2,1,2,4,7,0,1,1,2,3,2,5,0,11
0000000458,1610612744,GSW,Golden State Warriors,201939,Stephen Curry,2025-26,Regular Season,2026-05-03,1610612738,BOS,Boston Celtics,True,False,L,26.2,17,6,13,1,1,4,6,2,0,2,4,4,1,4,5,15
0000000458,1610612744,GSW,Golden State Warriors,202691,Klay Thompson,2025-26,Regular Season,2026-05-03,1610612738,BOS,Boston Celtics,True,False,L,28.6,23,9,13,0,2,3,3,0,4,4,4,4,3,3,0,4
0000000458,1610612744,GSW,Golden State Warriors,203110,Draymond Green,2025-26,Regular Season,2026-05-03,1610612738,BOS,Boston Celtics,True,False,L,37.5,4,9,9,9,9,2,4,1,5,6,4,1,2,4,0,-14
0000000458,1610612744,GSW,Golden State Warriors,1630228,Jonathan Kuminga,2025-26,Regular Season,2026-05-03,1610612738,BOS,Boston Celtics,True,False,L,34.7,17,6,13,0,1,0,5,4,4,8,1,4,1,5,5,-10
0000000458,1610612744,GSW,Golden State Warriors,1626172,Kevon Looney,2025-26,Regular Season,2026-05-03,1610612738,BOS,Boston Celtics,True,False,L,23.9,9,3,9,1,1,8,8,0,4,4,0,1,1,5,2,-12
0000000458,1610612744,GSW,Golden State Warriors,1630541,Brandin Podziemski,2025-26,Regular Season,2026-05-03,1610612738,BOS,Boston Celtics,True,False,L,34.4,12,4,7,0,5,0,3,0,6,6,2,2,0,4,3,10
0000000458,1610612738,BOS,Boston Celtics,1628369,Jayson Tatum,2025-26,Regular Season,2026-05-03,1610612744,GSW,Golden State Warriors,False,True,W,28.6,18,7,10,3,8,0,1,1,7,8,4,4,1,0,0,-8
0000000458,1610612738,BOS,Boston Celtics,1627759,Jaylen Brown,2025-26,Regular Season,2026-05-03,1610612744,GSW,Golden State Warriors,False,True,W,27.5,26,10,15,2,3,3,5,2,7,9,3,2,2,4,4,3
0000000458,1610612738,BOS,Boston Celtics,201950,Jrue Holiday,2025-26,Regular Season,2026-05-03,1610612744,GSW,Golden State Warriors,False,True,W,29.7,10,6,7,6,6,2,4,0,6,6,6,4,1,2,1,-13
0000000458,1610612738,BOS,Boston Celtics,1628464,Derrick White,2025-26,Regular Season,2026-05-03,1610612744,GSW,Golden State Warriors,False,True,W,34.3,10,9,11,9,10,5,7,3,3,6,5,0,3,2,1,6
0000000458,1610612738,BOS,Boston Celtics,203935,Kristaps Porziņģis,2025-26,Regular Season,2026-05-03,1610612744,GSW,Golden State Warriors,False,True,W,36.0,18,7,14,0,3,4,5,0,10,10,0,2,1,4,5,7
0000000458,1610612738,BOS,Boston Celtics,1629057,Robert Williams,2025-26,Regular Season,2026-05-03,1610612744,GSW,Golden State Warriors,False,True,W,37.9,7,2,6,0,1,3,5,2,12,14,2,4,1,5,1,15
0000000459,1610612744,GSW,Golden State Warriors,201939,Stephen Curry,2025-26,Regular Season,2026-05-05,1610612752,NYK,New York Knicks,True,False,W,33.7,35,14,23,2,7,5,7,0,12,12,14,4,0,2,1,-2
0000000459,1610612744,GSW,Golden State Warriors,202691,Klay Thompson,2025-26,Regular Season,2026-05-05,1610612752,NYK,New York Knicks,True,False,W,18.2,13,5,8,3,5,2,5,1,3,4,4,1,3,5,0,5
0000000459,1610612744,GSW,Golden State Warriors,203110,Draymond Green,2025-26,Regular Season,2026-05-05,1610612752,NYK,New York Knicks,True,False,W,35.0,11,4,8,2,8,5,6,1,11,12,5,1,3,3,1,-16
0000000459,1610612744,GSW,Golden State Warriors,1630228,Jonathan Kuminga,2025-26,Regular Season,2026-05-05,1610612752,NYK,New York Knicks,True,False,W,30.0,18,7,11,2,8,0,6,0,4,4,3,1,0,4,4,-9
0000000459,1610612744,GSW,Golden State Warriors,1626172,Kevon Looney,2025-26,Regular Season,2026-05-05,1610612752,NYK,New York Knicks,True,False,W,34.9,10,4,7,2,2,0,1,1,3,4,2,3,1,4,2,7
0000000459,1610612744,GSW,Golden State Warriors,1630541,Brandin Podziemski,2025-26,Regular Season,2026-05-05,1610612752,NYK,New York Knicks,True,False,W,22.5,15,6,12,1,5,5,8,4,1,5,4,2,0,0,1,6
0000000459,1610612752,NYK,New York Knicks,1628973,Jalen Brunson,2025-26,Regular Season,2026-05-05,1610612744,GSW,Golden State Warriors,False,True,L,27.3,17,6,10,1,7,3,3,4,0,4,5,1,0,5,1,-11
0000000459,1610612752,NYK,New York Knicks,1626164,Isaiah Hartenstein,2025-26,Regular Season,2026-05-05,1610612744,GSW,Golden State Warriors,False,True,L,27.4,21,8,14,0,1,1,8,4,7,11,4,0,3,0,0,-2
0000000459,1610612752,NYK,New York Knicks,1629628,RJ Barrett,2025-26,Regular Season,2026-05-05,1610612744,GSW,Golden State Warriors,False,True,L,23.8,21,8,12,6,8,0,2,1,4,5,3,4,0,1,5,-7
0000000459,1610612752,NYK,New York Knicks,1630193,Immanuel Quickley,2025-26,Regular Season,2026-05-05,1610612744,GSW,Golden State Warriors,False,True,L,26.5,15,6,12,0,9,0,1,2,0,2,3,3,0,3,5,15
0000000459,1610612752,NYK,New York Knicks,203944,Julius Randle,2025-26,Regular Season,2026-05-05,1610612744,GSW,Golden State Warriors,False,True,L,22.5,21,8,15,1,6,1,4,4,8,12,2,1,0,0,3,11
0000000459,1610612752,NYK,New York Knicks,1631216,Miles McBride,2025-26,Regular Season,2026-05-05,1610612744,GSW,Golden State Warriors,False,True,L,26.3,0,7,7,7,7,2,5,2,0,2,3,4,1,4,1,5
0000000460,1610612744,GSW,Golden State Warriors,201939,Stephen Curry,2025-26,Regular Season,2026-05-07,1610612748,MIA,Miami Heat,True,False,W,29.9,34,13,18,4,4,1,3,3,2,5,6,2,2,3,3,-17
0000000460,1610612744,GSW,Golden State Warriors,202691,Klay Thompson,2025-26,Regular Season,2026-05-07,1610612748,MIA,Miami Heat,True,False,W,26.9,11,4,11,2,5,0,1,0,2,2,3,2,1,5,1,13
0000000460,1610612744,GSW,Golden State Warriors,203110,Draymond Green,2025-26,Regular Season,2026-05-07,1610612748,MIA,Miami Heat,True,False,W,36.2,8,3,9,0,9,5,7,4,7,11,10,3,2,2,1,-2
0000000460,1610612744,GSW,Golden State Warriors,1630228,Jonathan Kuminga,2025-26,Regular Season,2026-05-07,1610612748,MIA,Miami Heat,True,False,W,36.5,16,6,13,5,7,5,6,4,0,4,0,2,3,4,4,-5
0000000460,1610612744,GSW,Golden State Warriors,1626172,Kevon Looney,2025-26,Regular Season,2026-05-07,1610612748,MIA,Miami Heat,True,False,W,21.6,1,0,5,0,0,3,3,2,8,10,2,2,2,5,1,4
0000000460,1610612744,GSW,Golden State Warriors,1630541,Brandin Podziemski,2025-26,Regular Season,2026-05-07,1610612748,MIA,Miami Heat,True,False,W,33.3,9,3,7,0,6,0,2,0,0,0,5,2,2,0,0,-14
0000000460,1610612748,MIA,Miami Heat,202710,Jimmy Butler,2025-26,Regular Season,2026-05-07,1610612744,GSW,Golden State Warriors,False,True,L,28.7,23,9,17,0,7,6,6,1,1,2,4,1,1,3,2,-5
0000000460,1610612748,MIA,Miami Heat,1629639,Tyler Herro,2025-26,Regular Season,2026-05-07,1610612744,GSW,Golden State Warriors,False,True,L,33.5,15,6,9,0,5,0,6,2,0,2,1,0,1,1,2,-9
0000000460,1610612748,MIA,Miami Heat,202355,Bam Adebayo,2025-26,Regular Season,2026-05-07,1610612744,GSW,Golden State Warriors,False,True,L,37.5,19,7,13,2,3,0,0,3,6,9,5,2,1,5,3,13
0000000460,1610612748,MIA,Miami Heat,1631107,Jaime Jaquez,2025-26,Regular Season,2026-05-07,1610612744,GSW,Golden State Warriors,False,True,L,24.7,3,1,7,1,1,2,3,4,3,7,3,4,0,2,0,12
0000000460,1610612748,MIA,Miami Heat,203482,Kelly Olynyk,2025-26,Regular Season,2026-05-07,1610612744,GSW,Golden State Warriors,False,True,L,25.8,1,0,2,0,1,2,6,1,1,2,0,2,0,5,2,-4
0000000460,1610612748,MIA,Miami Heat,1630217,Caleb Martin,2025-26,Regular Season,2026-05-07,1610612744,GSW,Golden State Warriors,False,True,L,28.9,2,1,5,1,1,1,5,3,0,3,0,2,0,0,3,-6
0000000461,1610612743,DEN,Denver Nuggets,203999,Nikola Jokić,2025-26,Regular Season,2026-05-09,1610612747,LAL,Los Angeles Lakers,True,False,L,37.9,28,11,17,0,0,4,7,1,8,9,9,4,0,2,0,-14
0000000461,1610612743,DEN,Denver Nuggets,1627750,Jamal Murray,2025-26,Regular Season,2026-05-09,1610612747,LAL,Los Angeles Lakers,True,False,L,23.7,22,8,15,3,7,0,1,2,5,7,5,4,1,2,3,-17
0000000461,1610612743,DEN,Denver Nuggets,1628420,Aaron Gordon,2025-26,Regular Season,2026-05-09,1610612747,LAL,Los Angeles Lakers,True,False,L,26.2,13,5,10,5,9,0,4,1,5,6,3,0,1,4,5,-3
0000000461,1610612743,DEN,Denver Nuggets,1630166,Christian Braun,2025-26,Regular Season,2026-05-09,1610612747,LAL,Los Angeles Lakers,True,False,L,21.6,10,4,10,3,8,0,0,0,0,0,0,3,3,3,3,14
0000000461,1610612743,DEN,Denver Nuggets,203914,Kentavious Caldwell-Pope,2025-26,Regular Season,2026-05-09,1610612747,LAL,Los Angeles Lakers,True,False,L,27.6,3,4,7,4,7,3,5,0,0,0,0,0,1,1,3,2
0000000461,1610612743,DEN,Denver Nuggets,1631128,Peyton Watson,2025-26,Regular Season,2026-05-09,1610612747,LAL,Los Angeles Lakers,True,False,L,25.4,7,5,8,5,7,0,0,3,0,3,2,2,2,5,0,-4
0000000461,1610612747,LAL,Los Angeles Lakers,2544,LeBron James,2025-26,Regular Season,2026-05-09,1610612743,DEN,Denver Nuggets,False,True,W,20.5,21,8,15,0,1,2,6,1,10,11,7,3,2,0,3,7
0000000461,1610612747,LAL,Los Angeles Lakers,1629029,Luka Dončić,2025-26,Regular Season,2026-05-09,1610612743,DEN,Denver Nuggets,False,True,W,34.6,19,7,13,1,9,4,6,2,7,9,4,4,3,4,3,7
0000000461,1610612747,LAL,Los Angeles Lakers,203076,Anthony Davis,2025-26,Regular Season,2026-05-09,1610612743,DEN,Denver Nuggets,False,True,W,21.4,20,8,13,0,0,3,5,3,4,7,0,1,3,4,3,1
0000000461,1610612747,LAL,Los Angeles Lakers,1630559,Austin Reaves,2025-26,Regular Season,2026-05-09,1610612743,DEN,Denver Nuggets,False,True,W,27.8,16,6,12,0,0,0,0,3,2,5,6,3,0,5,2,14
0000000461,1610612747,LAL,Los Angeles Lakers,1626156,Dalton Knecht,2025-26,Regular Season,2026-05-09,1610612743,DEN,Denver Nuggets,False,True,W,37.8,8,3,8,3,8,0,1,1,3,4,1,0,2,2,0,2
0000000461,1610612747,LAL,Los Angeles Lakers,1629020,Rui Hachimura,2025-26,Regular Season,2026-05-09,1610612743,DEN,Denver Nuggets,False,True,W,29.9,0,1,8,1,8,1,7,0,3,3,0,3,1,5,1,-18
0000000462,1610612743,DEN,Denver Nuggets,203999,Nikola Jokić,2025-26,Regular Season,2026-05-11,1610612744,GSW,Golden State Warriors,True,False,W,19.4,28,11,15,0,2,3,4,4,6,10,7,4,3,0,2,3
0000000462,1610612743,DEN,Denver Nuggets,1627750,Jamal Murray,2025-26,Regular Season,2026-05-11,1610612744,GSW,Golden State Warriors,True,False,W,24.3,23,9,17,0,0,0,2,2,4,6,7,3,3,1,3,-7
0000000462,1610612743,DEN,Denver Nuggets,1628420,Aaron Gordon,2025-26,Regular Season,2026-05-11,1610612744,GSW,Golden State Warriors,True,False,W,37.0,15,6,12,3,4,2,5,1,4,5,2,4,0,3,5,-17
0000000462,1610612743,DEN,Denver Nuggets,1630166,Christian Braun,2025-26,Regular Season,2026-05-11,1610612744,GSW,Golden State Warriors,True,False,W,32.5,8,4,10,4,6,2,6,4,0,4,1,0,3,0,4,-13
0000000462,1610612743,DEN,Denver Nuggets,203914,Kentavious Caldwell-Pope,2025-26,Regular Season,2026-05-11,1610612744,GSW,Golden State Warriors,True,False,W,21.6,21,8,14,0,3,2,3,2,2,4,4,0,2,2,4,13
0000000462,1610612743,DEN,Denver Nuggets,1631128,Peyton Watson,2025-26,Regular Season,2026-05-11,1610612744,GSW,Golden State Warriors,True,False,W,27.7,6,9,9,9,9,1,1,3,0,3,0,3,0,1,0,18
0000000462,1610612744,GSW,Golden State Warriors,201939,Stephen Curry,2025-26,Regular Season,2026-05-11,1610612743,DEN,Denver Nuggets,False,True,L,21.9,35,14,23,0,4,0,1,1,1,2,5,3,3,2,5,16
0000000462,1610612744,GSW,Golden State Warriors,202691,Klay Thompson,2025-26,Regular Season,2026-05-11,1610612743,DEN,Denver Nuggets,False,True,L,34.3,14,8,11,8,8,0,5,0,1,1,4,3,2,2,0,1
0000000462,1610612744,GSW,Golden State Warriors,203110,Draymond Green,2025-26,Regular Season,2026-05-11,1610612743,DEN,Denver Nuggets,False,True,L,29.5,9,3,10,1,10,0,6,3,6,9,7,0,1,1,1,4
0000000462,1610612744,GSW,Golden State Warriors,1630228,Jonathan Kuminga,2025-26,Regular Season,2026-05-11,1610612743,DEN,Denver Nuggets,False,True,L,33.7,14,5,8,0,4,7,8,3,1,4,0,1,1,3,2,1
0000000462,1610612744,GSW,Golden State Warriors,1626172,Kevon Looney,2025-26,Regular Season,2026-05-11,1610612743,DEN,Denver Nuggets,False,True,L,21.4,1,2,3,2,3,6,8,3,6,9,3,2,3,5,4,1
0000000462,1610612744,GSW,Golden State Warriors,1630541,Brandin Podziemski,2025-26,Regular Season,2026-05-11,1610612743,DEN,Denver Nuggets,False,True,L,32.0,11,4,6,2,5,5,6,3,0,3,3,4,3,2,4,5
0000000463,1610612743,DEN,Denver Nuggets,203999,Nikola Jokić,2025-26,Regular Season,2026-05-13,1610612738,BOS,Boston Celtics,True,False,L,22.0,25,10,15,0,0,4,6,0,10,10,7,0,3,4,1,-4
0000000463,1610612743,DEN,Denver Nuggets,1627750,Jamal Murray,2025-26,Regular Season,2026-05-13,1610612738,BOS,Boston Celtics,True,False,L,32.8,21,8,12,0,7,3,5,1,6,7,8,2,3,3,3,-11
0000000463,1610612743,DEN,Denver Nuggets,1628420,Aaron Gordon,2025-26,Regular Season,2026-05-13,1610612738,BOS,Boston Celtics,True,False,L,22.6,16,6,9,0,9,0,2,0,4,4,4,1,3,5,0,-4
0000000463,1610612743,DEN,Denver Nuggets,1630166,Christian Braun,2025-26,Regular Season,2026-05-13,1610612738,BOS,Boston Celtics,True,False,L,26.5,0,0,1,0,0,0,0,0,0,0,1,0,2,1,5,-3
0000000463,1610612743,DEN,Denver Nuggets,203914,Kentavious Caldwell-Pope,2025-26,Regular Season,2026-05-13,1610612738,BOS,Boston Celtics,True,False,L,30.6,20,8,11,1,1,4,4,0,0,0,3,2,3,0,2,-3
0000000463,1610612743,DEN,Denver Nuggets,1631128,Peyton Watson,2025-26,Regular Season,2026-05-13,1610612738,BOS,Boston Celtics,True,False,L,21.6,1,3,3,3,3,0,5,1,3,4,0,4,1,5,4,0
0000000463,1610612738,BOS,Boston Celtics,1628369,Jayson Tatum,2025-26,Regular Season,2026-05-13,1610612743,DEN,Denver Nuggets,False,True,W,24.8,35,14,18,3,5,0,0,4,2,6,4,4,1,2,1,-6
0000000463,1610612738,BOS,Boston Celtics,1627759,Jaylen Brown,2025-26,Regular Season,2026-05-13,1610612743,DEN,Denver Nuggets,False,True,W,30.7,17,6,11,2,4,1,2,3,6,9,0,0,1,3,4,-10
0000000463,1610612738,BOS,Boston Celtics,201950,Jrue Holiday,2025-26,Regular Season,2026-05-13,1610612743,DEN,Denver Nuggets,False,True,W,27.3,13,5,10,0,1,1,3,3,5,8,4,1,0,0,5,-2
0000000463,1610612738,BOS,Boston Celtics,1628464,Derrick White,2025-26,Regular Season,2026-05-13,1610612743,DEN,Denver Nuggets,False,True,W,31.1,8,8,10,8,10,2,2,0,8,8,4,2,1,4,0,9
0000000463,1610612738,BOS,Boston Celtics,203935,Kristaps Porziņģis,2025-26,Regular Season,2026-05-13,1610612743,DEN,Denver Nuggets,False,True,W,26.2,21,8,15,2,3,2,8,2,1,3,2,0,3,3,2,1
0000000463,1610612738,BOS,Boston Celtics,1629057,Robert Williams,2025-26,Regular Season,2026-05-13,1610612743,DEN,Denver Nuggets,False,True,W,23.4,0,0,3,0,2,0,5,0,10,10,0,4,1,1,3,7
0000000464,1610612743,DEN,Denver Nuggets,203999,Nikola Jokić,2025-26,Regular Season,2026-05-15,1610612752,NYK,New York Knicks,True,False,L,23.1,26,10,17,3,3,2,2,3,7,10,9,2,3,2,2,15
0000000464,1610612743,DEN,Denver Nuggets,1627750,Jamal Murray,2025-26,Regular Season,2026-05-15,1610612752,NYK,New York Knicks,True,False,L,35.3,18,7,11,7,7,6,8,2,0,2,5,2,2,0,4,-7
0000000464,1610612743,DEN,Denver Nuggets,1628420,Aaron Gordon,2025-26,Regular Season,2026-05-15,1610612752,NYK,New York Knicks,True,False,L,33.9,3,7,9,7,9,6,6,1,6,7,0,0,2,2,0,-15
0000000464,1610612743,DEN,Denver Nuggets,1630166,Christian Braun,2025-26,Regular Season,2026-05-15,1610612752,NYK,New York Knicks,True,False,L,36.2,8,3,8,1,8,2,3,3,0,3,3,3,2,1,2,-13
0000000464,1610612743,DEN,Denver Nuggets,203914,Kentavious Caldwell-Pope,2025-26,Regular Season,2026-05-15,1610612752,NYK,New York Knicks,True,False,L,27.7,20,9,12,9,10,0,0,0,0,0,0,1,2,2,3,-4
0000000464,1610612743,DEN,Denver Nuggets,1631128,Peyton Watson,2025-26,Regular Season,2026-05-15,1610612752,NYK,New York Knicks,True,False,L,20.6,0,1,6,1,6,0,2,1,3,4,3,1,1,5,2,-9
0000000464,1610612752,NYK,New York Knicks,1628973,Jalen Brunson,2025-26,Regular Season,2026-05-15,1610612743,DEN,Denver Nuggets,False,True,W,28.3,34,13,23,0,3,1,5,2,0,2,7,4,1,3,0,-4
0000000464,1610612752,NYK,New York Knicks,1626164,Isaiah Hartenstein,2025-26,Regular Season,2026-05-15,1610612743,DEN,Denver Nuggets,False,True,W,28.5,16,6,12,1,2,4,5,3,6,9,6,2,2,4,5,11
0000000464,1610612752,NYK,New York Knicks,1629628,RJ Barrett,2025-26,Regular Season,2026-05-15,1610612743,DEN,Denver Nuggets,False,True,W,29.8,13,5,9,1,9,3,3,0,7,7,2,4,3,2,4,4
0000000464,1610612752,NYK,New York Knicks,1630193,Immanuel Quickley,2025-26,Regular Season,2026-05-15,1610612743,DEN,Denver Nuggets,False,True,W,26.6,15,6,10,0,0,1,1,1,3,4,6,2,3,1,3,-8
0000000464,1610612752,NYK,New York Knicks,203944,Julius Randle,2025-26,Regular Season,2026-05-15,1610612743,DEN,Denver Nuggets,False,True,W,35.9,10,7,11,7,10,3,3,1,11,12,6,3,1,2,5,7
0000000464,1610612752,NYK,New York Knicks,1631216,Miles McBride,2025-26,Regular Season,2026-05-15,1610612743,DEN,Denver Nuggets,False,True,W,30.0,12,4,7,4,4,4,4,0,0,0,5,1,2,5,5,-14
0000000465,1610612743,DEN,Denver Nuggets,203999,Nikola Jokić,2025-26,Regular Season,2026-05-17,1610612748,MIA,Miami Heat,True,False,W,21.0,31,12,19,0,1,0,6,1,10,11,11,1,2,3,5,-13
0000000465,1610612743,DEN,Denver Nuggets,1627750,Jamal Murray,2025-26,Regular Season,2026-05-17,1610612748,MIA,Miami Heat,True,False,W,27.5,23,9,17,1,10,2,8,0,6,6,6,2,0,5,5,-17
0000000465,1610612743,DEN,Denver Nuggets,1628420,Aaron Gordon,2025-26,Regular Season,2026-05-17,1610612748,MIA,Miami Heat,True,False,W,27.0,21,8,11,1,2,0,0,2,5,7,2,3,0,4,4,5
0000000465,1610612743,DEN,Denver Nuggets,1630166,Christian Braun,2025-26,Regular Season,2026-05-17,1610612748,MIA,Miami Heat,True,False,W,23.7,8,3,5,0,0,6,6,1,0,1,2,3,2,3,1,-10
0000000465,1610612743,DEN,Denver Nuggets,203914,Kentavious Caldwell-Pope,2025-26,Regular Season,2026-05-17,1610612748,MIA,Miami Heat,True,False,W,27.9,10,4,10,3,6,1,1,2,1,3,4,2,1,2,2,-2
0000000465,1610612743,DEN,Denver Nuggets,1631128,Peyton Watson,2025-26,Regular Season,2026-05-17,1610612748,MIA,Miami Heat,True,False,W,20.3,0,6,8,6,8,3,5,0,0,0,1,2,1,5,5,-2
0000000465,1610612748,MIA,Miami Heat,202710,Jimmy Butler,2025-26,Regular Season,2026-05-17,1610612743,DEN,Denver Nuggets,False,True,L,19.6,9,6,9,6,8,1,5,2,6,8,7,2,2,3,3,-11
0000000465,1610612748,MIA,Miami Heat,1629639,Tyler Herro,2025-26,Regular Season,2026-05-17,1610612743,DEN,Denver Nuggets,False,True,L,34.9,22,8,15,0,0,0,0,0,0,0,4,0,0,3,1,-11
0000000465,1610612748,MIA,Miami Heat,202355,Bam Adebayo,2025-26,Regular Season,2026-05-17,1610612743,DEN,Denver Nuggets,False,True,L,29.4,20,8,15,1,2,2,6,4,4,8,5,3,1,3,4,16
0000000465,1610612748,MIA,Miami Heat,1631107,Jaime Jaquez,2025-26,Regular Season,2026-05-17,1610612743,DEN,Denver Nuggets,False,True,L,31.5,12,4,10,0,0,0,2,0,7,7,4,1,2,4,1,-6
0000000465,1610612748,MIA,Miami Heat,203482,Kelly Olynyk,2025-26,Regular Season,2026-05-17,1610612743,DEN,Denver Nuggets,False,True,L,26.0,14,5,10,1,2,8,8,0,4,4,0,2,1,2,4,-8
0000000465,1610612748,MIA,Miami Heat,1630217,Caleb Martin,2025-26,Regular Season,2026-05-17,1610612743,DEN,Denver Nuggets,False,True,L,21.3,0,0,1,0,0,0,5,3,2,5,0,4,0,4,1,0
0000000466,1610612738,BOS,Boston Celtics,1628369,Jayson Tatum,2025-26,Regular Season,2026-05-19,1610612747,LAL,Los Angeles Lakers,True,False,W,18.6,34,13,19,1,1,3,4,2,10,12,14,3,2,0,1,-18
0000000466,1610612738,BOS,Boston Celtics,1627759,Jaylen Brown,2025-26,Regular Season,2026-05-19,1610612747,LAL,Los Angeles Lakers,True,False,W,32.8,18,7,10,5,8,3,6,4,3,7,2,0,1,0,3,-7
0000000466,1610612738,BOS,Boston Celtics,201950,Jrue Holiday,2025-26,Regular Season,2026-05-19,1610612747,LAL,Los Angeles Lakers,True,False,W,24.6,29,11,18,5,10,1,6,4,4,8,5,0,2,0,3,7
0000000466,1610612738,BOS,Boston Celtics,1628464,Derrick White,2025-26,Regular Season,2026-05-19,1610612747,LAL,Los Angeles Lakers,True,False,W,24.2,18,7,12,6,10,3,7,0,2,2,4,4,1,4,5,-12
0000000466,1610612738,BOS,Boston Celtics,203935,Kristaps Porziņģis,2025-26,Regular Season,2026-05-19,1610612747,LAL,Los Angeles Lakers,True,False,W,25.1,12,4,8,0,2,0,4,0,7,7,3,3,2,4,0,1
0000000466,1610612738,BOS,Boston Celtics,1629057,Robert Williams,2025-26,Regular Season,2026-05-19,1610612747,LAL,Los Angeles Lakers,True,False,W,26.6,13,5,7,0,2,1,7,3,4,7,0,4,0,4,5,3
0000000466,1610612747,LAL,Los Angeles Lakers,2544,LeBron James,2025-26,Regular Season,2026-05-19,1610612738,BOS,Boston Celtics,False,True,L,27.0,22,8,16,3,3,1,8,1,6,7,5,2,1,5,3,7
0000000466,1610612747,LAL,Los Angeles Lakers,1629029,Luka Dončić,2025-26,Regular Season,2026-05-19,1610612738,BOS,Boston Celtics,False,True,L,19.9,29,11,17,0,2,1,1,4,5,9,9,0,3,3,4,-11
0000000466,1610612747,LAL,Los Angeles Lakers,203076,Anthony Davis,2025-26,Regular Season,2026-05-19,1610612738,BOS,Boston Celtics,False,True,L,29.9,23,9,14,1,1,4,8,1,13,14,4,3,3,0,5,0
0000000466,1610612747,LAL,Los Angeles Lakers,1630559,Austin Reaves,2025-26,Regular Season,2026-05-19,1610612738,BOS,Boston Celtics,False,True,L,30.4,19,7,15,3,5,2,3,0,0,0,5,3,0,1,0,8
0000000466,1610612747,LAL,Los Angeles Lakers,1626156,Dalton Knecht,2025-26,Regular Season,2026-05-19,1610612738,BOS,Boston Celtics,False,True,L,36.3,15,6,8,0,2,5,6,1,1,2,2,4,0,5,2,18
0000000466,1610612747,LAL,Los Angeles Lakers,1629020,Rui Hachimura,2025-26,Regular Season,2026-05-19,1610612738,BOS,Boston Celtics,False,True,L,33.1,12,4,10,2,5,2,8,1,3,4,1,1,3,3,0,-14
0000000467,1610612738,BOS,Boston Celtics,1628369,Jayson Tatum,2025-26,Regular Season,2026-05-21,1610612744,GSW,Golden State Warriors,True,False,W,19.7,39,15,22,0,4,0,7,2,6,8,3,3,0,1,2,-12
0000000467,1610612738,BOS,Boston Celtics,1627759,Jaylen Brown,2025-26,Regular Season,2026-05-21,1610612744,GSW,Golden State Warriors,True,False,W,23.9,25,10,18,2,7,1,3,0,2,2,4,0,1,4,2,-10
0000000467,1610612738,BOS,Boston Celtics,201950,Jrue Holiday,2025-26,Regular Season,2026-05-21,1610612744,GSW,Golden State Warriors,True,False,W,19.1,0,0,5,0,5,3,7,1,3,4,3,0,1,1,5,-7
0000000467,1610612738,BOS,Boston Celtics,1628464,Derrick White,2025-26,Regular Season,2026-05-21,1610612744,GSW,Golden State Warriors,True,False,W,37.8,17,6,11,0,4,1,4,1,0,1,5,0,3,1,0,13
0000000467,1610612738,BOS,Boston Celtics,203935,Kristaps Porziņģis,2025-26,Regular Season,2026-05-21,1610612744,GSW,Golden State Warriors,True,False,W,32.2,8,3,8,0,0,5,5,4,2,6,0,0,2,3,5,18
0000000467,1610612738,BOS,Boston Celtics,1629057,Robert Williams,2025-26,Regular Season,2026-05-21,1610612744,GSW,Golden State Warriors,True,False,W,37.6,13,5,12,0,3,0,3,4,5,9,0,1,2,1,5,2
0000000467,1610612744,GSW,Golden State Warriors,201939,Stephen Curry,2025-26,Regular Season,2026-05-21,1610612738,BOS,Boston Celtics,False,True,L,33.7,17,8,14,8,10,1,2,3,4,7,6,2,3,4,3,-7
0000000467,1610612744,GSW,Golden State Warriors,202691,Klay Thompson,2025-26,Regular Season,2026-05-21,1610612738,BOS,Boston Celtics,False,True,L,24.0,15,6,12,0,10,5,6,2,0,2,4,0,1,1,1,-5
0000000467,1610612744,GSW,Golden State Warriors,203110,Draymond Green,2025-26,Regular Season,2026-05-21,1610612738,BOS,Boston Celtics,False,True,L,33.7,4,4,8,4,7,2,4,4,5,9,9,3,3,5,5,-6
0000000467,1610612744,GSW,Golden State Warriors,1630228,Jonathan Kuminga,2025-26,Regular Season,2026-05-21,1610612738,BOS,Boston Celtics,False,True,L,20.3,8,9,9,9,9,0,4,0,5,5,4,0,3,0,3,-3
0000000467,1610612744,GSW,Golden State Warriors,1626172,Kevon Looney,2025-26,Regular Season,2026-05-21,1610612738,BOS,Boston Celtics,False,True,L,23.3,11,4,10,1,3,0,0,4,10,14,3,1,2,4,0,6
0000000467,1610612744,GSW,Golden State Warriors,1630541,Brandin Podziemski,2025-26,Regular Season,2026-05-21,1610612738,BOS,Boston Celtics,False,True,L,26.0,12,4,11,3,6,3,5,1,2,3,5,3,0,1,1,14
0000000468,1610612738,BOS,Boston Celtics,1628369,Jayson Tatum,2025-26,Regular Season,2026-05-23,1610612743,DEN,Denver Nuggets,True,False,W,31.5,24,9,16,4,10,0,2,0,10,10,1,0,2,4,2,15
0000000468,1610612738,BOS,Boston Celtics,1627759,Jaylen Brown,2025-26,Regular Season,2026-05-23,1610612743,DEN,Denver Nuggets,True,False,W,35.1,33,13,22,4,4,1,2,3,0,3,2,1,3,2,5,-5
0000000468,1610612738,BOS,Boston Celtics,201950,Jrue Holiday,2025-26,Regular Season,2026-05-23,1610612743,DEN,Denver Nuggets,True,False,W,21.7,16,6,11,1,4,3,6,1,3,4,2,0,3,3,1,-16
0000000468,1610612738,BOS,Boston Celtics,1628464,Derrick White,2025-26,Regular Season,2026-05-23,1610612743,DEN,Denver Nuggets,True,False,W,37.7,25,10,18,5,10,6,6,2,1,3,2,1,3,5,2,-2
0000000468,1610612738,BOS,Boston Celtics,203935,Kristaps Porziņģis,2025-26,Regular Season,2026-05-23,1610612743,DEN,Denver Nuggets,True,False,W,26.0,13,5,10,0,2,5,5,3,6,9,1,0,0,1,1,9
0000000468,1610612738,BOS,Boston Celtics,1629057,Robert Williams,2025-26,Regular Season,2026-05-23,1610612743,DEN,Denver Nuggets,True,False,W,18.2,4,1,5,0,0,6,8,0,12,12,0,4,1,3,2,17
0000000468,1610612743,DEN,Denver Nuggets,203999,Nikola Jokić,2025-26,Regular Season,2026-05-23,1610612738,BOS,Boston Celtics,False,True,L,28.9,24,9,16,1,1,3,3,4,10,14,10,2,2,4,2,-1
0000000468,1610612743,DEN,Denver Nuggets,1627750,Jamal Murray,2025-26,Regular Season,2026-05-23,1610612738,BOS,Boston Celtics,False,True,L,22.5,17,6,10,1,2,4,6,3,0,3,4,2,3,0,2,4
0000000468,1610612743,DEN,Denver Nuggets,1628420,Aaron Gordon,2025-26,Regular Season,2026-05-23,1610612738,BOS,Boston Celtics,False,True,L,35.7,19,7,11,1,1,4,7,0,3,3,2,0,1,3,1,-11
0000000468,1610612743,DEN,Denver Nuggets,1630166,Christian Braun,2025-26,Regular Season,2026-05-23,1610612738,BOS,Boston Celtics,False,True,L,35.0,3,3,4,3,3,1,2,1,2,3,2,4,2,1,0,16
0000000468,1610612743,DEN,Denver Nuggets,203914,Kentavious Caldwell-Pope,2025-26,Regular Season,2026-05-23,1610612738,BOS,Boston Celtics,False,True,L,31.2,5,6,6,6,6,1,1,0,2,2,0,4,0,0,4,13
0000000468,1610612743,DEN,Denver Nuggets,1631128,Peyton Watson,2025-26,Regular Season,2026-05-23,1610612738,BOS,Boston Celtics,False,True,L,18.6,6,6,9,6,9,0,1,1,0,1,5,0,1,5,1,-10
0000000469,1610612738,BOS,Boston Celtics,1628369,Jayson Tatum,2025-26,Regular Season,2026-05-25,1610612752,NYK,New York Knicks,True,False,W,35.5,29,11,20,2,9,0,1,1,13,14,2,1,2,2,0,3
0000000469,1610612738,BOS,Boston Celtics,1627759,Jaylen Brown,2025-26,Regular Season,2026-05-25,1610612752,NYK,New York Knicks,True,False,W,19.9,21,8,13,1,8,4,5,4,3,7,0,2,2,0,3,13
0000000469,1610612738,BOS,Boston Celtics,201950,Jrue Holiday,2025-26,Regular Season,2026-05-25,1610612752,NYK,New York Knicks,True,False,W,34.7,12,8,9,8,9,3,7,1,6,7,7,3,0,0,2,-8
0000000469,1610612738,BOS,Boston Celtics,1628464,Derrick White,2025-26,Regular Season,2026-05-25,1610612752,NYK,New York Knicks,True,False,W,37.3,18,7,14,1,7,4,5,1,0,1,2,2,0,2,3,-15
0000000469,1610612738,BOS,Boston Celtics,203935,Kristaps Porziņģis,2025-26,Regular Season,2026-05-25,1610612752,NYK,New York Knicks,True,False,W,32.1,22,8,12,0,2,6,6,3,4,7,0,1,3,3,3,-14
0000000469,1610612738,BOS,Boston Celtics,1629057,Robert Williams,2025-26,Regular Season,2026-05-25,1610612752,NYK,New York Knicks,True,False,W,28.6,4,1,4,1,1,0,1,3,8,11,0,0,3,1,5,-16
0000000469,1610612752,NYK,New York Knicks,1628973,Jalen Brunson,2025-26,Regular Season,2026-05-25,1610612738,BOS,Boston Celtics,False,True,L,37.5,16,6,9,5,8,0,1,1,6,7,8,3,1,5,2,9
0000000469,1610612752,NYK,New York Knicks,1626164,Isaiah Hartenstein,2025-26,Regular Season,2026-05-25,1610612738,BOS,Boston Celtics,False,True,L,22.2,19,7,10,1,1,0,0,3,10,13,2,3,0,0,4,-1
0000000469,1610612752,NYK,New York Knicks,1629628,RJ Barrett,2025-26,Regular Season,2026-05-25,1610612738,BOS,Boston Celtics,False,True,L,20.8,14,5,10,4,6,5,5,0,8,8,0,3,3,4,3,6
0000000469,1610612752,NYK,New York Knicks,1630193,Immanuel Quickley,2025-26,Regular Season,2026-05-25,1610612738,BOS,Boston Celtics,False,True,L,18.2,17,6,10,0,0,0,0,0,2,2,2,3,3,3,1,0
0000000469,1610612752,NYK,New York Knicks,203944,Julius Randle,2025-26,Regular Season,2026-05-25,1610612738,BOS,Boston Celtics,False,True,L,20.6,21,8,11,4,4,0,0,0,8,8,4,4,3,2,0,-8
0000000469,1610612752,NYK,New York Knicks,1631216,Miles McBride,2025-26,Regular Season,2026-05-25,1610612738,BOS,Boston Celtics,False,True,L,30.7,0,0,3,0,0,0,3,2,0,2,2,3,2,0,1,-7
0000000470,1610612738,BOS,Boston Celtics,1628369,Jayson Tatum,2025-26,Regular Season,2026-05-27,1610612748,MIA,Miami Heat,True,False,W,34.8,15,6,12,0,5,4,8,1,9,10,3,0,0,0,0,-3
0000000470,1610612738,BOS,Boston Celtics,1627759,Jaylen Brown,2025-26,Regular Season,2026-05-27,1610612748,MIA,Miami Heat,True,False,W,18.4,17,8,11,8,9,0,6,2,0,2,6,1,0,1,5,-15
0000000470,1610612738,BOS,Boston Celtics,201950,Jrue Holiday,2025-26,Regular Season,2026-05-27,1610612748,MIA,Miami Heat,True,False,W,31.4,10,4,11,1,2,8,8,4,3,7,6,2,0,2,4,9
0000000470,1610612738,BOS,Boston Celtics,1628464,Derrick White,2025-26,Regular Season,2026-05-27,1610612748,MIA,Miami Heat,True,False,W,21.4,15,6,11,5,10,5,6,0,0,0,3,0,2,1,0,13
0000000470,1610612738,BOS,Boston Celtics,203935,Kristaps Porziņģis,2025-26,Regular Season,2026-05-27,1610612748,MIA,Miami Heat,True,False,W,33.1,19,7,11,0,1,1,7,3,3,6,1,1,2,2,0,-5
0000000470,1610612738,BOS,Boston Celtics,1629057,Robert Williams,2025-26,Regular Season,2026-05-27,1610612748,MIA,Miami Heat,True,False,W,33.4,13,5,10,0,0,5,7,0,0,0,4,2,1,3,2,-14
0000000470,1610612748,MIA,Miami Heat,202710,Jimmy Butler,2025-26,Regular Season,2026-05-27,1610612738,BOS,Boston Celtics,False,True,L,31.3,11,4,10,0,1,3,3,0,0,0,6,3,3,5,1,-13
0000000470,1610612748,MIA,Miami Heat,1629639,Tyler Herro,2025-26,Regular Season,2026-05-27,1610612738,BOS,Boston Celtics,False,True,L,24.9,30,12,17,2,10,1,2,0,0,0,1,2,2,2,2,13
0000000470,1610612748,MIA,Miami Heat,202355,Bam Adebayo,2025-26,Regular Season,2026-05-27,1610612738,BOS,Boston Celtics,False,True,L,22.5,22,8,15,0,2,2,2,3,8,11,4,2,2,3,0,9
0000000470,1610612748,MIA,Miami Heat,1631107,Jaime Jaquez,2025-26,Regular Season,2026-05-27,1610612738,BOS,Boston Celtics,False,True,L,32.7,7,6,7,6,7,1,1,3,0,3,1,0,1,5,1,16
0000000470,1610612748,MIA,Miami Heat,203482,Kelly Olynyk,2025-26,Regular Season,2026-05-27,1610612738,BOS,Boston Celtics,False,True,L,31.4,0,0,3,0,0,1,1,4,5,9,0,3,1,2,4,-1
0000000470,1610612748,MIA,Miami Heat,1630217,Caleb Martin,2025-26,Regular Season,2026-05-27,1610612738,BOS,Boston Celtics,False,True,L,18.9,0,0,5,0,5,2,3,2,0,2,1,4,1,0,4,-5
0000000471,1610612752,NYK,New York Knicks,1628973,Jalen Brunson,2025-26,Regular Season,2026-05-29,1610612747,LAL,Los Angeles Lakers,True,False,L,20.8,26,10,16,0,6,0,0,0,2,2,6,1,2,0,3,-10
0000000471,1610612752,NYK,New York Knicks,1626164,Isaiah Hartenstein,2025-26,Regular Season,2026-05-29,1610612747,LAL,Los Angeles Lakers,True,False,L,30.3,27,10,17,1,1,1,7,2,9,11,3,2,1,5,2,11
0000000471,1610612752,NYK,New York Knicks,1629628,RJ Barrett,2025-26,Regular Season,2026-05-29,1610612747,LAL,Los Angeles Lakers,True,False,L,27.9,8,3,9,1,5,2,4,2,6,8,2,0,1,0,4,7
0000000471,1610612752,NYK,New York Knicks,1630193,Immanuel Quickley,2025-26,Regular Season,2026-05-29,1610612747,LAL,Los Angeles Lakers,True,False,L,35.4,14,5,13,1,7,1,2,3,1,4,2,4,3,0,1,-7
0000000471,1610612752,NYK,New York Knicks,203944,Julius Randle,2025-26,Regular Season,2026-05-29,1610612747,LAL,Los Angeles Lakers,True,False,L,24.6,21,8,11,3,7,0,3,2,5,7,3,3,0,3,5,-5
0000000471,1610612752,NYK,New York Knicks,1631216,Miles McBride,2025-26,Regular Season,2026-05-29,1610612747,LAL,Los Angeles Lakers,True,False,L,22.0,11,4,9,4,9,1,2,1,0,1,0,3,0,1,5,-11
0000000471,1610612747,LAL,Los Angeles Lakers,2544,LeBron James,2025-26,Regular Season,2026-05-29,1610612752,NYK,New York Knicks,False,True,W,32.4,23,9,17,1,3,0,2,0,7,7,3,3,1,1,1,-5
0000000471,1610612747,LAL,Los Angeles Lakers,1629029,Luka Dončić,2025-26,Regular Season,2026-05-29,1610612752,NYK,New York Knicks,False,True,W,20.3,27,10,19,1,3,1,1,0,4,4,6,4,0,4,4,-5
0000000471,1610612747,LAL,Los Angeles Lakers,203076,Anthony Davis,2025-26,Regular Season,2026-05-29,1610612752,NYK,New York Knicks,False,True,W,26.1,28,11,16,1,3,2,3,1,9,10,0,1,1,0,5,18
0000000471,1610612747,LAL,Los Angeles Lakers,1630559,Austin Reaves,2025-26,Regular Season,2026-05-29,1610612752,NYK,New York Knicks,False,True,W,35.7,21,8,14,0,2,0,0,1,4,5,7,1,0,3,0,18
0000000471,1610612747,LAL,Los Angeles Lakers,1626156,Dalton Knecht,2025-26,Regular Season,2026-05-29,1610612752,NYK,New York Knicks,False,True,W,31.6,7,2,7,0,5,0,5,2,0,2,2,2,0,5,5,0
0000000471,1610612747,LAL,Los Angeles Lakers,1629020,Rui Hachimura,2025-26,Regular Season,2026-05-29,1610612752,NYK,New York Knicks,False,True,W,37.8,18,7,10,1,10,3,4,0,0,0,1,3,3,3,4,0
0000000472,1610612752,NYK,New York Knicks,1628973,Jalen Brunson,2025-26,Regular Season,2026-05-31,1610612744,GSW,Golden State Warriors,True,False,L,21.4,27,10,14,2,8,5,6,0,0,0,5,4,2,4,3,15
0000000472,1610612752,NYK,New York Knicks,1626164,Isaiah Hartenstein,2025-26,Regular Season,2026-05-31,1610612744,GSW,Golden State Warriors,True,False,L,36.6,12,4,7,1,2,0,1,3,8,11,2,3,1,5,1,5
0000000472,1610612752,NYK,New York Knicks,1629628,RJ Barrett,2025-26,Regular Season,2026-05-31,1610612744,GSW,Golden State Warriors,True,False,L,35.6,15,6,10,0,0,1,4,3,0,3,1,1,1,2,3,14
0000000472,1610612752,NYK,New York Knicks,1630193,Immanuel Quickley,2025-26,Regular Season,2026-05-31,1610612744,GSW,Golden State Warriors,True,False,L,34.3,10,4,6,1,4,0,5,4,2,6,4,0,3,2,5,-13
0000000472,1610612752,NYK,New York Knicks,203944,Julius Randle,2025-26,Regular Season,2026-05-31,1610612744,GSW,Golden State Warriors,True,False,L,20.8,15,6,8,0,8,2,8,1,8,9,3,4,3,5,0,0
0000000472,1610612752,NYK,New York Knicks,1631216,Miles McBride,2025-26,Regular Season,2026-05-31,1610612744,GSW,Golden State Warriors,True,False,L,24.6,0,1,4,1,1,3,4,0,5,5,3,0,1,1,2,9
0000000472,1610612744,GSW,Golden State Warriors,201939,Stephen Curry,2025-26,Regular Season,2026-05-31,1610612752,NYK,New York Knicks,False,True,W,23.3,39,15,21,2,6,0,0,4,0,4,4,3,2,2,5,0
0000000472,1610612744,GSW,Golden State Warriors,202691,Klay Thompson,2025-26,Regular Season,2026-05-31,1610612752,NYK,New York Knicks,False,True,W,36.8,22,8,13,1,7,1,7,2,0,2,0,3,0,0,2,10
0000000472,1610612744,GSW,Golden State Warriors,203110,Draymond Green,2025-26,Regular Season,2026-05-31,1610612752,NYK,New York Knicks,False,True,W,26.1,3,1,4,0,2,5,7,1,6,7,5,4,3,4,4,-1
0000000472,1610612744,GSW,Golden State Warriors,1630228,Jonathan Kuminga,2025-26,Regular Season,2026-05-31,1610612752,NYK,New York Knicks,False,True,W,32.3,17,6,9,1,5,5,6,1,3,4,2,3,3,3,3,9
0000000472,1610612744,GSW,Golden State Warriors,1626172,Kevon Looney,2025-26,Regular Season,2026-05-31,1610612752,NYK,New York Knicks,False,True,W,21.0,10,4,8,1,3,2,7,0,7,7,0,1,0,0,3,-13
0000000472,1610612744,GSW,Golden State Warriors,1630541,Brandin Podziemski,2025-26,Regular Season,2026-05-31,1610612752,NYK,New York Knicks,False,True,W,33.2,19,7,12,3,5,1,2,1,9,10,4,0,2,4,2,4
0000000473,1610612752,NYK,New York Knicks,1628973,Jalen Brunson,2025-26,Regular Season,2026-06-02,1610612743,DEN,Denver Nuggets,True,False,W,35.6,25,10,14,1,6,4,6,1,13,14,13,4,0,2,3,-15
0000000473,1610612752,NYK,New York Knicks,1626164,Isaiah Hartenstein,2025-26,Regular Season,2026-06-02,1610612743,DEN,Denver Nuggets,True,False,W,35.0,23,9,15,1,1,0,0,0,4,4,2,4,1,5,4,0
0000000473,1610612752,NYK,New York Knicks,1629628,RJ Barrett,2025-26,Regular Season,2026-06-02,1610612743,DEN,Denver Nuggets,True,False,W,26.8,13,5,12,3,5,0,1,0,6,6,2,1,3,2,3,-10
0000000473,1610612752,NYK,New York Knicks,1630193,Immanuel Quickley,2025-26,Regular Season,2026-06-02,1610612743,DEN,Denver Nuggets,True,False,W,32.5,23,9,14,2,9,1,2,0,0,0,7,3,1,3,1,-10
0000000473,1610612752,NYK,New York Knicks,203944,Julius Randle,2025-26,Regular Season,2026-06-02,1610612743,DEN,Denver Nuggets,True,False,W,26.5,17,6,10,1,10,0,1,3,1,4,7,0,2,2,2,-11
0000000473,1610612752,NYK,New York Knicks,1631216,Miles McBride,2025-26,Regular Season,2026-06-02,1610612743,DEN,Denver Nuggets,True,False,W,29.1,0,1,6,1,1,5,7,0,0,0,1,4,0,2,0,-8
0000000473,1610612743,DEN,Denver Nuggets,203999,Nikola Jokić,2025-26,Regular Season,2026-06-02,1610612752,NYK,New York Knicks,False,True,L,23.3,22,8,13,0,3,2,4,3,4,7,11,3,0,3,3,2
0000000473,1610612743,DEN,Denver Nuggets,1627750,Jamal Murray,2025-26,Regular Season,2026-06-02,1610612752,NYK,New York Knicks,False,True,L,25.2,19,10,14,10,10,0,3,3,0,3,4,0,3,4,1,-6
0000000473,1610612743,DEN,Denver Nuggets,1628420,Aaron Gordon,2025-26,Regular Season,2026-06-02,1610612752,NYK,New York Knicks,False,True,L,35.5,20,8,15,4,8,5,5,2,3,5,1,0,3,4,3,10
0000000473,1610612743,DEN,Denver Nuggets,1630166,Christian Braun,2025-26,Regular Season,2026-06-02,1610612752,NYK,New York Knicks,False,True,L,34.4,4,2,6,2,2,1,5,2,0,2,1,0,0,2,4,16
0000000473,1610612743,DEN,Denver Nuggets,203914,Kentavious Caldwell-Pope,2025-26,Regular Season,2026-06-02,1610612752,NYK,New York Knicks,False,True,L,30.1,0,1,5,1,2,4,4,2,0,2,1,4,1,3,1,-7
0000000473,1610612743,DEN,Denver Nuggets,1631128,Peyton Watson,2025-26,Regular Season,2026-06-02,1610612752,NYK,New York Knicks,False,True,L,30.7,9,3,10,1,5,0,0,1,1,2,0,2,1,5,5,6
0000000474,1610612752,NYK,New York Knicks,1628973,Jalen Brunson,2025-26,Regular Season,2026-06-04,1610612738,BOS,Boston Celtics,True,False,L,21.2,20,8,12,5,6,1,1,3,0,3,3,3,1,2,5,14
0000000474,1610612752,NYK,New York Knicks,1626164,Isaiah Hartenstein,2025-26,Regular Season,2026-06-04,1610612738,BOS,Boston Celtics,True,False,L,29.7,24,9,15,1,1,3,6,2,9,11,2,0,1,2,1,12
0000000474,1610612752,NYK,New York Knicks,1629628,RJ Barrett,2025-26,Regular Season,2026-06-04,1610612738,BOS,Boston Celtics,True,False,L,34.9,21,8,16,3,10,1,2,3,1,4,5,0,3,3,3,1
0000000474,1610612752,NYK,New York Knicks,1630193,Immanuel Quickley,2025-26,Regular Season,2026-06-04,1610612738,BOS,Boston Celtics,True,False,L,26.3,15,6,10,3,7,3,4,1,2,3,6,1,0,0,4,10
0000000474,1610612752,NYK,New York Knicks,203944,Julius Randle,2025-26,Regular Season,2026-06-04,1610612738,BOS,Boston Celtics,True,False,L,33.7,22,8,14,8,8,1,2,2,5,7,4,3,3,3,1,6
0000000474,1610612752,NYK,New York Knicks,1631216,Miles McBride,2025-26,Regular Season,2026-06-04,1610612738,BOS,Boston Celtics,True,False,L,19.4,0,2,5,2,5,2,2,3,0,3,0,1,1,1,1,-1
0000000474,1610612738,BOS,Boston Celtics,1628369,Jayson Tatum,2025-26,Regular Season,2026-06-04,1610612752,NYK,New York Knicks,False,True,W,31.8,27,10,15,3,8,0,1,4,2,6,1,3,0,5,3,3
0000000474,1610612738,BOS,Boston Celtics,1627759,Jaylen Brown,2025-26,Regular Season,2026-06-04,1610612752,NYK,New York Knicks,False,True,W,18.3,20,8,15,1,1,0,1,0,3,3,0,2,0,5,2,14
0000000474,1610612738,BOS,Boston Celtics,201950,Jrue Holiday,2025-26,Regular Season,2026-06-04,1610612752,NYK,New York Knicks,False,True,W,22.8,15,6,13,5,9,0,1,1,4,5,7,0,2,3,2,0
0000000474,1610612738,BOS,Boston Celtics,1628464,Derrick White,2025-26,Regular Season,2026-06-04,1610612752,NYK,New York Knicks,False,True,W,35.9,25,10,14,6,6,5,8,1,3,4,6,2,3,0,5,18
0000000474,1610612738,BOS,Boston Celtics,203935,Kristaps Porziņģis,2025-26,Regular Season,2026-06-04,1610612752,NYK,New York Knicks,False,True,W,28.7,33,13,20,0,1,0,0,1,5,6,2,4,2,0,3,-2
0000000474,1610612738,BOS,Boston Celtics,1629057,Robert Williams,2025-26,Regular Season,2026-06-04,1610612752,NYK,New York Knicks,False,True,W,31.2,0,2,2,2,2,0,0,3,3,6,0,2,2,4,3,-10
0000000475,1610612752,NYK,New York Knicks,1628973,Jalen Brunson,2025-26,Regular Season,2026-06-06,1610612748,MIA,Miami Heat,True,False,L,32.2,22,8,14,0,1,3,3,4,4,8,6,2,2,3,1,-14
0000000475,1610612752,NYK,New York Knicks,1626164,Isaiah Hartenstein,2025-26,Regular Season,2026-06-06,1610612748,MIA,Miami Heat,True,False,L,33.9,26,10,17,2,2,0,0,0,10,10,2,4,3,0,1,-6
0000000475,1610612752,NYK,New York Knicks,1629628,RJ Barrett,2025-26,Regular Season,2026-06-06,1610612748,MIA,Miami Heat,True,False,L,24.0,12,4,10,2,2,0,1,0,9,9,1,4,2,3,4,-10
0000000475,1610612752,NYK,New York Knicks,1630193,Immanuel Quickley,2025-26,Regular Season,2026-06-06,1610612748,MIA,Miami Heat,True,False,L,35.4,10,6,10,6,10,1,4,0,0,0,4,0,2,0,0,-13
0000000475,1610612752,NYK,New York Knicks,203944,Julius Randle,2025-26,Regular Season,2026-06-06,1610612748,MIA,Miami Heat,True,False,L,25.3,14,5,13,2,2,6,6,3,1,4,2,0,1,5,0,11
0000000475,1610612752,NYK,New York Knicks,1631216,Miles McBride,2025-26,Regular Season,2026-06-06,1610612748,MIA,Miami Heat,True,False,L,33.6,5,2,5,1,2,7,7,0,0,0,0,0,3,4,0,7
0000000475,1610612748,MIA,Miami Heat,202710,Jimmy Butler,2025-26,Regular Season,2026-06-06,1610612752,NYK,New York Knicks,False,True,W,19.7,13,7,10,7,10,1,2,4,3,7,7,2,3,5,2,-9
0000000475,1610612748,MIA,Miami Heat,1629639,Tyler Herro,2025-26,Regular Season,2026-06-06,1610612752,NYK,New York Knicks,False,True,W,29.1,22,8,14,2,2,0,0,0,4,4,5,2,2,4,4,11
0000000475,1610612748,MIA,Miami Heat,202355,Bam Adebayo,2025-26,Regular Season,2026-06-06,1610612752,NYK,New York Knicks,False,True,W,20.5,26,10,14,1,1,4,7,1,4,5,2,3,1,3,4,5
0000000475,1610612748,MIA,Miami Heat,1631107,Jaime Jaquez,2025-26,Regular Season,2026-06-06,1610612752,NYK,New York Knicks,False,True,W,21.6,9,3,8,2,8,2,3,0,0,0,2,4,0,5,3,-8
0000000475,1610612748,MIA,Miami Heat,203482,Kelly Olynyk,2025-26,Regular Season,2026-06-06,1610612752,NYK,New York Knicks,False,True,W,19.5,13,5,10,0,0,2,3,0,0,0,4,0,0,0,0,11
0000000475,1610612748,MIA,Miami Heat,1630217,Caleb Martin,2025-26,Regular Season,2026-06-06,1610612752,NYK,New York Knicks,False,True,W,32.6,18,8,10,8,9,0,3,0,0,0,2,1,0,2,2,-17
0000000476,1610612748,MIA,Miami Heat,202710,Jimmy Butler,2025-26,Regular Season,2026-06-08,1610612747,LAL,Los Angeles Lakers,True,False,L,28.5,22,8,16,3,9,4,8,3,3,6,5,2,0,5,4,0
0000000476,1610612748,MIA,Miami Heat,1629639,Tyler Herro,2025-26,Regular Season,2026-06-08,1610612747,LAL,Los Angeles Lakers,True,False,L,32.2,23,9,12,2,8,1,5,2,0,2,6,2,3,2,0,-5
0000000476,1610612748,MIA,Miami Heat,202355,Bam Adebayo,2025-26,Regular Season,2026-06-08,1610612747,LAL,Los Angeles Lakers,True,False,L,25.8,22,8,16,0,0,6,6,1,5,6,7,4,0,1,5,-17
0000000476,1610612748,MIA,Miami Heat,1631107,Jaime Jaquez,2025-26,Regular Season,2026-06-08,1610612747,LAL,Los Angeles Lakers,True,False,L,27.7,11,4,10,2,7,2,4,4,1,5,1,0,0,2,5,9
0000000476,1610612748,MIA,Miami Heat,203482,Kelly Olynyk,2025-26,Regular Season,2026-06-08,1610612747,LAL,Los Angeles Lakers,True,False,L,32.3,0,0,1,0,1,0,0,1,3,4,0,4,1,1,2,11
0000000476,1610612748,MIA,Miami Heat,1630217,Caleb Martin,2025-26,Regular Season,2026-06-08,1610612747,LAL,Los Angeles Lakers,True,False,L,34.0,8,3,6,3,6,2,2,2,3,5,5,3,0,1,0,6
0000000476,1610612747,LAL,Los Angeles Lakers,2544,LeBron James,2025-26,Regular Season,2026-06-08,1610612748,MIA,Miami Heat,False,True,W,32.1,24,9,15,1,6,0,4,3,8,11,8,4,1,3,1,-3
0000000476,1610612747,LAL,Los Angeles Lakers,1629029,Luka Dončić,2025-26,Regular Season,2026-06-08,1610612748,MIA,Miami Heat,False,True,W,31.8,32,12,19,0,0,0,0,0,9,9,7,2,1,5,4,14
0000000476,1610612747,LAL,Los Angeles Lakers,203076,Anthony Davis,2025-26,Regular Season,2026-06-08,1610612748,MIA,Miami Heat,False,True,W,31.2,34,13,19,0,0,0,1,1,12,13,4,0,3,2,1,-16
0000000476,1610612747,LAL,Los Angeles Lakers,1630559,Austin Reaves,2025-26,Regular Season,2026-06-08,1610612748,MIA,Miami Heat,False,True,W,18.5,5,2,8,0,0,1,5,3,1,4,3,3,1,3,3,9
0000000476,1610612747,LAL,Los Angeles Lakers,1626156,Dalton Knecht,2025-26,Regular Season,2026-06-08,1610612748,MIA,Miami Heat,False,True,W,29.7,9,3,9,0,0,1,1,0,0,0,0,0,3,3,4,17
0000000476,1610612747,LAL,Los Angeles Lakers,1629020,Rui Hachimura,2025-26,Regular Season,2026-06-08,1610612748,MIA,Miami Heat,False,True,W,32.7,0,0,6,0,5,0,0,1,0,1,0,2,1,1,0,16
0000000477,1610612748,MIA,Miami Heat,202710,Jimmy Butler,2025-26,Regular Season,2026-06-10,1610612744,GSW,Golden State Warriors,True,False,W,26.1,26,10,14,7,8,0,3,1,10,11,5,1,1,0,4,8
0000000477,1610612748,MIA,Miami Heat,1629639,Tyler Herro,2025-26,Regular Season,2026-06-10,1610612744,GSW,Golden State Warriors,True,False,W,32.9,10,4,7,0,1,0,3,3,3,6,6,4,0,0,5,8
0000000477,1610612748,MIA,Miami Heat,202355,Bam Adebayo,2025-26,Regular Season,2026-06-10,1610612744,GSW,Golden State Warriors,True,False,W,29.2,21,8,16,2,2,4,7,2,9,11,3,2,1,2,1,0
0000000477,1610612748,MIA,Miami Heat,1631107,Jaime Jaquez,2025-26,Regular Season,2026-06-10,1610612744,GSW,Golden State Warriors,True,False,W,27.1,10,4,11,1,4,1,1,2,10,12,3,0,2,1,0,16
0000000477,1610612748,MIA,Miami Heat,203482,Kelly Olynyk,2025-26,Regular Season,2026-06-10,1610612744,GSW,Golden State Warriors,True,False,W,30.5,20,8,12,1,2,0,1,4,2,6,0,2,3,4,5,-4
0000000477,1610612748,MIA,Miami Heat,1630217,Caleb Martin,2025-26,Regular Season,2026-06-10,1610612744,GSW,Golden State Warriors,True,False,W,34.8,8,4,6,4,5,3,7,3,1,4,0,1,0,5,4,15
0000000477,1610612744,GSW,Golden State Warriors,201939,Stephen Curry,2025-26,Regular Season,2026-06-10,1610612748,MIA,Miami Heat,False,True,L,37.2,27,10,18,3,7,4,7,3,0,3,9,3,0,1,4,11
0000000477,1610612744,GSW,Golden State Warriors,202691,Klay Thompson,2025-26,Regular Season,2026-06-10,1610612748,MIA,Miami Heat,False,True,L,23.0,20,8,13,3,6,0,6,0,5,5,0,2,2,0,0,4
0000000477,1610612744,GSW,Golden State Warriors,203110,Draymond Green,2025-26,Regular Season,2026-06-10,1610612748,MIA,Miami Heat,False,True,L,21.8,10,5,11,5,7,2,6,1,6,7,6,2,2,1,3,-5
0000000477,1610612744,GSW,Golden State Warriors,1630228,Jonathan Kuminga,2025-26,Regular Season,2026-06-10,1610612748,MIA,Miami Heat,False,True,L,34.1,11,4,8,0,0,4,4,0,1,1,1,2,1,2,1,1
0000000477,1610612744,GSW,Golden State Warriors,1626172,Kevon Looney,2025-26,Regular Season,2026-06-10,1610612748,MIA,Miami Heat,False,True,L,21.1,16,6,13,0,2,2,4,3,9,12,0,0,3,3,2,-4
0000000477,1610612744,GSW,Golden State Warriors,1630541,Brandin Podziemski,2025-26,Regular Season,2026-06-10,1610612748,MIA,Miami Heat,False,True,L,27.9,10,4,7,3,3,2,2,4,3,7,5,1,2,3,5,5
0000000478,1610612748,MIA,Miami Heat,202710,Jimmy Butler,2025-26,Regular Season,2026-06-12,1610612743,DEN,Denver Nuggets,True,False,W,18.6,22,8,14,4,7,5,5,1,5,6,4,2,1,1,0,-16
0000000478,1610612748,MIA,Miami Heat,1629639,Tyler Herro,2025-26,Regular Season,2026-06-12,1610612743,DEN,Denver Nuggets,True,False,W,36.9,13,5,8,2,2,0,0,3,2,5,5,3,0,0,0,12
0000000478,1610612748,MIA,Miami Heat,202355,Bam Adebayo,2025-26,Regular Season,2026-06-12,1610612743,DEN,Denver Nuggets,True,False,W,18.8,11,4,9,0,1,3,4,1,9,10,1,3,0,4,2,-11
0000000478,1610612748,MIA,Miami Heat,1631107,Jaime Jaquez,2025-26,Regular Season,2026-06-12,1610612743,DEN,Denver Nuggets,True,False,W,19.6,5,2,10,1,10,0,2,2,0,2,6,3,0,4,3,17
0000000478,1610612748,MIA,Miami Heat,203482,Kelly Olynyk,2025-26,Regular Season,2026-06-12,1610612743,DEN,Denver Nuggets,True,False,W,20.7,3,1,3,1,1,7,8,0,0,0,3,3,0,1,0,13
0000000478,1610612748,MIA,Miami Heat,1630217,Caleb Martin,2025-26,Regular Season,2026-06-12,1610612743,DEN,Denver Nuggets,True,False,W,23.6,9,3,5,1,1,1,5,1,1,2,1,2,3,3,1,-18
0000000478,1610612743,DEN,Denver Nuggets,203999,Nikola Jokić,2025-26,Regular Season,2026-06-12,1610612748,MIA,Miami Heat,False,True,L,30.5,23,9,17,0,3,2,3,0,15,15,10,2,0,5,0,6
0000000478,1610612743,DEN,Denver Nuggets,1627750,Jamal Murray,2025-26,Regular Season,2026-06-12,1610612748,MIA,Miami Heat,False,True,L,31.1,12,8,9,8,9,4,8,1,1,2,9,1,3,3,2,-12
0000000478,1610612743,DEN,Denver Nuggets,1628420,Aaron Gordon,2025-26,Regular Season,2026-06-12,1610612748,MIA,Miami Heat,False,True,L,30.5,8,5,8,5,8,1,7,2,4,6,2,4,3,1,2,4
0000000478,1610612743,DEN,Denver Nuggets,1630166,Christian Braun,2025-26,Regular Season,2026-06-12,1610612748,MIA,Miami Heat,False,True,L,29.0,0,9,9,9,9,0,6,4,0,4,0,4,0,5,1,11
0000000478,1610612743,DEN,Denver Nuggets,203914,Kentavious Caldwell-Pope,2025-26,Regular Season,2026-06-12,1610612748,MIA,Miami Heat,False,True,L,35.5,12,4,8,4,5,5,7,3,3,6,3,0,3,0,5,-5
0000000478,1610612743,DEN,Denver Nuggets,1631128,Peyton Watson,2025-26,Regular Season,2026-06-12,1610612748,MIA,Miami Heat,False,True,L,23.6,0,0,3,0,3,7,7,0,3,3,1,2,2,1,4,17
0000000479,1610612748,MIA,Miami Heat,202710,Jimmy Butler,2025-26,Regular Season,2026-06-14,1610612738,BOS,Boston Celtics,True,False,L,18.1,29,11,16,7,10,5,5,4,0,4,6,0,0,1,0,12
0000000479,1610612748,MIA,Miami Heat,1629639,Tyler Herro,2025-26,Regular Season,2026-06-14,1610612738,BOS,Boston Celtics,True,False,L,34.9,27,10,15,1,4,3,5,1,0,1,2,2,1,3,2,10
0000000479,1610612748,MIA,Miami Heat,202355,Bam Adebayo,2025-26,Regular Season,2026-06-14,1610612738,BOS,Boston Celtics,True,False,L,24.2,17,6,10,0,1,0,4,0,11,11,5,0,2,0,3,11
0000000479,1610612748,MIA,Miami Heat,1631107,Jaime Jaquez,2025-26,Regular Season,2026-06-14,1610612738,BOS,Boston Celtics,True,False,L,29.2,15,6,11,2,8,1,1,0,0,0,0,4,2,4,5,-14
0000000479,1610612748,MIA,Miami Heat,203482,Kelly Olynyk,2025-26,Regular Season,2026-06-14,1610612738,BOS,Boston Celtics,True,False,L,23.7,5,2,8,1,3,7,7,1,0,1,4,0,3,1,5,-6
0000000479,1610612748,MIA,Miami Heat,1630217,Caleb Martin,2025-26,Regular Season,2026-06-14,1610612738,BOS,Boston Celtics,True,False,L,21.9,5,2,7,0,7,2,2,2,0,2,4,2,0,1,4,16
0000000479,1610612738,BOS,Boston Celtics,1628369,Jayson Tatum,2025-26,Regular Season,2026-06-14,1610612748,MIA,Miami Heat,False,True,W,26.8,19,7,10,0,0,0,1,3,5,8,6,3,3,2,1,-16
0000000479,1610612738,BOS,Boston Celtics,1627759,Jaylen Brown,2025-26,Regular Season,2026-06-14,1610612748,MIA,Miami Heat,False,True,W,20.0,30,12,16,0,3,0,1,0,3,3,2,2,3,2,5,-7
0000000479,1610612738,BOS,Boston Celtics,201950,Jrue Holiday,2025-26,Regular Season,2026-06-14,1610612748,MIA,Miami Heat,False,True,W,26.4,14,9,10,9,10,2,3,3,2,5,3,2,1,4,0,-13
0000000479,1610612738,BOS,Boston Celtics,1628464,Derrick White,2025-26,Regular Season,2026-06-14,1610612748,MIA,Miami Heat,False,True,W,30.3,15,6,11,1,10,3,3,0,4,4,8,2,0,2,2,10
0000000479,1610612738,BOS,Boston Celtics,203935,Kristaps Porziņģis,2025-26,Regular Season,2026-06-14,1610612748,MIA,Miami Heat,False,True,W,32.0,19,7,15,2,2,2,7,1,1,2,0,3,0,1,0,14
0000000479,1610612738,BOS,Boston Celtics,1629057,Robert Williams,2025-26,Regular Season,2026-06-14,1610612748,MIA,Miami Heat,False,True,W,23.0,10,4,7,1,1,1,1,1,0,1,1,4,0,3,5,8
0000000480,1610612748,MIA,Miami Heat,202710,Jimmy Butler,2025-26,Regular Season,2026-06-16,1610612752,NYK,New York Knicks,True,False,L,30.3,21,8,14,1,4,0,0,0,13,13,12,4,3,4,4,5
0000000480,1610612748,MIA,Miami Heat,1629639,Tyler Herro,2025-26,Regular Season,2026-06-16,1610612752,NYK,New York Knicks,True,False,L,27.7,9,3,6,1,4,1,4,1,8,9,5,0,1,3,1,-17
0000000480,1610612748,MIA,Miami Heat,202355,Bam Adebayo,2025-26,Regular Season,2026-06-16,1610612752,NYK,New York Knicks,True,False,L,36.8,17,6,13,0,2,1,8,1,9,10,7,3,2,1,1,5
0000000480,1610612748,MIA,Miami Heat,1631107,Jaime Jaquez,2025-26,Regular Season,2026-06-16,1610612752,NYK,New York Knicks,True,False,L,19.3,8,3,9,1,4,0,3,0,0,0,2,3,0,3,4,18
0000000480,1610612748,MIA,Miami Heat,203482,Kelly Olynyk,2025-26,Regular Season,2026-06-16,1610612752,NYK,New York Knicks,True,False,L,35.7,13,5,10,0,0,1,1,4,0,4,1,1,3,5,0,-1
0000000480,1610612748,MIA,Miami Heat,1630217,Caleb Martin,2025-26,Regular Season,2026-06-16,1610612752,NYK,New York Knicks,True,False,L,36.0,14,5,8,0,0,0,0,1,3,4,0,2,0,1,4,15
0000000480,1610612752,NYK,New York Knicks,1628973,Jalen Brunson,2025-26,Regular Season,2026-06-16,1610612748,MIA,Miami Heat,False,True,W,20.6,22,8,17,1,9,0,8,1,3,4,9,1,0,0,2,-10
0000000480,1610612752,NYK,New York Knicks,1626164,Isaiah Hartenstein,2025-26,Regular Season,2026-06-16,1610612748,MIA,Miami Heat,False,True,W,24.7,21,8,15,0,0,5,6,3,12,15,1,2,1,1,1,-9
0000000480,1610612752,NYK,New York Knicks,1629628,RJ Barrett,2025-26,Regular Season,2026-06-16,1610612748,MIA,Miami Heat,False,True,W,31.6,16,6,10,3,4,2,4,0,0,0,4,4,1,0,4,4
0000000480,1610612752,NYK,New York Knicks,1630193,Immanuel Quickley,2025-26,Regular Season,2026-06-16,1610612748,MIA,Miami Heat,False,True,W,30.5,11,4,7,3,3,0,2,0,0,0,3,4,2,1,1,1
0000000480,1610612752,NYK,New York Knicks,203944,Julius Randle,2025-26,Regular Season,2026-06-16,1610612748,MIA,Miami Heat,False,True,W,23.8,17,6,9,5,5,4,5,4,8,12,0,3,2,2,2,10
0000000480,1610612752,NYK,New York Knicks,1631216,Miles McBride,2025-26,Regular Season,2026-06-16,1610612748,MIA,Miami Heat,False,True,W,32.7,7,3,9,3,7,2,2,0,0,0,1,1,3,3,2,3
0000000481,1610612747,LAL,Los Angeles Lakers,2544,LeBron James,2025-26,Regular Season,2026-06-18,1610612744,GSW,Golden State Warriors,True,False,W,28.3,21,8,13,1,5,0,3,0,12,12,5,1,0,5,1,2
0000000481,1610612747,LAL,Los Angeles Lakers,1629029,Luka Dončić,2025-26,Regular Season,2026-06-18,1610612744,GSW,Golden State Warriors,True,False,W,31.9,29,11,19,0,6,8,8,2,13,15,4,1,2,0,3,18
0000000481,1610612747,LAL,Los Angeles Lakers,203076,Anthony Davis,2025-26,Regular Season,2026-06-18,1610612744,GSW,Golden State Warriors,True,False,W,19.3,23,9,16,0,0,0,4,1,11,12,6,3,1,1,0,-9
0000000481,1610612747,LAL,Los Angeles Lakers,1630559,Austin Reaves,2025-26,Regular Season,2026-06-18,1610612744,GSW,Golden State Warriors,True,False,W,36.9,13,5,10,1,10,3,7,0,8,8,5,2,2,3,5,-3
0000000481,1610612747,LAL,Los Angeles Lakers,1626156,Dalton Knecht,2025-26,Regular Season,2026-06-18,1610612744,GSW,Golden State Warriors,True,False,W,32.5,16,6,9,5,8,0,3,3,1,4,1,0,3,5,0,17
0000000481,1610612747,LAL,Los Angeles Lakers,1629020,Rui Hachimura,2025-26,Regular Season,2026-06-18,1610612744,GSW,Golden State Warriors,True,False,W,21.7,16,6,9,1,4,0,2,2,0,2,0,3,0,1,1,-9
0000000481,1610612744,GSW,Golden State Warriors,201939,Stephen Curry,2025-26,Regular Season,2026-06-18,1610612747,LAL,Los Angeles Lakers,False,True,L,22.9,23,9,12,1,7,6,6,3,3,6,7,2,2,0,5,3
0000000481,1610612744,GSW,Golden State Warriors,202691,Klay Thompson,2025-26,Regular Season,2026-06-18,1610612747,LAL,Los Angeles Lakers,False,True,L,18.2,13,5,11,0,0,8,8,0,0,0,6,4,1,0,1,17
0000000481,1610612744,GSW,Golden State Warriors,203110,Draymond Green,2025-26,Regular Season,2026-06-18,1610612747,LAL,Los Angeles Lakers,False,True,L,23.9,13,5,7,4,6,1,1,4,5,9,4,4,1,0,2,-11
0000000481,1610612744,GSW,Golden State Warriors,1630228,Jonathan Kuminga,2025-26,Regular Season,2026-06-18,1610612747,LAL,Los Angeles Lakers,False,True,L,36.6,11,8,10,8,10,1,3,0,5,5,4,2,2,4,4,15
0000000481,1610612744,GSW,Golden State Warriors,1626172,Kevon Looney,2025-26,Regular Season,2026-06-18,1610612747,LAL,Los Angeles Lakers,False,True,L,30.4,8,3,9,0,2,6,6,0,6,6,6,4,3,2,1,3
0000000481,1610612744,GSW,Golden State Warriors,1630541,Brandin Podziemski,2025-26,Regular Season,2026-06-18,1610612747,LAL,Los Angeles Lakers,False,True,L,25.0,11,4,9,1,9,4,4,3,0,3,2,2,1,1,1,-4
0000000482,1610612747,LAL,Los Angeles Lakers,2544,LeBron James,2025-26,Regular Season,2026-06-20,1610612743,DEN,Denver Nuggets,True,False,W,34.8,18,7,13,2,3,2,5,1,8,9,8,3,3,4,0,-12
0000000482,1610612747,LAL,Los Angeles Lakers,1629029,Luka Dončić,2025-26,Regular Season,2026-06-20,1610612743,DEN,Denver Nuggets,True,False,W,35.7,27,10,17,2,5,3,7,4,7,11,9,0,0,1,2,10
0000000482,1610612747,LAL,Los Angeles Lakers,203076,Anthony Davis,2025-26,Regular Season,2026-06-20,1610612743,DEN,Denver Nuggets,True,False,W,35.3,32,12,21,1,1,1,1,3,5,8,0,0,1,3,1,12
0000000482,1610612747,LAL,Los Angeles Lakers,1630559,Austin Reaves,2025-26,Regular Season,2026-06-20,1610612743,DEN,Denver Nuggets,True,False,W,31.0,14,5,8,3,6,0,4,1,0,1,5,1,1,3,0,13
0000000482,1610612747,LAL,Los Angeles Lakers,1626156,Dalton Knecht,2025-26,Regular Season,2026-06-20,1610612743,DEN,Denver Nuggets,True,False,W,23.5,2,2,7,2,4,1,1,0,0,0,1,0,3,0,3,5
0000000482,1610612747,LAL,Los Angeles Lakers,1629020,Rui Hachimura,2025-26,Regular Season,2026-06-20,1610612743,DEN,Denver Nuggets,True,False,W,21.5,13,5,11,2,5,8,8,3,5,8,0,3,0,3,3,2
0000000482,1610612743,DEN,Denver Nuggets,203999,Nikola Jokić,2025-26,Regular Season,2026-06-20,1610612747,LAL,Los Angeles Lakers,False,True,L,18.5,29,11,18,0,1,4,5,4,10,14,7,2,3,4,5,-5
0000000482,1610612743,DEN,Denver Nuggets,1627750,Jamal Murray,2025-26,Regular Season,2026-06-20,1610612747,LAL,Los Angeles Lakers,False,True,L,35.1,23,9,15,9,9,0,1,4,6,10,3,1,1,5,1,-8
0000000482,1610612743,DEN,Denver Nuggets,1628420,Aaron Gordon,2025-26,Regular Season,2026-06-20,1610612747,LAL,Los Angeles Lakers,False,True,L,18.3,17,6,12,0,3,0,2,2,6,8,4,0,2,3,4,18
0000000482,1610612743,DEN,Denver Nuggets,1630166,Christian Braun,2025-26,Regular Season,2026-06-20,1610612747,LAL,Los Angeles Lakers,False,True,L,32.9,3,1,3,1,2,1,2,0,1,1,4,4,3,4,4,-5
0000000482,1610612743,DEN,Denver Nuggets,203914,Kentavious Caldwell-Pope,2025-26,Regular Season,2026-06-20,1610612747,LAL,Los Angeles Lakers,False,True,L,26.6,7,2,9,0,9,1,5,0,0,0,3,0,0,2,3,-9
0000000482,1610612743,DEN,Denver Nuggets,1631128,Peyton Watson,2025-26,Regular Season,2026-06-20,1610612747,LAL,Los Angeles Lakers,False,True,L,19.5,4,8,9,8,9,5,7,0,7,7,1,3,0,0,2,15
0000000483,1610612747,LAL,Los Angeles Lakers,2544,LeBron James,2025-26,Regular Season,2026-06-22,1610612738,BOS,Boston Celtics,True,False,L,27.9,22,8,17,1,7,0,8,4,0,4,6,1,3,4,5,4
0000000483,1610612747,LAL,Los Angeles Lakers,1629029,Luka Dončić,2025-26,Regular Season,2026-06-22,1610612738,BOS,Boston Celtics,True,False,L,36.9,36,14,21,2,3,2,4,3,1,4,8,3,2,2,1,-5
0000000483,1610612747,LAL,Los Angeles Lakers,203076,Anthony Davis,2025-26,Regular Season,2026-06-22,1610612738,BOS,Boston Celtics,True,False,L,29.9,16,6,9,3,3,7,7,2,11,13,3,3,1,1,1,-1
0000000483,1610612747,LAL,Los Angeles Lakers,1630559,Austin Reaves,2025-26,Regular Season,2026-06-22,1610612738,BOS,Boston Celtics,True,False,L,34.9,11,4,7,1,2,1,1,0,0,0,4,4,2,3,1,-18
0000000483,1610612747,LAL,Los Angeles Lakers,1626156,Dalton Knecht,2025-26,Regular Season,2026-06-22,1610612738,BOS,Boston Celtics,True,False,L,34.5,13,5,12,3,10,0,5,0,0,0,1,3,1,2,3,14
0000000483,1610612747,LAL,Los Angeles Lakers,1629020,Rui Hachimura,2025-26,Regular Season,2026-06-22,1610612738,BOS,Boston Celtics,True,False,L,18.6,15,6,13,3,5,0,8,0,10,10,2,0,0,5,0,16
0000000483,1610612738,BOS,Boston Celtics,1628369,Jayson Tatum,2025-26,Regular Season,2026-06-22,1610612747,LAL,Los Angeles Lakers,False,True,W,34.0,22,8,17,4,6,2,6,0,10,10,6,2,2,4,5,-14
0000000483,1610612738,BOS,Boston Celtics,1627759,Jaylen Brown,2025-26,Regular Season,2026-06-22,1610612747,LAL,Los Angeles Lakers,False,True,W,18.5,34,13,21,0,0,0,2,3,4,7,0,3,0,5,2,-3
0000000483,1610612738,BOS,Boston Celtics,201950,Jrue Holiday,2025-26,Regular Season,2026-06-22,1610612747,LAL,Los Angeles Lakers,False,True,W,23.1,15,6,12,1,7,4,5,4,0,4,2,0,1,0,2,5
0000000483,1610612738,BOS,Boston Celtics,1628464,Derrick White,2025-26,Regular Season,2026-06-22,1610612747,LAL,Los Angeles Lakers,False,True,W,28.2,12,4,10,0,7,1,7,2,0,2,3,1,0,0,1,4
0000000483,1610612738,BOS,Boston Celtics,203935,Kristaps Porziņģis,2025-26,Regular Season,2026-06-22,1610612747,LAL,Los Angeles Lakers,False,True,W,25.8,32,12,20,0,2,0,0,3,8,11,0,3,2,3,5,3
0000000483,1610612738,BOS,Boston Celtics,1629057,Robert Williams,2025-26,Regular Season,2026-06-22,1610612747,LAL,Los Angeles Lakers,False,True,W,23.1,0,1,4,1,1,2,3,0,4,4,0,4,1,3,1,17
0000000484,1610612747,LAL,Los Angeles Lakers,2544,LeBron James,2025-26,Regular Season,2026-06-24,1610612752,NYK,New York Knicks,True,False,L,27.3,11,4,9,1,5,3,7,3,0,3,7,1,0,3,2,13
0000000484,1610612747,LAL,Los Angeles Lakers,1629029,Luka Dončić,2025-26,Regular Season,2026-06-24,1610612752,NYK,New York Knicks,True,False,L,22.7,30,12,19,0,0,0,0,3,6,9,7,0,0,1,4,-2
0000000484,1610612747,LAL,Los Angeles Lakers,203076,Anthony Davis,2025-26,Regular Season,2026-06-24,1610612752,NYK,New York Knicks,True,False,L,30.7,14,5,13,1,1,2,2,2,9,11,5,1,1,2,0,5
0000000484,1610612747,LAL,Los Angeles Lakers,1630559,Austin Reaves,2025-26,Regular Season,2026-06-24,1610612752,NYK,New York Knicks,True,False,L,27.5,6,2,6,0,0,1,1,2,0,2,6,4,2,5,5,11
0000000484,1610612747,LAL,Los Angeles Lakers,1626156,Dalton Knecht,2025-26,Regular Season,2026-06-24,1610612752,NYK,New York Knicks,True,False,L,32.8,12,4,12,2,3,0,0,1,0,1,0,4,0,5,2,-7
0000000484,1610612747,LAL,Los Angeles Lakers,1629020,Rui Hachimura,2025-26,Regular Season,2026-06-24,1610612752,NYK,New York Knicks,True,False,L,21.9,10,4,8,1,1,1,3,0,3,3,2,3,2,4,2,15
0000000484,1610612752,NYK,New York Knicks,1628973,Jalen Brunson,2025-26,Regular Season,2026-06-24,1610612747,LAL,Los Angeles Lakers,False,True,W,24.7,25,10,13,0,2,6,6,0,1,1,4,2,1,1,1,18
0000000484,1610612752,NYK,New York Knicks,1626164,Isaiah Hartenstein,2025-26,Regular Season,2026-06-24,1610612747,LAL,Los Angeles Lakers,False,True,W,19.3,38,15,25,2,2,0,7,4,7,11,1,1,0,2,1,-11
0000000484,1610612752,NYK,New York Knicks,1629628,RJ Barrett,2025-26,Regular Season,2026-06-24,1610612747,LAL,Los Angeles Lakers,False,True,W,32.2,20,8,16,1,5,2,2,0,1,1,3,0,1,2,5,9
0000000484,1610612752,NYK,New York Knicks,1630193,Immanuel Quickley,2025-26,Regular Season,2026-06-24,1610612747,LAL,Los Angeles Lakers,False,True,W,28.0,8,6,7,6,6,7,7,1,2,3,4,1,3,3,5,10
0000000484,1610612752,NYK,New York Knicks,203944,Julius Randle,2025-26,Regular Season,2026-06-24,1610612747,LAL,Los Angeles Lakers,False,True,W,35.1,22,8,17,0,0,0,7,1,0,1,4,3,2,2,1,17
0000000484,1610612752,NYK,New York Knicks,1631216,Miles McBride,2025-26,Regular Season,2026-06-24,1610612747,LAL,Los Angeles Lakers,False,True,W,23.3,6,2,7,2,7,2,3,1,0,1,2,3,0,0,3,-2
0000000485,1610612747,LAL,Los Angeles Lakers,2544,LeBron James,2025-26,Regular Season,2026-06-26,1610612748,MIA,Miami Heat,True,False,W,29.9,14,5,13,5,6,0,0,0,6,6,11,4,1,1,0,10
0000000485,1610612747,LAL,Los Angeles Lakers,1629029,Luka Dončić,2025-26,Regular Season,2026-06-26,1610612748,MIA,Miami Heat,True,False,W,32.7,20,8,13,2,6,7,8,1,3,4,4,0,3,0,5,13
0000000485,1610612747,LAL,Los Angeles Lakers,203076,Anthony Davis,2025-26,Regular Season,2026-06-26,1610612748,MIA,Miami Heat,True,False,W,35.9,19,7,15,1,2,2,4,0,14,14,4,1,0,3,3,-11
0000000485,1610612747,LAL,Los Angeles Lakers,1630559,Austin Reaves,2025-26,Regular Season,2026-06-26,1610612748,MIA,Miami Heat,True,False,W,36.4,19,7,11,5,7,2,4,3,0,3,1,4,2,4,4,5
0000000485,1610612747,LAL,Los Angeles Lakers,1626156,Dalton Knecht,2025-26,Regular Season,2026-06-26,1610612748,MIA,Miami Heat,True,False,W,24.6,7,4,10,4,10,1,2,0,2,2,0,0,1,3,4,-1
0000000485,1610612747,LAL,Los Angeles Lakers,1629020,Rui Hachimura,2025-26,Regular Season,2026-06-26,1610612748,MIA,Miami Heat,True,False,W,35.9,16,6,14,2,4,0,0,0,1,1,4,4,0,3,0,-2
0000000485,1610612748,MIA,Miami Heat,202710,Jimmy Butler,2025-26,Regular Season,2026-06-26,1610612747,LAL,Los Angeles Lakers,False,True,L,25.8,22,8,17,2,6,5,6,3,5,8,4,2,2,5,3,-14
0000000485,1610612748,MIA,Miami Heat,1629639,Tyler Herro,2025-26,Regular Season,2026-06-26,1610612747,LAL,Los Angeles Lakers,False,True,L,37.6,15,6,11,0,10,0,2,1,0,1,8,3,2,5,5,-13
0000000485,1610612748,MIA,Miami Heat,202355,Bam Adebayo,2025-26,Regular Season,2026-06-26,1610612747,LAL,Los Angeles Lakers,False,True,L,31.0,21,8,16,1,2,4,6,1,7,8,4,3,2,2,1,-2
0000000485,1610612748,MIA,Miami Heat,1631107,Jaime Jaquez,2025-26,Regular Season,2026-06-26,1610612747,LAL,Los Angeles Lakers,False,True,L,18.2,5,3,8,3,4,1,1,1,1,2,3,0,0,0,2,5
0000000485,1610612748,MIA,Miami Heat,203482,Kelly Olynyk,2025-26,Regular Season,2026-06-26,1610612747,LAL,Los Angeles Lakers,False,True,L,18.7,9,3,8,0,2,0,0,3,5,8,1,3,2,5,3,1
0000000485,1610612748,MIA,Miami Heat,1630217,Caleb Martin,2025-26,Regular Season,2026-06-26,1610612747,LAL,Los Angeles Lakers,False,True,L,20.0,7,2,4,1,2,0,2,0,8,8,1,4,1,5,5,17
0000000486,1610612744,GSW,Golden State Warriors,201939,Stephen Curry,2025-26,Regular Season,2026-06-28,1610612747,LAL,Los Angeles Lakers,True,False,L,33.5,26,10,14,0,1,1,1,1,8,9,6,4,0,3,3,-13
0000000486,1610612744,GSW,Golden State Warriors,202691,Klay Thompson,2025-26,Regular Season,2026-06-28,1610612747,LAL,Los Angeles Lakers,True,False,L,30.0,16,6,12,4,7,0,1,4,0,4,0,2,2,4,5,10
0000000486,1610612744,GSW,Golden State Warriors,203110,Draymond Green,2025-26,Regular Season,2026-06-28,1610612747,LAL,Los Angeles Lakers,True,False,L,37.2,25,10,13,4,9,2,8,1,3,4,6,4,3,3,1,13
0000000486,1610612744,GSW,Golden State Warriors,1630228,Jonathan Kuminga,2025-26,Regular Season,2026-06-28,1610612747,LAL,Los Angeles Lakers,True,False,L,26.6,13,5,8,0,5,0,0,0,0,0,4,2,0,4,2,6
0000000486,1610612744,GSW,Golden State Warriors,1626172,Kevon Looney,2025-26,Regular Season,2026-06-28,1610612747,LAL,Los Angeles Lakers,True,False,L,22.6,1,0,2,0,2,4,5,0,16,16,0,4,3,3,0,-9
0000000486,1610612744,GSW,Golden State Warriors,1630541,Brandin Podziemski,2025-26,Regular Season,2026-06-28,1610612747,LAL,Los Angeles Lakers,True,False,L,33.6,17,6,12,0,1,4,7,1,3,4,2,1,2,4,0,-16
0000000486,1610612747,LAL,Los Angeles Lakers,2544,LeBron James,2025-26,Regular Season,2026-06-28,1610612744,GSW,Golden State Warriors,False,True,W,38.0,23,9,14,2,8,0,1,1,8,9,9,4,2,0,3,-14
0000000486,1610612747,LAL,Los Angeles Lakers,1629029,Luka Dončić,2025-26,Regular Season,2026-06-28,1610612744,GSW,Golden State Warriors,False,True,W,29.2,22,8,12,1,5,0,1,3,6,9,6,4,2,3,1,3
0000000486,1610612747,LAL,Los Angeles Lakers,203076,Anthony Davis,2025-26,Regular Season,2026-06-28,1610612744,GSW,Golden State Warriors,False,True,W,34.1,28,11,17,0,0,0,2,4,4,8,2,4,0,4,4,9
0000000486,1610612747,LAL,Los Angeles Lakers,1630559,Austin Reaves,2025-26,Regular Season,2026-06-28,1610612744,GSW,Golden State Warriors,False,True,W,28.4,13,5,11,1,7,3,7,4,2,6,6,4,2,1,2,-9
0000000486,1610612747,LAL,Los Angeles Lakers,1626156,Dalton Knecht,2025-26,Regular Season,2026-06-28,1610612744,GSW,Golden State Warriors,False,True,W,23.5,12,4,11,3,4,1,3,0,0,0,0,0,0,2,4,14
0000000486,1610612747,LAL,Los Angeles Lakers,1629020,Rui Hachimura,2025-26,Regular Season,2026-06-28,1610612744,GSW,Golden State Warriors,False,True,W,31.1,24,9,13,3,4,0,1,0,0,0,0,3,2,0,4,-11
0000000487,1610612744,GSW,Golden State Warriors,201939,Stephen Curry,2025-26,Regular Season,2026-06-30,1610612743,DEN,Denver Nuggets,True,False,W,29.3,36,14,22,4,7,4,4,0,15,15,11,1,2,1,5,15
0000000487,1610612744,GSW,Golden State Warriors,202691,Klay Thompson,2025-26,Regular Season,2026-06-30,1610612743,DEN,Denver Nuggets,True,False,W,19.7,15,6,11,2,4,1,1,2,2,4,1,1,0,4,2,12
0000000487,1610612744,GSW,Golden State Warriors,203110,Draymond Green,2025-26,Regular Season,2026-06-30,1610612743,DEN,Denver Nuggets,True,False,W,36.9,17,6,13,4,10,2,2,4,3,7,10,1,2,2,2,6
0000000487,1610612744,GSW,Golden State Warriors,1630228,Jonathan Kuminga,2025-26,Regular Season,2026-06-30,1610612743,DEN,Denver Nuggets,True,False,W,37.3,17,6,13,5,6,4,8,0,0,0,5,1,0,3,3,-13
0000000487,1610612744,GSW,Golden State Warriors,1626172,Kevon Looney,2025-26,Regular Season,2026-06-30,1610612743,DEN,Denver Nuggets,True,False,W,22.3,9,3,6,0,1,1,4,3,6,9,1,2,0,4,4,1
0000000487,1610612744,GSW,Golden State Warriors,1630541,Brandin Podziemski,2025-26,Regular Season,2026-06-30,1610612743,DEN,Denver Nuggets,True,False,W,37.0,8,3,5,0,1,1,1,1,3,4,2,1,3,2,3,-4
0000000487,1610612743,DEN,Denver Nuggets,203999,Nikola Jokić,2025-26,Regular Season,2026-06-30,1610612744,GSW,Golden State Warriors,False,True,L,29.8,19,7,12,0,0,2,7,1,9,10,10,3,3,5,2,-3
0000000487,1610612743,DEN,Denver Nuggets,1627750,Jamal Murray,2025-26,Regular Season,2026-06-30,1610612744,GSW,Golden State Warriors,False,True,L,33.3,16,6,14,2,8,0,0,0,0,0,6,1,2,5,2,10
0000000487,1610612743,DEN,Denver Nuggets,1628420,Aaron Gordon,2025-26,Regular Season,2026-06-30,1610612744,GSW,Golden State Warriors,False,True,L,27.5,22,8,12,2,4,1,4,1,5,6,3,3,0,2,3,-11
0000000487,1610612743,DEN,Denver Nuggets,1630166,Christian Braun,2025-26,Regular Season,2026-06-30,1610612744,GSW,Golden State Warriors,False,True,L,22.1,0,0,8,0,8,2,3,2,0,2,3,0,0,2,5,8
0000000487,1610612743,DEN,Denver Nuggets,203914,Kentavious Caldwell-Pope,2025-26,Regular Season,2026-06-30,1610612744,GSW,Golden State Warriors,False,True,L,37.8,15,6,10,4,5,2,3,0,0,0,0,2,2,1,3,11
0000000487,1610612743,DEN,Denver Nuggets,1631128,Peyton Watson,2025-26,Regular Season,2026-06-30,1610612744,GSW,Golden State Warriors,False,True,L,29.7,0,1,3,1,3,6,6,2,0,2,2,2,1,3,1,-18
0000000488,1610612744,GSW,Golden State Warriors,201939,Stephen Curry,2025-26,Regular Season,2026-07-02,1610612738,BOS,Boston Celtics,True,False,L,27.2,20,8,11,5,7,0,0,2,0,2,6,0,0,0,5,-10
0000000488,1610612744,GSW,Golden State Warriors,202691,Klay Thompson,2025-26,Regular Season,2026-07-02,1610612738,BOS,Boston Celtics,True,False,L,20.9,15,7,12,7,9,1,8,3,5,8,0,2,2,1,3,18
0000000488,1610612744,GSW,Golden State Warriors,203110,Draymond Green,2025-26,Regular Season,2026-07-02,1610612738,BOS,Boston Celtics,True,False,L,18.9,9,3,5,2,4,1,1,2,8,10,3,1,2,2,2,-5
0000000488,1610612744,GSW,Golden State Warriors,1630228,Jonathan Kuminga,2025-26,Regular Season,2026-07-02,1610612738,BOS,Boston Celtics,True,False,L,27.3,11,4,9,0,2,0,7,2,7,9,0,0,1,1,1,17
0000000488,1610612744,GSW,Golden State Warriors,1626172,Kevon Looney,2025-26,Regular Season,2026-07-02,1610612738,BOS,Boston Celtics,True,False,L,35.7,6,2,6,0,2,1,2,0,7,7,3,2,0,1,5,-12
0000000488,1610612744,GSW,Golden State Warriors,1630541,Brandin Podziemski,2025-26,Regular Season,2026-07-02,1610612738,BOS,Boston Celtics,True,False,L,36.5,20,8,12,6,6,3,8,1,7,8,0,4,0,2,1,-12
0000000488,1610612738,BOS,Boston Celtics,1628369,Jayson Tatum,2025-26,Regular Season,2026-07-02,1610612744,GSW,Golden State Warriors,False,True,W,18.7,34,13,21,1,5,5,6,2,6,8,5,3,0,0,1,-3
0000000488,1610612738,BOS,Boston Celtics,1627759,Jaylen Brown,2025-26,Regular Season,2026-07-02,1610612744,GSW,Golden State Warriors,False,True,W,20.8,16,6,9,2,2,0,2,3,6,9,1,1,1,3,2,4
0000000488,1610612738,BOS,Boston Celtics,201950,Jrue Holiday,2025-26,Regular Season,2026-07-02,1610612744,GSW,Golden State Warriors,False,True,W,34.6,4,1,4,0,3,1,1,4,2,6,0,0,3,1,0,9
0000000488,1610612738,BOS,Boston Celtics,1628464,Derrick White,2025-26,Regular Season,2026-07-02,1610612744,GSW,Golden State Warriors,False,True,W,26.1,10,4,9,0,8,0,4,0,0,0,3,0,3,4,0,-2
0000000488,1610612738,BOS,Boston Celtics,203935,Kristaps Porziņģis,2025-26,Regular Season,2026-07-02,1610612744,GSW,Golden State Warriors,False,True,W,25.6,33,13,22,1,1,1,2,2,6,8,0,4,3,3,3,-9
0000000488,1610612738,BOS,Boston Celtics,1629057,Robert Williams,2025-26,Regular Season,2026-07-02,1610612744,GSW,Golden State Warriors,False,True,W,36.0,16,6,10,2,2,2,3,2,8,10,0,3,3,2,0,17
0000000489,1610612744,GSW,Golden State Warriors,201939,Stephen Curry,2025-26,Regular Season,2026-07-04,1610612752,NYK,New York Knicks,True,False,W,18.8,30,11,15,2,6,5,5,2,3,5,4,4,0,4,3,-13
0000000489,1610612744,GSW,Golden State Warriors,202691,Klay Thompson,2025-26,Regular Season,2026-07-04,1610612752,NYK,New York Knicks,True,False,W,36.4,22,8,13,7,8,0,0,0,0,0,3,0,1,5,0,-15
0000000489,1610612744,GSW,Golden State Warriors,203110,Draymond Green,2025-26,Regular Season,2026-07-04,1610612752,NYK,New York Knicks,True,False,W,22.2,6,2,4,0,4,3,5,4,2,6,1,3,2,1,4,10
0000000489,1610612744,GSW,Golden State Warriors,1630228,Jonathan Kuminga,2025-26,Regular Season,2026-07-04,1610612752,NYK,New York Knicks,True,False,W,28.2,26,10,17,5,6,3,7,0,1,1,2,3,2,5,3,-7
0000000489,1610612744,GSW,Golden State Warriors,1626172,Kevon Looney,2025-26,Regular Season,2026-07-04,1610612752,NYK,New York Knicks,True,False,W,32.7,6,2,8,1,2,7,7,4,1,5,1,1,2,1,3,-3
0000000489,1610612744,GSW,Golden State Warriors,1630541,Brandin Podziemski,2025-26,Regular Season,2026-07-04,1610612752,NYK,New York Knicks,True,False,W,22.0,11,4,10,1,7,2,8,1,3,4,5,0,1,3,5,0
0000000489,1610612752,NYK,New York Knicks,1628973,Jalen Brunson,2025-26,Regular Season,2026-07-04,1610612744,GSW,Golden State Warriors,False,True,L,21.4,28,11,16,0,1,2,4,0,0,0,8,2,1,0,1,-10
0000000489,1610612752,NYK,New York Knicks,1626164,Isaiah Hartenstein,2025-26,Regular Season,2026-07-04,1610612744,GSW,Golden State Warriors,False,True,L,30.6,14,5,8,0,1,1,6,0,9,9,2,4,2,3,5,-18
0000000489,1610612752,NYK,New York Knicks,1629628,RJ Barrett,2025-26,Regular Season,2026-07-04,1610612744,GSW,Golden State Warriors,False,True,L,20.4,19,7,10,3,7,0,0,1,0,1,1,0,0,5,0,5
0000000489,1610612752,NYK,New York Knicks,1630193,Immanuel Quickley,2025-26,Regular Season,2026-07-04,1610612744,GSW,Golden State Warriors,False,True,L,28.3,8,7,10,7,10,0,4,1,5,6,7,1,0,1,4,-3
0000000489,1610612752,NYK,New York Knicks,203944,Julius Randle,2025-26,Regular Season,2026-07-04,1610612744,GSW,Golden State Warriors,False,True,L,33.3,25,10,16,9,10,5,7,0,13,13,5,0,3,5,1,14
0000000489,1610612752,NYK,New York Knicks,1631216,Miles McBride,2025-26,Regular Season,2026-07-04,1610612744,GSW,Golden State Warriors,False,True,L,18.9,6,3,5,3,3,5,5,0,0,0,5,2,2,5,5,4
0000000490,1610612744,GSW,Golden State Warriors,201939,Stephen Curry,2025-26,Regular Season,2026-07-06,1610612748,MIA,Miami Heat,True,False,L,36.6,26,10,16,7,7,0,1,0,0,0,7,2,1,4,5,-12
0000000490,1610612744,GSW,Golden State Warriors,202691,Klay Thompson,2025-26,Regular Season,2026-07-06,1610612748,MIA,Miami Heat,True,False,L,22.9,16,6,14,3,5,1,1,3,6,9,5,3,2,0,5,7
0000000490,1610612744,GSW,Golden State Warriors,203110,Draymond Green,2025-26,Regular Season,2026-07-06,1610612748,MIA,Miami Heat,True,False,L,32.4,8,3,10,0,0,0,2,3,5,8,1,3,3,0,4,-8
0000000490,1610612744,GSW,Golden State Warriors,1630228,Jonathan Kuminga,2025-26,Regular Season,2026-07-06,1610612748,MIA,Miami Heat,True,False,L,36.6,25,10,18,0,0,2,4,2,1,3,0,4,2,2,3,18
0000000490,1610612744,GSW,Golden State Warriors,1626172,Kevon Looney,2025-26,Regular Season,2026-07-06,1610612748,MIA,Miami Heat,True,False,L,28.9,5,2,4,0,2,3,8,3,9,12,2,3,0,4,0,10
0000000490,1610612744,GSW,Golden State Warriors,1630541,Brandin Podziemski,2025-26,Regular Season,2026-07-06,1610612748,MIA,Miami Heat,True,False,L,24.8,15,6,9,6,7,6,6,0,3,3,3,1,3,3,0,3
0000000490,1610612748,MIA,Miami Heat,202710,Jimmy Butler,2025-26,Regular Season,2026-07-06,1610612744,GSW,Golden State Warriors,False,True,W,34.0,18,7,11,5,5,1,2,1,0,1,7,2,0,0,5,8
0000000490,1610612748,MIA,Miami Heat,1629639,Tyler Herro,2025-26,Regular Season,2026-07-06,1610612744,GSW,Golden State Warriors,False,True,W,28.1,20,8,13,8,8,6,6,2,6,8,5,3,0,2,1,-7
0000000490,1610612748,MIA,Miami Heat,202355,Bam Adebayo,2025-26,Regular Season,2026-07-06,1610612744,GSW,Golden State Warriors,False,True,W,27.8,20,8,15,0,2,2,2,3,8,11,4,0,0,4,1,-11
0000000490,1610612748,MIA,Miami Heat,1631107,Jaime Jaquez,2025-26,Regular Season,2026-07-06,1610612744,GSW,Golden State Warriors,False,True,W,18.1,23,9,12,1,1,0,1,1,3,4,5,0,2,3,3,-1
0000000490,1610612748,MIA,Miami Heat,203482,Kelly Olynyk,2025-26,Regular Season,2026-07-06,1610612744,GSW,Golden State Warriors,False,True,W,34.4,6,2,4,2,2,2,2,0,0,0,2,2,2,5,1,-16
0000000490,1610612748,MIA,Miami Heat,1630217,Caleb Martin,2025-26,Regular Season,2026-07-06,1610612744,GSW,Golden State Warriors,False,True,W,25.8,16,6,13,0,0,5,6,3,5,8,0,4,2,1,2,-18
0000000491,1610612743,DEN,Denver Nuggets,203999,Nikola Jokić,2025-26,Regular Season,2026-07-08,1610612747,LAL,Los Angeles Lakers,True,False,L,34.3,30,12,18,0,1,6,7,0,12,12,8,2,0,3,0,2
0000000491,1610612743,DEN,Denver Nuggets,1627750,Jamal Murray,2025-26,Regular Season,2026-07-08,1610612747,LAL,Los Angeles Lakers,True,False,L,30.1,23,9,17,5,5,6,7,3,4,7,9,0,2,3,0,8
0000000491,1610612743,DEN,Denver Nuggets,1628420,Aaron Gordon,2025-26,Regular Season,2026-07-08,1610612747,LAL,Los Angeles Lakers,True,False,L,18.3,13,7,12,7,9,3,8,4,1,5,1,3,3,0,5,-18
0000000491,1610612743,DEN,Denver Nuggets,1630166,Christian Braun,2025-26,Regular Season,2026-07-08,1610612747,LAL,Los Angeles Lakers,True,False,L,32.7,8,3,9,0,3,0,0,2,0,2,2,1,1,5,2,15
0000000491,1610612743,DEN,Denver Nuggets,203914,Kentavious Caldwell-Pope,2025-26,Regular Season,2026-07-08,1610612747,LAL,Los Angeles Lakers,True,False,L,29.9,4,1,5,0,5,1,5,1,0,1,0,2,3,5,2,7
0000000491,1610612743,DEN,Denver Nuggets,1631128,Peyton Watson,2025-26,Regular Season,2026-07-08,1610612747,LAL,Los Angeles Lakers,True,False,L,18.3,0,4,7,4,7,0,8,0,0,0,2,4,1,4,5,-5
0000000491,1610612747,LAL,Los Angeles Lakers,2544,LeBron James,2025-26,Regular Season,2026-07-08,1610612743,DEN,Denver Nuggets,False,True,W,26.7,30,12,19,6,7,1,3,3,1,4,7,1,1,4,3,-1
0000000491,1610612747,LAL,Los Angeles Lakers,1629029,Luka Dončić,2025-26,Regular Season,2026-07-08,1610612743,DEN,Denver Nuggets,False,True,W,29.1,28,11,16,1,4,5,7,3,8,11,6,2,3,4,0,-7
0000000491,1610612747,LAL,Los Angeles Lakers,203076,Anthony Davis,2025-26,Regular Season,2026-07-08,1610612743,DEN,Denver Nuggets,False,True,W,37.0,28,11,20,1,1,0,0,0,6,6,3,2,3,1,3,1
0000000491,1610612747,LAL,Los Angeles Lakers,1630559,Austin Reaves,2025-26,Regular Season,2026-07-08,1610612743,DEN,Denver Nuggets,False,True,W,30.7,16,6,13,0,0,0,3,2,1,3,5,0,3,1,0,-4
0000000491,1610612747,LAL,Los Angeles Lakers,1626156,Dalton Knecht,2025-26,Regular Season,2026-07-08,1610612743,DEN,Denver Nuggets,False,True,W,19.4,0,0,5,0,5,5,8,1,3,4,0,0,2,3,5,-13
0000000491,1610612747,LAL,Los Angeles Lakers,1629020,Rui Hachimura,2025-26,Regular Season,2026-07-08,1610612743,DEN,Denver Nuggets,False,True,W,28.4,15,6,13,1,1,0,0,1,0,1,0,2,3,4,0,14
0000000492,1610612743,DEN,Denver Nuggets,203999,Nikola Jokić,2025-26,Regular Season,2026-07-10,1610612744,GSW,Golden State Warriors,True,False,W,34.5,30,12,18,0,0,4,7,3,9,12,8,1,2,4,2,-9
0000000492,1610612743,DEN,Denver Nuggets,1627750,Jamal Murray,2025-26,Regular Season,2026-07-10,1610612744,GSW,Golden State Warriors,True,False,W,26.0,12,4,11,3,8,3,3,0,0,0,4,2,3,5,4,12
0000000492,1610612743,DEN,Denver Nuggets,1628420,Aaron Gordon,2025-26,Regular Season,2026-07-10,1610612744,GSW,Golden State Warriors,True,False,W,28.5,15,6,9,1,4,1,3,0,5,5,2,4,1,3,3,-16
0000000492,1610612743,DEN,Denver Nuggets,1630166,Christian Braun,2025-26,Regular Season,2026-07-10,1610612744,GSW,Golden State Warriors,True,False,W,27.7,0,1,1,1,1,0,0,0,2,2,3,3,0,2,1,15
0000000492,1610612743,DEN,Denver Nuggets,203914,Kentavious Caldwell-Pope,2025-26,Regular Season,2026-07-10,1610612744,GSW,Golden State Warriors,True,False,W,23.0,1,1,7,1,7,1,5,4,4,8,3,4,3,2,2,-4
0000000492,1610612743,DEN,Denver Nuggets,1631128,Peyton Watson,2025-26,Regular Season,2026-07-10,1610612744,GSW,Golden State Warriors,True,False,W,28.8,11,4,11,0,2,1,3,0,7,7,0,0,3,4,1,3
0000000492,1610612744,GSW,Golden State Warriors,201939,Stephen Curry,2025-26,Regular Season,2026-07-10,1610612743,DEN,Denver Nuggets,False,True,L,30.1,21,8,16,2,2,0,0,0,4,4,5,3,0,2,4,5
0000000492,1610612744,GSW,Golden State Warriors,202691,Klay Thompson,2025-26,Regular Season,2026-07-10,1610612743,DEN,Denver Nuggets,False,True,L,18.3,18,7,12,2,8,0,3,4,2,6,1,4,3,2,4,3
0000000492,1610612744,GSW,Golden State Warriors,203110,Draymond Green,2025-26,Regular Season,2026-07-10,1610612743,DEN,Denver Nuggets,False,True,L,24.4,2,2,4,2,2,2,4,3,3,6,4,4,2,1,4,3
0000000492,1610612744,GSW,Golden State Warriors,1630228,Jonathan Kuminga,2025-26,Regular Season,2026-07-10,1610612743,DEN,Denver Nuggets,False,True,L,33.2,12,4,7,0,1,0,2,0,9,9,4,0,1,2,3,14
0000000492,1610612744,GSW,Golden State Warriors,1626172,Kevon Looney,2025-26,Regular Season,2026-07-10,1610612743,DEN,Denver Nuggets,False,True,L,19.1,3,1,5,1,2,1,6,1,3,4,2,3,3,4,0,13
0000000492,1610612744,GSW,Golden State Warriors,1630541,Brandin Podziemski,2025-26,Regular Season,2026-07-10,1610612743,DEN,Denver Nuggets,False,True,L,36.6,5,2,4,2,4,2,2,0,12,12,7,3,2,4,0,-17
0000000493,1610612743,DEN,Denver Nuggets,203999,Nikola Jokić,2025-26,Regular Season,2026-07-12,1610612738,BOS,Boston Celtics,True,False,L,36.5,20,8,15,0,0,5,7,0,16,16,11,3,2,5,1,5
0000000493,1610612743,DEN,Denver Nuggets,1627750,Jamal Murray,2025-26,Regular Season,2026-07-12,1610612738,BOS,Boston Celtics,True,False,L,31.8,17,6,9,1,1,1,1,4,0,4,7,0,1,4,0,2
0000000493,1610612743,DEN,Denver Nuggets,1628420,Aaron Gordon,2025-26,Regular Season,2026-07-12,1610612738,BOS,Boston Celtics,True,False,L,20.0,7,2,9,1,1,6,7,4,4,8,2,2,2,0,3,-5
0000000493,1610612743,DEN,Denver Nuggets,1630166,Christian Braun,2025-26,Regular Season,2026-07-12,1610612738,BOS,Boston Celtics,True,False,L,33.4,1,0,2,0,1,0,2,0,0,0,0,1,0,4,0,-18
0000000493,1610612743,DEN,Denver Nuggets,203914,Kentavious Caldwell-Pope,2025-26,Regular Season,2026-07-12,1610612738,BOS,Boston Celtics,True,False,L,22.6,6,3,8,3,4,2,4,1,0,1,3,4,0,5,1,-12
0000000493,1610612743,DEN,Denver Nuggets,1631128,Peyton Watson,2025-26,Regular Season,2026-07-12,1610612738,BOS,Boston Celtics,True,False,L,33.1,9,3,9,0,9,5,6,2,1,3,0,4,1,4,3,-15
0000000493,1610612738,BOS,Boston Celtics,1628369,Jayson Tatum,2025-26,Regular Season,2026-07-12,1610612743,DEN,Denver Nuggets,False,True,W,31.8,31,12,17,0,0,5,5,0,2,2,5,4,1,1,3,-2
0000000493,1610612738,BOS,Boston Celtics,1627759,Jaylen Brown,2025-26,Regular Season,2026-07-12,1610612743,DEN,Denver Nuggets,False,True,W,35.7,19,7,10,1,9,1,6,0,9,9,0,2,3,0,3,2
0000000493,1610612738,BOS,Boston Celtics,201950,Jrue Holiday,2025-26,Regular Season,2026-07-12,1610612743,DEN,Denver Nuggets,False,True,W,26.7,6,3,9,3,3,3,8,0,3,3,0,0,2,4,5,-1
0000000493,1610612738,BOS,Boston Celtics,1628464,Derrick White,2025-26,Regular Season,2026-07-12,1610612743,DEN,Denver Nuggets,False,True,W,20.9,7,7,9,7,9,0,1,4,2,6,8,0,0,3,0,-9
0000000493,1610612738,BOS,Boston Celtics,203935,Kristaps Porziņģis,2025-26,Regular Season,2026-07-12,1610612743,DEN,Denver Nuggets,False,True,W,20.7,33,13,17,1,1,2,5,2,5,7,0,3,0,3,5,16
0000000493,1610612738,BOS,Boston Celtics,1629057,Robert Williams,2025-26,Regular Season,2026-07-12,1610612743,DEN,Denver Nuggets,False,True,W,22.4,7,2,5,0,1,5,6,4,3,7,3,4,2,0,4,18
0000000494,1610612743,DEN,Denver Nuggets,203999,Nikola Jokić,2025-26,Regular Season,2026-07-14,1610612752,NYK,New York Knicks,True,False,L,22.8,27,10,14,0,1,0,3,1,14,15,11,3,0,2,2,9
0000000494,1610612743,DEN,Denver Nuggets,1627750,Jamal Murray,2025-26,Regular Season,2026-07-14,1610612752,NYK,New York Knicks,True,False,L,36.4,24,9,18,1,2,1,2,0,0,0,4,4,1,2,4,-2
0000000494,1610612743,DEN,Denver Nuggets,1628420,Aaron Gordon,2025-26,Regular Season,2026-07-14,1610612752,NYK,New York Knicks,True,False,L,25.3,5,2,3,1,1,3,5,1,3,4,1,4,3,3,3,1
0000000494,1610612743,DEN,Denver Nuggets,1630166,Christian Braun,2025-26,Regular Season,2026-07-14,1610612752,NYK,New York Knicks,True,False,L,25.9,1,3,5,3,3,4,4,1,0,1,2,3,3,5,4,-10
0000000494,1610612743,DEN,Denver Nuggets,203914,Kentavious Caldwell-Pope,2025-26,Regular Season,2026-07-14,1610612752,NYK,New York Knicks,True,False,L,20.2,10,4,11,1,5,3,3,1,7,8,2,1,0,5,5,-1
0000000494,1610612743,DEN,Denver Nuggets,1631128,Peyton Watson,2025-26,Regular Season,2026-07-14,1610612752,NYK,New York Knicks,True,False,L,18.3,8,3,10,3,5,0,1,0,9,9,0,2,1,0,2,-10
0000000494,1610612752,NYK,New York Knicks,1628973,Jalen Brunson,2025-26,Regular Season,2026-07-14,1610612743,DEN,Denver Nuggets,False,True,W,25.5,29,11,19,0,8,1,2,1,4,5,7,3,0,2,1,0
0000000494,1610612752,NYK,New York Knicks,1626164,Isaiah Hartenstein,2025-26,Regular Season,2026-07-14,1610612743,DEN,Denver Nuggets,False,True,W,36.9,21,8,15,0,0,2,5,0,9,9,1,2,1,0,2,12
0000000494,1610612752,NYK,New York Knicks,1629628,RJ Barrett,2025-26,Regular Season,2026-07-14,1610612743,DEN,Denver Nuggets,False,True,W,35.5,12,4,10,1,6,1,1,0,0,0,2,2,0,2,1,-3
0000000494,1610612752,NYK,New York Knicks,1630193,Immanuel Quickley,2025-26,Regular Season,2026-07-14,1610612743,DEN,Denver Nuggets,False,True,W,28.4,7,2,7,1,6,6,7,0,0,0,2,0,2,3,2,12
0000000494,1610612752,NYK,New York Knicks,203944,Julius Randle,2025-26,Regular Season,2026-07-14,1610612743,DEN,Denver Nuggets,False,True,W,31.5,11,4,8,0,8,0,0,0,10,10,3,0,3,2,2,-16
0000000494,1610612752,NYK,New York Knicks,1631216,Miles McBride,2025-26,Regular Season,2026-07-14,1610612743,DEN,Denver Nuggets,False,True,W,37.3,14,5,8,0,2,1,6,3,4,7,1,2,3,4,5,-7
0000000495,1610612743,DEN,Denver Nuggets,203999,Nikola Jokić,2025-26,Regular Season,2026-07-16,1610612748,MIA,Miami Heat,True,False,L,25.4,29,11,20,1,2,0,5,4,8,12,7,2,1,0,0,7
0000000495,1610612743,DEN,Denver Nuggets,1627750,Jamal Murray,2025-26,Regular Season,2026-07-16,1610612748,MIA,Miami Heat,True,False,L,18.3,21,8,16,1,4,1,6,3,2,5,6,3,2,4,1,-6
0000000495,1610612743,DEN,Denver Nuggets,1628420,Aaron Gordon,2025-26,Regular Season,2026-07-16,1610612748,MIA,Miami Heat,True,False,L,38.0,9,3,7,2,6,6,6,2,8,10,2,3,0,2,5,10
0000000495,1610612743,DEN,Denver Nuggets,1630166,Christian Braun,2025-26,Regular Season,2026-07-16,1610612748,MIA,Miami Heat,True,False,L,24.3,2,2,2,2,2,2,2,1,0,1,0,1,1,1,3,2
0000000495,1610612743,DEN,Denver Nuggets,203914,Kentavious Caldwell-Pope,2025-26,Regular Season,2026-07-16,1610612748,MIA,Miami Heat,True,False,L,31.3,2,2,4,2,2,2,8,4,1,5,3,4,2,4,1,2
0000000495,1610612743,DEN,Denver Nuggets,1631128,Peyton Watson,2025-26,Regular Season,2026-07-16,1610612748,MIA,Miami Heat,True,False,L,36.1,1,0,8,0,8,6,8,3,0,3,0,4,2,2,0,17
0000000495,1610612748,MIA,Miami Heat,202710,Jimmy Butler,2025-26,Regular Season,2026-07-16,1610612743,DEN,Denver Nuggets,False,True,W,34.2,16,6,14,2,4,4,6,4,7,11,3,1,2,3,4,0
0000000495,1610612748,MIA,Miami Heat,1629639,Tyler Herro,2025-26,Regular Season,2026-07-16,1610612743,DEN,Denver Nuggets,False,True,W,31.6,14,5,11,2,3,5,5,1,6,7,4,0,3,0,3,-18
0000000495,1610612748,MIA,Miami Heat,202355,Bam Adebayo,2025-26,Regular Season,2026-07-16,1610612743,DEN,Denver Nuggets,False,True,W,20.5,23,9,15,1,3,2,6,1,9,10,3,0,2,2,2,15
0000000495,1610612748,MIA,Miami Heat,1631107,Jaime Jaquez,2025-26,Regular Season,2026-07-16,1610612743,DEN,Denver Nuggets,False,True,W,31.5,17,6,10,0,5,1,1,1,1,2,4,4,1,4,2,-9
0000000495,1610612748,MIA,Miami Heat,203482,Kelly Olynyk,2025-26,Regular Season,2026-07-16,1610612743,DEN,Denver Nuggets,False,True,W,19.7,0,1,6,1,1,0,4,2,4,6,0,3,3,2,5,-10
0000000495,1610612748,MIA,Miami Heat,1630217,Caleb Martin,2025-26,Regular Season,2026-07-16,1610612743,DEN,Denver Nuggets,False,True,W,30.1,14,5,10,0,0,3,5,0,5,5,4,4,1,2,4,-18
0000000496,1610612738,BOS,Boston Celtics,1628369,Jayson Tatum,2025-26,Regular Season,2026-07-18,1610612747,LAL,Los Angeles Lakers,True,False,W,20.0,20,8,14,2,4,0,0,0,7,7,4,2,1,0,5,13
0000000496,1610612738,BOS,Boston Celtics,1627759,Jaylen Brown,2025-26,Regular Season,2026-07-18,1610612747,LAL,Los Angeles Lakers,True,False,W,36.1,34,13,21,2,10,1,3,3,0,3,3,3,1,2,3,18
0000000496,1610612738,BOS,Boston Celtics,201950,Jrue Holiday,2025-26,Regular Season,2026-07-18,1610612747,LAL,Los Angeles Lakers,True,False,W,27.0,4,9,9,9,9,1,4,1,5,6,7,4,0,3,5,-3
0000000496,1610612738,BOS,Boston Celtics,1628464,Derrick White,2025-26,Regular Season,2026-07-18,1610612747,LAL,Los Angeles Lakers,True,False,W,24.2,7,2,6,1,3,0,0,4,3,7,11,2,1,4,4,18
0000000496,1610612738,BOS,Boston Celtics,203935,Kristaps Porziņģis,2025-26,Regular Season,2026-07-18,1610612747,LAL,Los Angeles Lakers,True,False,W,24.7,20,8,14,2,2,0,0,4,0,4,2,0,3,1,2,-4
0000000496,1610612738,BOS,Boston Celtics,1629057,Robert Williams,2025-26,Regular Season,2026-07-18,1610612747,LAL,Los Angeles Lakers,True,False,W,33.1,12,4,10,3,3,4,6,0,4,4,4,3,3,3,3,-2
0000000496,1610612747,LAL,Los Angeles Lakers,2544,LeBron James,2025-26,Regular Season,2026-07-18,1610612738,BOS,Boston Celtics,False,True,L,34.7,26,10,16,5,5,3,8,3,11,14,8,4,0,5,4,-6
0000000496,1610612747,LAL,Los Angeles Lakers,1629029,Luka Dončić,2025-26,Regular Season,2026-07-18,1610612738,BOS,Boston Celtics,False,True,L,32.1,9,3,8,0,3,1,7,0,10,10,11,2,3,1,1,9
0000000496,1610612747,LAL,Los Angeles Lakers,203076,Anthony Davis,2025-26,Regular Season,2026-07-18,1610612738,BOS,Boston Celtics,False,True,L,18.6,25,10,13,2,2,1,4,0,9,9,0,2,3,3,5,-15
0000000496,1610612747,LAL,Los Angeles Lakers,1630559,Austin Reaves,2025-26,Regular Season,2026-07-18,1610612738,BOS,Boston Celtics,False,True,L,18.8,13,5,12,4,5,1,3,1,6,7,1,2,0,5,3,-14
0000000496,1610612747,LAL,Los Angeles Lakers,1626156,Dalton Knecht,2025-26,Regular Season,2026-07-18,1610612738,BOS,Boston Celtics,False,True,L,30.5,3,9,10,9,10,4,6,2,1,3,1,1,2,0,5,-17
0000000496,1610612747,LAL,Los Angeles Lakers,1629020,Rui Hachimura,2025-26,Regular Season,2026-07-18,1610612738,BOS,Boston Celtics,False,True,L,28.9,5,6,10,6,10,0,0,2,5,7,2,2,3,4,4,15
0000000497,1610612738,BOS,Boston Celtics,1628369,Jayson Tatum,2025-26,Regular Season,2026-07-20,1610612744,GSW,Golden State Warriors,True,False,W,20.6,32,12,20,0,0,4,5,0,7,7,3,4,3,5,4,-10
0000000497,1610612738,BOS,Boston Celtics,1627759,Jaylen Brown,2025-26,Regular Season,2026-07-20,1610612744,GSW,Golden State Warriors,True,False,W,24.9,27,10,18,5,6,0,1,0,9,9,4,0,3,2,3,2
0000000497,1610612738,BOS,Boston Celtics,201950,Jrue Holiday,2025-26,Regular Season,2026-07-20,1610612744,GSW,Golden State Warriors,True,False,W,18.4,17,6,12,0,1,1,2,1,2,3,3,2,1,2,5,10
0000000497,1610612738,BOS,Boston Celtics,1628464,Derrick White,2025-26,Regular Season,2026-07-20,1610612744,GSW,Golden State Warriors,True,False,W,34.6,7,2,4,0,1,3,8,3,5,8,5,3,0,1,3,9
0000000497,1610612738,BOS,Boston Celtics,203935,Kristaps Porziņģis,2025-26,Regular Season,2026-07-20,1610612744,GSW,Golden State Warriors,True,False,W,23.6,13,5,8,1,3,2,8,0,8,8,1,3,0,3,2,-6
0000000497,1610612738,BOS,Boston Celtics,1629057,Robert Williams,2025-26,Regular Season,2026-07-20,1610612744,GSW,Golden State Warriors,True,False,W,25.6,6,2,4,1,1,0,8,4,2,6,1,0,1,3,3,-9
0000000497,1610612744,GSW,Golden State Warriors,201939,Stephen Curry,2025-26,Regular Season,2026-07-20,1610612738,BOS,Boston Celtics,False,True,L,27.8,33,13,21,8,8,1,3,0,0,0,2,3,3,3,4,-10
0000000497,1610612744,GSW,Golden State Warriors,202691,Klay Thompson,2025-26,Regular Season,2026-07-20,1610612738,BOS,Boston Celtics,False,True,L,34.7,17,7,11,7,8,1,3,0,1,1,2,0,0,4,0,14
0000000497,1610612744,GSW,Golden State Warriors,203110,Draymond Green,2025-26,Regular Season,2026-07-20,1610612738,BOS,Boston Celtics,False,True,L,28.8,12,5,10,5,5,3,4,1,0,1,7,3,2,1,4,-5
0000000497,1610612744,GSW,Golden State Warriors,1630228,Jonathan Kuminga,2025-26,Regular Season,2026-07-20,1610612738,BOS,Boston Celtics,False,True,L,32.5,15,6,8,1,4,0,0,0,7,7,3,4,0,0,5,-12
0000000497,1610612744,GSW,Golden State Warriors,1626172,Kevon Looney,2025-26,Regular Season,2026-07-20,1610612738,BOS,Boston Celtics,False,True,L,20.4,2,0,7,0,1,1,5,2,1,3,5,4,2,1,0,0
0000000497,1610612744,GSW,Golden State Warriors,1630541,Brandin Podziemski,2025-26,Regular Season,2026-07-20,1610612738,BOS,Boston Celtics,False,True,L,24.5,13,5,11,0,0,5,5,0,0,0,0,1,2,4,4,-5
0000000498,1610612738,BOS,Boston Celtics,1628369,Jayson Tatum,2025-26,Regular Season,2026-07-22,1610612743,DEN,Denver Nuggets,True,False,W,22.7,22,8,15,0,1,5,6,1,7,8,4,1,3,2,4,-7
0000000498,1610612738,BOS,Boston Celtics,1627759,Jaylen Brown,2025-26,Regular Season,2026-07-22,1610612743,DEN,Denver Nuggets,True,False,W,34.7,32,12,19,0,3,2,3,0,0,0,6,0,2,1,1,-5
0000000498,1610612738,BOS,Boston Celtics,201950,Jrue Holiday,2025-26,Regular Season,2026-07-22,1610612743,DEN,Denver Nuggets,True,False,W,34.8,3,4,7,4,7,3,4,0,0,0,5,0,3,2,3,4
0000000498,1610612738,BOS,Boston Celtics,1628464,Derrick White,2025-26,Regular Season,2026-07-22,1610612743,DEN,Denver Nuggets,True,False,W,26.2,10,4,9,3,8,5,6,4,0,4,4,4,3,1,4,16
0000000498,1610612738,BOS,Boston Celtics,203935,Kristaps Porziņģis,2025-26,Regular Season,2026-07-22,1610612743,DEN,Denver Nuggets,True,False,W,25.6,17,6,9,0,2,4,4,1,10,11,2,4,0,0,3,-14
0000000498,1610612738,BOS,Boston Celtics,1629057,Robert Williams,2025-26,Regular Season,2026-07-22,1610612743,DEN,Denver Nuggets,True,False,W,22.6,4,1,7,0,1,0,0,2,11,13,0,3,1,4,3,-6
0000000498,1610612743,DEN,Denver Nuggets,203999,Nikola Jokić,2025-26,Regular Season,2026-07-22,1610612738,BOS,Boston Celtics,False,True,L,31.8,21,8,11,0,2,0,0,4,7,11,7,0,3,3,0,-3
0000000498,1610612743,DEN,Denver Nuggets,1627750,Jamal Murray,2025-26,Regular Season,2026-07-22,1610612738,BOS,Boston Celtics,False,True,L,21.6,30,12,19,6,8,5,7,2,0,2,1,3,2,1,1,-7
0000000498,1610612743,DEN,Denver Nuggets,1628420,Aaron Gordon,2025-26,Regular Season,2026-07-22,1610612738,BOS,Boston Celtics,False,True,L,26.6,6,2,10,1,10,6,6,2,5,7,6,1,1,0,1,0
0000000498,1610612743,DEN,Denver Nuggets,1630166,Christian Braun,2025-26,Regular Season,2026-07-22,1610612738,BOS,Boston Celtics,False,True,L,26.3,21,8,14,0,1,2,3,0,0,0,2,4,0,3,2,-17
0000000498,1610612743,DEN,Denver Nuggets,203914,Kentavious Caldwell-Pope,2025-26,Regular Season,2026-07-22,1610612738,BOS,Boston Celtics,False,True,L,21.7,4,1,7,0,6,1,8,3,0,3,0,1,3,0,1,15
0000000498,1610612743,DEN,Denver Nuggets,1631128,Peyton Watson,2025-26,Regular Season,2026-07-22,1610612738,BOS,Boston Celtics,False,True,L,28.1,5,2,8,0,0,1,2,2,3,5,2,2,2,1,5,6
0000000499,1610612738,BOS,Boston Celtics,1628369,Jayson Tatum,2025-26,Regular Season,2026-07-24,1610612752,NYK,New York Knicks,True,False,L,34.6,28,11,20,9,9,0,1,1,3,4,8,0,0,2,4,-5
0000000499,1610612738,BOS,Boston Celtics,1627759,Jaylen Brown,2025-26,Regular Season,2026-07-24,1610612752,NYK,New York Knicks,True,False,L,37.3,26,10,16,1,10,0,2,1,1,2,2,2,3,4,4,-13
0000000499,1610612738,BOS,Boston Celtics,201950,Jrue Holiday,2025-26,Regular Season,2026-07-24,1610612752,NYK,New York Knicks,True,False,L,31.8,13,5,9,5,9,3,8,1,1,2,6,0,0,1,0,13
0000000499,1610612738,BOS,Boston Celtics,1628464,Derrick White,2025-26,Regular Season,2026-07-24,1610612752,NYK,New York Knicks,True,False,L,26.0,7,2,5,1,3,1,4,2,6,8,2,4,2,0,2,-8
0000000499,1610612738,BOS,Boston Celtics,203935,Kristaps Porziņģis,2025-26,Regular Season,2026-07-24,1610612752,NYK,New York Knicks,True,False,L,35.6,21,8,13,2,2,4,8,3,4,7,2,2,3,2,4,-15
0000000499,1610612738,BOS,Boston Celtics,1629057,Robert Williams,2025-26,Regular Season,2026-07-24,1610612752,NYK,New York Knicks,True,False,L,34.2,4,2,8,2,3,0,5,3,3,6,2,4,1,4,3,1
0000000499,1610612752,NYK,New York Knicks,1628973,Jalen Brunson,2025-26,Regular Season,2026-07-24,1610612738,BOS,Boston Celtics,False,True,W,36.5,30,12,20,3,10,0,0,1,6,7,4,2,1,0,4,0
0000000499,1610612752,NYK,New York Knicks,1626164,Isaiah Hartenstein,2025-26,Regular Season,2026-07-24,1610612738,BOS,Boston Celtics,False,True,W,33.0,29,11,17,0,1,2,5,3,11,14,1,2,0,2,4,8
0000000499,1610612752,NYK,New York Knicks,1629628,RJ Barrett,2025-26,Regular Season,2026-07-24,1610612738,BOS,Boston Celtics,False,True,W,23.5,21,8,16,1,10,5,8,2,2,4,1,0,3,3,0,2
0000000499,1610612752,NYK,New York Knicks,1630193,Immanuel Quickley,2025-26,Regular Season,2026-07-24,1610612738,BOS,Boston Celtics,False,True,W,19.8,4,8,10,8,10,0,0,4,0,4,7,3,2,2,4,-10
0000000499,1610612752,NYK,New York Knicks,203944,Julius Randle,2025-26,Regular Season,2026-07-24,1610612738,BOS,Boston Celtics,False,True,W,36.3,27,10,17,0,6,4,5,3,8,11,4,2,3,4,0,17
0000000499,1610612752,NYK,New York Knicks,1631216,Miles McBride,2025-26,Regular Season,2026-07-24,1610612738,BOS,Boston Celtics,False,True,W,20.3,0,4,6,4,6,0,5,2,3,5,4,3,0,1,3,-15
0000000500,1610612738,BOS,Boston Celtics,1628369,Jayson Tatum,2025-26,Regular Season,2026-07-26,1610612748,MIA,Miami Heat,True,False,W,32.9,19,7,15,1,1,3,7,4,7,11,1,1,1,1,5,-5
0000000500,1610612738,BOS,Boston Celtics,1627759,Jaylen Brown,2025-26,Regular Season,2026-07-26,1610612748,MIA,Miami Heat,True,False,W,29.9,19,8,11,8,9,3,4,3,8,11,1,3,2,1,2,5
0000000500,1610612738,BOS,Boston Celtics,201950,Jrue Holiday,2025-26,Regular Season,2026-07-26,1610612748,MIA,Miami Heat,True,False,W,31.0,19,7,14,5,9,5,8,4,1,5,6,3,3,2,0,17
0000000500,1610612738,BOS,Boston Celtics,1628464,Derrick White,2025-26,Regular Season,2026-07-26,1610612748,MIA,Miami Heat,True,False,W,31.6,16,6,13,1,4,3,5,1,4,5,4,0,0,5,0,2
0000000500,1610612738,BOS,Boston Celtics,203935,Kristaps Porziņģis,2025-26,Regular Season,2026-07-26,1610612748,MIA,Miami Heat,True,False,W,20.5,19,7,15,0,2,0,0,2,5,7,1,4,3,5,3,-14
0000000500,1610612738,BOS,Boston Celtics,1629057,Robert Williams,2025-26,Regular Season,2026-07-26,1610612748,MIA,Miami Heat,True,False,W,23.6,2,0,7,0,1,6,6,1,3,4,0,0,3,5,1,-13
0000000500,1610612748,MIA,Miami Heat,202710,Jimmy Butler,2025-26,Regular Season,2026-07-26,1610612738,BOS,Boston Celtics,False,True,L,25.7,23,9,15,3,10,7,8,3,7,10,7,1,0,5,3,16
0000000500,1610612748,MIA,Miami Heat,1629639,Tyler Herro,2025-26,Regular Season,2026-07-26,1610612738,BOS,Boston Celtics,False,True,L,23.0,14,5,10,1,10,4,7,2,2,4,1,2,2,0,1,4
0000000500,1610612748,MIA,Miami Heat,202355,Bam Adebayo,2025-26,Regular Season,2026-07-26,1610612738,BOS,Boston Celtics,False,True,L,35.3,22,8,12,0,0,0,1,3,0,3,3,2,1,5,1,-7
0000000500,1610612748,MIA,Miami Heat,1631107,Jaime Jaquez,2025-26,Regular Season,2026-07-26,1610612738,BOS,Boston Celtics,False,True,L,36.1,10,4,9,1,5,2,3,4,1,5,2,4,3,1,3,17
0000000500,1610612748,MIA,Miami Heat,203482,Kelly Olynyk,2025-26,Regular Season,2026-07-26,1610612738,BOS,Boston Celtics,False,True,L,32.6,5,2,8,0,0,1,4,4,4,8,4,0,2,3,1,-1
0000000500,1610612748,MIA,Miami Heat,1630217,Caleb Martin,2025-26,Regular Season,2026-07-26,1610612738,BOS,Boston Celtics,False,True,L,24.6,9,4,7,4,4,0,0,0,6,6,3,2,2,1,2,-1
0000000501,1610612752,NYK,New York Knicks,1628973,Jalen Brunson,2025-26,Regular Season,2026-07-28,1610612747,LAL,Los Angeles Lakers,True,False,W,27.2,28,11,20,8,10,2,6,4,11,15,11,1,1,5,3,17
0000000501,1610612752,NYK,New York Knicks,1626164,Isaiah Hartenstein,2025-26,Regular Season,2026-07-28,1610612747,LAL,Los Angeles Lakers,True,False,W,29.2,18,7,12,0,0,0,1,4,7,11,3,3,2,2,0,2
0000000501,1610612752,NYK,New York Knicks,1629628,RJ Barrett,2025-26,Regular Season,2026-07-28,1610612747,LAL,Los Angeles Lakers,True,False,W,21.0,19,8,10,8,8,2,4,1,3,4,3,0,3,3,5,10
0000000501,1610612752,NYK,New York Knicks,1630193,Immanuel Quickley,2025-26,Regular Season,2026-07-28,1610612747,LAL,Los Angeles Lakers,True,False,W,26.1,18,7,13,1,4,4,5,4,0,4,5,3,2,2,2,9
0000000501,1610612752,NYK,New York Knicks,203944,Julius Randle,2025-26,Regular Season,2026-07-28,1610612747,LAL,Los Angeles Lakers,True,False,W,30.5,34,13,21,1,4,0,0,0,10,10,2,2,1,1,3,11
0000000501,1610612752,NYK,New York Knicks,1631216,Miles McBride,2025-26,Regular Season,2026-07-28,1610612747,LAL,Los Angeles Lakers,True,False,W,28.7,11,4,8,1,3,5,6,0,0,0,3,0,0,4,1,-15
0000000501,1610612747,LAL,Los Angeles Lakers,2544,LeBron James,2025-26,Regular Season,2026-07-28,1610612752,NYK,New York Knicks,False,True,L,21.7,19,7,11,1,4,4,7,1,3,4,6,4,0,3,0,7
0000000501,1610612747,LAL,Los Angeles Lakers,1629029,Luka Dončić,2025-26,Regular Season,2026-07-28,1610612752,NYK,New York Knicks,False,True,L,34.9,24,9,13,0,6,0,3,1,9,10,7,1,1,1,0,-15
0000000501,1610612747,LAL,Los Angeles Lakers,203076,Anthony Davis,2025-26,Regular Season,2026-07-28,1610612752,NYK,New York Knicks,False,True,L,22.9,22,8,16,0,0,2,3,4,6,10,4,0,2,3,1,3
0000000501,1610612747,LAL,Los Angeles Lakers,1630559,Austin Reaves,2025-26,Regular Season,2026-07-28,1610612752,NYK,New York Knicks,False,True,L,37.2,9,6,9,6,6,7,7,4,2,6,3,4,3,2,0,0
0000000501,1610612747,LAL,Los Angeles Lakers,1626156,Dalton Knecht,2025-26,Regular Season,2026-07-28,1610612752,NYK,New York Knicks,False,True,L,28.3,10,4,11,2,2,2,6,1,2,3,0,4,2,3,5,-5
0000000501,1610612747,LAL,Los Angeles Lakers,1629020,Rui Hachimura,2025-26,Regular Season,2026-07-28,1610612752,NYK,New York Knicks,False,True,L,20.1,6,2,9,1,7,0,2,2,7,9,0,3,0,0,5,8
0000000502,1610612752,NYK,New York Knicks,1628973,Jalen Brunson,2025-26,Regular Season,2026-07-30,1610612744,GSW,Golden State Warriors,True,False,L,26.2,13,10,11,10,10,4,7,0,0,0,5,3,3,2,4,4
0000000502,1610612752,NYK,New York Knicks,1626164,Isaiah Hartenstein,2025-26,Regular Season,2026-07-30,1610612744,GSW,Golden State Warriors,True,False,L,18.8,20,8,12,0,1,0,0,4,5,9,4,0,0,5,3,-16
0000000502,1610612752,NYK,New York Knicks,1629628,RJ Barrett,2025-26,Regular Season,2026-07-30,1610612744,GSW,Golden State Warriors,True,False,L,29.0,19,7,12,4,5,1,3,2,1,3,4,4,3,3,2,6
0000000502,1610612752,NYK,New York Knicks,1630193,Immanuel Quickley,2025-26,Regular Season,2026-07-30,1610612744,GSW,Golden State Warriors,True,False,L,29.3,12,4,9,4,9,4,4,0,1,1,2,0,1,3,3,14
0000000502,1610612752,NYK,New York Knicks,203944,Julius Randle,2025-26,Regular Season,2026-07-30,1610612744,GSW,Golden State Warriors,True,False,L,21.7,20,8,11,0,1,2,2,3,5,8,3,0,0,5,1,12
0000000502,1610612752,NYK,New York Knicks,1631216,Miles McBride,2025-26,Regular Season,2026-07-30,1610612744,GSW,Golden State Warriors,True,False,L,23.6,6,2,9,2,2,1,2,0,0,0,0,3,0,1,0,-3
0000000502,1610612744,GSW,Golden State Warriors,201939,Stephen Curry,2025-26,Regular Season,2026-07-30,1610612752,NYK,New York Knicks,False,True,W,34.2,20,8,14,6,10,1,3,1,7,8,8,2,0,1,0,-2
0000000502,1610612744,GSW,Golden State Warriors,202691,Klay Thompson,2025-26,Regular Season,2026-07-30,1610612752,NYK,New York Knicks,False,True,W,29.5,15,6,10,3,4,4,8,1,1,2,3,2,0,2,1,-14
0000000502,1610612744,GSW,Golden State Warriors,203110,Draymond Green,2025-26,Regular Season,2026-07-30,1610612752,NYK,New York Knicks,False,True,W,37.2,18,7,11,4,9,0,5,0,0,0,4,0,0,2,1,-1
0000000502,1610612744,GSW,Golden State Warriors,1630228,Jonathan Kuminga,2025-26,Regular Season,2026-07-30,1610612752,NYK,New York Knicks,False,True,W,27.0,27,10,14,2,2,2,3,0,0,0,0,0,3,3,1,17
0000000502,1610612744,GSW,Golden State Warriors,1626172,Kevon Looney,2025-26,Regular Season,2026-07-30,1610612752,NYK,New York Knicks,False,True,W,21.3,0,0,6,0,2,4,5,2,6,8,0,2,1,0,4,0
0000000502,1610612744,GSW,Golden State Warriors,1630541,Brandin Podziemski,2025-26,Regular Season,2026-07-30,1610612752,NYK,New York Knicks,False,True,W,23.7,14,5,11,0,10,6,8,0,0,0,4,0,2,2,4,-1
0000000503,1610612752,NYK,New York Knicks,1628973,Jalen Brunson,2025-26,Regular Season,2026-08-01,1610612743,DEN,Denver Nuggets,True,False,W,25.7,24,9,16,4,5,0,0,0,12,12,10,4,0,2,5,-15
0000000503,1610612752,NYK,New York Knicks,1626164,Isaiah Hartenstein,2025-26,Regular Season,2026-08-01,1610612743,DEN,Denver Nuggets,True,False,W,24.6,17,6,9,0,0,0,2,4,5,9,1,3,1,2,4,-9
0000000503,1610612752,NYK,New York Knicks,1629628,RJ Barrett,2025-26,Regular Season,2026-08-01,1610612743,DEN,Denver Nuggets,True,False,W,27.2,5,2,8,2,8,1,3,1,1,2,3,4,1,4,3,11
0000000503,1610612752,NYK,New York Knicks,1630193,Immanuel Quickley,2025-26,Regular Season,2026-08-01,1610612743,DEN,Denver Nuggets,True,False,W,19.3,13,5,7,3,4,0,6,2,0,2,5,3,3,1,2,15
0000000503,1610612752,NYK,New York Knicks,203944,Julius Randle,2025-26,Regular Season,2026-08-01,1610612743,DEN,Denver Nuggets,True,False,W,33.0,22,8,15,5,6,2,8,2,5,7,4,0,0,1,1,-9
0000000503,1610612752,NYK,New York Knicks,1631216,Miles McBride,2025-26,Regular Season,2026-08-01,1610612743,DEN,Denver Nuggets,True,False,W,31.2,1,6,8,6,8,0,7,4,2,6,0,4,0,0,0,16
0000000503,1610612743,DEN,Denver Nuggets,203999,Nikola Jokić,2025-26,Regular Season,2026-08-01,1610612752,NYK,New York Knicks,False,True,L,19.5,30,12,20,0,0,0,5,1,12,13,8,3,3,2,5,11
0000000503,1610612743,DEN,Denver Nuggets,1627750,Jamal Murray,2025-26,Regular Season,2026-08-01,1610612752,NYK,New York Knicks,False,True,L,26.9,11,4,9,3,7,0,3,0,6,6,8,0,0,3,2,-16
0000000503,1610612743,DEN,Denver Nuggets,1628420,Aaron Gordon,2025-26,Regular Season,2026-08-01,1610612752,NYK,New York Knicks,False,True,L,30.6,6,2,5,0,0,3,3,3,5,8,2,4,3,2,3,-7
0000000503,1610612743,DEN,Denver Nuggets,1630166,Christian Braun,2025-26,Regular Season,2026-08-01,1610612752,NYK,New York Knicks,False,True,L,18.5,20,8,16,1,4,0,8,0,5,5,5,0,3,2,4,15
0000000503,1610612743,DEN,Denver Nuggets,203914,Kentavious Caldwell-Pope,2025-26,Regular Season,2026-08-01,1610612752,NYK,New York Knicks,False,True,L,27.0,4,7,9,7,9,3,5,0,0,0,0,0,0,1,2,4
0000000503,1610612743,DEN,Denver Nuggets,1631128,Peyton Watson,2025-26,Regular Season,2026-08-01,1610612752,NYK,New York Knicks,False,True,L,35.3,7,2,5,0,2,8,8,3,0,3,0,1,3,0,2,10
0000000504,1610612752,NYK,New York Knicks,1628973,Jalen Brunson,2025-26,Regular Season,2026-08-03,1610612738,BOS,Boston Celtics,True,False,L,19.1,25,10,15,0,3,3,4,1,7,8,5,3,3,5,1,13
0000000504,1610612752,NYK,New York Knicks,1626164,Isaiah Hartenstein,2025-26,Regular Season,2026-08-03,1610612738,BOS,Boston Celtics,True,False,L,19.8,17,6,11,0,1,1,1,3,6,9,6,2,3,4,1,-14
0000000504,1610612752,NYK,New York Knicks,1629628,RJ Barrett,2025-26,Regular Season,2026-08-03,1610612738,BOS,Boston Celtics,True,False,L,27.2,15,6,12,2,2,5,6,2,1,3,1,3,0,5,2,9
0000000504,1610612752,NYK,New York Knicks,1630193,Immanuel Quickley,2025-26,Regular Season,2026-08-03,1610612738,BOS,Boston Celtics,True,False,L,32.9,10,5,8,5,8,5,5,2,4,6,5,2,1,4,0,-17
0000000504,1610612752,NYK,New York Knicks,203944,Julius Randle,2025-26,Regular Season,2026-08-03,1610612738,BOS,Boston Celtics,True,False,L,29.4,11,4,9,2,4,5,8,4,5,9,1,4,2,1,2,17
0000000504,1610612752,NYK,New York Knicks,1631216,Miles McBride,2025-26,Regular Season,2026-08-03,1610612738,BOS,Boston Celtics,True,False,L,22.4,16,6,10,3,10,0,4,0,0,0,5,1,0,4,2,0
0000000504,1610612738,BOS,Boston Celtics,1628369,Jayson Tatum,2025-26,Regular Season,2026-08-03,1610612752,NYK,New York Knicks,False,True,W,27.1,25,10,14,3,5,0,6,2,6,8,8,1,2,5,4,14
0000000504,1610612738,BOS,Boston Celtics,1627759,Jaylen Brown,2025-26,Regular Season,2026-08-03,1610612752,NYK,New York Knicks,False,True,W,23.7,17,6,11,3,6,1,2,0,9,9,2,2,1,4,5,17
0000000504,1610612738,BOS,Boston Celtics,201950,Jrue Holiday,2025-26,Regular Season,2026-08-03,1610612752,NYK,New York Knicks,False,True,W,32.4,20,8,16,7,9,4,4,0,1,1,6,0,1,1,1,-10
0000000504,1610612738,BOS,Boston Celtics,1628464,Derrick White,2025-26,Regular Season,2026-08-03,1610612752,NYK,New York Knicks,False,True,W,29.5,6,7,8,7,7,2,2,2,4,6,6,2,2,3,1,-17
0000000504,1610612738,BOS,Boston Celtics,203935,Kristaps Porziņģis,2025-26,Regular Season,2026-08-03,1610612752,NYK,New York Knicks,False,True,W,28.4,21,8,12,0,1,8,8,0,10,10,4,2,1,4,2,-1
0000000504,1610612738,BOS,Boston Celtics,1629057,Robert Williams,2025-26,Regular Season,2026-08-03,1610612752,NYK,New York Knicks,False,True,W,30.5,8,3,7,2,3,3,3,3,5,8,0,3,1,3,1,-18
0000000505,1610612752,NYK,New York Knicks,1628973,Jalen Brunson,2025-26,Regular Season,2026-08-05,1610612748,MIA,Miami Heat,True,False,L,28.6,12,4,7,4,5,1,5,3,0,3,6,3,2,4,0,-1
0000000505,1610612752,NYK,New York Knicks,1626164,Isaiah Hartenstein,2025-26,Regular Season,2026-08-05,1610612748,MIA,Miami Heat,True,False,L,22.3,29,11,15,0,1,1,3,4,2,6,5,4,3,0,1,15
0000000505,1610612752,NYK,New York Knicks,1629628,RJ Barrett,2025-26,Regular Season,2026-08-05,1610612748,MIA,Miami Heat,True,False,L,31.5,8,3,10,2,3,2,6,1,0,1,4,0,0,5,0,-18
0000000505,1610612752,NYK,New York Knicks,1630193,Immanuel Quickley,2025-26,Regular Season,2026-08-05,1610612748,MIA,Miami Heat,True,False,L,25.4,6,5,7,5,5,5,6,3,0,3,6,1,1,0,3,-9
0000000505,1610612752,NYK,New York Knicks,203944,Julius Randle,2025-26,Regular Season,2026-08-05,1610612748,MIA,Miami Heat,True,False,L,21.2,16,6,14,0,9,0,1,3,10,13,1,3,1,1,5,-2
0000000505,1610612752,NYK,New York Knicks,1631216,Miles McBride,2025-26,Regular Season,2026-08-05,1610612748,MIA,Miami Heat,True,False,L,18.8,8,3,10,2,7,1,4,0,0,0,3,4,1,3,0,9
0000000505,1610612748,MIA,Miami Heat,202710,Jimmy Butler,2025-26,Regular Season,2026-08-05,1610612752,NYK,New York Knicks,False,True,W,34.4,35,14,23,2,4,3,8,3,3,6,4,2,0,0,1,0
0000000505,1610612748,MIA,Miami Heat,1629639,Tyler Herro,2025-26,Regular Season,2026-08-05,1610612752,NYK,New York Knicks,False,True,W,37.1,19,7,12,4,4,0,0,2,2,4,7,3,3,4,2,5
0000000505,1610612748,MIA,Miami Heat,202355,Bam Adebayo,2025-26,Regular Season,2026-08-05,1610612752,NYK,New York Knicks,False,True,W,35.1,24,9,14,0,1,4,7,2,5,7,4,3,0,1,2,3
0000000505,1610612748,MIA,Miami Heat,1631107,Jaime Jaquez,2025-26,Regular Season,2026-08-05,1610612752,NYK,New York Knicks,False,True,W,36.0,14,9,10,9,10,6,6,1,8,9,5,3,3,3,2,1
0000000505,1610612748,MIA,Miami Heat,203482,Kelly Olynyk,2025-26,Regular Season,2026-08-05,1610612752,NYK,New York Knicks,False,True,W,22.3,9,3,10,2,2,5,5,3,3,6,2,1,3,2,4,-4
0000000505,1610612748,MIA,Miami Heat,1630217,Caleb Martin,2025-26,Regular Season,2026-08-05,1610612752,NYK,New York Knicks,False,True,W,34.3,8,3,10,2,2,0,5,3,1,4,1,4,3,5,2,-5
0000000506,1610612748,MIA,Miami Heat,202710,Jimmy Butler,2025-26,Regular Season,2026-08-07,1610612747,LAL,Los Angeles Lakers,True,False,L,19.7,26,10,16,7,7,1,4,0,0,0,5,2,0,0,2,15
0000000506,1610612748,MIA,Miami Heat,1629639,Tyler Herro,2025-26,Regular Season,2026-08-07,1610612747,LAL,Los Angeles Lakers,True,False,L,24.6,28,11,17,9,9,0,1,2,0,2,6,0,0,0,3,-17
0000000506,1610612748,MIA,Miami Heat,202355,Bam Adebayo,2025-26,Regular Season,2026-08-07,1610612747,LAL,Los Angeles Lakers,True,False,L,26.2,12,4,8,0,2,6,8,4,2,6,4,3,0,0,4,-1
0000000506,1610612748,MIA,Miami Heat,1631107,Jaime Jaquez,2025-26,Regular Season,2026-08-07,1610612747,LAL,Los Angeles Lakers,True,False,L,33.0,8,6,8,6,7,1,5,2,6,8,3,0,2,4,5,-17
0000000506,1610612748,MIA,Miami Heat,203482,Kelly Olynyk,2025-26,Regular Season,2026-08-07,1610612747,LAL,Los Angeles Lakers,True,False,L,26.8,4,3,7,3,3,1,8,0,7,7,2,0,1,3,1,6
0000000506,1610612748,MIA,Miami Heat,1630217,Caleb Martin,2025-26,Regular Season,2026-08-07,1610612747,LAL,Los Angeles Lakers,True,False,L,37.7,12,7,10,7,9,4,6,3,4,7,4,4,0,0,2,-18
0000000506,1610612747,LAL,Los Angeles Lakers,2544,LeBron James,2025-26,Regular Season,2026-08-07,1610612748,MIA,Miami Heat,False,True,W,19.8,31,12,18,0,0,0,1,4,4,8,6,0,2,5,1,14
0000000506,1610612747,LAL,Los Angeles Lakers,1629029,Luka Dončić,2025-26,Regular Season,2026-08-07,1610612748,MIA,Miami Heat,False,True,W,34.1,19,7,14,0,7,2,2,0,6,6,4,1,3,4,3,-1
0000000506,1610612747,LAL,Los Angeles Lakers,203076,Anthony Davis,2025-26,Regular Season,2026-08-07,1610612748,MIA,Miami Heat,False,True,W,35.5,23,9,15,1,3,1,6,2,11,13,1,0,1,2,3,-13
0000000506,1610612747,LAL,Los Angeles Lakers,1630559,Austin Reaves,2025-26,Regular Season,2026-08-07,1610612748,MIA,Miami Heat,False,True,W,35.5,8,5,6,5,6,1,3,2,2,4,3,2,3,3,0,-16
0000000506,1610612747,LAL,Los Angeles Lakers,1626156,Dalton Knecht,2025-26,Regular Season,2026-08-07,1610612748,MIA,Miami Heat,False,True,W,34.5,8,3,8,1,8,0,4,1,0,1,1,0,1,4,0,-10
0000000506,1610612747,LAL,Los Angeles Lakers,1629020,Rui Hachimura,2025-26,Regular Season,2026-08-07,1610612748,MIA,Miami Heat,False,True,W,28.5,8,5,6,5,5,0,3,2,0,2,1,2,1,5,5,-16
0000000507,1610612748,MIA,Miami Heat,202710,Jimmy Butler,2025-26,Regular Season,2026-08-09,1610612744,GSW,Golden State Warriors,True,False,L,18.5,29,11,19,0,10,1,7,2,4,6,3,4,1,4,0,-13
0000000507,1610612748,MIA,Miami Heat,1629639,Tyler Herro,2025-26,Regular Season,2026-08-09,1610612744,GSW,Golden State Warriors,True,False,L,31.3,13,9,12,9,9,1,2,0,3,3,5,3,2,5,2,7
0000000507,1610612748,MIA,Miami Heat,202355,Bam Adebayo,2025-26,Regular Season,2026-08-09,1610612744,GSW,Golden State Warriors,True,False,L,32.8,12,4,7,0,2,0,5,3,3,6,3,4,0,5,1,18
0000000507,1610612748,MIA,Miami Heat,1631107,Jaime Jaquez,2025-26,Regular Season,2026-08-09,1610612744,GSW,Golden State Warriors,True,False,L,26.4,7,4,8,4,6,5,7,1,2,3,3,0,2,1,4,6
0000000507,1610612748,MIA,Miami Heat,203482,Kelly Olynyk,2025-26,Regular Season,2026-08-09,1610612744,GSW,Golden State Warriors,True,False,L,33.6,2,2,3,2,3,2,8,1,7,8,0,4,0,1,0,10
0000000507,1610612748,MIA,Miami Heat,1630217,Caleb Martin,2025-26,Regular Season,2026-08-09,1610612744,GSW,Golden State Warriors,True,False,L,22.0,4,4,4,4,4,1,1,0,0,0,0,3,0,5,0,-11
0000000507,1610612744,GSW,Golden State Warriors,201939,Stephen Curry,2025-26,Regular Season,2026-08-09,1610612748,MIA,Miami Heat,False,True,W,29.7,14,5,12,3,7,2,2,0,0,0,3,4,2,1,2,12
0000000507,1610612744,GSW,Golden State Warriors,202691,Klay Thompson,2025-26,Regular Season,2026-08-09,1610612748,MIA,Miami Heat,False,True,W,29.6,15,6,13,3,8,3,7,0,4,4,1,4,1,0,1,3
0000000507,1610612744,GSW,Golden State Warriors,203110,Draymond Green,2025-26,Regular Season,2026-08-09,1610612748,MIA,Miami Heat,False,True,W,26.7,10,4,10,2,8,4,4,3,0,3,7,0,1,5,2,18
0000000507,1610612744,GSW,Golden State Warriors,1630228,Jonathan Kuminga,2025-26,Regular Season,2026-08-09,1610612748,MIA,Miami Heat,False,True,W,22.6,14,6,12,6,10,3,8,2,4,6,3,2,0,5,5,11
0000000507,1610612744,GSW,Golden State Warriors,1626172,Kevon Looney,2025-26,Regular Season,2026-08-09,1610612748,MIA,Miami Heat,False,True,W,33.2,17,6,14,0,0,1,2,0,0,0,0,0,1,3,4,10
0000000507,1610612744,GSW,Golden State Warriors,1630541,Brandin Podziemski,2025-26,Regular Season,2026-08-09,1610612748,MIA,Miami Heat,False,True,W,26.9,8,3,9,0,0,0,4,4,3,7,6,0,3,4,4,-17
0000000508,1610612748,MIA,Miami Heat,202710,Jimmy Butler,2025-26,Regular Season,2026-08-11,1610612743,DEN,Denver Nuggets,True,False,L,32.7,20,8,16,3,3,5,5,1,9,10,10,0,3,1,1,7
0000000508,1610612748,MIA,Miami Heat,1629639,Tyler Herro,2025-26,Regular Season,2026-08-11,1610612743,DEN,Denver Nuggets,True,False,L,21.2,24,9,15,8,10,5,8,0,4,4,7,3,3,2,3,-16
0000000508,1610612748,MIA,Miami Heat,202355,Bam Adebayo,2025-26,Regular Season,2026-08-11,1610612743,DEN,Denver Nuggets,True,False,L,33.0,21,8,14,0,0,1,5,2,9,11,4,2,2,3,0,-5
0000000508,1610612748,MIA,Miami Heat,1631107,Jaime Jaquez,2025-26,Regular Season,2026-08-11,1610612743,DEN,Denver Nuggets,True,False,L,25.3,4,1,5,0,2,0,1,4,1,5,3,2,1,4,3,11
0000000508,1610612748,MIA,Miami Heat,203482,Kelly Olynyk,2025-26,Regular Season,2026-08-11,1610612743,DEN,Denver Nuggets,True,False,L,27.9,1,1,1,1,1,1,1,2,0,2,0,1,1,4,1,4
0000000508,1610612748,MIA,Miami Heat,1630217,Caleb Martin,2025-26,Regular Season,2026-08-11,1610612743,DEN,Denver Nuggets,True,False,L,24.9,10,4,11,3,4,2,2,3,1,4,0,1,1,5,0,-6
0000000508,1610612743,DEN,Denver Nuggets,203999,Nikola Jokić,2025-26,Regular Season,2026-08-11,1610612748,MIA,Miami Heat,False,True,W,33.0,33,13,19,1,3,0,2,2,6,8,7,2,0,3,2,-3
0000000508,1610612743,DEN,Denver Nuggets,1627750,Jamal Murray,2025-26,Regular Season,2026-08-11,1610612748,MIA,Miami Heat,False,True,W,24.3,19,7,13,4,10,2,6,1,0,1,6,1,1,4,1,-8
0000000508,1610612743,DEN,Denver Nuggets,1628420,Aaron Gordon,2025-26,Regular Season,2026-08-11,1610612748,MIA,Miami Heat,False,True,W,28.1,15,6,13,0,7,1,1,1,5,6,1,3,1,1,2,-1
0000000508,1610612743,DEN,Denver Nuggets,1630166,Christian Braun,2025-26,Regular Season,2026-08-11,1610612748,MIA,Miami Heat,False,True,W,23.6,18,7,14,0,6,4,5,2,0,2,0,1,3,4,1,9
0000000508,1610612743,DEN,Denver Nuggets,203914,Kentavious Caldwell-Pope,2025-26,Regular Season,2026-08-11,1610612748,MIA,Miami Heat,False,True,W,19.7,16,6,14,1,9,0,6,2,3,5,1,1,2,3,2,15
0000000508,1610612743,DEN,Denver Nuggets,1631128,Peyton Watson,2025-26,Regular Season,2026-08-11,1610612748,MIA,Miami Heat,False,True,W,33.4,12,5,12,5,5,2,7,3,0,3,0,2,3,0,0,3
0000000509,1610612748,MIA,Miami Heat,202710,Jimmy Butler,2025-26,Regular Season,2026-08-13,1610612738,BOS,Boston Celtics,True,False,L,20.5,17,6,12,1,1,1,8,3,4,7,7,0,1,1,3,1
0000000509,1610612748,MIA,Miami Heat,1629639,Tyler Herro,2025-26,Regular Season,2026-08-13,1610612738,BOS,Boston Celtics,True,False,L,29.5,21,8,15,8,10,6,8,1,0,1,5,4,3,5,0,2
0000000509,1610612748,MIA,Miami Heat,202355,Bam Adebayo,2025-26,Regular Season,2026-08-13,1610612738,BOS,Boston Celtics,True,False,L,27.8,17,6,11,0,1,7,7,1,2,3,2,4,2,3,4,-8
0000000509,1610612748,MIA,Miami Heat,1631107,Jaime Jaquez,2025-26,Regular Season,2026-08-13,1610612738,BOS,Boston Celtics,True,False,L,36.6,1,6,9,6,9,0,0,1,2,3,0,2,3,2,3,-2
0000000509,1610612748,MIA,Miami Heat,203482,Kelly Olynyk,2025-26,Regular Season,2026-08-13,1610612738,BOS,Boston Celtics,True,False,L,37.8,12,4,9,1,1,0,1,3,4,7,1,2,0,5,3,-4
0000000509,1610612748,MIA,Miami Heat,1630217,Caleb Martin,2025-26,Regular Season,2026-08-13,1610612738,BOS,Boston Celtics,True,False,L,23.6,6,2,8,1,3,1,3,1,2,3,5,4,0,3,3,1
0000000509,1610612738,BOS,Boston Celtics,1628369,Jayson Tatum,2025-26,Regular Season,2026-08-13,1610612748,MIA,Miami Heat,False,True,W,29.7,30,12,19,0,2,2,4,4,7,11,6,2,2,2,0,16
0000000509,1610612738,BOS,Boston Celtics,1627759,Jaylen Brown,2025-26,Regular Season,2026-08-13,1610612748,MIA,Miami Heat,False,True,W,35.3,26,10,19,0,0,0,1,2,5,7,2,1,2,4,5,-6
0000000509,1610612738,BOS,Boston Celtics,201950,Jrue Holiday,2025-26,Regular Season,2026-08-13,1610612748,MIA,Miami Heat,False,True,W,30.4,22,8,14,1,5,2,3,0,0,0,5,1,0,3,1,0
0000000509,1610612738,BOS,Boston Celtics,1628464,Derrick White,2025-26,Regular Season,2026-08-13,1610612748,MIA,Miami Heat,False,True,W,34.5,27,10,17,2,2,1,1,3,2,5,3,3,3,3,3,-16
0000000509,1610612738,BOS,Boston Celtics,203935,Kristaps Porziņģis,2025-26,Regular Season,2026-08-13,1610612748,MIA,Miami Heat,False,True,W,26.0,8,3,8,0,1,0,3,3,2,5,0,1,1,4,2,-18
0000000509,1610612738,BOS,Boston Celtics,1629057,Robert Williams,2025-26,Regular Season,2026-08-13,1610612748,MIA,Miami Heat,False,True,W,34.4,0,0,6,0,0,0,8,4,6,10,0,4,3,2,4,2
0000000510,1610612748,MIA,Miami Heat,202710,Jimmy Butler,2025-26,Regular Season,2026-08-15,1610612752,NYK,New York Knicks,True,False,L,30.1,15,6,8,1,1,0,5,0,6,6,8,1,3,2,5,-7
0000000510,1610612748,MIA,Miami Heat,1629639,Tyler Herro,2025-26,Regular Season,2026-08-15,1610612752,NYK,New York Knicks,True,False,L,33.8,8,3,7,1,5,0,1,0,9,9,0,3,3,3,5,-6
0000000510,1610612748,MIA,Miami Heat,202355,Bam Adebayo,2025-26,Regular Season,2026-08-15,1610612752,NYK,New York Knicks,True,False,L,36.4,10,4,9,2,3,7,7,2,7,9,3,2,3,4,4,-15
0000000510,1610612748,MIA,Miami Heat,1631107,Jaime Jaquez,2025-26,Regular Season,2026-08-15,1610612752,NYK,New York Knicks,True,False,L,33.3,21,8,12,0,0,4,7,0,1,1,0,2,2,4,5,15
0000000510,1610612748,MIA,Miami Heat,203482,Kelly Olynyk,2025-26,Regular Season,2026-08-15,1610612752,NYK,New York Knicks,True,False,L,36.9,8,3,10,0,1,2,4,2,0,2,5,2,3,1,0,-3
0000000510,1610612748,MIA,Miami Heat,1630217,Caleb Martin,2025-26,Regular Season,2026-08-15,1610612752,NYK,New York Knicks,True,False,L,30.9,12,4,10,1,1,4,4,4,2,6,0,2,1,4,2,1
0000000510,1610612752,NYK,New York Knicks,1628973,Jalen Brunson,2025-26,Regular Season,2026-08-15,1610612748,MIA,Miami Heat,False,True,W,32.3,15,6,11,0,9,0,5,0,2,2,7,2,1,0,2,-3
0000000510,1610612752,NYK,New York Knicks,1626164,Isaiah Hartenstein,2025-26,Regular Season,2026-08-15,1610612748,MIA,Miami Heat,False,True,W,22.9,22,8,17,3,3,3,6,4,8,12,3,3,3,1,1,15
0000000510,1610612752,NYK,New York Knicks,1629628,RJ Barrett,2025-26,Regular Season,2026-08-15,1610612748,MIA,Miami Heat,False,True,W,37.5,25,10,14,2,3,6,8,0,7,7,0,1,3,2,2,-17
0000000510,1610612752,NYK,New York Knicks,1630193,Immanuel Quickley,2025-26,Regular Season,2026-08-15,1610612748,MIA,Miami Heat,False,True,W,37.5,6,2,7,0,7,1,6,2,2,4,5,3,2,3,5,-14
0000000510,1610612752,NYK,New York Knicks,203944,Julius Randle,2025-26,Regular Season,2026-08-15,1610612748,MIA,Miami Heat,False,True,W,33.3,22,8,12,0,5,5,6,0,9,9,4,3,2,0,3,3
0000000510,1610612752,NYK,New York Knicks,1631216,Miles McBride,2025-26,Regular Season,2026-08-15,1610612748,MIA,Miami Heat,False,True,W,28.6,16,6,14,0,1,0,0,0,0,0,2,4,1,5,5,0
0000000511,1610612747,LAL,Los Angeles Lakers,2544,LeBron James,2025-26,Regular Season,2026-08-17,1610612744,GSW,Golden State Warriors,True,False,W,21.1,21,8,14,2,2,4,4,1,6,7,10,0,2,5,3,-14
0000000511,1610612747,LAL,Los Angeles Lakers,1629029,Luka Dončić,2025-26,Regular Season,2026-08-17,1610612744,GSW,Golden State Warriors,True,False,W,37.7,33,13,19,0,0,0,4,4,3,7,8,3,1,0,1,8
0000000511,1610612747,LAL,Los Angeles Lakers,203076,Anthony Davis,2025-26,Regular Season,2026-08-17,1610612744,GSW,Golden State Warriors,True,False,W,37.2,17,6,13,1,1,3,7,4,7,11,1,3,1,2,3,-9
0000000511,1610612747,LAL,Los Angeles Lakers,1630559,Austin Reaves,2025-26,Regular Season,2026-08-17,1610612744,GSW,Golden State Warriors,True,False,W,33.2,21,8,14,4,4,0,8,4,2,6,2,3,2,4,4,3
0000000511,1610612747,LAL,Los Angeles Lakers,1626156,Dalton Knecht,2025-26,Regular Season,2026-08-17,1610612744,GSW,Golden State Warriors,True,False,W,36.2,2,3,7,3,3,2,7,3,1,4,0,0,1,1,2,13
0000000511,1610612747,LAL,Los Angeles Lakers,1629020,Rui Hachimura,2025-26,Regular Season,2026-08-17,1610612744,GSW,Golden State Warriors,True,False,W,28.0,9,4,10,4,10,0,0,0,0,0,0,0,2,4,0,-9
0000000511,1610612744,GSW,Golden State Warriors,201939,Stephen Curry,2025-26,Regular Season,2026-08-17,1610612747,LAL,Los Angeles Lakers,False,True,L,35.1,35,14,18,0,9,3,3,2,5,7,6,2,0,2,4,-18
0000000511,1610612744,GSW,Golden State Warriors,202691,Klay Thompson,2025-26,Regular Season,2026-08-17,1610612747,LAL,Los Angeles Lakers,False,True,L,18.3,17,6,10,0,1,7,7,3,2,5,1,4,1,5,5,-10
0000000511,1610612744,GSW,Golden State Warriors,203110,Draymond Green,2025-26,Regular Season,2026-08-17,1610612747,LAL,Los Angeles Lakers,False,True,L,21.6,16,6,11,0,5,0,5,0,4,4,6,4,2,1,1,9
0000000511,1610612744,GSW,Golden State Warriors,1630228,Jonathan Kuminga,2025-26,Regular Season,2026-08-17,1610612747,LAL,Los Angeles Lakers,False,True,L,33.2,4,4,9,4,9,1,7,1,8,9,2,3,0,3,0,-17
0000000511,1610612744,GSW,Golden State Warriors,1626172,Kevon Looney,2025-26,Regular Season,2026-08-17,1610612747,LAL,Los Angeles Lakers,False,True,L,18.7,0,0,4,0,0,6,7,1,10,11,0,2,0,1,1,8
0000000511,1610612744,GSW,Golden State Warriors,1630541,Brandin Podziemski,2025-26,Regular Season,2026-08-17,1610612747,LAL,Los Angeles Lakers,False,True,L,35.3,10,4,6,2,5,0,0,0,4,4,7,3,3,4,0,-2
0000000512,1610612747,LAL,Los Angeles Lakers,2544,LeBron James,2025-26,Regular Season,2026-08-19,1610612743,DEN,Denver Nuggets,True,False,W,20.4,26,10,18,5,5,2,2,3,0,3,7,0,1,3,2,9
0000000512,1610612747,LAL,Los Angeles Lakers,1629029,Luka Dončić,2025-26,Regular Season,2026-08-19,1610612743,DEN,Denver Nuggets,True,False,W,24.2,33,13,21,5,5,0,7,0,0,0,9,1,0,4,1,-3
0000000512,1610612747,LAL,Los Angeles Lakers,203076,Anthony Davis,2025-26,Regular Season,2026-08-19,1610612743,DEN,Denver Nuggets,True,False,W,36.9,28,11,20,3,3,6,7,3,9,12,4,1,3,3,4,8
0000000512,1610612747,LAL,Los Angeles Lakers,1630559,Austin Reaves,2025-26,Regular Season,2026-08-19,1610612743,DEN,Denver Nuggets,True,False,W,36.2,5,2,6,2,6,1,2,0,0,0,5,2,1,4,2,-17
0000000512,1610612747,LAL,Los Angeles Lakers,1626156,Dalton Knecht,2025-26,Regular Season,2026-08-19,1610612743,DEN,Denver Nuggets,True,False,W,38.0,7,3,8,3,5,0,4,4,0,4,0,1,1,0,3,11
0000000512,1610612747,LAL,Los Angeles Lakers,1629020,Rui Hachimura,2025-26,Regular Season,2026-08-19,1610612743,DEN,Denver Nuggets,True,False,W,30.6,8,3,7,0,6,0,0,3,1,4,2,0,3,5,3,11
0000000512,1610612743,DEN,Denver Nuggets,203999,Nikola Jokić,2025-26,Regular Season,2026-08-19,1610612747,LAL,Los Angeles Lakers,False,True,L,24.2,14,5,12,1,2,1,1,0,11,11,8,0,3,2,3,-8
0000000512,1610612743,DEN,Denver Nuggets,1627750,Jamal Murray,2025-26,Regular Season,2026-08-19,1610612747,LAL,Los Angeles Lakers,False,True,L,29.3,23,9,16,4,6,0,0,2,3,5,5,3,2,2,2,9
0000000512,1610612743,DEN,Denver Nuggets,1628420,Aaron Gordon,2025-26,Regular Season,2026-08-19,1610612747,LAL,Los Angeles Lakers,False,True,L,21.5,18,7,11,2,3,0,3,3,5,8,3,4,1,0,5,12
0000000512,1610612743,DEN,Denver Nuggets,1630166,Christian Braun,2025-26,Regular Season,2026-08-19,1610612747,LAL,Los Angeles Lakers,False,True,L,32.3,7,2,5,2,3,2,8,3,0,3,0,3,2,2,4,14
0000000512,1610612743,DEN,Denver Nuggets,203914,Kentavious Caldwell-Pope,2025-26,Regular Season,2026-08-19,1610612747,LAL,Los Angeles Lakers,False,True,L,27.6,17,6,13,6,6,1,5,3,5,8,0,3,2,3,3,4
0000000512,1610612743,DEN,Denver Nuggets,1631128,Peyton Watson,2025-26,Regular Season,2026-08-19,1610612747,LAL,Los Angeles Lakers,False,True,L,31.1,14,5,9,3,5,1,1,0,0,0,0,2,0,3,2,0
0000000513,1610612747,LAL,Los Angeles Lakers,2544,LeBron James,2025-26,Regular Season,2026-08-21,1610612738,BOS,Boston Celtics,True,False,W,28.4,20,8,12,4,5,2,2,3,0,3,7,4,3,4,4,-9
0000000513,1610612747,LAL,Los Angeles Lakers,1629029,Luka Dončić,2025-26,Regular Season,2026-08-21,1610612738,BOS,Boston Celtics,True,False,W,19.4,27,10,15,1,6,2,6,2,8,10,9,2,2,5,0,18
0000000513,1610612747,LAL,Los Angeles Lakers,203076,Anthony Davis,2025-26,Regular Season,2026-08-21,1610612738,BOS,Boston Celtics,True,False,W,25.2,23,9,15,0,3,0,0,2,6,8,5,3,2,2,2,4
0000000513,1610612747,LAL,Los Angeles Lakers,1630559,Austin Reaves,2025-26,Regular Season,2026-08-21,1610612738,BOS,Boston Celtics,True,False,W,37.5,18,7,12,7,9,0,0,1,0,1,3,2,1,0,2,2
0000000513,1610612747,LAL,Los Angeles Lakers,1626156,Dalton Knecht,2025-26,Regular Season,2026-08-21,1610612738,BOS,Boston Celtics,True,False,W,37.0,8,3,9,0,0,6,7,1,3,4,2,1,3,2,0,0
0000000513,1610612747,LAL,Los Angeles Lakers,1629020,Rui Hachimura,2025-26,Regular Season,2026-08-21,1610612738,BOS,Boston Celtics,True,False,W,24.0,3,1,5,1,1,0,0,1,4,5,2,2,1,1,0,-8
0000000513,1610612738,BOS,Boston Celtics,1628369,Jayson Tatum,2025-26,Regular Season,2026-08-21,1610612747,LAL,Los Angeles Lakers,False,True,L,19.8,28,11,19,0,0,0,0,0,6,6,6,1,1,3,3,-14
0000000513,1610612738,BOS,Boston Celtics,1627759,Jaylen Brown,2025-26,Regular Season,2026-08-21,1610612747,LAL,Los Angeles Lakers,False,True,L,21.7,24,9,15,2,3,2,4,2,2,4,3,2,2,4,1,18
0000000513,1610612738,BOS,Boston Celtics,201950,Jrue Holiday,2025-26,Regular Season,2026-08-21,1610612747,LAL,Los Angeles Lakers,False,True,L,18.4,0,6,9,6,9,0,0,1,3,4,3,2,1,0,2,-13
0000000513,1610612738,BOS,Boston Celtics,1628464,Derrick White,2025-26,Regular Season,2026-08-21,1610612747,LAL,Los Angeles Lakers,False,True,L,22.8,9,3,6,2,5,3,8,3,2,5,4,1,0,2,2,-11
0000000513,1610612738,BOS,Boston Celtics,203935,Kristaps Porziņģis,2025-26,Regular Season,2026-08-21,1610612747,LAL,Los Angeles Lakers,False,True,L,24.5,10,4,8,1,2,1,6,4,9,13,2,3,0,4,2,-3
0000000513,1610612738,BOS,Boston Celtics,1629057,Robert Williams,2025-26,Regular Season,2026-08-21,1610612747,LAL,Los Angeles Lakers,False,True,L,28.2,8,3,6,1,2,3,5,1,3,4,0,2,0,5,2,-10
0000000514,1610612747,LAL,Los Angeles Lakers,2544,LeBron James,2025-26,Regular Season,2026-08-23,1610612752,NYK,New York Knicks,True,False,W,21.9,16,6,14,0,6,0,2,0,1,1,6,2,0,2,3,14
0000000514,1610612747,LAL,Los Angeles Lakers,1629029,Luka Dončić,2025-26,Regular Season,2026-08-23,1610612752,NYK,New York Knicks,True,False,W,19.0,39,15,25,1,1,1,4,1,9,10,11,2,1,3,5,3
0000000514,1610612747,LAL,Los Angeles Lakers,203076,Anthony Davis,2025-26,Regular Season,2026-08-23,1610612752,NYK,New York Knicks,True,False,W,20.6,36,14,19,2,2,1,3,4,7,11,4,2,0,5,0,-17
0000000514,1610612747,LAL,Los Angeles Lakers,1630559,Austin Reaves,2025-26,Regular Season,2026-08-23,1610612752,NYK,New York Knicks,True,False,W,23.6,6,2,9,0,1,0,2,3,1,4,7,3,2,5,5,-13
0000000514,1610612747,LAL,Los Angeles Lakers,1626156,Dalton Knecht,2025-26,Regular Season,2026-08-23,1610612752,NYK,New York Knicks,True,False,W,31.9,12,6,10,6,10,0,7,0,0,0,0,0,3,1,5,-9
0000000514,1610612747,LAL,Los Angeles Lakers,1629020,Rui Hachimura,2025-26,Regular Season,2026-08-23,1610612752,NYK,New York Knicks,True,False,W,30.8,15,6,11,0,0,5,6,2,5,7,2,1,0,5,4,11
0000000514,1610612752,NYK,New York Knicks,1628973,Jalen Brunson,2025-26,Regular Season,2026-08-23,1610612747,LAL,Los Angeles Lakers,False,True,L,33.4,25,10,15,2,3,0,6,2,0,2,5,2,1,2,4,-17
0000000514,1610612752,NYK,New York Knicks,1626164,Isaiah Hartenstein,2025-26,Regular Season,2026-08-23,1610612747,LAL,Los Angeles Lakers,False,True,L,30.6,21,8,14,2,3,2,2,2,10,12,2,1,0,1,2,-14
0000000514,1610612752,NYK,New York Knicks,1629628,RJ Barrett,2025-26,Regular Season,2026-08-23,1610612747,LAL,Los Angeles Lakers,False,True,L,19.6,10,4,7,0,0,0,5,3,3,6,4,0,2,5,0,-16
0000000514,1610612752,NYK,New York Knicks,1630193,Immanuel Quickley,2025-26,Regular Season,2026-08-23,1610612747,LAL,Los Angeles Lakers,False,True,L,25.1,12,4,12,1,3,1,3,1,5,6,5,0,2,1,2,17
0000000514,1610612752,NYK,New York Knicks,203944,Julius Randle,2025-26,Regular Season,2026-08-23,1610612747,LAL,Los Angeles Lakers,False,True,L,29.6,17,6,13,4,8,0,0,4,5,9,4,3,2,3,4,-4
0000000514,1610612752,NYK,New York Knicks,1631216,Miles McBride,2025-26,Regular Season,2026-08-23,1610612747,LAL,Los Angeles Lakers,False,True,L,29.5,1,1,6,1,4,0,7,0,0,0,0,0,3,1,5,16
0000000515,1610612747,LAL,Los Angeles Lakers,2544,LeBron James,2025-26,Regular Season,2026-08-25,1610612748,MIA,Miami Heat,True,False,W,37.9,29,11,19,9,9,1,6,1,10,11,8,4,0,0,3,-17
0000000515,1610612747,LAL,Los Angeles Lakers,1629029,Luka Dončić,2025-26,Regular Season,2026-08-25,1610612748,MIA,Miami Heat,True,False,W,22.4,29,11,19,0,1,2,8,0,13,13,11,2,3,1,2,-15
0000000515,1610612747,LAL,Los Angeles Lakers,203076,Anthony Davis,2025-26,Regular Season,2026-08-25,1610612748,MIA,Miami Heat,True,False,W,30.4,23,9,13,2,2,1,1,3,11,14,2,1,3,1,2,-11
0000000515,1610612747,LAL,Los Angeles Lakers,1630559,Austin Reaves,2025-26,Regular Season,2026-08-25,1610612748,MIA,Miami Heat,True,False,W,32.6,14,5,11,2,7,4,8,1,0,1,4,3,2,0,1,-3
0000000515,1610612747,LAL,Los Angeles Lakers,1626156,Dalton Knecht,2025-26,Regular Season,2026-08-25,1610612748,MIA,Miami Heat,True,False,W,19.3,13,6,11,6,7,8,8,1,4,5,1,2,1,3,3,4
0000000515,1610612747,LAL,Los Angeles Lakers,1629020,Rui Hachimura,2025-26,Regular Season,2026-08-25,1610612748,MIA,Miami Heat,True,False,W,19.4,12,4,9,2,8,1,4,3,1,4,0,4,0,2,3,13
0000000515,1610612748,MIA,Miami Heat,202710,Jimmy Butler,2025-26,Regular Season,2026-08-25,1610612747,LAL,Los Angeles Lakers,False,True,L,35.9,26,10,15,8,9,1,7,2,1,3,4,0,0,0,4,15
0000000515,1610612748,MIA,Miami Heat,1629639,Tyler Herro,2025-26,Regular Season,2026-08-25,1610612747,LAL,Los Angeles Lakers,False,True,L,26.1,15,6,8,0,3,2,4,0,0,0,3,0,3,1,3,11
0000000515,1610612748,MIA,Miami Heat,202355,Bam Adebayo,2025-26,Regular Season,2026-08-25,1610612747,LAL,Los Angeles Lakers,False,True,L,37.9,21,8,16,0,0,0,7,1,12,13,4,4,3,4,2,12
0000000515,1610612748,MIA,Miami Heat,1631107,Jaime Jaquez,2025-26,Regular Season,2026-08-25,1610612747,LAL,Los Angeles Lakers,False,True,L,35.7,8,3,5,0,5,1,6,3,4,7,2,4,3,3,5,-15
0000000515,1610612748,MIA,Miami Heat,203482,Kelly Olynyk,2025-26,Regular Season,2026-08-25,1610612747,LAL,Los Angeles Lakers,False,True,L,25.4,4,3,7,3,3,3,6,3,4,7,1,0,1,3,1,3
0000000515,1610612748,MIA,Miami Heat,1630217,Caleb Martin,2025-26,Regular Season,2026-08-25,1610612747,LAL,Los Angeles Lakers,False,True,L,18.6,15,6,10,0,1,0,1,4,4,8,2,2,3,5,4,14
0000000516,1610612744,GSW,Golden State Warriors,201939,Stephen Curry,2025-26,Regular Season,2026-08-27,1610612747,LAL,Los Angeles Lakers,True,False,L,18.7,30,12,17,8,9,7,8,0,6,6,7,2,0,0,3,-11
0000000516,1610612744,GSW,Golden State Warriors,202691,Klay Thompson,2025-26,Regular Season,2026-08-27,1610612747,LAL,Los Angeles Lakers,True,False,L,24.5,22,8,12,7,8,1,1,2,4,6,4,3,0,3,4,13
0000000516,1610612744,GSW,Golden State Warriors,203110,Draymond Green,2025-26,Regular Season,2026-08-27,1610612747,LAL,Los Angeles Lakers,True,False,L,31.5,3,3,8,3,8,1,2,0,1,1,5,2,3,5,0,-15
0000000516,1610612744,GSW,Golden State Warriors,1630228,Jonathan Kuminga,2025-26,Regular Season,2026-08-27,1610612747,LAL,Los Angeles Lakers,True,False,L,27.3,16,6,9,1,5,0,4,1,6,7,0,3,2,1,3,14
0000000516,1610612744,GSW,Golden State Warriors,1626172,Kevon Looney,2025-26,Regular Season,2026-08-27,1610612747,LAL,Los Angeles Lakers,True,False,L,24.6,4,1,4,0,1,7,8,3,4,7,3,3,0,4,3,4
0000000516,1610612744,GSW,Golden State Warriors,1630541,Brandin Podziemski,2025-26,Regular Season,2026-08-27,1610612747,LAL,Los Angeles Lakers,True,False,L,37.2,8,3,7,2,4,0,4,4,3,7,4,4,1,4,0,4
0000000516,1610612747,LAL,Los Angeles Lakers,2544,LeBron James,2025-26,Regular Season,2026-08-27,1610612744,GSW,Golden State Warriors,False,True,W,36.0,21,8,11,6,8,1,2,0,8,8,7,2,3,1,4,-2
0000000516,1610612747,LAL,Los Angeles Lakers,1629029,Luka Dončić,2025-26,Regular Season,2026-08-27,1610612744,GSW,Golden State Warriors,False,True,W,32.4,28,11,19,5,9,0,3,1,11,12,8,3,0,4,2,6
0000000516,1610612747,LAL,Los Angeles Lakers,203076,Anthony Davis,2025-26,Regular Season,2026-08-27,1610612744,GSW,Golden State Warriors,False,True,W,22.3,21,8,16,2,2,0,0,4,12,16,3,4,0,1,2,0
0000000516,1610612747,LAL,Los Angeles Lakers,1630559,Austin Reaves,2025-26,Regular Season,2026-08-27,1610612744,GSW,Golden State Warriors,False,True,W,20.0,10,4,8,1,4,0,0,1,5,6,4,3,0,3,3,8
0000000516,1610612747,LAL,Los Angeles Lakers,1626156,Dalton Knecht,2025-26,Regular Season,2026-08-27,1610612744,GSW,Golden State Warriors,False,True,W,30.1,10,4,7,0,0,1,5,0,0,0,0,4,2,1,1,-2
0000000516,1610612747,LAL,Los Angeles Lakers,1629020,Rui Hachimura,2025-26,Regular Season,2026-08-27,1610612744,GSW,Golden State Warriors,False,True,W,19.6,15,6,12,0,5,0,2,0,0,0,1,4,1,2,3,-14
0000000517,1610612744,GSW,Golden State Warriors,201939,Stephen Curry,2025-26,Regular Season,2026-08-29,1610612743,DEN,Denver Nuggets,True,False,W,26.7,39,15,23,0,0,0,0,1,1,2,5,1,1,4,2,-13
0000000517,1610612744,GSW,Golden State Warriors,202691,Klay Thompson,2025-26,Regular Season,2026-08-29,1610612743,DEN,Denver Nuggets,True,False,W,19.3,20,9,12,9,10,0,7,1,3,4,2,3,0,0,1,3
0000000517,1610612744,GSW,Golden State Warriors,203110,Draymond Green,2025-26,Regular Season,2026-08-29,1610612743,DEN,Denver Nuggets,True,False,W,37.3,6,3,6,3,5,5,8,0,7,7,6,3,1,0,2,14
0000000517,1610612744,GSW,Golden State Warriors,1630228,Jonathan Kuminga,2025-26,Regular Season,2026-08-29,1610612743,DEN,Denver Nuggets,True,False,W,22.9,9,3,6,0,1,2,5,3,1,4,1,0,3,0,3,16
0000000517,1610612744,GSW,Golden State Warriors,1626172,Kevon Looney,2025-26,Regular Season,2026-08-29,1610612743,DEN,Denver Nuggets,True,False,W,28.5,1,1,5,1,1,1,2,0,5,5,2,0,2,4,2,10
0000000517,1610612744,GSW,Golden State Warriors,1630541,Brandin Podziemski,2025-26,Regular Season,2026-08-29,1610612743,DEN,Denver Nuggets,True,False,W,30.2,21,8,15,0,8,2,3,0,0,0,7,1,3,4,0,1
0000000517,1610612743,DEN,Denver Nuggets,203999,Nikola Jokić,2025-26,Regular Season,2026-08-29,1610612744,GSW,Golden State Warriors,False,True,L,27.1,18,7,15,2,3,6,8,3,9,12,9,4,2,0,5,1
0000000517,1610612743,DEN,Denver Nuggets,1627750,Jamal Murray,2025-26,Regular Season,2026-08-29,1610612744,GSW,Golden State Warriors,False,True,L,19.3,3,4,5,4,4,2,8,1,0,1,7,3,3,2,4,-12
0000000517,1610612743,DEN,Denver Nuggets,1628420,Aaron Gordon,2025-26,Regular Season,2026-08-29,1610612744,GSW,Golden State Warriors,False,True,L,31.5,21,8,15,3,8,1,3,2,0,2,2,4,0,0,2,-16
0000000517,1610612743,DEN,Denver Nuggets,1630166,Christian Braun,2025-26,Regular Season,2026-08-29,1610612744,GSW,Golden State Warriors,False,True,L,27.0,22,8,17,6,9,2,6,1,7,8,2,1,3,1,3,-3
0000000517,1610612743,DEN,Denver Nuggets,203914,Kentavious Caldwell-Pope,2025-26,Regular Season,2026-08-29,1610612744,GSW,Golden State Warriors,False,True,L,30.3,8,3,10,2,8,0,2,0,0,0,3,2,2,3,3,5
0000000517,1610612743,DEN,Denver Nuggets,1631128,Peyton Watson,2025-26,Regular Season,2026-08-29,1610612744,GSW,Golden State Warriors,False,True,L,30.9,17,7,13,7,8,0,1,0,0,0,6,0,2,5,2,13
0000000518,1610612744,GSW,Golden State Warriors,201939,Stephen Curry,2025-26,Regular Season,2026-08-31,1610612738,BOS,Boston Celtics,True,False,L,28.2,32,12,19,3,6,6,6,2,5,7,6,4,1,5,1,11
0000000518,1610612744,GSW,Golden State Warriors,202691,Klay Thompson,2025-26,Regular Season,2026-08-31,1610612738,BOS,Boston Celtics,True,False,L,37.5,20,8,12,2,4,5,5,1,0,1,0,3,1,5,0,17
0000000518,1610612744,GSW,Golden State Warriors,203110,Draymond Green,2025-26,Regular Season,2026-08-31,1610612738,BOS,Boston Celtics,True,False,L,34.4,3,1,5,0,1,1,5,3,6,9,7,1,0,4,4,-10
0000000518,1610612744,GSW,Golden State Warriors,1630228,Jonathan Kuminga,2025-26,Regular Season,2026-08-31,1610612738,BOS,Boston Celtics,True,False,L,28.2,19,7,15,6,7,3,6,0,8,8,0,2,0,0,1,7
0000000518,1610612744,GSW,Golden State Warriors,1626172,Kevon Looney,2025-26,Regular Season,2026-08-31,1610612738,BOS,Boston Celtics,True,False,L,37.7,2,0,3,0,0,1,5,2,4,6,1,0,3,2,1,-2
0000000518,1610612744,GSW,Golden State Warriors,1630541,Brandin Podziemski,2025-26,Regular Season,2026-08-31,1610612738,BOS,Boston Celtics,True,False,L,32.4,6,2,10,1,10,0,4,0,0,0,1,2,1,0,2,-1
0000000518,1610612738,BOS,Boston Celtics,1628369,Jayson Tatum,2025-26,Regular Season,2026-08-31,1610612744,GSW,Golden State Warriors,False,True,W,27.0,23,9,14,0,0,0,1,0,13,13,2,3,3,5,2,12
0000000518,1610612738,BOS,Boston Celtics,1627759,Jaylen Brown,2025-26,Regular Season,2026-08-31,1610612744,GSW,Golden State Warriors,False,True,W,37.0,27,10,17,5,5,2,5,0,10,10,0,4,0,4,5,4
0000000518,1610612738,BOS,Boston Celtics,201950,Jrue Holiday,2025-26,Regular Season,2026-08-31,1610612744,GSW,Golden State Warriors,False,True,W,28.7,17,6,13,3,3,0,5,4,2,6,4,0,1,5,2,-8
0000000518,1610612738,BOS,Boston Celtics,1628464,Derrick White,2025-26,Regular Season,2026-08-31,1610612744,GSW,Golden State Warriors,False,True,W,21.4,16,6,14,0,0,4,6,4,1,5,4,0,1,0,3,-4
0000000518,1610612738,BOS,Boston Celtics,203935,Kristaps Porziņģis,2025-26,Regular Season,2026-08-31,1610612744,GSW,Golden State Warriors,False,True,W,37.0,22,8,13,2,2,2,8,2,3,5,0,4,0,4,3,15
0000000518,1610612738,BOS,Boston Celtics,1629057,Robert Williams,2025-26,Regular Season,2026-08-31,1610612744,GSW,Golden State Warriors,False,True,W,20.7,19,7,10,0,0,4,7,3,2,5,1,2,2,4,0,15
0000000519,1610612744,GSW,Golden State Warriors,201939,Stephen Curry,2025-26,Regular Season,2026-09-02,1610612752,NYK,New York Knicks,True,False,W,30.9,26,10,14,0,0,1,2,4,1,5,8,0,2,4,4,1
0000000519,1610612744,GSW,Golden State Warriors,202691,Klay Thompson,2025-26,Regular Season,2026-09-02,1610612752,NYK,New York Knicks,True,False,W,27.8,22,8,12,0,3,1,7,0,0,0,2,2,3,3,4,16
0000000519,1610612744,GSW,Golden State Warriors,203110,Draymond Green,2025-26,Regular Season,2026-09-02,1610612752,NYK,New York Knicks,True,False,W,30.6,18,7,11,0,7,1,4,2,0,2,7,1,3,2,1,-18
0000000519,1610612744,GSW,Golden State Warriors,1630228,Jonathan Kuminga,2025-26,Regular Season,2026-09-02,1610612752,NYK,New York Knicks,True,False,W,35.6,23,9,13,0,9,4,6,4,0,4,3,4,1,3,5,1
0000000519,1610612744,GSW,Golden State Warriors,1626172,Kevon Looney,2025-26,Regular Season,2026-09-02,1610612752,NYK,New York Knicks,True,False,W,31.7,6,3,8,3,3,7,8,3,9,12,4,0,3,5,1,13
0000000519,1610612744,GSW,Golden State Warriors,1630541,Brandin Podziemski,2025-26,Regular Season,2026-09-02,1610612752,NYK,New York Knicks,True,False,W,25.2,18,7,11,0,1,5,7,1,4,5,0,1,1,2,4,-16
0000000519,1610612752,NYK,New York Knicks,1628973,Jalen Brunson,2025-26,Regular Season,2026-09-02,1610612744,GSW,Golden State Warriors,False,True,L,25.3,27,10,16,3,4,3,5,0,0,0,5,1,1,4,1,-8
0000000519,1610612752,NYK,New York Knicks,1626164,Isaiah Hartenstein,2025-26,Regular Season,2026-09-02,1610612744,GSW,Golden State Warriors,False,True,L,33.0,19,7,14,2,3,6,6,3,13,16,3,3,0,3,2,1
0000000519,1610612752,NYK,New York Knicks,1629628,RJ Barrett,2025-26,Regular Season,2026-09-02,1610612744,GSW,Golden State Warriors,False,True,L,32.8,18,7,13,3,10,0,8,4,9,13,0,4,0,0,2,-11
0000000519,1610612752,NYK,New York Knicks,1630193,Immanuel Quickley,2025-26,Regular Season,2026-09-02,1610612744,GSW,Golden State Warriors,False,True,L,30.2,20,8,15,0,0,3,7,0,6,6,3,4,2,4,1,-12
0000000519,1610612752,NYK,New York Knicks,203944,Julius Randle,2025-26,Regular Season,2026-09-02,1610612744,GSW,Golden State Warriors,False,True,L,33.9,28,11,18,2,4,4,7,1,4,5,3,4,3,2,4,1
0000000519,1610612752,NYK,New York Knicks,1631216,Miles McBride,2025-26,Regular Season,2026-09-02,1610612744,GSW,Golden State Warriors,False,True,L,29.6,0,5,5,5,5,3,3,0,0,0,2,3,0,1,0,-15
0000000520,1610612744,GSW,Golden State Warriors,201939,Stephen Curry,2025-26,Regular Season,2026-09-04,1610612748,MIA,Miami Heat,True,False,L,36.3,36,14,24,3,4,1,4,0,5,5,6,4,2,1,1,-12
0000000520,1610612744,GSW,Golden State Warriors,202691,Klay Thompson,2025-26,Regular Season,2026-09-04,1610612748,MIA,Miami Heat,True,False,L,36.1,19,7,10,0,1,2,4,1,8,9,3,1,3,4,2,15
0000000520,1610612744,GSW,Golden State Warriors,203110,Draymond Green,2025-26,Regular Season,2026-09-04,1610612748,MIA,Miami Heat,True,False,L,37.0,11,4,10,0,2,4,4,4,4,8,5,3,1,5,1,-17
0000000520,1610612744,GSW,Golden State Warriors,1630228,Jonathan Kuminga,2025-26,Regular Season,2026-09-04,1610612748,MIA,Miami Heat,True,False,L,21.9,22,8,16,1,9,0,0,1,3,4,1,4,0,4,3,-11
0000000520,1610612744,GSW,Golden State Warriors,1626172,Kevon Looney,2025-26,Regular Season,2026-09-04,1610612748,MIA,Miami Heat,True,False,L,24.6,3,1,6,0,1,0,1,0,9,9,2,4,2,2,4,0
0000000520,1610612744,GSW,Golden State Warriors,1630541,Brandin Podziemski,2025-26,Regular Season,2026-09-04,1610612748,MIA,Miami Heat,True,False,L,19.5,9,7,9,7,9,1,1,1,1,2,2,4,3,5,2,-13
0000000520,1610612748,MIA,Miami Heat,202710,Jimmy Butler,2025-26,Regular Season,2026-09-04,1610612744,GSW,Golden State Warriors,False,True,W,19.9,30,12,18,9,9,0,1,3,2,5,6,1,0,1,5,8
0000000520,1610612748,MIA,Miami Heat,1629639,Tyler Herro,2025-26,Regular Season,2026-09-04,1610612744,GSW,Golden State Warriors,False,True,W,36.0,28,11,17,1,5,0,4,4,2,6,5,2,1,1,3,-3
0000000520,1610612748,MIA,Miami Heat,202355,Bam Adebayo,2025-26,Regular Season,2026-09-04,1610612744,GSW,Golden State Warriors,False,True,W,18.9,27,10,14,1,1,0,0,1,10,11,2,1,0,4,2,3
0000000520,1610612748,MIA,Miami Heat,1631107,Jaime Jaquez,2025-26,Regular Season,2026-09-04,1610612744,GSW,Golden State Warriors,False,True,W,22.7,3,1,7,0,7,5,8,3,3,6,2,4,2,5,0,-10
0000000520,1610612748,MIA,Miami Heat,203482,Kelly Olynyk,2025-26,Regular Season,2026-09-04,1610612744,GSW,Golden State Warriors,False,True,W,29.3,15,6,10,0,3,1,6,3,4,7,1,4,1,4,2,6
0000000520,1610612748,MIA,Miami Heat,1630217,Caleb Martin,2025-26,Regular Season,2026-09-04,1610612744,GSW,Golden State Warriors,False,True,W,33.9,1,0,5,0,5,1,1,1,0,1,2,4,1,0,3,6
0000000521,1610612743,DEN,Denver Nuggets,203999,Nikola Jokić,2025-26,Regular Season,2026-09-06,1610612747,LAL,Los Angeles Lakers,True,False,L,32.0,12,4,9,0,0,3,5,3,12,15,7,4,3,5,3,-1
0000000521,1610612743,DEN,Denver Nuggets,1627750,Jamal Murray,2025-26,Regular Season,2026-09-06,1610612747,LAL,Los Angeles Lakers,True,False,L,31.8,13,7,11,7,8,0,0,0,0,0,8,3,1,4,3,-12
0000000521,1610612743,DEN,Denver Nuggets,1628420,Aaron Gordon,2025-26,Regular Season,2026-09-06,1610612747,LAL,Los Angeles Lakers,True,False,L,24.6,20,8,16,3,4,1,2,0,10,10,5,2,0,4,3,-8
0000000521,1610612743,DEN,Denver Nuggets,1630166,Christian Braun,2025-26,Regular Season,2026-09-06,1610612747,LAL,Los Angeles Lakers,True,False,L,22.3,6,6,9,6,9,2,4,1,2,3,1,1,2,2,5,17
0000000521,1610612743,DEN,Denver Nuggets,203914,Kentavious Caldwell-Pope,2025-26,Regular Season,2026-09-06,1610612747,LAL,Los Angeles Lakers,True,False,L,31.4,5,2,7,1,4,2,5,0,0,0,1,0,0,1,3,-11
0000000521,1610612743,DEN,Denver Nuggets,1631128,Peyton Watson,2025-26,Regular Season,2026-09-06,1610612747,LAL,Los Angeles Lakers,True,False,L,21.2,0,1,7,1,7,0,2,2,2,4,0,0,2,4,3,-10
0000000521,1610612747,LAL,Los Angeles Lakers,2544,LeBron James,2025-26,Regular Season,2026-09-06,1610612743,DEN,Denver Nuggets,False,True,W,36.0,30,12,19,2,8,4,7,4,2,6,6,1,1,3,4,17
0000000521,1610612747,LAL,Los Angeles Lakers,1629029,Luka Dončić,2025-26,Regular Season,2026-09-06,1610612743,DEN,Denver Nuggets,False,True,W,18.3,31,12,19,6,8,0,1,2,3,5,8,4,2,3,4,-9
0000000521,1610612747,LAL,Los Angeles Lakers,203076,Anthony Davis,2025-26,Regular Season,2026-09-06,1610612743,DEN,Denver Nuggets,False,True,W,37.9,32,12,21,1,2,1,1,3,17,20,5,0,0,3,0,-16
0000000521,1610612747,LAL,Los Angeles Lakers,1630559,Austin Reaves,2025-26,Regular Season,2026-09-06,1610612743,DEN,Denver Nuggets,False,True,W,19.7,9,7,10,7,10,3,8,3,2,5,1,4,2,2,5,13
0000000521,1610612747,LAL,Los Angeles Lakers,1626156,Dalton Knecht,2025-26,Regular Season,2026-09-06,1610612743,DEN,Denver Nuggets,False,True,W,18.3,10,6,10,6,6,0,0,1,0,1,0,1,0,1,0,-8
0000000521,1610612747,LAL,Los Angeles Lakers,1629020,Rui Hachimura,2025-26,Regular Season,2026-09-06,1610612743,DEN,Denver Nuggets,False,True,W,32.4,12,4,7,1,2,2,5,2,3,5,0,2,0,5,3,9
0000000522,1610612743,DEN,Denver Nuggets,203999,Nikola Jokić,2025-26,Regular Season,2026-09-08,1610612744,GSW,Golden State Warriors,True,False,W,28.9,25,10,15,3,3,5,8,2,12,14,10,0,2,5,5,0
0000000522,1610612743,DEN,Denver Nuggets,1627750,Jamal Murray,2025-26,Regular Season,2026-09-08,1610612744,GSW,Golden State Warriors,True,False,W,35.1,14,5,11,0,6,4,8,3,2,5,5,1,3,1,2,-18
0000000522,1610612743,DEN,Denver Nuggets,1628420,Aaron Gordon,2025-26,Regular Season,2026-09-08,1610612744,GSW,Golden State Warriors,True,False,W,24.2,14,5,11,5,6,0,5,0,4,4,4,0,0,2,5,1
0000000522,1610612743,DEN,Denver Nuggets,1630166,Christian Braun,2025-26,Regular Season,2026-09-08,1610612744,GSW,Golden State Warriors,True,False,W,31.2,2,2,4,2,4,5,5,4,0,4,0,1,0,3,0,-8
0000000522,1610612743,DEN,Denver Nuggets,203914,Kentavious Caldwell-Pope,2025-26,Regular Season,2026-09-08,1610612744,GSW,Golden State Warriors,True,False,W,20.8,13,5,9,1,2,1,1,2,1,3,4,4,0,2,3,-4
0000000522,1610612743,DEN,Denver Nuggets,1631128,Peyton Watson,2025-26,Regular Season,2026-09-08,1610612744,GSW,Golden State Warriors,True,False,W,19.6,10,4,7,0,1,4,7,0,0,0,3,3,3,3,4,-8
0000000522,1610612744,GSW,Golden State Warriors,201939,Stephen Curry,2025-26,Regular Season,2026-09-08,1610612743,DEN,Denver Nuggets,False,True,L,29.9,25,10,16,0,2,1,3,0,7,7,8,2,2,1,5,-1
0000000522,1610612744,GSW,Golden State Warriors,202691,Klay Thompson,2025-26,Regular Season,2026-09-08,1610612743,DEN,Denver Nuggets,False,True,L,35.7,7,2,7,0,0,1,2,0,0,0,1,2,2,1,4,8
0000000522,1610612744,GSW,Golden State Warriors,203110,Draymond Green,2025-26,Regular Season,2026-09-08,1610612743,DEN,Denver Nuggets,False,True,L,36.6,10,8,10,8,10,0,3,4,2,6,7,0,0,5,2,-7
0000000522,1610612744,GSW,Golden State Warriors,1630228,Jonathan Kuminga,2025-26,Regular Season,2026-09-08,1610612743,DEN,Denver Nuggets,False,True,L,26.0,22,8,12,1,5,1,2,0,0,0,0,4,2,5,0,-2
0000000522,1610612744,GSW,Golden State Warriors,1626172,Kevon Looney,2025-26,Regular Season,2026-09-08,1610612743,DEN,Denver Nuggets,False,True,L,18.8,5,2,6,1,1,2,4,1,6,7,0,4,2,0,3,8
0000000522,1610612744,GSW,Golden State Warriors,1630541,Brandin Podziemski,2025-26,Regular Season,2026-09-08,1610612743,DEN,Denver Nuggets,False,True,L,37.1,5,4,7,4,7,1,5,1,7,8,6,4,1,2,2,-8
0000000523,1610612743,DEN,Denver Nuggets,203999,Nikola Jokić,2025-26,Regular Season,2026-09-10,1610612738,BOS,Boston Celtics,True,False,L,23.9,25,10,13,0,0,1,6,4,3,7,8,1,2,2,4,14
0000000523,1610612743,DEN,Denver Nuggets,1627750,Jamal Murray,2025-26,Regular Season,2026-09-10,1610612738,BOS,Boston Celtics,True,False,L,27.1,25,10,17,1,7,2,7,3,3,6,7,4,0,2,3,14
0000000523,1610612743,DEN,Denver Nuggets,1628420,Aaron Gordon,2025-26,Regular Season,2026-09-10,1610612738,BOS,Boston Celtics,True,False,L,24.3,18,7,10,4,8,2,3,3,1,4,7,2,3,3,1,-2
0000000523,1610612743,DEN,Denver Nuggets,1630166,Christian Braun,2025-26,Regular Season,2026-09-10,1610612738,BOS,Boston Celtics,True,False,L,18.9,0,0,7,0,7,3,4,0,0,0,3,2,0,5,4,15
0000000523,1610612743,DEN,Denver Nuggets,203914,Kentavious Caldwell-Pope,2025-26,Regular Season,2026-09-10,1610612738,BOS,Boston Celtics,True,False,L,22.1,10,4,10,2,10,0,0,0,0,0,7,0,0,0,2,-11
0000000523,1610612743,DEN,Denver Nuggets,1631128,Peyton Watson,2025-26,Regular Season,2026-09-10,1610612738,BOS,Boston Celtics,True,False,L,24.2,14,5,10,2,3,3,3,0,0,0,2,4,1,3,1,-6
0000000523,1610612738,BOS,Boston Celtics,1628369,Jayson Tatum,2025-26,Regular Season,2026-09-10,1610612743,DEN,Denver Nuggets,False,True,W,23.5,28,11,16,3,3,0,1,1,5,6,5,4,0,4,4,10
0000000523,1610612738,BOS,Boston Celtics,1627759,Jaylen Brown,2025-26,Regular Season,2026-09-10,1610612743,DEN,Denver Nuggets,False,True,W,19.7,25,10,18,5,8,2,3,3,0,3,1,3,1,1,0,-14
0000000523,1610612738,BOS,Boston Celtics,201950,Jrue Holiday,2025-26,Regular Season,2026-09-10,1610612743,DEN,Denver Nuggets,False,True,W,32.7,21,8,13,3,3,0,0,3,0,3,1,2,3,1,0,5
0000000523,1610612738,BOS,Boston Celtics,1628464,Derrick White,2025-26,Regular Season,2026-09-10,1610612743,DEN,Denver Nuggets,False,True,W,28.9,10,4,11,1,9,1,6,0,9,9,6,4,3,4,1,14
0000000523,1610612738,BOS,Boston Celtics,203935,Kristaps Porziņģis,2025-26,Regular Season,2026-09-10,1610612743,DEN,Denver Nuggets,False,True,W,26.4,15,6,13,2,2,1,4,0,3,3,1,3,0,5,1,3
0000000523,1610612738,BOS,Boston Celtics,1629057,Robert Williams,2025-26,Regular Season,2026-09-10,1610612743,DEN,Denver Nuggets,False,True,W,19.7,5,2,8,1,1,0,0,4,4,8,2,0,2,2,2,4
0000000524,1610612743,DEN,Denver Nuggets,203999,Nikola Jokić,2025-26,Regular Season,2026-09-12,1610612752,NYK,New York Knicks,True,False,L,29.5,20,8,12,2,3,2,3,4,6,10,8,1,2,3,5,6
0000000524,1610612743,DEN,Denver Nuggets,1627750,Jamal Murray,2025-26,Regular Season,2026-09-12,1610612752,NYK,New York Knicks,True,False,L,30.9,28,11,17,0,3,0,6,0,5,5,6,0,1,1,3,-10
0000000524,1610612743,DEN,Denver Nuggets,1628420,Aaron Gordon,2025-26,Regular Season,2026-09-12,1610612752,NYK,New York Knicks,True,False,L,29.4,11,4,9,1,1,0,2,1,6,7,3,0,0,2,4,1
0000000524,1610612743,DEN,Denver Nuggets,1630166,Christian Braun,2025-26,Regular Season,2026-09-12,1610612752,NYK,New York Knicks,True,False,L,23.7,12,5,12,5,9,0,0,0,0,0,3,4,0,1,1,-13
0000000524,1610612743,DEN,Denver Nuggets,203914,Kentavious Caldwell-Pope,2025-26,Regular Season,2026-09-12,1610612752,NYK,New York Knicks,True,False,L,26.2,13,5,12,0,1,4,7,1,2,3,3,1,0,2,5,4
0000000524,1610612743,DEN,Denver Nuggets,1631128,Peyton Watson,2025-26,Regular Season,2026-09-12,1610612752,NYK,New York Knicks,True,False,L,25.9,2,0,2,0,0,4,5,3,2,5,2,4,1,1,5,14
0000000524,1610612752,NYK,New York Knicks,1628973,Jalen Brunson,2025-26,Regular Season,2026-09-12,1610612743,DEN,Denver Nuggets,False,True,W,33.9,37,14,24,0,3,2,4,1,4,5,7,1,3,3,0,-15
0000000524,1610612752,NYK,New York Knicks,1626164,Isaiah Hartenstein,2025-26,Regular Season,2026-09-12,1610612743,DEN,Denver Nuggets,False,True,W,18.9,26,10,19,0,2,0,1,1,14,15,0,1,0,0,4,13
0000000524,1610612752,NYK,New York Knicks,1629628,RJ Barrett,2025-26,Regular Season,2026-09-12,1610612743,DEN,Denver Nuggets,False,True,W,24.1,19,7,14,0,8,6,6,3,5,8,8,4,2,2,3,10
0000000524,1610612752,NYK,New York Knicks,1630193,Immanuel Quickley,2025-26,Regular Season,2026-09-12,1610612743,DEN,Denver Nuggets,False,True,W,21.8,22,8,16,0,0,2,5,2,0,2,0,4,1,4,0,6
0000000524,1610612752,NYK,New York Knicks,203944,Julius Randle,2025-26,Regular Season,2026-09-12,1610612743,DEN,Denver Nuggets,False,True,W,36.0,21,8,15,4,5,0,0,4,7,11,1,4,1,5,1,1
0000000524,1610612752,NYK,New York Knicks,1631216,Miles McBride,2025-26,Regular Season,2026-09-12,1610612743,DEN,Denver Nuggets,False,True,W,29.2,7,2,9,1,3,8,8,2,5,7,1,3,0,4,5,-13
0000000525,1610612743,DEN,Denver Nuggets,203999,Nikola Jokić,2025-26,Regular Season,2026-09-14,1610612748,MIA,Miami Heat,True,False,L,35.2,28,11,17,0,0,0,0,1,17,18,6,1,2,1,5,12
0000000525,1610612743,DEN,Denver Nuggets,1627750,Jamal Murray,2025-26,Regular Season,2026-09-14,1610612748,MIA,Miami Heat,True,False,L,31.6,15,6,13,1,1,0,0,2,0,2,8,2,0,2,2,13
0000000525,1610612743,DEN,Denver Nuggets,1628420,Aaron Gordon,2025-26,Regular Season,2026-09-14,1610612748,MIA,Miami Heat,True,False,L,18.3,18,7,10,0,3,2,4,4,4,8,4,0,0,1,5,18
0000000525,1610612743,DEN,Denver Nuggets,1630166,Christian Braun,2025-26,Regular Season,2026-09-14,1610612748,MIA,Miami Heat,True,False,L,37.8,6,2,4,0,0,3,3,2,0,2,2,4,1,4,0,2
0000000525,1610612743,DEN,Denver Nuggets,203914,Kentavious Caldwell-Pope,2025-26,Regular Season,2026-09-14,1610612748,MIA,Miami Heat,True,False,L,19.2,7,2,7,0,0,0,7,4,4,8,0,2,2,5,3,14
0000000525,1610612743,DEN,Denver Nuggets,1631128,Peyton Watson,2025-26,Regular Season,2026-09-14,1610612748,MIA,Miami Heat,True,False,L,37.8,13,5,7,0,3,5,7,1,0,1,0,4,1,2,0,7
0000000525,1610612748,MIA,Miami Heat,202710,Jimmy Butler,2025-26,Regular Season,2026-09-14,1610612743,DEN,Denver Nuggets,False,True,W,18.9,24,9,16,1,1,4,7,2,1,3,6,4,2,4,0,-7
0000000525,1610612748,MIA,Miami Heat,1629639,Tyler Herro,2025-26,Regular Season,2026-09-14,1610612743,DEN,Denver Nuggets,False,True,W,32.3,24,9,14,1,4,0,0,1,1,2,6,0,0,3,3,-15
0000000525,1610612748,MIA,Miami Heat,202355,Bam Adebayo,2025-26,Regular Season,2026-09-14,1610612743,DEN,Denver Nuggets,False,True,W,33.6,21,8,12,0,2,0,5,0,9,9,0,2,3,1,0,16
0000000525,1610612748,MIA,Miami Heat,1631107,Jaime Jaquez,2025-26,Regular Season,2026-09-14,1610612743,DEN,Denver Nuggets,False,True,W,31.6,12,4,11,2,6,3,7,4,7,11,1,0,2,3,0,-1
0000000525,1610612748,MIA,Miami Heat,203482,Kelly Olynyk,2025-26,Regular Season,2026-09-14,1610612743,DEN,Denver Nuggets,False,True,W,26.4,16,6,12,0,0,2,8,1,4,5,2,2,1,3,2,16
0000000525,1610612748,MIA,Miami Heat,1630217,Caleb Martin,2025-26,Regular Season,2026-09-14,1610612743,DEN,Denver Nuggets,False,True,W,25.9,15,6,13,0,0,4,7,1,8,9,4,3,1,4,1,4
0000000526,1610612738,BOS,Boston Celtics,1628369,Jayson Tatum,2025-26,Regular Season,2026-09-16,1610612747,LAL,Los Angeles Lakers,True,False,W,21.3,40,16,26,7,7,8,8,2,4,6,4,0,1,3,5,-10
0000000526,1610612738,BOS,Boston Celtics,1627759,Jaylen Brown,2025-26,Regular Season,2026-09-16,1610612747,LAL,Los Angeles Lakers,True,False,W,32.7,37,14,20,8,9,2,3,1,4,5,1,2,3,1,3,6
0000000526,1610612738,BOS,Boston Celtics,201950,Jrue Holiday,2025-26,Regular Season,2026-09-16,1610612747,LAL,Los Angeles Lakers,True,False,W,34.8,10,4,11,1,10,4,8,3,1,4,3,0,3,4,3,6
0000000526,1610612738,BOS,Boston Celtics,1628464,Derrick White,2025-26,Regular Season,2026-09-16,1610612747,LAL,Los Angeles Lakers,True,False,W,35.7,22,8,14,3,6,0,2,2,7,9,1,4,2,2,0,14
0000000526,1610612738,BOS,Boston Celtics,203935,Kristaps Porziņģis,2025-26,Regular Season,2026-09-16,1610612747,LAL,Los Angeles Lakers,True,False,W,20.1,14,5,12,0,1,4,6,1,7,8,1,3,2,1,3,14
0000000526,1610612738,BOS,Boston Celtics,1629057,Robert Williams,2025-26,Regular Season,2026-09-16,1610612747,LAL,Los Angeles Lakers,True,False,W,20.9,15,6,10,2,3,7,7,1,12,13,2,4,1,5,4,-7
0000000526,1610612747,LAL,Los Angeles Lakers,2544,LeBron James,2025-26,Regular Season,2026-09-16,1610612738,BOS,Boston Celtics,False,True,L,33.4,24,9,18,1,6,1,7,0,9,9,8,2,1,1,2,-17
0000000526,1610612747,LAL,Los Angeles Lakers,1629029,Luka Dončić,2025-26,Regular Season,2026-09-16,1610612738,BOS,Boston Celtics,False,True,L,22.3,18,7,12,3,4,2,7,3,1,4,6,1,0,0,4,-10
0000000526,1610612747,LAL,Los Angeles Lakers,203076,Anthony Davis,2025-26,Regular Season,2026-09-16,1610612738,BOS,Boston Celtics,False,True,L,29.4,21,8,13,2,2,4,4,0,15,15,5,1,3,1,1,-8
0000000526,1610612747,LAL,Los Angeles Lakers,1630559,Austin Reaves,2025-26,Regular Season,2026-09-16,1610612738,BOS,Boston Celtics,False,True,L,36.7,12,10,11,10,10,0,2,0,3,3,4,4,0,0,0,-12
0000000526,1610612747,LAL,Los Angeles Lakers,1626156,Dalton Knecht,2025-26,Regular Season,2026-09-16,1610612738,BOS,Boston Celtics,False,True,L,25.3,10,4,9,2,2,1,2,0,1,1,3,3,2,0,2,-4
0000000526,1610612747,LAL,Los Angeles Lakers,1629020,Rui Hachimura,2025-26,Regular Season,2026-09-16,1610612738,BOS,Boston Celtics,False,True,L,31.2,1,3,6,3,6,3,6,0,0,0,0,1,2,3,3,-14
0000000527,1610612738,BOS,Boston Celtics,1628369,Jayson Tatum,2025-26,Regular Season,2026-09-18,1610612744,GSW,Golden State Warriors,True,False,W,28.2,19,7,10,1,2,0,2,4,5,9,7,2,3,4,3,15
0000000527,1610612738,BOS,Boston Celtics,1627759,Jaylen Brown,2025-26,Regular Season,2026-09-18,1610612744,GSW,Golden State Warriors,True,False,W,29.2,25,10,17,0,6,2,3,1,7,8,5,3,3,1,4,8
0000000527,1610612738,BOS,Boston Celtics,201950,Jrue Holiday,2025-26,Regular Season,2026-09-18,1610612744,GSW,Golden State Warriors,True,False,W,21.0,11,6,9,6,6,0,0,4,0,4,2,4,3,1,0,3
0000000527,1610612738,BOS,Boston Celtics,1628464,Derrick White,2025-26,Regular Season,2026-09-18,1610612744,GSW,Golden State Warriors,True,False,W,22.1,18,7,13,3,6,0,2,0,1,1,3,1,3,3,5,-15
0000000527,1610612738,BOS,Boston Celtics,203935,Kristaps Porziņģis,2025-26,Regular Season,2026-09-18,1610612744,GSW,Golden State Warriors,True,False,W,27.1,20,8,11,1,1,0,1,4,3,7,0,3,2,3,1,-9
0000000527,1610612738,BOS,Boston Celtics,1629057,Robert Williams,2025-26,Regular Season,2026-09-18,1610612744,GSW,Golden State Warriors,True,False,W,18.1,2,2,2,2,2,4,8,3,7,10,0,1,3,3,3,-8
0000000527,1610612744,GSW,Golden State Warriors,201939,Stephen Curry,2025-26,Regular Season,2026-09-18,1610612738,BOS,Boston Celtics,False,True,L,34.2,23,9,13,0,6,2,4,3,0,3,6,2,1,3,5,6
0000000527,1610612744,GSW,Golden State Warriors,202691,Klay Thompson,2025-26,Regular Season,2026-09-18,1610612738,BOS,Boston Celtics,False,True,L,32.6,9,3,8,2,4,0,2,0,3,3,1,0,1,2,0,-15
0000000527,1610612744,GSW,Golden State Warriors,203110,Draymond Green,2025-26,Regular Season,2026-09-18,1610612738,BOS,Boston Celtics,False,True,L,34.2,3,1,6,1,2,2,4,3,0,3,6,4,3,0,4,-8
0000000527,1610612744,GSW,Golden State Warriors,1630228,Jonathan Kuminga,2025-26,Regular Season,2026-09-18,1610612738,BOS,Boston Celtics,False,True,L,21.0,7,2,8,0,2,0,0,1,0,1,0,3,1,2,0,1
0000000527,1610612744,GSW,Golden State Warriors,1626172,Kevon Looney,2025-26,Regular Season,2026-09-18,1610612738,BOS,Boston Celtics,False,True,L,20.6,7,2,6,1,3,1,2,2,8,10,0,4,0,3,2,6
0000000527,1610612744,GSW,Golden State Warriors,1630541,Brandin Podziemski,2025-26,Regular Season,2026-09-18,1610612738,BOS,Boston Celtics,False,True,L,23.5,14,5,10,0,0,0,4,0,1,1,3,2,0,2,5,-1
0000000528,1610612738,BOS,Boston Celtics,1628369,Jayson Tatum,2025-26,Regular Season,2026-09-20,1610612743,DEN,Denver Nuggets,True,False,W,26.4,26,10,17,4,7,3,4,2,8,10,5,4,2,4,4,-17
0000000528,1610612738,BOS,Boston Celtics,1627759,Jaylen Brown,2025-26,Regular Season,2026-09-20,1610612743,DEN,Denver Nuggets,True,False,W,36.7,19,7,14,5,8,2,4,3,2,5,4,2,0,4,1,14
0000000528,1610612738,BOS,Boston Celtics,201950,Jrue Holiday,2025-26,Regular Season,2026-09-20,1610612743,DEN,Denver Nuggets,True,False,W,27.5,13,7,11,7,7,4,8,2,0,2,7,3,0,2,0,-9
0000000528,1610612738,BOS,Boston Celtics,1628464,Derrick White,2025-26,Regular Season,2026-09-20,1610612743,DEN,Denver Nuggets,True,False,W,32.4,17,6,10,0,3,8,8,0,0,0,5,0,1,0,2,-10
0000000528,1610612738,BOS,Boston Celtics,203935,Kristaps Porziņģis,2025-26,Regular Season,2026-09-20,1610612743,DEN,Denver Nuggets,True,False,W,31.1,19,7,14,1,2,6,8,3,2,5,4,3,1,2,3,-18
0000000528,1610612738,BOS,Boston Celtics,1629057,Robert Williams,2025-26,Regular Season,2026-09-20,1610612743,DEN,Denver Nuggets,True,False,W,31.8,8,3,9,0,2,0,2,2,9,11,0,2,3,1,5,4
0000000528,1610612743,DEN,Denver Nuggets,203999,Nikola Jokić,2025-26,Regular Season,2026-09-20,1610612738,BOS,Boston Celtics,False,True,L,27.6,17,6,9,1,1,8,8,2,9,11,9,4,3,2,0,4
0000000528,1610612743,DEN,Denver Nuggets,1627750,Jamal Murray,2025-26,Regular Season,2026-09-20,1610612738,BOS,Boston Celtics,False,True,L,23.7,23,9,14,2,5,1,3,0,5,5,6,0,0,1,3,11
0000000528,1610612743,DEN,Denver Nuggets,1628420,Aaron Gordon,2025-26,Regular Season,2026-09-20,1610612738,BOS,Boston Celtics,False,True,L,32.4,15,9,10,9,10,3,8,4,2,6,3,3,0,0,0,-16
0000000528,1610612743,DEN,Denver Nuggets,1630166,Christian Braun,2025-26,Regular Season,2026-09-20,1610612738,BOS,Boston Celtics,False,True,L,20.3,11,4,9,2,4,0,1,2,2,4,3,3,3,1,2,-13
0000000528,1610612743,DEN,Denver Nuggets,203914,Kentavious Caldwell-Pope,2025-26,Regular Season,2026-09-20,1610612738,BOS,Boston Celtics,False,True,L,24.4,17,8,13,8,9,2,2,0,0,0,2,3,0,2,0,0
0000000528,1610612743,DEN,Denver Nuggets,1631128,Peyton Watson,2025-26,Regular Season,2026-09-20,1610612738,BOS,Boston Celtics,False,True,L,37.6,13,5,10,1,4,1,7,3,0,3,0,3,3,5,2,0
0000000529,1610612738,BOS,Boston Celtics,1628369,Jayson Tatum,2025-26,Regular Season,2026-09-22,1610612752,NYK,New York Knicks,True,False,W,37.9,31,12,21,0,0,2,4,0,12,12,11,1,0,2,5,-6
0000000529,1610612738,BOS,Boston Celtics,1627759,Jaylen Brown,2025-26,Regular Season,2026-09-22,1610612752,NYK,New York Knicks,True,False,W,37.1,28,11,17,1,5,1,7,1,3,4,6,4,0,2,3,0
0000000529,1610612738,BOS,Boston Celtics,201950,Jrue Holiday,2025-26,Regular Season,2026-09-22,1610612752,NYK,New York Knicks,True,False,W,28.6,10,4,8,2,8,3,3,0,6,6,5,2,2,0,5,8
0000000529,1610612738,BOS,Boston Celtics,1628464,Derrick White,2025-26,Regular Season,2026-09-22,1610612752,NYK,New York Knicks,True,False,W,35.3,23,9,13,5,10,0,0,0,5,5,7,1,2,0,5,-12
0000000529,1610612738,BOS,Boston Celtics,203935,Kristaps Porziņģis,2025-26,Regular Season,2026-09-22,1610612752,NYK,New York Knicks,True,False,W,23.2,23,9,17,0,1,4,7,1,3,4,3,4,3,2,2,-16
0000000529,1610612738,BOS,Boston Celtics,1629057,Robert Williams,2025-26,Regular Season,2026-09-22,1610612752,NYK,New York Knicks,True,False,W,35.8,17,6,11,2,2,2,2,0,10,10,2,0,2,4,2,8
0000000529,1610612752,NYK,New York Knicks,1628973,Jalen Brunson,2025-26,Regular Season,2026-09-22,1610612738,BOS,Boston Celtics,False,True,L,33.9,19,7,14,6,10,0,2,0,7,7,7,1,0,5,5,18
0000000529,1610612752,NYK,New York Knicks,1626164,Isaiah Hartenstein,2025-26,Regular Season,2026-09-22,1610612738,BOS,Boston Celtics,False,True,L,31.9,17,6,12,2,2,1,3,3,6,9,3,4,0,4,4,-13
0000000529,1610612752,NYK,New York Knicks,1629628,RJ Barrett,2025-26,Regular Season,2026-09-22,1610612738,BOS,Boston Celtics,False,True,L,33.8,17,6,11,0,1,2,7,4,2,6,7,4,0,4,1,-3
0000000529,1610612752,NYK,New York Knicks,1630193,Immanuel Quickley,2025-26,Regular Season,2026-09-22,1610612738,BOS,Boston Celtics,False,True,L,33.6,24,9,16,3,4,1,1,1,0,1,2,2,1,1,1,15
0000000529,1610612752,NYK,New York Knicks,203944,Julius Randle,2025-26,Regular Season,2026-09-22,1610612738,BOS,Boston Celtics,False,True,L,26.1,23,9,17,2,3,1,1,0,13,13,3,0,0,2,0,10
0000000529,1610612752,NYK,New York Knicks,1631216,Miles McBride,2025-26,Regular Season,2026-09-22,1610612738,BOS,Boston Celtics,False,True,L,34.0,7,2,4,0,4,0,0,1,0,1,1,4,3,2,1,-7
0000000530,1610612738,BOS,Boston Celtics,1628369,Jayson Tatum,2025-26,Regular Season,2026-09-24,1610612748,MIA,Miami Heat,True,False,W,35.3,18,7,14,0,2,1,6,4,5,9,4,3,0,1,0,5
0000000530,1610612738,BOS,Boston Celtics,1627759,Jaylen Brown,2025-26,Regular Season,2026-09-24,1610612748,MIA,Miami Heat,True,False,W,36.6,28,11,16,4,4,2,6,1,6,7,3,4,2,2,5,-8
0000000530,1610612738,BOS,Boston Celtics,201950,Jrue Holiday,2025-26,Regular Season,2026-09-24,1610612748,MIA,Miami Heat,True,False,W,23.6,18,7,14,0,2,3,6,2,0,2,6,1,3,0,4,10
0000000530,1610612738,BOS,Boston Celtics,1628464,Derrick White,2025-26,Regular Season,2026-09-24,1610612748,MIA,Miami Heat,True,False,W,20.5,12,4,9,0,9,2,4,2,0,2,5,3,0,5,2,-7
0000000530,1610612738,BOS,Boston Celtics,203935,Kristaps Porziņģis,2025-26,Regular Season,2026-09-24,1610612748,MIA,Miami Heat,True,False,W,21.9,20,8,11,1,2,1,6,1,1,2,2,0,3,4,4,5
0000000530,1610612738,BOS,Boston Celtics,1629057,Robert Williams,2025-26,Regular Season,2026-09-24,1610612748,MIA,Miami Heat,True,False,W,31.9,0,1,2,1,1,3,3,4,5,9,1,0,0,5,5,11
0000000530,1610612748,MIA,Miami Heat,202710,Jimmy Butler,2025-26,Regular Season,2026-09-24,1610612738,BOS,Boston Celtics,False,True,L,28.9,26,10,18,0,2,1,7,3,0,3,5,2,0,2,2,-10
0000000530,1610612748,MIA,Miami Heat,1629639,Tyler Herro,2025-26,Regular Season,2026-09-24,1610612738,BOS,Boston Celtics,False,True,L,20.8,6,2,9,1,6,2,8,1,0,1,8,1,2,1,4,-15
0000000530,1610612748,MIA,Miami Heat,202355,Bam Adebayo,2025-26,Regular Season,2026-09-24,1610612738,BOS,Boston Celtics,False,True,L,27.7,12,4,10,0,1,2,2,1,10,11,0,3,3,1,4,-18
0000000530,1610612748,MIA,Miami Heat,1631107,Jaime Jaquez,2025-26,Regular Season,2026-09-24,1610612738,BOS,Boston Celtics,False,True,L,36.8,1,2,6,2,5,3,4,0,0,0,1,0,0,4,3,-13
0000000530,1610612748,MIA,Miami Heat,203482,Kelly Olynyk,2025-26,Regular Season,2026-09-24,1610612738,BOS,Boston Celtics,False,True,L,24.6,16,6,9,1,1,3,5,0,2,2,2,3,0,0,1,-7
0000000530,1610612748,MIA,Miami Heat,1630217,Caleb Martin,2025-26,Regular Season,2026-09-24,1610612738,BOS,Boston Celtics,False,True,L,20.2,0,4,10,4,10,0,6,0,7,7,0,4,2,5,0,-2
0000000531,1610612752,NYK,New York Knicks,1628973,Jalen Brunson,2025-26,Regular Season,2026-09-26,1610612747,LAL,Los Angeles Lakers,True,False,L,23.2,24,9,15,1,7,0,3,0,6,6,10,1,0,0,5,17
0000000531,1610612752,NYK,New York Knicks,1626164,Isaiah Hartenstein,2025-26,Regular Season,2026-09-26,1610612747,LAL,Los Angeles Lakers,True,False,L,34.0,16,6,14,1,2,0,8,1,9,10,2,1,0,5,0,5
0000000531,1610612752,NYK,New York Knicks,1629628,RJ Barrett,2025-26,Regular Season,2026-09-26,1610612747,LAL,Los Angeles Lakers,True,False,L,24.3,9,3,7,3,7,0,2,2,8,10,0,4,1,2,5,-10
0000000531,1610612752,NYK,New York Knicks,1630193,Immanuel Quickley,2025-26,Regular Season,2026-09-26,1610612747,LAL,Los Angeles Lakers,True,False,L,19.6,11,4,9,2,9,0,3,2,0,2,3,1,0,4,2,18
0000000531,1610612752,NYK,New York Knicks,203944,Julius Randle,2025-26,Regular Season,2026-09-26,1610612747,LAL,Los Angeles Lakers,True,False,L,29.0,18,7,13,3,5,2,2,3,5,8,7,0,3,0,4,3
0000000531,1610612752,NYK,New York Knicks,1631216,Miles McBride,2025-26,Regular Season,2026-09-26,1610612747,LAL,Los Angeles Lakers,True,False,L,34.4,3,1,4,1,4,0,5,0,0,0,0,4,2,5,0,14
0000000531,1610612747,LAL,Los Angeles Lakers,2544,LeBron James,2025-26,Regular Season,2026-09-26,1610612752,NYK,New York Knicks,False,True,W,23.1,32,12,18,10,10,0,1,1,0,1,10,1,0,2,1,9
0000000531,1610612747,LAL,Los Angeles Lakers,1629029,Luka Dončić,2025-26,Regular Season,2026-09-26,1610612752,NYK,New York Knicks,False,True,W,26.0,26,10,17,1,4,0,6,4,3,7,6,4,3,2,5,-11
0000000531,1610612747,LAL,Los Angeles Lakers,203076,Anthony Davis,2025-26,Regular Season,2026-09-26,1610612752,NYK,New York Knicks,False,True,W,21.6,14,5,8,0,0,1,7,0,6,6,0,0,3,4,0,1
0000000531,1610612747,LAL,Los Angeles Lakers,1630559,Austin Reaves,2025-26,Regular Season,2026-09-26,1610612752,NYK,New York Knicks,False,True,W,28.2,18,7,11,0,1,0,4,0,0,0,8,1,1,4,4,10
0000000531,1610612747,LAL,Los Angeles Lakers,1626156,Dalton Knecht,2025-26,Regular Season,2026-09-26,1610612752,NYK,New York Knicks,False,True,W,32.5,7,4,10,4,10,0,4,4,0,4,0,1,2,1,1,12
0000000531,1610612747,LAL,Los Angeles Lakers,1629020,Rui Hachimura,2025-26,Regular Season,2026-09-26,1610612752,NYK,New York Knicks,False,True,W,33.1,18,7,13,3,7,2,3,2,2,4,2,4,3,3,2,-11
0000000532,1610612752,NYK,New York Knicks,1628973,Jalen Brunson,2025-26,Regular Season,2026-09-28,1610612744,GSW,Golden State Warriors,True,False,W,21.0,20,8,11,1,8,4,4,2,0,2,4,4,3,5,4,-5
0000000532,1610612752,NYK,New York Knicks,1626164,Isaiah Hartenstein,2025-26,Regular Season,2026-09-28,1610612744,GSW,Golden State Warriors,True,False,W,24.7,17,6,12,3,3,1,2,4,4,8,2,2,1,4,1,5
0000000532,1610612752,NYK,New York Knicks,1629628,RJ Barrett,2025-26,Regular Season,2026-09-28,1610612744,GSW,Golden State Warriors,True,False,W,28.5,10,4,11,4,7,4,6,0,0,0,2,2,2,3,5,-10
0000000532,1610612752,NYK,New York Knicks,1630193,Immanuel Quickley,2025-26,Regular Season,2026-09-28,1610612744,GSW,Golden State Warriors,True,False,W,35.2,19,7,14,0,2,0,3,1,0,1,4,3,0,2,4,9
0000000532,1610612752,NYK,New York Knicks,203944,Julius Randle,2025-26,Regular Season,2026-09-28,1610612744,GSW,Golden State Warriors,True,False,W,33.5,22,8,13,1,1,5,8,1,15,16,8,4,1,5,0,-5
0000000532,1610612752,NYK,New York Knicks,1631216,Miles McBride,2025-26,Regular Season,2026-09-28,1610612744,GSW,Golden State Warriors,True,False,W,35.9,5,5,6,5,5,1,7,0,0,0,3,3,1,5,2,6
0000000532,1610612744,GSW,Golden State Warriors,201939,Stephen Curry,2025-26,Regular Season,2026-09-28,1610612752,NYK,New York Knicks,False,True,L,22.3,17,6,10,1,8,3,3,4,3,7,0,4,3,3,0,-18
0000000532,1610612744,GSW,Golden State Warriors,202691,Klay Thompson,2025-26,Regular Season,2026-09-28,1610612752,NYK,New York Knicks,False,True,L,27.7,11,8,10,8,9,2,3,4,5,9,4,4,0,4,5,-5
0000000532,1610612744,GSW,Golden State Warriors,203110,Draymond Green,2025-26,Regular Season,2026-09-28,1610612752,NYK,New York Knicks,False,True,L,32.8,3,4,8,4,8,5,8,1,4,5,5,1,3,3,5,-2
0000000532,1610612744,GSW,Golden State Warriors,1630228,Jonathan Kuminga,2025-26,Regular Season,2026-09-28,1610612752,NYK,New York Knicks,False,True,L,31.8,14,5,10,0,0,0,2,0,0,0,4,0,2,1,0,-18
0000000532,1610612744,GSW,Golden State Warriors,1626172,Kevon Looney,2025-26,Regular Season,2026-09-28,1610612752,NYK,New York Knicks,False,True,L,30.3,2,2,4,2,3,7,8,2,5,7,0,0,2,0,2,-15
0000000532,1610612744,GSW,Golden State Warriors,1630541,Brandin Podziemski,2025-26,Regular Season,2026-09-28,1610612752,NYK,New York Knicks,False,True,L,22.7,8,7,7,7,7,1,6,0,0,0,4,3,3,0,1,15
0000000533,1610612752,NYK,New York Knicks,1628973,Jalen Brunson,2025-26,Regular Season,2026-09-30,1610612743,DEN,Denver Nuggets,True,False,W,21.7,19,8,15,8,8,6,8,0,5,5,6,0,2,3,5,-5
0000000533,1610612752,NYK,New York Knicks,1626164,Isaiah Hartenstein,2025-26,Regular Season,2026-09-30,1610612743,DEN,Denver Nuggets,True,False,W,25.3,15,6,12,2,2,0,5,4,2,6,5,1,3,3,1,3
0000000533,1610612752,NYK,New York Knicks,1629628,RJ Barrett,2025-26,Regular Season,2026-09-30,1610612743,DEN,Denver Nuggets,True,False,W,18.3,22,8,17,2,6,6,7,3,0,3,0,1,1,3,3,10
0000000533,1610612752,NYK,New York Knicks,1630193,Immanuel Quickley,2025-26,Regular Season,2026-09-30,1610612743,DEN,Denver Nuggets,True,False,W,25.8,21,8,16,0,3,1,2,3,1,4,3,2,0,5,3,4
0000000533,1610612752,NYK,New York Knicks,203944,Julius Randle,2025-26,Regular Season,2026-09-30,1610612743,DEN,Denver Nuggets,True,False,W,33.5,22,8,13,0,0,0,5,0,8,8,4,2,3,3,5,9
0000000533,1610612752,NYK,New York Knicks,1631216,Miles McBride,2025-26,Regular Season,2026-09-30,1610612743,DEN,Denver Nuggets,True,False,W,30.0,0,0,4,0,3,6,8,0,0,0,2,4,0,3,0,16
0000000533,1610612743,DEN,Denver Nuggets,203999,Nikola Jokić,2025-26,Regular Season,2026-09-30,1610612752,NYK,New York Knicks,False,True,L,31.2,28,11,19,1,3,6,7,3,12,15,10,3,3,3,5,18
0000000533,1610612743,DEN,Denver Nuggets,1627750,Jamal Murray,2025-26,Regular Season,2026-09-30,1610612752,NYK,New York Knicks,False,True,L,24.5,15,6,12,3,8,4,7,4,1,5,8,4,1,0,0,-12
0000000533,1610612743,DEN,Denver Nuggets,1628420,Aaron Gordon,2025-26,Regular Season,2026-09-30,1610612752,NYK,New York Knicks,False,True,L,21.2,6,2,8,0,1,3,4,4,4,8,5,2,2,1,0,-9
0000000533,1610612743,DEN,Denver Nuggets,1630166,Christian Braun,2025-26,Regular Season,2026-09-30,1610612752,NYK,New York Knicks,False,True,L,19.6,10,4,9,4,5,1,3,3,5,8,6,0,1,3,4,4
0000000533,1610612743,DEN,Denver Nuggets,203914,Kentavious Caldwell-Pope,2025-26,Regular Season,2026-09-30,1610612752,NYK,New York Knicks,False,True,L,20.3,2,1,6,1,1,1,1,0,0,0,3,4,0,4,3,18
0000000533,1610612743,DEN,Denver Nuggets,1631128,Peyton Watson,2025-26,Regular Season,2026-09-30,1610612752,NYK,New York Knicks,False,True,L,36.3,1,1,3,1,2,6,8,0,0,0,3,4,2,0,3,5
0000000534,1610612752,NYK,New York Knicks,1628973,Jalen Brunson,2025-26,Regular Season,2026-10-02,1610612738,BOS,Boston Celtics,True,False,W,30.3,31,12,18,3,3,3,7,2,1,3,3,2,3,1,3,-12
0000000534,1610612752,NYK,New York Knicks,1626164,Isaiah Hartenstein,2025-26,Regular Season,2026-10-02,1610612738,BOS,Boston Celtics,True,False,W,19.7,14,5,11,1,1,0,5,2,10,12,1,1,2,5,3,13
0000000534,1610612752,NYK,New York Knicks,1629628,RJ Barrett,2025-26,Regular Season,2026-10-02,1610612738,BOS,Boston Celtics,True,False,W,19.8,16,6,14,0,1,6,7,3,3,6,5,4,0,0,5,-18
0000000534,1610612752,NYK,New York Knicks,1630193,Immanuel Quickley,2025-26,Regular Season,2026-10-02,1610612738,BOS,Boston Celtics,True,False,W,35.9,14,5,13,1,4,1,1,2,1,3,2,1,3,4,2,-13
0000000534,1610612752,NYK,New York Knicks,203944,Julius Randle,2025-26,Regular Season,2026-10-02,1610612738,BOS,Boston Celtics,True,False,W,18.4,19,7,11,4,6,7,7,4,3,7,6,0,1,3,1,17
0000000534,1610612752,NYK,New York Knicks,1631216,Miles McBride,2025-26,Regular Season,2026-10-02,1610612738,BOS,Boston Celtics,True,False,W,21.9,1,3,5,3,4,2,3,0,3,3,0,1,1,1,3,-7
0000000534,1610612738,BOS,Boston Celtics,1628369,Jayson Tatum,2025-26,Regular Season,2026-10-02,1610612752,NYK,New York Knicks,False,True,L,37.4,22,8,13,2,10,3,8,3,11,14,4,4,3,0,5,-5
0000000534,1610612738,BOS,Boston Celtics,1627759,Jaylen Brown,2025-26,Regular Season,2026-10-02,1610612752,NYK,New York Knicks,False,True,L,36.3,20,8,11,0,1,1,4,3,4,7,0,3,2,3,2,-8
0000000534,1610612738,BOS,Boston Celtics,201950,Jrue Holiday,2025-26,Regular Season,2026-10-02,1610612752,NYK,New York Knicks,False,True,L,20.3,12,4,7,2,3,2,5,2,5,7,4,2,1,2,2,1
0000000534,1610612738,BOS,Boston Celtics,1628464,Derrick White,2025-26,Regular Season,2026-10-02,1610612752,NYK,New York Knicks,False,True,L,31.0,11,4,11,0,8,0,0,0,4,4,6,0,2,1,3,-14
0000000534,1610612738,BOS,Boston Celtics,203935,Kristaps Porziņģis,2025-26,Regular Season,2026-10-02,1610612752,NYK,New York Knicks,False,True,L,37.4,14,5,13,0,2,2,6,0,7,7,3,0,2,0,1,-4
0000000534,1610612738,BOS,Boston Celtics,1629057,Robert Williams,2025-26,Regular Season,2026-10-02,1610612752,NYK,New York Knicks,False,True,L,28.5,13,5,8,3,3,0,6,1,5,6,4,0,1,5,1,9
0000000535,1610612752,NYK,New York Knicks,1628973,Jalen Brunson,2025-26,Regular Season,2026-10-04,1610612748,MIA,Miami Heat,True,False,W,32.6,20,8,13,0,0,0,1,1,3,4,6,2,0,2,2,-18
0000000535,1610612752,NYK,New York Knicks,1626164,Isaiah Hartenstein,2025-26,Regular Season,2026-10-04,1610612748,MIA,Miami Heat,True,False,W,21.5,28,11,17,1,2,3,3,1,9,10,2,0,3,5,1,0
0000000535,1610612752,NYK,New York Knicks,1629628,RJ Barrett,2025-26,Regular Season,2026-10-04,1610612748,MIA,Miami Heat,True,False,W,27.7,25,10,13,3,3,0,1,4,2,6,7,1,1,3,5,13
0000000535,1610612752,NYK,New York Knicks,1630193,Immanuel Quickley,2025-26,Regular Season,2026-10-04,1610612748,MIA,Miami Heat,True,False,W,36.5,9,3,9,3,9,8,8,0,0,0,4,4,2,2,3,18
0000000535,1610612752,NYK,New York Knicks,203944,Julius Randle,2025-26,Regular Season,2026-10-04,1610612748,MIA,Miami Heat,True,False,W,30.0,29,11,15,1,1,0,0,3,6,9,5,3,2,4,1,16
0000000535,1610612752,NYK,New York Knicks,1631216,Miles McBride,2025-26,Regular Season,2026-10-04,1610612748,MIA,Miami Heat,True,False,W,21.8,0,6,8,6,8,2,6,0,0,0,4,3,0,0,4,-7
0000000535,1610612748,MIA,Miami Heat,202710,Jimmy Butler,2025-26,Regular Season,2026-10-04,1610612752,NYK,New York Knicks,False,True,L,23.6,22,8,16,4,10,5,7,2,3,5,8,1,2,1,4,12
0000000535,1610612748,MIA,Miami Heat,1629639,Tyler Herro,2025-26,Regular Season,2026-10-04,1610612752,NYK,New York Knicks,False,True,L,18.1,20,8,16,0,4,3,6,1,3,4,4,4,1,5,4,5
0000000535,1610612748,MIA,Miami Heat,202355,Bam Adebayo,2025-26,Regular Season,2026-10-04,1610612752,NYK,New York Knicks,False,True,L,25.2,11,4,11,0,1,2,3,3,6,9,1,3,2,0,3,-8
0000000535,1610612748,MIA,Miami Heat,1631107,Jaime Jaquez,2025-26,Regular Season,2026-10-04,1610612752,NYK,New York Knicks,False,True,L,20.1,14,5,13,1,1,0,0,0,2,2,2,4,0,1,1,-10
0000000535,1610612748,MIA,Miami Heat,203482,Kelly Olynyk,2025-26,Regular Season,2026-10-04,1610612752,NYK,New York Knicks,False,True,L,27.7,0,0,3,0,1,6,6,2,5,7,0,3,3,2,5,-13
0000000535,1610612748,MIA,Miami Heat,1630217,Caleb Martin,2025-26,Regular Season,2026-10-04,1610612752,NYK,New York Knicks,False,True,L,24.6,8,3,9,0,9,5,7,0,7,7,0,0,0,1,4,-7
0000000536,1610612748,MIA,Miami Heat,202710,Jimmy Butler,2025-26,Regular Season,2026-10-06,1610612747,LAL,Los Angeles Lakers,True,False,L,31.5,26,10,14,9,9,2,3,0,11,11,10,4,0,0,2,-3
0000000536,1610612748,MIA,Miami Heat,1629639,Tyler Herro,2025-26,Regular Season,2026-10-06,1610612747,LAL,Los Angeles Lakers,True,False,L,20.9,6,3,6,3,4,7,8,0,0,0,6,4,3,3,5,-2
0000000536,1610612748,MIA,Miami Heat,202355,Bam Adebayo,2025-26,Regular Season,2026-10-06,1610612747,LAL,Los Angeles Lakers,True,False,L,30.7,17,6,11,2,2,1,7,4,3,7,1,0,3,1,2,8
0000000536,1610612748,MIA,Miami Heat,1631107,Jaime Jaquez,2025-26,Regular Season,2026-10-06,1610612747,LAL,Los Angeles Lakers,True,False,L,29.9,9,3,10,0,0,1,7,2,2,4,0,0,0,5,1,-9
0000000536,1610612748,MIA,Miami Heat,203482,Kelly Olynyk,2025-26,Regular Season,2026-10-06,1610612747,LAL,Los Angeles Lakers,True,False,L,34.0,14,5,8,0,0,3,6,2,4,6,0,4,0,0,2,14
0000000536,1610612748,MIA,Miami Heat,1630217,Caleb Martin,2025-26,Regular Season,2026-10-06,1610612747,LAL,Los Angeles Lakers,True,False,L,22.9,1,1,10,1,10,0,1,2,1,3,2,3,1,2,2,-17
0000000536,1610612747,LAL,Los Angeles Lakers,2544,LeBron James,2025-26,Regular Season,2026-10-06,1610612748,MIA,Miami Heat,False,True,W,19.1,22,8,13,0,0,3,8,3,7,10,8,4,0,4,4,5
0000000536,1610612747,LAL,Los Angeles Lakers,1629029,Luka Dončić,2025-26,Regular Season,2026-10-06,1610612748,MIA,Miami Heat,False,True,W,24.7,34,13,21,9,9,2,2,2,8,10,8,2,2,2,2,16
0000000536,1610612747,LAL,Los Angeles Lakers,203076,Anthony Davis,2025-26,Regular Season,2026-10-06,1610612748,MIA,Miami Heat,False,True,W,20.5,20,8,16,2,3,6,8,3,15,18,5,3,3,1,2,15
0000000536,1610612747,LAL,Los Angeles Lakers,1630559,Austin Reaves,2025-26,Regular Season,2026-10-06,1610612748,MIA,Miami Heat,False,True,W,33.6,12,4,8,0,2,1,2,1,0,1,5,4,3,2,5,12
0000000536,1610612747,LAL,Los Angeles Lakers,1626156,Dalton Knecht,2025-26,Regular Season,2026-10-06,1610612748,MIA,Miami Heat,False,True,W,31.0,7,3,6,3,4,4,6,0,3,3,0,0,3,0,4,10
0000000536,1610612747,LAL,Los Angeles Lakers,1629020,Rui Hachimura,2025-26,Regular Season,2026-10-06,1610612748,MIA,Miami Heat,False,True,W,21.4,7,2,4,0,1,3,4,3,1,4,1,1,1,2,1,6
0000000537,1610612748,MIA,Miami Heat,202710,Jimmy Butler,2025-26,Regular Season,2026-10-08,1610612744,GSW,Golden State Warriors,True,False,W,36.0,30,12,20,3,5,0,2,1,3,4,5,4,2,3,1,-15
0000000537,1610612748,MIA,Miami Heat,1629639,Tyler Herro,2025-26,Regular Season,2026-10-08,1610612744,GSW,Golden State Warriors,True,False,W,22.5,22,8,15,0,1,2,2,1,9,10,5,3,0,4,1,-6
0000000537,1610612748,MIA,Miami Heat,202355,Bam Adebayo,2025-26,Regular Season,2026-10-08,1610612744,GSW,Golden State Warriors,True,False,W,25.4,25,10,14,1,2,1,1,0,8,8,3,3,2,0,5,-6
0000000537,1610612748,MIA,Miami Heat,1631107,Jaime Jaquez,2025-26,Regular Season,2026-10-08,1610612744,GSW,Golden State Warriors,True,False,W,29.0,17,6,13,0,8,2,3,0,0,0,6,2,0,0,4,-7
0000000537,1610612748,MIA,Miami Heat,203482,Kelly Olynyk,2025-26,Regular Season,2026-10-08,1610612744,GSW,Golden State Warriors,True,False,W,25.0,12,4,11,2,3,0,6,0,0,0,4,3,2,0,2,-5
0000000537,1610612748,MIA,Miami Heat,1630217,Caleb Martin,2025-26,Regular Season,2026-10-08,1610612744,GSW,Golden State Warriors,True,False,W,26.0,6,2,7,0,7,2,7,0,0,0,1,3,3,2,0,-3
0000000537,1610612744,GSW,Golden State Warriors,201939,Stephen Curry,2025-26,Regular Season,2026-10-08,1610612748,MIA,Miami Heat,False,True,L,30.7,32,12,17,2,6,2,4,4,4,8,4,3,2,0,2,1
0000000537,1610612744,GSW,Golden State Warriors,202691,Klay Thompson,2025-26,Regular Season,2026-10-08,1610612748,MIA,Miami Heat,False,True,L,21.1,14,5,11,0,10,2,2,0,0,0,2,2,0,2,1,6
0000000537,1610612744,GSW,Golden State Warriors,203110,Draymond Green,2025-26,Regular Season,2026-10-08,1610612748,MIA,Miami Heat,False,True,L,36.7,7,2,7,2,5,5,8,1,8,9,9,1,1,2,2,-3
0000000537,1610612744,GSW,Golden State Warriors,1630228,Jonathan Kuminga,2025-26,Regular Season,2026-10-08,1610612748,MIA,Miami Heat,False,True,L,23.4,15,6,8,1,6,4,4,1,0,1,5,2,2,3,1,8
0000000537,1610612744,GSW,Golden State Warriors,1626172,Kevon Looney,2025-26,Regular Season,2026-10-08,1610612748,MIA,Miami Heat,False,True,L,28.7,0,1,5,1,3,2,7,3,6,9,1,4,3,5,1,-10
0000000537,1610612744,GSW,Golden State Warriors,1630541,Brandin Podziemski,2025-26,Regular Season,2026-10-08,1610612748,MIA,Miami Heat,False,True,L,30.9,14,5,13,0,5,8,8,2,3,5,6,4,1,0,4,10
0000000538,1610612748,MIA,Miami Heat,202710,Jimmy Butler,2025-26,Regular Season,2026-10-10,1610612743,DEN,Denver Nuggets,True,False,L,20.5,20,8,13,5,5,2,4,3,1,4,5,4,0,0,1,7
0000000538,1610612748,MIA,Miami Heat,1629639,Tyler Herro,2025-26,Regular Season,2026-10-10,1610612743,DEN,Denver Nuggets,True,False,L,37.6,12,7,8,7,8,0,0,0,7,7,8,3,0,5,1,-9
0000000538,1610612748,MIA,Miami Heat,202355,Bam Adebayo,2025-26,Regular Season,2026-10-10,1610612743,DEN,Denver Nuggets,True,False,L,32.9,14,5,13,3,3,1,1,1,0,1,1,2,1,5,1,-15
0000000538,1610612748,MIA,Miami Heat,1631107,Jaime Jaquez,2025-26,Regular Season,2026-10-10,1610612743,DEN,Denver Nuggets,True,False,L,23.8,15,6,9,1,5,0,0,0,1,1,7,3,2,3,0,-13
0000000538,1610612748,MIA,Miami Heat,203482,Kelly Olynyk,2025-26,Regular Season,2026-10-10,1610612743,DEN,Denver Nuggets,True,False,L,29.0,7,2,5,0,1,0,6,1,1,2,2,4,3,2,1,12
0000000538,1610612748,MIA,Miami Heat,1630217,Caleb Martin,2025-26,Regular Season,2026-10-10,1610612743,DEN,Denver Nuggets,True,False,L,28.5,6,3,6,3,6,0,2,1,0,1,2,4,1,3,5,18
0000000538,1610612743,DEN,Denver Nuggets,203999,Nikola Jokić,2025-26,Regular Season,2026-10-10,1610612748,MIA,Miami Heat,False,True,W,33.0,26,10,17,3,3,1,2,4,3,7,10,3,2,3,0,-18
0000000538,1610612743,DEN,Denver Nuggets,1627750,Jamal Murray,2025-26,Regular Season,2026-10-10,1610612748,MIA,Miami Heat,False,True,W,30.2,22,8,13,2,3,0,0,4,1,5,4,2,3,2,4,-8
0000000538,1610612743,DEN,Denver Nuggets,1628420,Aaron Gordon,2025-26,Regular Season,2026-10-10,1610612748,MIA,Miami Heat,False,True,W,25.2,18,7,14,0,7,1,3,2,8,10,5,2,2,0,2,5
0000000538,1610612743,DEN,Denver Nuggets,1630166,Christian Braun,2025-26,Regular Season,2026-10-10,1610612748,MIA,Miami Heat,False,True,W,21.6,0,2,8,2,8,5,7,1,0,1,1,2,3,3,2,-16
0000000538,1610612743,DEN,Denver Nuggets,203914,Kentavious Caldwell-Pope,2025-26,Regular Season,2026-10-10,1610612748,MIA,Miami Heat,False,True,W,19.5,4,1,7,1,1,2,6,3,0,3,0,2,1,5,3,12
0000000538,1610612743,DEN,Denver Nuggets,1631128,Peyton Watson,2025-26,Regular Season,2026-10-10,1610612748,MIA,Miami Heat,False,True,W,31.1,6,5,8,5,8,0,1,0,4,4,0,0,2,0,3,15
0000000539,1610612748,MIA,Miami Heat,202710,Jimmy Butler,2025-26,Regular Season,2026-10-12,1610612738,BOS,Boston Celtics,True,False,L,30.4,17,6,9,2,7,5,6,2,1,3,4,3,1,0,3,3
0000000539,1610612748,MIA,Miami Heat,1629639,Tyler Herro,2025-26,Regular Season,2026-10-12,1610612738,BOS,Boston Celtics,True,False,L,21.8,18,7,12,0,2,2,4,3,0,3,4,3,1,5,3,-16
0000000539,1610612748,MIA,Miami Heat,202355,Bam Adebayo,2025-26,Regular Season,2026-10-12,1610612738,BOS,Boston Celtics,True,False,L,22.3,10,4,11,1,2,2,8,0,0,0,5,0,1,0,4,7
0000000539,1610612748,MIA,Miami Heat,1631107,Jaime Jaquez,2025-26,Regular Season,2026-10-12,1610612738,BOS,Boston Celtics,True,False,L,20.5,9,3,10,0,2,1,3,0,0,0,4,3,3,2,0,6
0000000539,1610612748,MIA,Miami Heat,203482,Kelly Olynyk,2025-26,Regular Season,2026-10-12,1610612738,BOS,Boston Celtics,True,False,L,18.8,7,2,7,0,0,2,2,1,3,4,4,3,2,3,4,9
0000000539,1610612748,MIA,Miami Heat,1630217,Caleb Martin,2025-26,Regular Season,2026-10-12,1610612738,BOS,Boston Celtics,True,False,L,34.6,4,9,9,9,9,0,4,2,2,4,2,0,3,2,4,16
0000000539,1610612738,BOS,Boston Celtics,1628369,Jayson Tatum,2025-26,Regular Season,2026-10-12,1610612748,MIA,Miami Heat,False,True,W,37.2,28,11,20,8,8,4,7,3,3,6,5,2,1,3,4,-2
0000000539,1610612738,BOS,Boston Celtics,1627759,Jaylen Brown,2025-26,Regular Season,2026-10-12,1610612748,MIA,Miami Heat,False,True,W,37.1,23,9,15,0,0,4,7,2,9,11,1,3,0,2,5,-11
0000000539,1610612738,BOS,Boston Celtics,201950,Jrue Holiday,2025-26,Regular Season,2026-10-12,1610612748,MIA,Miami Heat,False,True,W,29.7,18,7,15,0,0,5,8,0,7,7,3,2,3,4,2,-18
0000000539,1610612738,BOS,Boston Celtics,1628464,Derrick White,2025-26,Regular Season,2026-10-12,1610612748,MIA,Miami Heat,False,True,W,25.0,6,5,5,5,5,0,5,4,0,4,3,2,2,0,0,-2
0000000539,1610612738,BOS,Boston Celtics,203935,Kristaps Porziņģis,2025-26,Regular Season,2026-10-12,1610612748,MIA,Miami Heat,False,True,W,35.4,19,7,11,1,3,1,2,2,9,11,6,3,0,0,1,18
0000000539,1610612738,BOS,Boston Celtics,1629057,Robert Williams,2025-26,Regular Season,2026-10-12,1610612748,MIA,Miami Heat,False,True,W,34.8,4,1,5,1,1,1,6,1,2,3,4,3,2,4,3,12
0000000540,1610612748,MIA,Miami Heat,202710,Jimmy Butler,2025-26,Regular Season,2026-10-14,1610612752,NYK,New York Knicks,True,False,L,27.8,17,6,13,3,3,1,5,1,4,5,5,3,0,4,2,5
0000000540,1610612748,MIA,Miami Heat,1629639,Tyler Herro,2025-26,Regular Season,2026-10-14,1610612752,NYK,New York Knicks,True,False,L,36.8,12,4,9,0,0,3,4,2,2,4,7,1,3,2,1,-16
0000000540,1610612748,MIA,Miami Heat,202355,Bam Adebayo,2025-26,Regular Season,2026-10-14,1610612752,NYK,New York Knicks,True,False,L,19.4,13,5,11,0,3,0,8,4,10,14,2,0,0,3,3,9
0000000540,1610612748,MIA,Miami Heat,1631107,Jaime Jaquez,2025-26,Regular Season,2026-10-14,1610612752,NYK,New York Knicks,True,False,L,21.3,12,4,10,3,6,0,2,2,4,6,2,0,2,0,3,4
0000000540,1610612748,MIA,Miami Heat,203482,Kelly Olynyk,2025-26,Regular Season,2026-10-14,1610612752,NYK,New York Knicks,True,False,L,30.3,2,0,4,0,3,2,3,0,7,7,0,4,1,0,1,-11
0000000540,1610612748,MIA,Miami Heat,1630217,Caleb Martin,2025-26,Regular Season,2026-10-14,1610612752,NYK,New York Knicks,True,False,L,27.8,7,2,6,1,2,5,5,0,9,9,3,2,2,0,4,3
0000000540,1610612752,NYK,New York Knicks,1628973,Jalen Brunson,2025-26,Regular Season,2026-10-14,1610612748,MIA,Miami Heat,False,True,W,23.2,35,14,23,1,1,0,0,2,0,2,4,4,2,1,5,-5
0000000540,1610612752,NYK,New York Knicks,1626164,Isaiah Hartenstein,2025-26,Regular Season,2026-10-14,1610612748,MIA,Miami Heat,False,True,W,33.1,36,14,21,1,2,0,2,1,7,8,4,1,3,0,2,-13
0000000540,1610612752,NYK,New York Knicks,1629628,RJ Barrett,2025-26,Regular Season,2026-10-14,1610612748,MIA,Miami Heat,False,True,W,24.3,10,4,6,0,1,1,5,2,7,9,0,4,2,1,4,15
0000000540,1610612752,NYK,New York Knicks,1630193,Immanuel Quickley,2025-26,Regular Season,2026-10-14,1610612748,MIA,Miami Heat,False,True,W,36.5,16,6,9,6,8,0,2,3,1,4,3,4,1,2,2,-18
0000000540,1610612752,NYK,New York Knicks,203944,Julius Randle,2025-26,Regular Season,2026-10-14,1610612748,MIA,Miami Heat,False,True,W,24.6,8,8,10,8,10,2,7,4,6,10,4,4,1,4,3,-2
0000000540,1610612752,NYK,New York Knicks,1631216,Miles McBride,2025-26,Regular Season,2026-10-14,1610612748,MIA,Miami Heat,False,True,W,29.6,0,2,6,2,4,0,3,1,5,6,0,3,1,2,3,-1
