game_id,season,season_type,team_id,player_id,starter_position_raw,starter_flag,role_source,role_source_trusted,starter_count_for_team_game,role_validation_reason
0000000001,2023-24,Regular Season,1610612747,2544,F,True,fixture,True,5,
0000000001,2023-24,Regular Season,1610612747,1629029,G,True,fixture,True,5,
0000000001,2023-24,Regular Season,1610612747,203076,C-F,True,fixture,True,5,
0000000001,2023-24,Regular Season,1610612747,1630559,G,True,fixture,True,5,
0000000001,2023-24,Regular Season,1610612747,1626156,G-F,False,fixture,True,5,
0000000001,2023-24,Regular Season,1610612747,1629020,F,True,fixture,True,5,
0000000001,2023-24,Regular Season,1610612744,201939,G,True,fixture,True,5,
0000000001,2023-24,Regular Season,1610612744,202691,G-F,True,fixture,True,5,
0000000001,2023-24,Regular Season,1610612744,203110,F-C,True,fixture,True,5,
0000000001,2023-24,Regular Season,1610612744,1630228,F,True,fixture,True,5,
0000000001,2023-24,Regular Season,1610612744,1626172,C,False,fixture,True,5,
0000000001,2023-24,Regular Season,1610612744,1630541,G,True,fixture,True,5,
0000000002,2023-24,Regular Season,1610612747,2544,F,True,fixture,True,5,
0000000002,2023-24,Regular Season,1610612747,1629029,G,True,fixture,True,5,
0000000002,2023-24,Regular Season,1610612747,203076,C-F,True,fixture,True,5,
0000000002,2023-24,Regular Season,1610612747,1630559,G,True,fixture,True,5,
0000000002,2023-24,Regular Season,1610612747,1626156,G-F,False,fixture,True,5,
0000000002,2023-24,Regular Season,1610612747,1629020,F,True,fixture,True,5,
0000000002,2023-24,Regular Season,1610612743,203999,C,True,fixture,True,5,
0000000002,2023-24,Regular Season,1610612743,1627750,G,True,fixture,True,5,
0000000002,2023-24,Regular Season,1610612743,1628420,F,True,fixture,True,5,
0000000002,2023-24,Regular Season,1610612743,1630166,G-F,True,fixture,True,5,
0000000002,2023-24,Regular Season,1610612743,203914,G,True,fixture,True,5,
0000000002,2023-24,Regular Season,1610612743,1631128,F,False,fixture,True,5,
0000000003,2023-24,Regular Season,1610612747,2544,F,True,fixture,True,5,
0000000003,2023-24,Regular Season,1610612747,1629029,G,True,fixture,True,5,
0000000003,2023-24,Regular Season,1610612747,203076,C-F,True,fixture,True,5,
0000000003,2023-24,Regular Season,1610612747,1630559,G,True,fixture,True,5,
0000000003,2023-24,Regular Season,1610612747,1626156,G-F,False,fixture,True,5,
0000000003,2023-24,Regular Season,1610612747,1629020,F,True,fixture,True,5,
0000000003,2023-24,Regular Season,1610612738,1628369,F,True,fixture,True,5,
0000000003,2023-24,Regular Season,1610612738,1627759,G-F,True,fixture,True,5,
0000000003,2023-24,Regular Season,1610612738,201950,G,True,fixture,True,5,
0000000003,2023-24,Regular Season,1610612738,1628464,G,True,fixture,True,5,
0000000003,2023-24,Regular Season,1610612738,203935,C,True,fixture,True,5,
0000000003,2023-24,Regular Season,1610612738,1629057,C-F,False,fixture,True,5,
0000000004,2023-24,Regular Season,1610612747,2544,F,True,fixture,True,5,
0000000004,2023-24,Regular Season,1610612747,1629029,G,True,fixture,True,5,
0000000004,2023-24,Regular Season,1610612747,203076,C-F,True,fixture,True,5,
0000000004,2023-24,Regular Season,1610612747,1630559,G,True,fixture,True,5,
0000000004,2023-24,Regular Season,1610612747,1626156,G-F,False,fixture,True,5,
0000000004,2023-24,Regular Season,1610612747,1629020,F,True,fixture,True,5,
0000000004,2023-24,Regular Season,1610612752,1628973,G,True,fixture,True,5,
0000000004,2023-24,Regular Season,1610612752,1626164,C,True,fixture,True,5,
0000000004,2023-24,Regular Season,1610612752,1629628,G-F,True,fixture,True,5,
0000000004,2023-24,Regular Season,1610612752,1630193,G,True,fixture,True,5,
0000000004,2023-24,Regular Season,1610612752,203944,F-C,True,fixture,True,5,
0000000004,2023-24,Regular Season,1610612752,1631216,G,False,fixture,True,5,
0000000005,2023-24,Regular Season,1610612747,2544,F,True,fixture,True,5,
0000000005,2023-24,Regular Season,1610612747,1629029,G,True,fixture,True,5,
0000000005,2023-24,Regular Season,1610612747,203076,C-F,True,fixture,True,5,
0000000005,2023-24,Regular Season,1610612747,1630559,G,True,fixture,True,5,
0000000005,2023-24,Regular Season,1610612747,1626156,G-F,False,fixture,True,5,
0000000005,2023-24,Regular Season,1610612747,1629020,F,True,fixture,True,5,
0000000005,2023-24,Regular Season,1610612748,202710,F-G,True,fixture,True,5,
0000000005,2023-24,Regular Season,1610612748,1629639,G,True,fixture,True,5,
0000000005,2023-24,Regular Season,1610612748,202355,C,True,fixture,True,5,
0000000005,2023-24,Regular Season,1610612748,1631107,G-F,True,fixture,True,5,
0000000005,2023-24,Regular Season,1610612748,203482,C-F,True,fixture,True,5,
0000000005,2023-24,Regular Season,1610612748,1630217,F,False,fixture,True,5,
0000000006,2023-24,Regular Season,1610612744,201939,G,True,fixture,True,5,
0000000006,2023-24,Regular Season,1610612744,202691,G-F,True,fixture,True,5,
0000000006,2023-24,Regular Season,1610612744,203110,F-C,True,fixture,True,5,
0000000006,2023-24,Regular Season,1610612744,1630228,F,True,fixture,True,5,
0000000006,2023-24,Regular Season,1610612744,1626172,C,False,fixture,True,5,
0000000006,2023-24,Regular Season,1610612744,1630541,G,True,fixture,True,5,
0000000006,2023-24,Regular Season,1610612747,2544,F,True,fixture,True,5,
0000000006,2023-24,Regular Season,1610612747,1629029,G,True,fixture,True,5,
0000000006,2023-24,Regular Season,1610612747,203076,C-F,True,fixture,True,5,
0000000006,2023-24,Regular Season,1610612747,1630559,G,True,fixture,True,5,
0000000006,2023-24,Regular Season,1610612747,1626156,G-F,False,fixture,True,5,
0000000006,2023-24,Regular Season,1610612747,1629020,F,True,fixture,True,5,
0000000007,2023-24,Regular Season,1610612744,201939,G,True,fixture,True,5,
0000000007,2023-24,Regular Season,1610612744,202691,G-F,True,fixture,True,5,
0000000007,2023-24,Regular Season,1610612744,203110,F-C,True,fixture,True,5,
0000000007,2023-24,Regular Season,1610612744,1630228,F,True,fixture,True,5,
0000000007,2023-24,Regular Season,1610612744,1626172,C,False,fixture,True,5,
0000000007,2023-24,Regular Season,1610612744,1630541,G,True,fixture,True,5,
0000000007,2023-24,Regular Season,1610612743,203999,C,True,fixture,True,5,
0000000007,2023-24,Regular Season,1610612743,1627750,G,True,fixture,True,5,
0000000007,2023-24,Regular Season,1610612743,1628420,F,True,fixture,True,5,
0000000007,2023-24,Regular Season,1610612743,1630166,G-F,True,fixture,True,5,
0000000007,2023-24,Regular Season,1610612743,203914,G,True,fixture,True,5,
0000000007,2023-24,Regular Season,1610612743,1631128,F,False,fixture,True,5,
0000000008,2023-24,Regular Season,1610612744,201939,G,True,fixture,True,5,
0000000008,2023-24,Regular Season,1610612744,202691,G-F,True,fixture,True,5,
0000000008,2023-24,Regular Season,1610612744,203110,F-C,True,fixture,True,5,
0000000008,2023-24,Regular Season,1610612744,1630228,F,True,fixture,True,5,
0000000008,2023-24,Regular Season,1610612744,1626172,C,False,fixture,True,5,
0000000008,2023-24,Regular Season,1610612744,1630541,G,True,fixture,True,5,
0000000008,2023-24,Regular Season,1610612738,1628369,F,True,fixture,True,5,
0000000008,2023-24,Regular Season,1610612738,1627759,G-F,True,fixture,True,5,
0000000008,2023-24,Regular Season,1610612738,201950,G,True,fixture,True,5,
0000000008,2023-24,Regular Season,1610612738,1628464,G,True,fixture,True,5,
0000000008,2023-24,Regular Season,1610612738,203935,C,True,fixture,True,5,
0000000008,2023-24,Regular Season,1610612738,1629057,C-F,False,fixture,True,5,
0000000009,2023-24,Regular Season,1610612744,201939,G,True,fixture,True,5,
0000000009,2023-24,Regular Season,1610612744,202691,G-F,True,fixture,True,5,
0000000009,2023-24,Regular Season,1610612744,203110,F-C,True,fixture,True,5,
0000000009,2023-24,Regular Season,1610612744,1630228,F,True,fixture,True,5,
0000000009,2023-24,Regular Season,1610612744,1626172,C,False,fixture,True,5,
0000000009,2023-24,Regular Season,1610612744,1630541,G,True,fixture,True,5,
0000000009,2023-24,Regular Season,1610612752,1628973,G,True,fixture,True,5,
0000000009,2023-24,Regular Season,1610612752,1626164,C,True,fixture,True,5,
0000000009,2023-24,Regular Season,1610612752,1629628,G-F,True,fixture,True,5,
0000000009,2023-24,Regular Season,1610612752,1630193,G,True,fixture,True,5,
0000000009,2023-24,Regular Season,1610612752,203944,F-C,True,fixture,True,5,
0000000009,2023-24,Regular Season,1610612752,1631216,G,False,fixture,True,5,
0000000010,2023-24,Regular Season,1610612744,201939,G,True,fixture,True,5,
0000000010,2023-24,Regular Season,1610612744,202691,G-F,True,fixture,True,5,
0000000010,2023-24,Regular Season,1610612744,203110,F-C,True,fixture,True,5,
0000000010,2023-24,Regular Season,1610612744,1630228,F,True,fixture,True,5,
0000000010,2023-24,Regular Season,1610612744,1626172,C,False,fixture,True,5,
0000000010,2023-24,Regular Season,1610612744,1630541,G,True,fixture,True,5,
0000000010,2023-24,Regular Season,1610612748,202710,F-G,True,fixture,True,5,
0000000010,2023-24,Regular Season,1610612748,1629639,G,True,fixture,True,5,
0000000010,2023-24,Regular Season,1610612748,202355,C,True,fixture,True,5,
0000000010,2023-24,Regular Season,1610612748,1631107,G-F,True,fixture,True,5,
0000000010,2023-24,Regular Season,1610612748,203482,C-F,True,fixture,True,5,
0000000010,2023-24,Regular Season,1610612748,1630217,F,False,fixture,True,5,
0000000011,2023-24,Regular Season,1610612743,203999,C,True,fixture,True,5,
0000000011,2023-24,Regular Season,1610612743,1627750,G,True,fixture,True,5,
0000000011,2023-24,Regular Season,1610612743,1628420,F,True,fixture,True,5,
0000000011,2023-24,Regular Season,1610612743,1630166,G-F,True,fixture,True,5,
0000000011,2023-24,Regular Season,1610612743,203914,G,True,fixture,True,5,
0000000011,2023-24,Regular Season,1610612743,1631128,F,False,fixture,True,5,
0000000011,2023-24,Regular Season,1610612747,2544,F,True,fixture,True,5,
0000000011,2023-24,Regular Season,1610612747,1629029,G,True,fixture,True,5,
0000000011,2023-24,Regular Season,1610612747,203076,C-F,True,fixture,True,5,
0000000011,2023-24,Regular Season,1610612747,1630559,G,True,fixture,True,5,
0000000011,2023-24,Regular Season,1610612747,1626156,G-F,False,fixture,True,5,
0000000011,2023-24,Regular Season,1610612747,1629020,F,True,fixture,True,5,
0000000012,2023-24,Regular Season,1610612743,203999,C,True,fixture,True,5,
0000000012,2023-24,Regular Season,1610612743,1627750,G,True,fixture,True,5,
0000000012,2023-24,Regular Season,1610612743,1628420,F,True,fixture,True,5,
0000000012,2023-24,Regular Season,1610612743,1630166,G-F,True,fixture,True,5,
0000000012,2023-24,Regular Season,1610612743,203914,G,True,fixture,True,5,
0000000012,2023-24,Regular Season,1610612743,1631128,F,False,fixture,True,5,
0000000012,2023-24,Regular Season,1610612744,201939,G,True,fixture,True,5,
0000000012,2023-24,Regular Season,1610612744,202691,G-F,True,fixture,True,5,
0000000012,2023-24,Regular Season,1610612744,203110,F-C,True,fixture,True,5,
0000000012,2023-24,Regular Season,1610612744,1630228,F,True,fixture,True,5,
0000000012,2023-24,Regular Season,1610612744,1626172,C,False,fixture,True,5,
0000000012,2023-24,Regular Season,1610612744,1630541,G,True,fixture,True,5,
0000000013,2023-24,Regular Season,1610612743,203999,C,True,fixture,True,5,
0000000013,2023-24,Regular Season,1610612743,1627750,G,True,fixture,True,5,
0000000013,2023-24,Regular Season,1610612743,1628420,F,True,fixture,True,5,
0000000013,2023-24,Regular Season,1610612743,1630166,G-F,True,fixture,True,5,
0000000013,2023-24,Regular Season,1610612743,203914,G,True,fixture,True,5,
0000000013,2023-24,Regular Season,1610612743,1631128,F,False,fixture,True,5,
0000000013,2023-24,Regular Season,1610612738,1628369,F,True,fixture,True,5,
0000000013,2023-24,Regular Season,1610612738,1627759,G-F,True,fixture,True,5,
0000000013,2023-24,Regular Season,1610612738,201950,G,True,fixture,True,5,
0000000013,2023-24,Regular Season,1610612738,1628464,G,True,fixture,True,5,
0000000013,2023-24,Regular Season,1610612738,203935,C,True,fixture,True,5,
0000000013,2023-24,Regular Season,1610612738,1629057,C-F,False,fixture,True,5,
0000000014,2023-24,Regular Season,1610612743,203999,C,True,fixture,True,5,
0000000014,2023-24,Regular Season,1610612743,1627750,G,True,fixture,True,5,
0000000014,2023-24,Regular Season,1610612743,1628420,F,True,fixture,True,5,
0000000014,2023-24,Regular Season,1610612743,1630166,G-F,True,fixture,True,5,
0000000014,2023-24,Regular Season,1610612743,203914,G,True,fixture,True,5,
0000000014,2023-24,Regular Season,1610612743,1631128,F,False,fixture,True,5,
0000000014,2023-24,Regular Season,1610612752,1628973,G,True,fixture,True,5,
0000000014,2023-24,Regular Season,1610612752,1626164,C,True,fixture,True,5,
0000000014,2023-24,Regular Season,1610612752,1629628,G-F,True,fixture,True,5,
0000000014,2023-24,Regular Season,1610612752,1630193,G,True,fixture,True,5,
0000000014,2023-24,Regular Season,1610612752,203944,F-C,True,fixture,True,5,
0000000014,2023-24,Regular Season,1610612752,1631216,G,False,fixture,True,5,
0000000015,2023-24,Regular Season,1610612743,203999,C,True,fixture,True,5,
0000000015,2023-24,Regular Season,1610612743,1627750,G,True,fixture,True,5,
0000000015,2023-24,Regular Season,1610612743,1628420,F,True,fixture,True,5,
0000000015,2023-24,Regular Season,1610612743,1630166,G-F,True,fixture,True,5,
0000000015,2023-24,Regular Season,1610612743,203914,G,True,fixture,True,5,
0000000015,2023-24,Regular Season,1610612743,1631128,F,False,fixture,True,5,
0000000015,2023-24,Regular Season,1610612748,202710,F-G,True,fixture,True,5,
0000000015,2023-24,Regular Season,1610612748,1629639,G,True,fixture,True,5,
0000000015,2023-24,Regular Season,1610612748,202355,C,True,fixture,True,5,
0000000015,2023-24,Regular Season,1610612748,1631107,G-F,True,fixture,True,5,
0000000015,2023-24,Regular Season,1610612748,203482,C-F,True,fixture,True,5,
0000000015,2023-24,Regular Season,1610612748,1630217,F,False,fixture,True,5,
0000000016,2023-24,Regular Season,1610612738,1628369,F,True,fixture,True,5,
0000000016,2023-24,Regular Season,1610612738,1627759,G-F,True,fixture,True,5,
0000000016,2023-24,Regular Season,1610612738,201950,G,True,fixture,True,5,
0000000016,2023-24,Regular Season,1610612738,1628464,G,True,fixture,True,5,
0000000016,2023-24,Regular Season,1610612738,203935,C,True,fixture,True,5,
0000000016,2023-24,Regular Season,1610612738,1629057,C-F,False,fixture,True,5,
0000000016,2023-24,Regular Season,1610612747,2544,F,True,fixture,True,5,
0000000016,2023-24,Regular Season,1610612747,1629029,G,True,fixture,True,5,
0000000016,2023-24,Regular Season,1610612747,203076,C-F,True,fixture,True,5,
0000000016,2023-24,Regular Season,1610612747,1630559,G,True,fixture,True,5,
0000000016,2023-24,Regular Season,1610612747,1626156,G-F,False,fixture,True,5,
0000000016,2023-24,Regular Season,1610612747,1629020,F,True,fixture,True,5,
0000000017,2023-24,Regular Season,1610612738,1628369,F,True,fixture,True,5,
0000000017,2023-24,Regular Season,1610612738,1627759,G-F,True,fixture,True,5,
0000000017,2023-24,Regular Season,1610612738,201950,G,True,fixture,True,5,
0000000017,2023-24,Regular Season,1610612738,1628464,G,True,fixture,True,5,
0000000017,2023-24,Regular Season,1610612738,203935,C,True,fixture,True,5,
0000000017,2023-24,Regular Season,1610612738,1629057,C-F,False,fixture,True,5,
0000000017,2023-24,Regular Season,1610612744,201939,G,True,fixture,True,5,
0000000017,2023-24,Regular Season,1610612744,202691,G-F,True,fixture,True,5,
0000000017,2023-24,Regular Season,1610612744,203110,F-C,True,fixture,True,5,
0000000017,2023-24,Regular Season,1610612744,1630228,F,True,fixture,True,5,
0000000017,2023-24,Regular Season,1610612744,1626172,C,False,fixture,True,5,
0000000017,2023-24,Regular Season,1610612744,1630541,G,True,fixture,True,5,
0000000018,2023-24,Regular Season,1610612738,1628369,F,True,fixture,True,5,
0000000018,2023-24,Regular Season,1610612738,1627759,G-F,True,fixture,True,5,
0000000018,2023-24,Regular Season,1610612738,201950,G,True,fixture,True,5,
0000000018,2023-24,Regular Season,1610612738,1628464,G,True,fixture,True,5,
0000000018,2023-24,Regular Season,1610612738,203935,C,True,fixture,True,5,
0000000018,2023-24,Regular Season,1610612738,1629057,C-F,False,fixture,True,5,
0000000018,2023-24,Regular Season,1610612743,203999,C,True,fixture,True,5,
0000000018,2023-24,Regular Season,1610612743,1627750,G,True,fixture,True,5,
0000000018,2023-24,Regular Season,1610612743,1628420,F,True,fixture,True,5,
0000000018,2023-24,Regular Season,1610612743,1630166,G-F,True,fixture,True,5,
0000000018,2023-24,Regular Season,1610612743,203914,G,True,fixture,True,5,
0000000018,2023-24,Regular Season,1610612743,1631128,F,False,fixture,True,5,
0000000019,2023-24,Regular Season,1610612738,1628369,F,True,fixture,True,5,
0000000019,2023-24,Regular Season,1610612738,1627759,G-F,True,fixture,True,5,
0000000019,2023-24,Regular Season,1610612738,201950,G,True,fixture,True,5,
0000000019,2023-24,Regular Season,1610612738,1628464,G,True,fixture,True,5,
0000000019,2023-24,Regular Season,1610612738,203935,C,True,fixture,True,5,
0000000019,2023-24,Regular Season,1610612738,1629057,C-F,False,fixture,True,5,
0000000019,2023-24,Regular Season,1610612752,1628973,G,True,fixture,True,5,
0000000019,2023-24,Regular Season,1610612752,1626164,C,True,fixture,True,5,
0000000019,2023-24,Regular Season,1610612752,1629628,G-F,True,fixture,True,5,
0000000019,2023-24,Regular Season,1610612752,1630193,G,True,fixture,True,5,
0000000019,2023-24,Regular Season,1610612752,203944,F-C,True,fixture,True,5,
0000000019,2023-24,Regular Season,1610612752,1631216,G,False,fixture,True,5,
0000000020,2023-24,Regular Season,1610612738,1628369,F,True,fixture,True,5,
0000000020,2023-24,Regular Season,1610612738,1627759,G-F,True,fixture,True,5,
0000000020,2023-24,Regular Season,1610612738,201950,G,True,fixture,True,5,
0000000020,2023-24,Regular Season,1610612738,1628464,G,True,fixture,True,5,
0000000020,2023-24,Regular Season,1610612738,203935,C,True,fixture,True,5,
0000000020,2023-24,Regular Season,1610612738,1629057,C-F,False,fixture,True,5,
0000000020,2023-24,Regular Season,1610612748,202710,F-G,True,fixture,True,5,
0000000020,2023-24,Regular Season,1610612748,1629639,G,True,fixture,True,5,
0000000020,2023-24,Regular Season,1610612748,202355,C,True,fixture,True,5,
0000000020,2023-24,Regular Season,1610612748,1631107,G-F,True,fixture,True,5,
0000000020,2023-24,Regular Season,1610612748,203482,C-F,True,fixture,True,5,
0000000020,2023-24,Regular Season,1610612748,1630217,F,False,fixture,True,5,
0000000021,2023-24,Regular Season,1610612752,1628973,G,True,fixture,True,5,
0000000021,2023-24,Regular Season,1610612752,1626164,C,True,fixture,True,5,
0000000021,2023-24,Regular Season,1610612752,1629628,G-F,True,fixture,True,5,
0000000021,2023-24,Regular Season,1610612752,1630193,G,True,fixture,True,5,
0000000021,2023-24,Regular Season,1610612752,203944,F-C,True,fixture,True,5,
0000000021,2023-24,Regular Season,1610612752,1631216,G,False,fixture,True,5,
0000000021,2023-24,Regular Season,1610612747,2544,F,True,fixture,True,5,
0000000021,2023-24,Regular Season,1610612747,1629029,G,True,fixture,True,5,
0000000021,2023-24,Regular Season,1610612747,203076,C-F,True,fixture,True,5,
0000000021,2023-24,Regular Season,1610612747,1630559,G,True,fixture,True,5,
0000000021,2023-24,Regular Season,1610612747,1626156,G-F,False,fixture,True,5,
0000000021,2023-24,Regular Season,1610612747,1629020,F,True,fixture,True,5,
0000000022,2023-24,Regular Season,1610612752,1628973,G,True,fixture,True,5,
0000000022,2023-24,Regular Season,1610612752,1626164,C,True,fixture,True,5,
0000000022,2023-24,Regular Season,1610612752,1629628,G-F,True,fixture,True,5,
0000000022,2023-24,Regular Season,1610612752,1630193,G,True,fixture,True,5,
0000000022,2023-24,Regular Season,1610612752,203944,F-C,True,fixture,True,5,
0000000022,2023-24,Regular Season,1610612752,1631216,G,False,fixture,True,5,
0000000022,2023-24,Regular Season,1610612744,201939,G,True,fixture,True,5,
0000000022,2023-24,Regular Season,1610612744,202691,G-F,True,fixture,True,5,
0000000022,2023-24,Regular Season,1610612744,203110,F-C,True,fixture,True,5,
0000000022,2023-24,Regular Season,1610612744,1630228,F,True,fixture,True,5,
0000000022,2023-24,Regular Season,1610612744,1626172,C,False,fixture,True,5,
0000000022,2023-24,Regular Season,1610612744,1630541,G,True,fixture,True,5,
0000000023,2023-24,Regular Season,1610612752,1628973,G,True,fixture,True,5,
0000000023,2023-24,Regular Season,1610612752,1626164,C,True,fixture,True,5,
0000000023,2023-24,Regular Season,1610612752,1629628,G-F,True,fixture,True,5,
0000000023,2023-24,Regular Season,1610612752,1630193,G,True,fixture,True,5,
0000000023,2023-24,Regular Season,1610612752,203944,F-C,True,fixture,True,5,
0000000023,2023-24,Regular Season,1610612752,1631216,G,False,fixture,True,5,
0000000023,2023-24,Regular Season,1610612743,203999,C,True,fixture,True,5,
0000000023,2023-24,Regular Season,1610612743,1627750,G,True,fixture,True,5,
0000000023,2023-24,Regular Season,1610612743,1628420,F,True,fixture,True,5,
0000000023,2023-24,Regular Season,1610612743,1630166,G-F,True,fixture,True,5,
0000000023,2023-24,Regular Season,1610612743,203914,G,True,fixture,True,5,
0000000023,2023-24,Regular Season,1610612743,1631128,F,False,fixture,True,5,
0000000024,2023-24,Regular Season,1610612752,1628973,G,True,fixture,True,5,
0000000024,2023-24,Regular Season,1610612752,1626164,C,True,fixture,True,5,
0000000024,2023-24,Regular Season,1610612752,1629628,G-F,True,fixture,True,5,
0000000024,2023-24,Regular Season,1610612752,1630193,G,True,fixture,True,5,
0000000024,2023-24,Regular Season,1610612752,203944,F-C,True,fixture,True,5,
0000000024,2023-24,Regular Season,1610612752,1631216,G,False,fixture,True,5,
0000000024,2023-24,Regular Season,1610612738,1628369,F,True,fixture,True,5,
0000000024,2023-24,Regular Season,1610612738,1627759,G-F,True,fixture,True,5,
0000000024,2023-24,Regular Season,1610612738,201950,G,True,fixture,True,5,
0000000024,2023-24,Regular Season,1610612738,1628464,G,True,fixture,True,5,
0000000024,2023-24,Regular Season,1610612738,203935,C,True,fixture,True,5,
0000000024,2023-24,Regular Season,1610612738,1629057,C-F,False,fixture,True,5,
0000000025,2023-24,Regular Season,1610612752,1628973,G,True,fixture,True,5,
0000000025,2023-24,Regular Season,1610612752,1626164,C,True,fixture,True,5,
0000000025,2023-24,Regular Season,1610612752,1629628,G-F,True,fixture,True,5,
0000000025,2023-24,Regular Season,1610612752,1630193,G,True,fixture,True,5,
0000000025,2023-24,Regular Season,1610612752,203944,F-C,True,fixture,True,5,
0000000025,2023-24,Regular Season,1610612752,1631216,G,False,fixture,True,5,
0000000025,2023-24,Regular Season,1610612748,202710,F-G,True,fixture,True,5,
0000000025,2023-24,Regular Season,1610612748,1629639,G,True,fixture,True,5,
0000000025,2023-24,Regular Season,1610612748,202355,C,True,fixture,True,5,
0000000025,2023-24,Regular Season,1610612748,1631107,G-F,True,fixture,True,5,
0000000025,2023-24,Regular Season,1610612748,203482,C-F,True,fixture,True,5,
0000000025,2023-24,Regular Season,1610612748,1630217,F,False,fixture,True,5,
0000000026,2023-24,Regular Season,1610612748,202710,F-G,True,fixture,True,5,
0000000026,2023-24,Regular Season,1610612748,1629639,G,True,fixture,True,5,
0000000026,2023-24,Regular Season,1610612748,202355,C,True,fixture,True,5,
0000000026,2023-24,Regular Season,1610612748,1631107,G-F,True,fixture,True,5,
0000000026,2023-24,Regular Season,1610612748,203482,C-F,True,fixture,True,5,
0000000026,2023-24,Regular Season,1610612748,1630217,F,False,fixture,True,5,
0000000026,2023-24,Regular Season,1610612747,2544,F,True,fixture,True,5,
0000000026,2023-24,Regular Season,1610612747,1629029,G,True,fixture,True,5,
0000000026,2023-24,Regular Season,1610612747,203076,C-F,True,fixture,True,5,
0000000026,2023-24,Regular Season,1610612747,1630559,G,True,fixture,True,5,
0000000026,2023-24,Regular Season,1610612747,1626156,G-F,False,fixture,True,5,
0000000026,2023-24,Regular Season,1610612747,1629020,F,True,fixture,True,5,
0000000027,2023-24,Regular Season,1610612748,202710,F-G,True,fixture,True,5,
0000000027,2023-24,Regular Season,1610612748,1629639,G,True,fixture,True,5,
0000000027,2023-24,Regular Season,1610612748,202355,C,True,fixture,True,5,
0000000027,2023-24,Regular Season,1610612748,1631107,G-F,True,fixture,True,5,
0000000027,2023-24,Regular Season,1610612748,203482,C-F,True,fixture,True,5,
0000000027,2023-24,Regular Season,1610612748,1630217,F,False,fixture,True,5,
0000000027,2023-24,Regular Season,1610612744,201939,G,True,fixture,True,5,
0000000027,2023-24,Regular Season,1610612744,202691,G-F,True,fixture,True,5,
0000000027,2023-24,Regular Season,1610612744,203110,F-C,True,fixture,True,5,
0000000027,2023-24,Regular Season,1610612744,1630228,F,True,fixture,True,5,
0000000027,2023-24,Regular Season,1610612744,1626172,C,False,fixture,True,5,
0000000027,2023-24,Regular Season,1610612744,1630541,G,True,fixture,True,5,
0000000028,2023-24,Regular Season,1610612748,202710,F-G,True,fixture,True,5,
0000000028,2023-24,Regular Season,1610612748,1629639,G,True,fixture,True,5,
0000000028,2023-24,Regular Season,1610612748,202355,C,True,fixture,True,5,
0000000028,2023-24,Regular Season,1610612748,1631107,G-F,True,fixture,True,5,
0000000028,2023-24,Regular Season,1610612748,203482,C-F,True,fixture,True,5,
0000000028,2023-24,Regular Season,1610612748,1630217,F,False,fixture,True,5,
0000000028,2023-24,Regular Season,1610612743,203999,C,True,fixture,True,5,
0000000028,2023-24,Regular Season,1610612743,1627750,G,True,fixture,True,5,
0000000028,2023-24,Regular Season,1610612743,1628420,F,True,fixture,True,5,
0000000028,2023-24,Regular Season,1610612743,1630166,G-F,True,fixture,True,5,
0000000028,2023-24,Regular Season,1610612743,203914,G,True,fixture,True,5,
0000000028,2023-24,Regular Season,1610612743,1631128,F,False,fixture,True,5,
0000000029,2023-24,Regular Season,1610612748,202710,F-G,True,fixture,True,5,
0000000029,2023-24,Regular Season,1610612748,1629639,G,True,fixture,True,5,
0000000029,2023-24,Regular Season,1610612748,202355,C,True,fixture,True,5,
0000000029,2023-24,Regular Season,1610612748,1631107,G-F,True,fixture,True,5,
0000000029,2023-24,Regular Season,1610612748,203482,C-F,True,fixture,True,5,
0000000029,2023-24,Regular Season,1610612748,1630217,F,False,fixture,True,5,
0000000029,2023-24,Regular Season,1610612738,1628369,F,True,fixture,True,5,
0000000029,2023-24,Regular Season,1610612738,1627759,G-F,True,fixture,True,5,
0000000029,2023-24,Regular Season,1610612738,201950,G,True,fixture,True,5,
0000000029,2023-24,Regular Season,1610612738,1628464,G,True,fixture,True,5,
0000000029,2023-24,Regular Season,1610612738,203935,C,True,fixture,True,5,
0000000029,2023-24,Regular Season,1610612738,1629057,C-F,False,fixture,True,5,
0000000030,2023-24,Regular Season,1610612748,202710,F-G,True,fixture,True,5,
0000000030,2023-24,Regular Season,1610612748,1629639,G,True,fixture,True,5,
0000000030,2023-24,Regular Season,1610612748,202355,C,True,fixture,True,5,
0000000030,2023-24,Regular Season,1610612748,1631107,G-F,True,fixture,True,5,
0000000030,2023-24,Regular Season,1610612748,203482,C-F,True,fixture,True,5,
0000000030,2023-24,Regular Season,1610612748,1630217,F,False,fixture,True,5,
0000000030,2023-24,Regular Season,1610612752,1628973,G,True,fixture,True,5,
0000000030,2023-24,Regular Season,1610612752,1626164,C,True,fixture,True,5,
0000000030,2023-24,Regular Season,1610612752,1629628,G-F,True,fixture,True,5,
0000000030,2023-24,Regular Season,1610612752,1630193,G,True,fixture,True,5,
0000000030,2023-24,Regular Season,1610612752,203944,F-C,True,fixture,True,5,
0000000030,2023-24,Regular Season,1610612752,1631216,G,False,fixture,True,5,
0000000031,2023-24,Regular Season,1610612747,2544,F,True,fixture,True,5,
0000000031,2023-24,Regular Season,1610612747,1629029,G,True,fixture,True,5,
0000000031,2023-24,Regular Season,1610612747,203076,C-F,True,fixture,True,5,
0000000031,2023-24,Regular Season,1610612747,1630559,G,True,fixture,True,5,
0000000031,2023-24,Regular Season,1610612747,1626156,G-F,False,fixture,True,5,
0000000031,2023-24,Regular Season,1610612747,1629020,F,True,fixture,True,5,
0000000031,2023-24,Regular Season,1610612744,201939,G,True,fixture,True,5,
0000000031,2023-24,Regular Season,1610612744,202691,G-F,True,fixture,True,5,
0000000031,2023-24,Regular Season,1610612744,203110,F-C,True,fixture,True,5,
0000000031,2023-24,Regular Season,1610612744,1630228,F,True,fixture,True,5,
0000000031,2023-24,Regular Season,1610612744,1626172,C,False,fixture,True,5,
0000000031,2023-24,Regular Season,1610612744,1630541,G,True,fixture,True,5,
0000000032,2023-24,Regular Season,1610612747,2544,F,True,fixture,True,5,
0000000032,2023-24,Regular Season,1610612747,1629029,G,True,fixture,True,5,
0000000032,2023-24,Regular Season,1610612747,203076,C-F,True,fixture,True,5,
0000000032,2023-24,Regular Season,1610612747,1630559,G,True,fixture,True,5,
0000000032,2023-24,Regular Season,1610612747,1626156,G-F,False,fixture,True,5,
0000000032,2023-24,Regular Season,1610612747,1629020,F,True,fixture,True,5,
0000000032,2023-24,Regular Season,1610612743,203999,C,True,fixture,True,5,
0000000032,2023-24,Regular Season,1610612743,1627750,G,True,fixture,True,5,
0000000032,2023-24,Regular Season,1610612743,1628420,F,True,fixture,True,5,
0000000032,2023-24,Regular Season,1610612743,1630166,G-F,True,fixture,True,5,
0000000032,2023-24,Regular Season,1610612743,203914,G,True,fixture,True,5,
0000000032,2023-24,Regular Season,1610612743,1631128,F,False,fixture,True,5,
0000000033,2023-24,Regular Season,1610612747,2544,F,True,fixture,True,5,
0000000033,2023-24,Regular Season,1610612747,1629029,G,True,fixture,True,5,
0000000033,2023-24,Regular Season,1610612747,203076,C-F,True,fixture,True,5,
0000000033,2023-24,Regular Season,1610612747,1630559,G,True,fixture,True,5,
0000000033,2023-24,Regular Season,1610612747,1626156,G-F,False,fixture,True,5,
0000000033,2023-24,Regular Season,1610612747,1629020,F,True,fixture,True,5,
0000000033,2023-24,Regular Season,1610612738,1628369,F,True,fixture,True,5,
0000000033,2023-24,Regular Season,1610612738,1627759,G-F,True,fixture,True,5,
0000000033,2023-24,Regular Season,1610612738,201950,G,True,fixture,True,5,
0000000033,2023-24,Regular Season,1610612738,1628464,G,True,fixture,True,5,
0000000033,2023-24,Regular Season,1610612738,203935,C,True,fixture,True,5,
0000000033,2023-24,Regular Season,1610612738,1629057,C-F,False,fixture,True,5,
0000000034,2023-24,Regular Season,1610612747,2544,F,True,fixture,True,5,
0000000034,2023-24,Regular Season,1610612747,1629029,G,True,fixture,True,5,
0000000034,2023-24,Regular Season,1610612747,203076,C-F,True,fixture,True,5,
0000000034,2023-24,Regular Season,1610612747,1630559,G,True,fixture,True,5,
0000000034,2023-24,Regular Season,1610612747,1626156,G-F,False,fixture,True,5,
0000000034,2023-24,Regular Season,1610612747,1629020,F,True,fixture,True,5,
0000000034,2023-24,Regular Season,1610612752,1628973,G,True,fixture,True,5,
0000000034,2023-24,Regular Season,1610612752,1626164,C,True,fixture,True,5,
0000000034,2023-24,Regular Season,1610612752,1629628,G-F,True,fixture,True,5,
0000000034,2023-24,Regular Season,1610612752,1630193,G,True,fixture,True,5,
0000000034,2023-24,Regular Season,1610612752,203944,F-C,True,fixture,True,5,
0000000034,2023-24,Regular Season,1610612752,1631216,G,False,fixture,True,5,
0000000035,2023-24,Regular Season,1610612747,2544,F,True,fixture,True,5,
0000000035,2023-24,Regular Season,1610612747,1629029,G,True,fixture,True,5,
0000000035,2023-24,Regular Season,1610612747,203076,C-F,True,fixture,True,5,
0000000035,2023-24,Regular Season,1610612747,1630559,G,True,fixture,True,5,
0000000035,2023-24,Regular Season,1610612747,1626156,G-F,False,fixture,True,5,
0000000035,2023-24,Regular Season,1610612747,1629020,F,True,fixture,True,5,
0000000035,2023-24,Regular Season,1610612748,202710,F-G,True,fixture,True,5,
0000000035,2023-24,Regular Season,1610612748,1629639,G,True,fixture,True,5,
0000000035,2023-24,Regular Season,1610612748,202355,C,True,fixture,True,5,
0000000035,2023-24,Regular Season,1610612748,1631107,G-F,True,fixture,True,5,
0000000035,2023-24,Regular Season,1610612748,203482,C-F,True,fixture,True,5,
0000000035,2023-24,Regular Season,1610612748,1630217,F,False,fixture,True,5,
0000000036,2023-24,Regular Season,1610612744,201939,G,True,fixture,True,5,
0000000036,2023-24,Regular Season,1610612744,202691,G-F,True,fixture,True,5,
0000000036,2023-24,Regular Season,1610612744,203110,F-C,True,fixture,True,5,
0000000036,2023-24,Regular Season,1610612744,1630228,F,True,fixture,True,5,
0000000036,2023-24,Regular Season,1610612744,1626172,C,False,fixture,True,5,
0000000036,2023-24,Regular Season,1610612744,1630541,G,True,fixture,True,5,
0000000036,2023-24,Regular Season,1610612747,2544,F,True,fixture,True,5,
0000000036,2023-24,Regular Season,1610612747,1629029,G,True,fixture,True,5,
0000000036,2023-24,Regular Season,1610612747,203076,C-F,True,fixture,True,5,
0000000036,2023-24,Regular Season,1610612747,1630559,G,True,fixture,True,5,
0000000036,2023-24,Regular Season,1610612747,1626156,G-F,False,fixture,True,5,
0000000036,2023-24,Regular Season,1610612747,1629020,F,True,fixture,True,5,
0000000037,2023-24,Regular Season,1610612744,201939,G,True,fixture,True,5,
0000000037,2023-24,Regular Season,1610612744,202691,G-F,True,fixture,True,5,
0000000037,2023-24,Regular Season,1610612744,203110,F-C,True,fixture,True,5,
0000000037,2023-24,Regular Season,1610612744,1630228,F,True,fixture,True,5,
0000000037,2023-24,Regular Season,1610612744,1626172,C,False,fixture,True,5,
0000000037,2023-24,Regular Season,1610612744,1630541,G,True,fixture,True,5,
0000000037,2023-24,Regular Season,1610612743,203999,C,True,fixture,True,5,
0000000037,2023-24,Regular Season,1610612743,1627750,G,True,fixture,True,5,
0000000037,2023-24,Regular Season,1610612743,1628420,F,True,fixture,True,5,
0000000037,2023-24,Regular Season,1610612743,1630166,G-F,True,fixture,True,5,
0000000037,2023-24,Regular Season,1610612743,203914,G,True,fixture,True,5,
0000000037,2023-24,Regular Season,1610612743,1631128,F,False,fixture,True,5,
0000000038,2023-24,Regular Season,1610612744,201939,G,True,fixture,True,5,
0000000038,2023-24,Regular Season,1610612744,202691,G-F,True,fixture,True,5,
0000000038,2023-24,Regular Season,1610612744,203110,F-C,True,fixture,True,5,
0000000038,2023-24,Regular Season,1610612744,1630228,F,True,fixture,True,5,
0000000038,2023-24,Regular Season,1610612744,1626172,C,False,fixture,True,5,
0000000038,2023-24,Regular Season,1610612744,1630541,G,True,fixture,True,5,
0000000038,2023-24,Regular Season,1610612738,1628369,F,True,fixture,True,5,
0000000038,2023-24,Regular Season,1610612738,1627759,G-F,True,fixture,True,5,
0000000038,2023-24,Regular Season,1610612738,201950,G,True,fixture,True,5,
0000000038,2023-24,Regular Season,1610612738,1628464,G,True,fixture,True,5,
0000000038,2023-24,Regular Season,1610612738,203935,C,True,fixture,True,5,
0000000038,2023-24,Regular Season,1610612738,1629057,C-F,False,fixture,True,5,
0000000039,2023-24,Regular Season,1610612744,201939,G,True,fixture,True,5,
0000000039,2023-24,Regular Season,1610612744,202691,G-F,True,fixture,True,5,
0000000039,2023-24,Regular Season,1610612744,203110,F-C,True,fixture,True,5,
0000000039,2023-24,Regular Season,1610612744,1630228,F,True,fixture,True,5,
0000000039,2023-24,Regular Season,1610612744,1626172,C,False,fixture,True,5,
0000000039,2023-24,Regular Season,1610612744,1630541,G,True,fixture,True,5,
0000000039,2023-24,Regular Season,1610612752,1628973,G,True,fixture,True,5,
0000000039,2023-24,Regular Season,1610612752,1626164,C,True,fixture,True,5,
0000000039,2023-24,Regular Season,1610612752,1629628,G-F,True,fixture,True,5,
0000000039,2023-24,Regular Season,1610612752,1630193,G,True,fixture,True,5,
0000000039,2023-24,Regular Season,1610612752,203944,F-C,True,fixture,True,5,
0000000039,2023-24,Regular Season,1610612752,1631216,G,False,fixture,True,5,
0000000040,2023-24,Regular Season,1610612744,201939,G,True,fixture,True,5,
0000000040,2023-24,Regular Season,1610612744,202691,G-F,True,fixture,True,5,
0000000040,2023-24,Regular Season,1610612744,203110,F-C,True,fixture,True,5,
0000000040,2023-24,Regular Season,1610612744,1630228,F,True,fixture,True,5,
0000000040,2023-24,Regular Season,1610612744,1626172,C,False,fixture,True,5,
0000000040,2023-24,Regular Season,1610612744,1630541,G,True,fixture,True,5,
0000000040,2023-24,Regular Season,1610612748,202710,F-G,True,fixture,True,5,
0000000040,2023-24,Regular Season,1610612748,1629639,G,True,fixture,True,5,
0000000040,2023-24,Regular Season,1610612748,202355,C,True,fixture,True,5,
0000000040,2023-24,Regular Season,1610612748,1631107,G-F,True,fixture,True,5,
0000000040,2023-24,Regular Season,1610612748,203482,C-F,True,fixture,True,5,
0000000040,2023-24,Regular Season,1610612748,1630217,F,False,fixture,True,5,
0000000041,2023-24,Regular Season,1610612743,203999,C,True,fixture,True,5,
0000000041,2023-24,Regular Season,1610612743,1627750,G,True,fixture,True,5,
0000000041,2023-24,Regular Season,1610612743,1628420,F,True,fixture,True,5,
0000000041,2023-24,Regular Season,1610612743,1630166,G-F,True,fixture,True,5,
0000000041,2023-24,Regular Season,1610612743,203914,G,True,fixture,True,5,
0000000041,2023-24,Regular Season,1610612743,1631128,F,False,fixture,True,5,
0000000041,2023-24,Regular Season,1610612747,2544,F,True,fixture,True,5,
0000000041,2023-24,Regular Season,1610612747,1629029,G,True,fixture,True,5,
0000000041,2023-24,Regular Season,1610612747,203076,C-F,True,fixture,True,5,
0000000041,2023-24,Regular Season,1610612747,1630559,G,True,fixture,True,5,
0000000041,2023-24,Regular Season,1610612747,1626156,G-F,False,fixture,True,5,
0000000041,2023-24,Regular Season,1610612747,1629020,F,True,fixture,True,5,
0000000042,2023-24,Regular Season,1610612743,203999,C,True,fixture,True,5,
0000000042,2023-24,Regular Season,1610612743,1627750,G,True,fixture,True,5,
0000000042,2023-24,Regular Season,1610612743,1628420,F,True,fixture,True,5,
0000000042,2023-24,Regular Season,1610612743,1630166,G-F,True,fixture,True,5,
0000000042,2023-24,Regular Season,1610612743,203914,G,True,fixture,True,5,
0000000042,2023-24,Regular Season,1610612743,1631128,F,False,fixture,True,5,
0000000042,2023-24,Regular Season,1610612744,201939,G,True,fixture,True,5,
0000000042,2023-24,Regular Season,1610612744,202691,G-F,True,fixture,True,5,
0000000042,2023-24,Regular Season,1610612744,203110,F-C,True,fixture,True,5,
0000000042,2023-24,Regular Season,1610612744,1630228,F,True,fixture,True,5,
0000000042,2023-24,Regular Season,1610612744,1626172,C,False,fixture,True,5,
0000000042,2023-24,Regular Season,1610612744,1630541,G,True,fixture,True,5,
0000000043,2023-24,Regular Season,1610612743,203999,C,True,fixture,True,5,
0000000043,2023-24,Regular Season,1610612743,1627750,G,True,fixture,True,5,
0000000043,2023-24,Regular Season,1610612743,1628420,F,True,fixture,True,5,
0000000043,2023-24,Regular Season,1610612743,1630166,G-F,True,fixture,True,5,
0000000043,2023-24,Regular Season,1610612743,203914,G,True,fixture,True,5,
0000000043,2023-24,Regular Season,1610612743,1631128,F,False,fixture,True,5,
0000000043,2023-24,Regular Season,1610612738,1628369,F,True,fixture,True,5,
0000000043,2023-24,Regular Season,1610612738,1627759,G-F,True,fixture,True,5,
0000000043,2023-24,Regular Season,1610612738,201950,G,True,fixture,True,5,
0000000043,2023-24,Regular Season,1610612738,1628464,G,True,fixture,True,5,
0000000043,2023-24,Regular Season,1610612738,203935,C,True,fixture,True,5,
0000000043,2023-24,Regular Season,1610612738,1629057,C-F,False,fixture,True,5,
0000000044,2023-24,Regular Season,1610612743,203999,C,True,fixture,True,5,
0000000044,2023-24,Regular Season,1610612743,1627750,G,True,fixture,True,5,
0000000044,2023-24,Regular Season,1610612743,1628420,F,True,fixture,True,5,
0000000044,2023-24,Regular Season,1610612743,1630166,G-F,True,fixture,True,5,
0000000044,2023-24,Regular Season,1610612743,203914,G,True,fixture,True,5,
0000000044,2023-24,Regular Season,1610612743,1631128,F,False,fixture,True,5,
0000000044,2023-24,Regular Season,1610612752,1628973,G,True,fixture,True,5,
0000000044,2023-24,Regular Season,1610612752,1626164,C,True,fixture,True,5,
0000000044,2023-24,Regular Season,1610612752,1629628,G-F,True,fixture,True,5,
0000000044,2023-24,Regular Season,1610612752,1630193,G,True,fixture,True,5,
0000000044,2023-24,Regular Season,1610612752,203944,F-C,True,fixture,True,5,
0000000044,2023-24,Regular Season,1610612752,1631216,G,False,fixture,True,5,
0000000045,2023-24,Regular Season,1610612743,203999,C,True,fixture,True,5,
0000000045,2023-24,Regular Season,1610612743,1627750,G,True,fixture,True,5,
0000000045,2023-24,Regular Season,1610612743,1628420,F,True,fixture,True,5,
0000000045,2023-24,Regular Season,1610612743,1630166,G-F,True,fixture,True,5,
0000000045,2023-24,Regular Season,1610612743,203914,G,True,fixture,True,5,
0000000045,2023-24,Regular Season,1610612743,1631128,F,False,fixture,True,5,
0000000045,2023-24,Regular Season,1610612748,202710,F-G,True,fixture,True,5,
0000000045,2023-24,Regular Season,1610612748,1629639,G,True,fixture,True,5,
0000000045,2023-24,Regular Season,1610612748,202355,C,True,fixture,True,5,
0000000045,2023-24,Regular Season,1610612748,1631107,G-F,True,fixture,True,5,
0000000045,2023-24,Regular Season,1610612748,203482,C-F,True,fixture,True,5,
0000000045,2023-24,Regular Season,1610612748,1630217,F,False,fixture,True,5,
0000000046,2023-24,Regular Season,1610612738,1628369,F,True,fixture,True,5,
0000000046,2023-24,Regular Season,1610612738,1627759,G-F,True,fixture,True,5,
0000000046,2023-24,Regular Season,1610612738,201950,G,True,fixture,True,5,
0000000046,2023-24,Regular Season,1610612738,1628464,G,True,fixture,True,5,
0000000046,2023-24,Regular Season,1610612738,203935,C,True,fixture,True,5,
0000000046,2023-24,Regular Season,1610612738,1629057,C-F,False,fixture,True,5,
0000000046,2023-24,Regular Season,1610612747,2544,F,True,fixture,True,5,
0000000046,2023-24,Regular Season,1610612747,1629029,G,True,fixture,True,5,
0000000046,2023-24,Regular Season,1610612747,203076,C-F,True,fixture,True,5,
0000000046,2023-24,Regular Season,1610612747,1630559,G,True,fixture,True,5,
0000000046,2023-24,Regular Season,1610612747,1626156,G-F,False,fixture,True,5,
0000000046,2023-24,Regular Season,1610612747,1629020,F,True,fixture,True,5,
0000000047,2023-24,Regular Season,1610612738,1628369,F,True,fixture,True,5,
0000000047,2023-24,Regular Season,1610612738,1627759,G-F,True,fixture,True,5,
0000000047,2023-24,Regular Season,1610612738,201950,G,True,fixture,True,5,
0000000047,2023-24,Regular Season,1610612738,1628464,G,True,fixture,True,5,
0000000047,2023-24,Regular Season,1610612738,203935,C,True,fixture,True,5,
0000000047,2023-24,Regular Season,1610612738,1629057,C-F,False,fixture,True,5,
0000000047,2023-24,Regular Season,1610612744,201939,G,True,fixture,True,5,
0000000047,2023-24,Regular Season,1610612744,202691,G-F,True,fixture,True,5,
0000000047,2023-24,Regular Season,1610612744,203110,F-C,True,fixture,True,5,
0000000047,2023-24,Regular Season,1610612744,1630228,F,True,fixture,True,5,
0000000047,2023-24,Regular Season,1610612744,1626172,C,False,fixture,True,5,
0000000047,2023-24,Regular Season,1610612744,1630541,G,True,fixture,True,5,
0000000048,2023-24,Regular Season,1610612738,1628369,F,True,fixture,True,5,
0000000048,2023-24,Regular Season,1610612738,1627759,G-F,True,fixture,True,5,
0000000048,2023-24,Regular Season,1610612738,201950,G,True,fixture,True,5,
0000000048,2023-24,Regular Season,1610612738,1628464,G,True,fixture,True,5,
0000000048,2023-24,Regular Season,1610612738,203935,C,True,fixture,True,5,
0000000048,2023-24,Regular Season,1610612738,1629057,C-F,False,fixture,True,5,
0000000048,2023-24,Regular Season,1610612743,203999,C,True,fixture,True,5,
0000000048,2023-24,Regular Season,1610612743,1627750,G,True,fixture,True,5,
0000000048,2023-24,Regular Season,1610612743,1628420,F,True,fixture,True,5,
0000000048,2023-24,Regular Season,1610612743,1630166,G-F,True,fixture,True,5,
0000000048,2023-24,Regular Season,1610612743,203914,G,True,fixture,True,5,
0000000048,2023-24,Regular Season,1610612743,1631128,F,False,fixture,True,5,
0000000049,2023-24,Regular Season,1610612738,1628369,F,True,fixture,True,5,
0000000049,2023-24,Regular Season,1610612738,1627759,G-F,True,fixture,True,5,
0000000049,2023-24,Regular Season,1610612738,201950,G,True,fixture,True,5,
0000000049,2023-24,Regular Season,1610612738,1628464,G,True,fixture,True,5,
0000000049,2023-24,Regular Season,1610612738,203935,C,True,fixture,True,5,
0000000049,2023-24,Regular Season,1610612738,1629057,C-F,False,fixture,True,5,
0000000049,2023-24,Regular Season,1610612752,1628973,G,True,fixture,True,5,
0000000049,2023-24,Regular Season,1610612752,1626164,C,True,fixture,True,5,
0000000049,2023-24,Regular Season,1610612752,1629628,G-F,True,fixture,True,5,
0000000049,2023-24,Regular Season,1610612752,1630193,G,True,fixture,True,5,
0000000049,2023-24,Regular Season,1610612752,203944,F-C,True,fixture,True,5,
0000000049,2023-24,Regular Season,1610612752,1631216,G,False,fixture,True,5,
0000000050,2023-24,Regular Season,1610612738,1628369,F,True,fixture,True,5,
0000000050,2023-24,Regular Season,1610612738,1627759,G-F,True,fixture,True,5,
0000000050,2023-24,Regular Season,1610612738,201950,G,True,fixture,True,5,
0000000050,2023-24,Regular Season,1610612738,1628464,G,True,fixture,True,5,
0000000050,2023-24,Regular Season,1610612738,203935,C,True,fixture,True,5,
0000000050,2023-24,Regular Season,1610612738,1629057,C-F,False,fixture,True,5,
0000000050,2023-24,Regular Season,1610612748,202710,F-G,True,fixture,True,5,
0000000050,2023-24,Regular Season,1610612748,1629639,G,True,fixture,True,5,
0000000050,2023-24,Regular Season,1610612748,202355,C,True,fixture,True,5,
0000000050,2023-24,Regular Season,1610612748,1631107,G-F,True,fixture,True,5,
0000000050,2023-24,Regular Season,1610612748,203482,C-F,True,fixture,True,5,
0000000050,2023-24,Regular Season,1610612748,1630217,F,False,fixture,True,5,
0000000051,2023-24,Regular Season,1610612752,1628973,G,True,fixture,True,5,
0000000051,2023-24,Regular Season,1610612752,1626164,C,True,fixture,True,5,
0000000051,2023-24,Regular Season,1610612752,1629628,G-F,True,fixture,True,5,
0000000051,2023-24,Regular Season,1610612752,1630193,G,True,fixture,True,5,
0000000051,2023-24,Regular Season,1610612752,203944,F-C,True,fixture,True,5,
0000000051,2023-24,Regular Season,1610612752,1631216,G,False,fixture,True,5,
0000000051,2023-24,Regular Season,1610612747,2544,F,True,fixture,True,5,
0000000051,2023-24,Regular Season,1610612747,1629029,G,True,fixture,True,5,
0000000051,2023-24,Regular Season,1610612747,203076,C-F,True,fixture,True,5,
0000000051,2023-24,Regular Season,1610612747,1630559,G,True,fixture,True,5,
0000000051,2023-24,Regular Season,1610612747,1626156,G-F,False,fixture,True,5,
0000000051,2023-24,Regular Season,1610612747,1629020,F,True,fixture,True,5,
0000000052,2023-24,Regular Season,1610612752,1628973,G,True,fixture,True,5,
0000000052,2023-24,Regular Season,1610612752,1626164,C,True,fixture,True,5,
0000000052,2023-24,Regular Season,1610612752,1629628,G-F,True,fixture,True,5,
0000000052,2023-24,Regular Season,1610612752,1630193,G,True,fixture,True,5,
0000000052,2023-24,Regular Season,1610612752,203944,F-C,True,fixture,True,5,
0000000052,2023-24,Regular Season,1610612752,1631216,G,False,fixture,True,5,
0000000052,2023-24,Regular Season,1610612744,201939,G,True,fixture,True,5,
0000000052,2023-24,Regular Season,1610612744,202691,G-F,True,fixture,True,5,
0000000052,2023-24,Regular Season,1610612744,203110,F-C,True,fixture,True,5,
0000000052,2023-24,Regular Season,1610612744,1630228,F,True,fixture,True,5,
0000000052,2023-24,Regular Season,1610612744,1626172,C,False,fixture,True,5,
0000000052,2023-24,Regular Season,1610612744,1630541,G,True,fixture,True,5,
0000000053,2023-24,Regular Season,1610612752,1628973,G,True,fixture,True,5,
0000000053,2023-24,Regular Season,1610612752,1626164,C,True,fixture,True,5,
0000000053,2023-24,Regular Season,1610612752,1629628,G-F,True,fixture,True,5,
0000000053,2023-24,Regular Season,1610612752,1630193,G,True,fixture,True,5,
0000000053,2023-24,Regular Season,1610612752,203944,F-C,True,fixture,True,5,
0000000053,2023-24,Regular Season,1610612752,1631216,G,False,fixture,True,5,
0000000053,2023-24,Regular Season,1610612743,203999,C,True,fixture,True,5,
0000000053,2023-24,Regular Season,1610612743,1627750,G,True,fixture,True,5,
0000000053,2023-24,Regular Season,1610612743,1628420,F,True,fixture,True,5,
0000000053,2023-24,Regular Season,1610612743,1630166,G-F,True,fixture,True,5,
0000000053,2023-24,Regular Season,1610612743,203914,G,True,fixture,True,5,
0000000053,2023-24,Regular Season,1610612743,1631128,F,False,fixture,True,5,
0000000054,2023-24,Regular Season,1610612752,1628973,G,True,fixture,True,5,
0000000054,2023-24,Regular Season,1610612752,1626164,C,True,fixture,True,5,
0000000054,2023-24,Regular Season,1610612752,1629628,G-F,True,fixture,True,5,
0000000054,2023-24,Regular Season,1610612752,1630193,G,True,fixture,True,5,
0000000054,2023-24,Regular Season,1610612752,203944,F-C,True,fixture,True,5,
0000000054,2023-24,Regular Season,1610612752,1631216,G,False,fixture,True,5,
0000000054,2023-24,Regular Season,1610612738,1628369,F,True,fixture,True,5,
0000000054,2023-24,Regular Season,1610612738,1627759,G-F,True,fixture,True,5,
0000000054,2023-24,Regular Season,1610612738,201950,G,True,fixture,True,5,
0000000054,2023-24,Regular Season,1610612738,1628464,G,True,fixture,True,5,
0000000054,2023-24,Regular Season,1610612738,203935,C,True,fixture,True,5,
0000000054,2023-24,Regular Season,1610612738,1629057,C-F,False,fixture,True,5,
0000000055,2023-24,Regular Season,1610612752,1628973,G,True,fixture,True,5,
0000000055,2023-24,Regular Season,1610612752,1626164,C,True,fixture,True,5,
0000000055,2023-24,Regular Season,1610612752,1629628,G-F,True,fixture,True,5,
0000000055,2023-24,Regular Season,1610612752,1630193,G,True,fixture,True,5,
0000000055,2023-24,Regular Season,1610612752,203944,F-C,True,fixture,True,5,
0000000055,2023-24,Regular Season,1610612752,1631216,G,False,fixture,True,5,
0000000055,2023-24,Regular Season,1610612748,202710,F-G,True,fixture,True,5,
0000000055,2023-24,Regular Season,1610612748,1629639,G,True,fixture,True,5,
0000000055,2023-24,Regular Season,1610612748,202355,C,True,fixture,True,5,
0000000055,2023-24,Regular Season,1610612748,1631107,G-F,True,fixture,True,5,
0000000055,2023-24,Regular Season,1610612748,203482,C-F,True,fixture,True,5,
0000000055,2023-24,Regular Season,1610612748,1630217,F,False,fixture,True,5,
0000000056,2023-24,Regular Season,1610612748,202710,F-G,True,fixture,True,5,
0000000056,2023-24,Regular Season,1610612748,1629639,G,True,fixture,True,5,
0000000056,2023-24,Regular Season,1610612748,202355,C,True,fixture,True,5,
0000000056,2023-24,Regular Season,1610612748,1631107,G-F,True,fixture,True,5,
0000000056,2023-24,Regular Season,1610612748,203482,C-F,True,fixture,True,5,
0000000056,2023-24,Regular Season,1610612748,1630217,F,False,fixture,True,5,
0000000056,2023-24,Regular Season,1610612747,2544,F,True,fixture,True,5,
0000000056,2023-24,Regular Season,1610612747,1629029,G,True,fixture,True,5,
0000000056,2023-24,Regular Season,1610612747,203076,C-F,True,fixture,True,5,
0000000056,2023-24,Regular Season,1610612747,1630559,G,True,fixture,True,5,
0000000056,2023-24,Regular Season,1610612747,1626156,G-F,False,fixture,True,5,
0000000056,2023-24,Regular Season,1610612747,1629020,F,True,fixture,True,5,
0000000057,2023-24,Regular Season,1610612748,202710,F-G,True,fixture,True,5,
0000000057,2023-24,Regular Season,1610612748,1629639,G,True,fixture,True,5,
0000000057,2023-24,Regular Season,1610612748,202355,C,True,fixture,True,5,
0000000057,2023-24,Regular Season,1610612748,1631107,G-F,True,fixture,True,5,
0000000057,2023-24,Regular Season,1610612748,203482,C-F,True,fixture,True,5,
0000000057,2023-24,Regular Season,1610612748,1630217,F,False,fixture,True,5,
0000000057,2023-24,Regular Season,1610612744,201939,G,True,fixture,True,5,
0000000057,2023-24,Regular Season,1610612744,202691,G-F,True,fixture,True,5,
0000000057,2023-24,Regular Season,1610612744,203110,F-C,True,fixture,True,5,
0000000057,2023-24,Regular Season,1610612744,1630228,F,True,fixture,True,5,
0000000057,2023-24,Regular Season,1610612744,1626172,C,False,fixture,True,5,
0000000057,2023-24,Regular Season,1610612744,1630541,G,True,fixture,True,5,
0000000058,2023-24,Regular Season,1610612748,202710,F-G,True,fixture,True,5,
0000000058,2023-24,Regular Season,1610612748,1629639,G,True,fixture,True,5,
0000000058,2023-24,Regular Season,1610612748,202355,C,True,fixture,True,5,
0000000058,2023-24,Regular Season,1610612748,1631107,G-F,True,fixture,True,5,
0000000058,2023-24,Regular Season,1610612748,203482,C-F,True,fixture,True,5,
0000000058,2023-24,Regular Season,1610612748,1630217,F,False,fixture,True,5,
0000000058,2023-24,Regular Season,1610612743,203999,C,True,fixture,True,5,
0000000058,2023-24,Regular Season,1610612743,1627750,G,True,fixture,True,5,
0000000058,2023-24,Regular Season,1610612743,1628420,F,True,fixture,True,5,
0000000058,2023-24,Regular Season,1610612743,1630166,G-F,True,fixture,True,5,
0000000058,2023-24,Regular Season,1610612743,203914,G,True,fixture,True,5,
0000000058,2023-24,Regular Season,1610612743,1631128,F,False,fixture,True,5,
0000000059,2023-24,Regular Season,1610612748,202710,F-G,True,fixture,True,5,
0000000059,2023-24,Regular Season,1610612748,1629639,G,True,fixture,True,5,
0000000059,2023-24,Regular Season,1610612748,202355,C,True,fixture,True,5,
0000000059,2023-24,Regular Season,1610612748,1631107,G-F,True,fixture,True,5,
0000000059,2023-24,Regular Season,1610612748,203482,C-F,True,fixture,True,5,
0000000059,2023-24,Regular Season,1610612748,1630217,F,False,fixture,True,5,
0000000059,2023-24,Regular Season,1610612738,1628369,F,True,fixture,True,5,
0000000059,2023-24,Regular Season,1610612738,1627759,G-F,True,fixture,True,5,
0000000059,2023-24,Regular Season,1610612738,201950,G,True,fixture,True,5,
0000000059,2023-24,Regular Season,1610612738,1628464,G,True,fixture,True,5,
0000000059,2023-24,Regular Season,1610612738,203935,C,True,fixture,True,5,
0000000059,2023-24,Regular Season,1610612738,1629057,C-F,False,fixture,True,5,
0000000060,2023-24,Regular Season,1610612748,202710,F-G,True,fixture,True,5,
0000000060,2023-24,Regular Season,1610612748,1629639,G,True,fixture,True,5,
0000000060,2023-24,Regular Season,1610612748,202355,C,True,fixture,True,5,
0000000060,2023-24,Regular Season,1610612748,1631107,G-F,True,fixture,True,5,
0000000060,2023-24,Regular Season,1610612748,203482,C-F,True,fixture,True,5,
0000000060,2023-24,Regular Season,1610612748,1630217,F,False,fixture,True,5,
0000000060,2023-24,Regular Season,1610612752,1628973,G,True,fixture,True,5,
0000000060,2023-24,Regular Season,1610612752,1626164,C,True,fixture,True,5,
0000000060,2023-24,Regular Season,1610612752,1629628,G-F,True,fixture,True,5,
0000000060,2023-24,Regular Season,1610612752,1630193,G,True,fixture,True,5,
0000000060,2023-24,Regular Season,1610612752,203944,F-C,True,fixture,True,5,
0000000060,2023-24,Regular Season,1610612752,1631216,G,False,fixture,True,5,
0000000061,2023-24,Regular Season,1610612747,2544,F,True,fixture,True,5,
0000000061,2023-24,Regular Season,1610612747,1629029,G,True,fixture,True,5,
0000000061,2023-24,Regular Season,1610612747,203076,C-F,True,fixture,True,5,
0000000061,2023-24,Regular Season,1610612747,1630559,G,True,fixture,True,5,
0000000061,2023-24,Regular Season,1610612747,1626156,G-F,False,fixture,True,5,
0000000061,2023-24,Regular Season,1610612747,1629020,F,True,fixture,True,5,
0000000061,2023-24,Regular Season,1610612744,201939,G,True,fixture,True,5,
0000000061,2023-24,Regular Season,1610612744,202691,G-F,True,fixture,True,5,
0000000061,2023-24,Regular Season,1610612744,203110,F-C,True,fixture,True,5,
0000000061,2023-24,Regular Season,1610612744,1630228,F,True,fixture,True,5,
0000000061,2023-24,Regular Season,1610612744,1626172,C,False,fixture,True,5,
0000000061,2023-24,Regular Season,1610612744,1630541,G,True,fixture,True,5,
0000000062,2023-24,Regular Season,1610612747,2544,F,True,fixture,True,5,
0000000062,2023-24,Regular Season,1610612747,1629029,G,True,fixture,True,5,
0000000062,2023-24,Regular Season,1610612747,203076,C-F,True,fixture,True,5,
0000000062,2023-24,Regular Season,1610612747,1630559,G,True,fixture,True,5,
0000000062,2023-24,Regular Season,1610612747,1626156,G-F,False,fixture,True,5,
0000000062,2023-24,Regular Season,1610612747,1629020,F,True,fixture,True,5,
0000000062,2023-24,Regular Season,1610612743,203999,C,True,fixture,True,5,
0000000062,2023-24,Regular Season,1610612743,1627750,G,True,fixture,True,5,
0000000062,2023-24,Regular Season,1610612743,1628420,F,True,fixture,True,5,
0000000062,2023-24,Regular Season,1610612743,1630166,G-F,True,fixture,True,5,
0000000062,2023-24,Regular Season,1610612743,203914,G,True,fixture,True,5,
0000000062,2023-24,Regular Season,1610612743,1631128,F,False,fixture,True,5,
0000000063,2023-24,Regular Season,1610612747,2544,F,True,fixture,True,5,
0000000063,2023-24,Regular Season,1610612747,1629029,G,True,fixture,True,5,
0000000063,2023-24,Regular Season,1610612747,203076,C-F,True,fixture,True,5,
0000000063,2023-24,Regular Season,1610612747,1630559,G,True,fixture,True,5,
0000000063,2023-24,Regular Season,1610612747,1626156,G-F,False,fixture,True,5,
0000000063,2023-24,Regular Season,1610612747,1629020,F,True,fixture,True,5,
0000000063,2023-24,Regular Season,1610612738,1628369,F,True,fixture,True,5,
0000000063,2023-24,Regular Season,1610612738,1627759,G-F,True,fixture,True,5,
0000000063,2023-24,Regular Season,1610612738,201950,G,True,fixture,True,5,
0000000063,2023-24,Regular Season,1610612738,1628464,G,True,fixture,True,5,
0000000063,2023-24,Regular Season,1610612738,203935,C,True,fixture,True,5,
0000000063,2023-24,Regular Season,1610612738,1629057,C-F,False,fixture,True,5,
0000000064,2023-24,Regular Season,1610612747,2544,F,True,fixture,True,5,
0000000064,2023-24,Regular Season,1610612747,1629029,G,True,fixture,True,5,
0000000064,2023-24,Regular Season,1610612747,203076,C-F,True,fixture,True,5,
0000000064,2023-24,Regular Season,1610612747,1630559,G,True,fixture,True,5,
0000000064,2023-24,Regular Season,1610612747,1626156,G-F,False,fixture,True,5,
0000000064,2023-24,Regular Season,1610612747,1629020,F,True,fixture,True,5,
0000000064,2023-24,Regular Season,1610612752,1628973,G,True,fixture,True,5,
0000000064,2023-24,Regular Season,1610612752,1626164,C,True,fixture,True,5,
0000000064,2023-24,Regular Season,1610612752,1629628,G-F,True,fixture,True,5,
0000000064,2023-24,Regular Season,1610612752,1630193,G,True,fixture,True,5,
0000000064,2023-24,Regular Season,1610612752,203944,F-C,True,fixture,True,5,
0000000064,2023-24,Regular Season,1610612752,1631216,G,False,fixture,True,5,
0000000065,2023-24,Regular Season,1610612747,2544,F,True,fixture,True,5,
0000000065,2023-24,Regular Season,1610612747,1629029,G,True,fixture,True,5,
0000000065,2023-24,Regular Season,1610612747,203076,C-F,True,fixture,True,5,
0000000065,2023-24,Regular Season,1610612747,1630559,G,True,fixture,True,5,
0000000065,2023-24,Regular Season,1610612747,1626156,G-F,False,fixture,True,5,
0000000065,2023-24,Regular Season,1610612747,1629020,F,True,fixture,True,5,
0000000065,2023-24,Regular Season,1610612748,202710,F-G,True,fixture,True,5,
0000000065,2023-24,Regular Season,1610612748,1629639,G,True,fixture,True,5,
0000000065,2023-24,Regular Season,1610612748,202355,C,True,fixture,True,5,
0000000065,2023-24,Regular Season,1610612748,1631107,G-F,True,fixture,True,5,
0000000065,2023-24,Regular Season,1610612748,203482,C-F,True,fixture,True,5,
0000000065,2023-24,Regular Season,1610612748,1630217,F,False,fixture,True,5,
0000000066,2023-24,Regular Season,1610612744,201939,G,True,fixture,True,5,
0000000066,2023-24,Regular Season,1610612744,202691,G-F,True,fixture,True,5,
0000000066,2023-24,Regular Season,1610612744,203110,F-C,True,fixture,True,5,
0000000066,2023-24,Regular Season,1610612744,1630228,F,True,fixture,True,5,
0000000066,2023-24,Regular Season,1610612744,1626172,C,False,fixture,True,5,
0000000066,2023-24,Regular Season,1610612744,1630541,G,True,fixture,True,5,
0000000066,2023-24,Regular Season,1610612747,2544,F,True,fixture,True,5,
0000000066,2023-24,Regular Season,1610612747,1629029,G,True,fixture,True,5,
0000000066,2023-24,Regular Season,1610612747,203076,C-F,True,fixture,True,5,
0000000066,2023-24,Regular Season,1610612747,1630559,G,True,fixture,True,5,
0000000066,2023-24,Regular Season,1610612747,1626156,G-F,False,fixture,True,5,
0000000066,2023-24,Regular Season,1610612747,1629020,F,True,fixture,True,5,
0000000067,2023-24,Regular Season,1610612744,201939,G,True,fixture,True,5,
0000000067,2023-24,Regular Season,1610612744,202691,G-F,True,fixture,True,5,
0000000067,2023-24,Regular Season,1610612744,203110,F-C,True,fixture,True,5,
0000000067,2023-24,Regular Season,1610612744,1630228,F,True,fixture,True,5,
0000000067,2023-24,Regular Season,1610612744,1626172,C,False,fixture,True,5,
0000000067,2023-24,Regular Season,1610612744,1630541,G,True,fixture,True,5,
0000000067,2023-24,Regular Season,1610612743,203999,C,True,fixture,True,5,
0000000067,2023-24,Regular Season,1610612743,1627750,G,True,fixture,True,5,
0000000067,2023-24,Regular Season,1610612743,1628420,F,True,fixture,True,5,
0000000067,2023-24,Regular Season,1610612743,1630166,G-F,True,fixture,True,5,
0000000067,2023-24,Regular Season,1610612743,203914,G,True,fixture,True,5,
0000000067,2023-24,Regular Season,1610612743,1631128,F,False,fixture,True,5,
0000000068,2023-24,Regular Season,1610612744,201939,G,True,fixture,True,5,
0000000068,2023-24,Regular Season,1610612744,202691,G-F,True,fixture,True,5,
0000000068,2023-24,Regular Season,1610612744,203110,F-C,True,fixture,True,5,
0000000068,2023-24,Regular Season,1610612744,1630228,F,True,fixture,True,5,
0000000068,2023-24,Regular Season,1610612744,1626172,C,False,fixture,True,5,
0000000068,2023-24,Regular Season,1610612744,1630541,G,True,fixture,True,5,
0000000068,2023-24,Regular Season,1610612738,1628369,F,True,fixture,True,5,
0000000068,2023-24,Regular Season,1610612738,1627759,G-F,True,fixture,True,5,
0000000068,2023-24,Regular Season,1610612738,201950,G,True,fixture,True,5,
0000000068,2023-24,Regular Season,1610612738,1628464,G,True,fixture,True,5,
0000000068,2023-24,Regular Season,1610612738,203935,C,True,fixture,True,5,
0000000068,2023-24,Regular Season,1610612738,1629057,C-F,False,fixture,True,5,
0000000069,2023-24,Regular Season,1610612744,201939,G,True,fixture,True,5,
0000000069,2023-24,Regular Season,1610612744,202691,G-F,True,fixture,True,5,
0000000069,2023-24,Regular Season,1610612744,203110,F-C,True,fixture,True,5,
0000000069,2023-24,Regular Season,1610612744,1630228,F,True,fixture,True,5,
0000000069,2023-24,Regular Season,1610612744,1626172,C,False,fixture,True,5,
0000000069,2023-24,Regular Season,1610612744,1630541,G,True,fixture,True,5,
0000000069,2023-24,Regular Season,1610612752,1628973,G,True,fixture,True,5,
0000000069,2023-24,Regular Season,1610612752,1626164,C,True,fixture,True,5,
0000000069,2023-24,Regular Season,1610612752,1629628,G-F,True,fixture,True,5,
0000000069,2023-24,Regular Season,1610612752,1630193,G,True,fixture,True,5,
0000000069,2023-24,Regular Season,1610612752,203944,F-C,True,fixture,True,5,
0000000069,2023-24,Regular Season,1610612752,1631216,G,False,fixture,True,5,
0000000070,2023-24,Regular Season,1610612744,201939,G,True,fixture,True,5,
0000000070,2023-24,Regular Season,1610612744,202691,G-F,True,fixture,True,5,
0000000070,2023-24,Regular Season,1610612744,203110,F-C,True,fixture,True,5,
0000000070,2023-24,Regular Season,1610612744,1630228,F,True,fixture,True,5,
0000000070,2023-24,Regular Season,1610612744,1626172,C,False,fixture,True,5,
0000000070,2023-24,Regular Season,1610612744,1630541,G,True,fixture,True,5,
0000000070,2023-24,Regular Season,1610612748,202710,F-G,True,fixture,True,5,
0000000070,2023-24,Regular Season,1610612748,1629639,G,True,fixture,True,5,
0000000070,2023-24,Regular Season,1610612748,202355,C,True,fixture,True,5,
0000000070,2023-24,Regular Season,1610612748,1631107,G-F,True,fixture,True,5,
0000000070,2023-24,Regular Season,1610612748,203482,C-F,True,fixture,True,5,
0000000070,2023-24,Regular Season,1610612748,1630217,F,False,fixture,True,5,
0000000071,2023-24,Regular Season,1610612743,203999,C,True,fixture,True,5,
0000000071,2023-24,Regular Season,1610612743,1627750,G,True,fixture,True,5,
0000000071,2023-24,Regular Season,1610612743,1628420,F,True,fixture,True,5,
0000000071,2023-24,Regular Season,1610612743,1630166,G-F,True,fixture,True,5,
0000000071,2023-24,Regular Season,1610612743,203914,G,True,fixture,True,5,
0000000071,2023-24,Regular Season,1610612743,1631128,F,False,fixture,True,5,
0000000071,2023-24,Regular Season,1610612747,2544,F,True,fixture,True,5,
0000000071,2023-24,Regular Season,1610612747,1629029,G,True,fixture,True,5,
0000000071,2023-24,Regular Season,1610612747,203076,C-F,True,fixture,True,5,
0000000071,2023-24,Regular Season,1610612747,1630559,G,True,fixture,True,5,
0000000071,2023-24,Regular Season,1610612747,1626156,G-F,False,fixture,True,5,
0000000071,2023-24,Regular Season,1610612747,1629020,F,True,fixture,True,5,
0000000072,2023-24,Regular Season,1610612743,203999,C,True,fixture,True,5,
0000000072,2023-24,Regular Season,1610612743,1627750,G,True,fixture,True,5,
0000000072,2023-24,Regular Season,1610612743,1628420,F,True,fixture,True,5,
0000000072,2023-24,Regular Season,1610612743,1630166,G-F,True,fixture,True,5,
0000000072,2023-24,Regular Season,1610612743,203914,G,True,fixture,True,5,
0000000072,2023-24,Regular Season,1610612743,1631128,F,False,fixture,True,5,
0000000072,2023-24,Regular Season,1610612744,201939,G,True,fixture,True,5,
0000000072,2023-24,Regular Season,1610612744,202691,G-F,True,fixture,True,5,
0000000072,2023-24,Regular Season,1610612744,203110,F-C,True,fixture,True,5,
0000000072,2023-24,Regular Season,1610612744,1630228,F,True,fixture,True,5,
0000000072,2023-24,Regular Season,1610612744,1626172,C,False,fixture,True,5,
0000000072,2023-24,Regular Season,1610612744,1630541,G,True,fixture,True,5,
0000000073,2023-24,Regular Season,1610612743,203999,C,True,fixture,True,5,
0000000073,2023-24,Regular Season,1610612743,1627750,G,True,fixture,True,5,
0000000073,2023-24,Regular Season,1610612743,1628420,F,True,fixture,True,5,
0000000073,2023-24,Regular Season,1610612743,1630166,G-F,True,fixture,True,5,
0000000073,2023-24,Regular Season,1610612743,203914,G,True,fixture,True,5,
0000000073,2023-24,Regular Season,1610612743,1631128,F,False,fixture,True,5,
0000000073,2023-24,Regular Season,1610612738,1628369,F,True,fixture,True,5,
0000000073,2023-24,Regular Season,1610612738,1627759,G-F,True,fixture,True,5,
0000000073,2023-24,Regular Season,1610612738,201950,G,True,fixture,True,5,
0000000073,2023-24,Regular Season,1610612738,1628464,G,True,fixture,True,5,
0000000073,2023-24,Regular Season,1610612738,203935,C,True,fixture,True,5,
0000000073,2023-24,Regular Season,1610612738,1629057,C-F,False,fixture,True,5,
0000000074,2023-24,Regular Season,1610612743,203999,C,True,fixture,True,5,
0000000074,2023-24,Regular Season,1610612743,1627750,G,True,fixture,True,5,
0000000074,2023-24,Regular Season,1610612743,1628420,F,True,fixture,True,5,
0000000074,2023-24,Regular Season,1610612743,1630166,G-F,True,fixture,True,5,
0000000074,2023-24,Regular Season,1610612743,203914,G,True,fixture,True,5,
0000000074,2023-24,Regular Season,1610612743,1631128,F,False,fixture,True,5,
0000000074,2023-24,Regular Season,1610612752,1628973,G,True,fixture,True,5,
0000000074,2023-24,Regular Season,1610612752,1626164,C,True,fixture,True,5,
0000000074,2023-24,Regular Season,1610612752,1629628,G-F,True,fixture,True,5,
0000000074,2023-24,Regular Season,1610612752,1630193,G,True,fixture,True,5,
0000000074,2023-24,Regular Season,1610612752,203944,F-C,True,fixture,True,5,
0000000074,2023-24,Regular Season,1610612752,1631216,G,False,fixture,True,5,
0000000075,2023-24,Regular Season,1610612743,203999,C,True,fixture,True,5,
0000000075,2023-24,Regular Season,1610612743,1627750,G,True,fixture,True,5,
0000000075,2023-24,Regular Season,1610612743,1628420,F,True,fixture,True,5,
0000000075,2023-24,Regular Season,1610612743,1630166,G-F,True,fixture,True,5,
0000000075,2023-24,Regular Season,1610612743,203914,G,True,fixture,True,5,
0000000075,2023-24,Regular Season,1610612743,1631128,F,False,fixture,True,5,
0000000075,2023-24,Regular Season,1610612748,202710,F-G,True,fixture,True,5,
0000000075,2023-24,Regular Season,1610612748,1629639,G,True,fixture,True,5,
0000000075,2023-24,Regular Season,1610612748,202355,C,True,fixture,True,5,
0000000075,2023-24,Regular Season,1610612748,1631107,G-F,True,fixture,True,5,
0000000075,2023-24,Regular Season,1610612748,203482,C-F,True,fixture,True,5,
0000000075,2023-24,Regular Season,1610612748,1630217,F,False,fixture,True,5,
0000000076,2023-24,Regular Season,1610612738,1628369,F,True,fixture,True,5,
0000000076,2023-24,Regular Season,1610612738,1627759,G-F,True,fixture,True,5,
0000000076,2023-24,Regular Season,1610612738,201950,G,True,fixture,True,5,
0000000076,2023-24,Regular Season,1610612738,1628464,G,True,fixture,True,5,
0000000076,2023-24,Regular Season,1610612738,203935,C,True,fixture,True,5,
0000000076,2023-24,Regular Season,1610612738,1629057,C-F,False,fixture,True,5,
0000000076,2023-24,Regular Season,1610612747,2544,F,True,fixture,True,5,
0000000076,2023-24,Regular Season,1610612747,1629029,G,True,fixture,True,5,
0000000076,2023-24,Regular Season,1610612747,203076,C-F,True,fixture,True,5,
0000000076,2023-24,Regular Season,1610612747,1630559,G,True,fixture,True,5,
0000000076,2023-24,Regular Season,1610612747,1626156,G-F,False,fixture,True,5,
0000000076,2023-24,Regular Season,1610612747,1629020,F,True,fixture,True,5,
0000000077,2023-24,Regular Season,1610612738,1628369,F,True,fixture,True,5,
0000000077,2023-24,Regular Season,1610612738,1627759,G-F,True,fixture,True,5,
0000000077,2023-24,Regular Season,1610612738,201950,G,True,fixture,True,5,
0000000077,2023-24,Regular Season,1610612738,1628464,G,True,fixture,True,5,
0000000077,2023-24,Regular Season,1610612738,203935,C,True,fixture,True,5,
0000000077,2023-24,Regular Season,1610612738,1629057,C-F,False,fixture,True,5,
0000000077,2023-24,Regular Season,1610612744,201939,G,True,fixture,True,5,
0000000077,2023-24,Regular Season,1610612744,202691,G-F,True,fixture,True,5,
0000000077,2023-24,Regular Season,1610612744,203110,F-C,True,fixture,True,5,
0000000077,2023-24,Regular Season,1610612744,1630228,F,True,fixture,True,5,
0000000077,2023-24,Regular Season,1610612744,1626172,C,False,fixture,True,5,
0000000077,2023-24,Regular Season,1610612744,1630541,G,True,fixture,True,5,
0000000078,2023-24,Regular Season,1610612738,1628369,F,True,fixture,True,5,
0000000078,2023-24,Regular Season,1610612738,1627759,G-F,True,fixture,True,5,
0000000078,2023-24,Regular Season,1610612738,201950,G,True,fixture,True,5,
0000000078,2023-24,Regular Season,1610612738,1628464,G,True,fixture,True,5,
0000000078,2023-24,Regular Season,1610612738,203935,C,True,fixture,True,5,
0000000078,2023-24,Regular Season,1610612738,1629057,C-F,False,fixture,True,5,
0000000078,2023-24,Regular Season,1610612743,203999,C,True,fixture,True,5,
0000000078,2023-24,Regular Season,1610612743,1627750,G,True,fixture,True,5,
0000000078,2023-24,Regular Season,1610612743,1628420,F,True,fixture,True,5,
0000000078,2023-24,Regular Season,1610612743,1630166,G-F,True,fixture,True,5,
0000000078,2023-24,Regular Season,1610612743,203914,G,True,fixture,True,5,
0000000078,2023-24,Regular Season,1610612743,1631128,F,False,fixture,True,5,
0000000079,2023-24,Regular Season,1610612738,1628369,F,True,fixture,True,5,
0000000079,2023-24,Regular Season,1610612738,1627759,G-F,True,fixture,True,5,
0000000079,2023-24,Regular Season,1610612738,201950,G,True,fixture,True,5,
0000000079,2023-24,Regular Season,1610612738,1628464,G,True,fixture,True,5,
0000000079,2023-24,Regular Season,1610612738,203935,C,True,fixture,True,5,
0000000079,2023-24,Regular Season,1610612738,1629057,C-F,False,fixture,True,5,
0000000079,2023-24,Regular Season,1610612752,1628973,G,True,fixture,True,5,
0000000079,2023-24,Regular Season,1610612752,1626164,C,True,fixture,True,5,
0000000079,2023-24,Regular Season,1610612752,1629628,G-F,True,fixture,True,5,
0000000079,2023-24,Regular Season,1610612752,1630193,G,True,fixture,True,5,
0000000079,2023-24,Regular Season,1610612752,203944,F-C,True,fixture,True,5,
0000000079,2023-24,Regular Season,1610612752,1631216,G,False,fixture,True,5,
0000000080,2023-24,Regular Season,1610612738,1628369,F,True,fixture,True,5,
0000000080,2023-24,Regular Season,1610612738,1627759,G-F,True,fixture,True,5,
0000000080,2023-24,Regular Season,1610612738,201950,G,True,fixture,True,5,
0000000080,2023-24,Regular Season,1610612738,1628464,G,True,fixture,True,5,
0000000080,2023-24,Regular Season,1610612738,203935,C,True,fixture,True,5,
0000000080,2023-24,Regular Season,1610612738,1629057,C-F,False,fixture,True,5,
0000000080,2023-24,Regular Season,1610612748,202710,F-G,True,fixture,True,5,
0000000080,2023-24,Regular Season,1610612748,1629639,G,True,fixture,True,5,
0000000080,2023-24,Regular Season,1610612748,202355,C,True,fixture,True,5,
0000000080,2023-24,Regular Season,1610612748,1631107,G-F,True,fixture,True,5,
0000000080,2023-24,Regular Season,1610612748,203482,C-F,True,fixture,True,5,
0000000080,2023-24,Regular Season,1610612748,1630217,F,False,fixture,True,5,
0000000081,2023-24,Regular Season,1610612752,1628973,G,True,fixture,True,5,
0000000081,2023-24,Regular Season,1610612752,1626164,C,True,fixture,True,5,
0000000081,2023-24,Regular Season,1610612752,1629628,G-F,True,fixture,True,5,
0000000081,2023-24,Regular Season,1610612752,1630193,G,True,fixture,True,5,
0000000081,2023-24,Regular Season,1610612752,203944,F-C,True,fixture,True,5,
0000000081,2023-24,Regular Season,1610612752,1631216,G,False,fixture,True,5,
0000000081,2023-24,Regular Season,1610612747,2544,F,True,fixture,True,5,
0000000081,2023-24,Regular Season,1610612747,1629029,G,True,fixture,True,5,
0000000081,2023-24,Regular Season,1610612747,203076,C-F,True,fixture,True,5,
0000000081,2023-24,Regular Season,1610612747,1630559,G,True,fixture,True,5,
0000000081,2023-24,Regular Season,1610612747,1626156,G-F,False,fixture,True,5,
0000000081,2023-24,Regular Season,1610612747,1629020,F,True,fixture,True,5,
0000000082,2023-24,Regular Season,1610612752,1628973,G,True,fixture,True,5,
0000000082,2023-24,Regular Season,1610612752,1626164,C,True,fixture,True,5,
0000000082,2023-24,Regular Season,1610612752,1629628,G-F,True,fixture,True,5,
0000000082,2023-24,Regular Season,1610612752,1630193,G,True,fixture,True,5,
0000000082,2023-24,Regular Season,1610612752,203944,F-C,True,fixture,True,5,
0000000082,2023-24,Regular Season,1610612752,1631216,G,False,fixture,True,5,
0000000082,2023-24,Regular Season,1610612744,201939,G,True,fixture,True,5,
0000000082,2023-24,Regular Season,1610612744,202691,G-F,True,fixture,True,5,
0000000082,2023-24,Regular Season,1610612744,203110,F-C,True,fixture,True,5,
0000000082,2023-24,Regular Season,1610612744,1630228,F,True,fixture,True,5,
0000000082,2023-24,Regular Season,1610612744,1626172,C,False,fixture,True,5,
0000000082,2023-24,Regular Season,1610612744,1630541,G,True,fixture,True,5,
0000000083,2023-24,Regular Season,1610612752,1628973,G,True,fixture,True,5,
0000000083,2023-24,Regular Season,1610612752,1626164,C,True,fixture,True,5,
0000000083,2023-24,Regular Season,1610612752,1629628,G-F,True,fixture,True,5,
0000000083,2023-24,Regular Season,1610612752,1630193,G,True,fixture,True,5,
0000000083,2023-24,Regular Season,1610612752,203944,F-C,True,fixture,True,5,
0000000083,2023-24,Regular Season,1610612752,1631216,G,False,fixture,True,5,
0000000083,2023-24,Regular Season,1610612743,203999,C,True,fixture,True,5,
0000000083,2023-24,Regular Season,1610612743,1627750,G,True,fixture,True,5,
0000000083,2023-24,Regular Season,1610612743,1628420,F,True,fixture,True,5,
0000000083,2023-24,Regular Season,1610612743,1630166,G-F,True,fixture,True,5,
0000000083,2023-24,Regular Season,1610612743,203914,G,True,fixture,True,5,
0000000083,2023-24,Regular Season,1610612743,1631128,F,False,fixture,True,5,
0000000084,2023-24,Regular Season,1610612752,1628973,G,True,fixture,True,5,
0000000084,2023-24,Regular Season,1610612752,1626164,C,True,fixture,True,5,
0000000084,2023-24,Regular Season,1610612752,1629628,G-F,True,fixture,True,5,
0000000084,2023-24,Regular Season,1610612752,1630193,G,True,fixture,True,5,
0000000084,2023-24,Regular Season,1610612752,203944,F-C,True,fixture,True,5,
0000000084,2023-24,Regular Season,1610612752,1631216,G,False,fixture,True,5,
0000000084,2023-24,Regular Season,1610612738,1628369,F,True,fixture,True,5,
0000000084,2023-24,Regular Season,1610612738,1627759,G-F,True,fixture,True,5,
0000000084,2023-24,Regular Season,1610612738,201950,G,True,fixture,True,5,
0000000084,2023-24,Regular Season,1610612738,1628464,G,True,fixture,True,5,
0000000084,2023-24,Regular Season,1610612738,203935,C,True,fixture,True,5,
0000000084,2023-24,Regular Season,1610612738,1629057,C-F,False,fixture,True,5,
0000000085,2023-24,Regular Season,1610612752,1628973,G,True,fixture,True,5,
0000000085,2023-24,Regular Season,1610612752,1626164,C,True,fixture,True,5,
0000000085,2023-24,Regular Season,1610612752,1629628,G-F,True,fixture,True,5,
0000000085,2023-24,Regular Season,1610612752,1630193,G,True,fixture,True,5,
0000000085,2023-24,Regular Season,1610612752,203944,F-C,True,fixture,True,5,
0000000085,2023-24,Regular Season,1610612752,1631216,G,False,fixture,True,5,
0000000085,2023-24,Regular Season,1610612748,202710,F-G,True,fixture,True,5,
0000000085,2023-24,Regular Season,1610612748,1629639,G,True,fixture,True,5,
0000000085,2023-24,Regular Season,1610612748,202355,C,True,fixture,True,5,
0000000085,2023-24,Regular Season,1610612748,1631107,G-F,True,fixture,True,5,
0000000085,2023-24,Regular Season,1610612748,203482,C-F,True,fixture,True,5,
0000000085,2023-24,Regular Season,1610612748,1630217,F,False,fixture,True,5,
0000000086,2023-24,Regular Season,1610612748,202710,F-G,True,fixture,True,5,
0000000086,2023-24,Regular Season,1610612748,1629639,G,True,fixture,True,5,
0000000086,2023-24,Regular Season,1610612748,202355,C,True,fixture,True,5,
0000000086,2023-24,Regular Season,1610612748,1631107,G-F,True,fixture,True,5,
0000000086,2023-24,Regular Season,1610612748,203482,C-F,True,fixture,True,5,
0000000086,2023-24,Regular Season,1610612748,1630217,F,False,fixture,True,5,
0000000086,2023-24,Regular Season,1610612747,2544,F,True,fixture,True,5,
0000000086,2023-24,Regular Season,1610612747,1629029,G,True,fixture,True,5,
0000000086,2023-24,Regular Season,1610612747,203076,C-F,True,fixture,True,5,
0000000086,2023-24,Regular Season,1610612747,1630559,G,True,fixture,True,5,
0000000086,2023-24,Regular Season,1610612747,1626156,G-F,False,fixture,True,5,
0000000086,2023-24,Regular Season,1610612747,1629020,F,True,fixture,True,5,
0000000087,2023-24,Regular Season,1610612748,202710,F-G,True,fixture,True,5,
0000000087,2023-24,Regular Season,1610612748,1629639,G,True,fixture,True,5,
0000000087,2023-24,Regular Season,1610612748,202355,C,True,fixture,True,5,
0000000087,2023-24,Regular Season,1610612748,1631107,G-F,True,fixture,True,5,
0000000087,2023-24,Regular Season,1610612748,203482,C-F,True,fixture,True,5,
0000000087,2023-24,Regular Season,1610612748,1630217,F,False,fixture,True,5,
0000000087,2023-24,Regular Season,1610612744,201939,G,True,fixture,True,5,
0000000087,2023-24,Regular Season,1610612744,202691,G-F,True,fixture,True,5,
0000000087,2023-24,Regular Season,1610612744,203110,F-C,True,fixture,True,5,
0000000087,2023-24,Regular Season,1610612744,1630228,F,True,fixture,True,5,
0000000087,2023-24,Regular Season,1610612744,1626172,C,False,fixture,True,5,
0000000087,2023-24,Regular Season,1610612744,1630541,G,True,fixture,True,5,
0000000088,2023-24,Regular Season,1610612748,202710,F-G,True,fixture,True,5,
0000000088,2023-24,Regular Season,1610612748,1629639,G,True,fixture,True,5,
0000000088,2023-24,Regular Season,1610612748,202355,C,True,fixture,True,5,
0000000088,2023-24,Regular Season,1610612748,1631107,G-F,True,fixture,True,5,
0000000088,2023-24,Regular Season,1610612748,203482,C-F,True,fixture,True,5,
0000000088,2023-24,Regular Season,1610612748,1630217,F,False,fixture,True,5,
0000000088,2023-24,Regular Season,1610612743,203999,C,True,fixture,True,5,
0000000088,2023-24,Regular Season,1610612743,1627750,G,True,fixture,True,5,
0000000088,2023-24,Regular Season,1610612743,1628420,F,True,fixture,True,5,
0000000088,2023-24,Regular Season,1610612743,1630166,G-F,True,fixture,True,5,
0000000088,2023-24,Regular Season,1610612743,203914,G,True,fixture,True,5,
0000000088,2023-24,Regular Season,1610612743,1631128,F,False,fixture,True,5,
0000000089,2023-24,Regular Season,1610612748,202710,F-G,True,fixture,True,5,
0000000089,2023-24,Regular Season,1610612748,1629639,G,True,fixture,True,5,
0000000089,2023-24,Regular Season,1610612748,202355,C,True,fixture,True,5,
0000000089,2023-24,Regular Season,1610612748,1631107,G-F,True,fixture,True,5,
0000000089,2023-24,Regular Season,1610612748,203482,C-F,True,fixture,True,5,
0000000089,2023-24,Regular Season,1610612748,1630217,F,False,fixture,True,5,
0000000089,2023-24,Regular Season,1610612738,1628369,F,True,fixture,True,5,
0000000089,2023-24,Regular Season,1610612738,1627759,G-F,True,fixture,True,5,
0000000089,2023-24,Regular Season,1610612738,201950,G,True,fixture,True,5,
0000000089,2023-24,Regular Season,1610612738,1628464,G,True,fixture,True,5,
0000000089,2023-24,Regular Season,1610612738,203935,C,True,fixture,True,5,
0000000089,2023-24,Regular Season,1610612738,1629057,C-F,False,fixture,True,5,
0000000090,2023-24,Regular Season,1610612748,202710,F-G,True,fixture,True,5,
0000000090,2023-24,Regular Season,1610612748,1629639,G,True,fixture,True,5,
0000000090,2023-24,Regular Season,1610612748,202355,C,True,fixture,True,5,
0000000090,2023-24,Regular Season,1610612748,1631107,G-F,True,fixture,True,5,
0000000090,2023-24,Regular Season,1610612748,203482,C-F,True,fixture,True,5,
0000000090,2023-24,Regular Season,1610612748,1630217,F,False,fixture,True,5,
0000000090,2023-24,Regular Season,1610612752,1628973,G,True,fixture,True,5,
0000000090,2023-24,Regular Season,1610612752,1626164,C,True,fixture,True,5,
0000000090,2023-24,Regular Season,1610612752,1629628,G-F,True,fixture,True,5,
0000000090,2023-24,Regular Season,1610612752,1630193,G,True,fixture,True,5,
0000000090,2023-24,Regular Season,1610612752,203944,F-C,True,fixture,True,5,
0000000090,2023-24,Regular Season,1610612752,1631216,G,False,fixture,True,5,
0000000091,2023-24,Regular Season,1610612747,2544,F,True,fixture,True,5,
0000000091,2023-24,Regular Season,1610612747,1629029,G,True,fixture,True,5,
0000000091,2023-24,Regular Season,1610612747,203076,C-F,True,fixture,True,5,
0000000091,2023-24,Regular Season,1610612747,1630559,G,True,fixture,True,5,
0000000091,2023-24,Regular Season,1610612747,1626156,G-F,False,fixture,True,5,
0000000091,2023-24,Regular Season,1610612747,1629020,F,True,fixture,True,5,
0000000091,2023-24,Regular Season,1610612744,201939,G,True,fixture,True,5,
0000000091,2023-24,Regular Season,1610612744,202691,G-F,True,fixture,True,5,
0000000091,2023-24,Regular Season,1610612744,203110,F-C,True,fixture,True,5,
0000000091,2023-24,Regular Season,1610612744,1630228,F,True,fixture,True,5,
0000000091,2023-24,Regular Season,1610612744,1626172,C,False,fixture,True,5,
0000000091,2023-24,Regular Season,1610612744,1630541,G,True,fixture,True,5,
0000000092,2023-24,Regular Season,1610612747,2544,F,True,fixture,True,5,
0000000092,2023-24,Regular Season,1610612747,1629029,G,True,fixture,True,5,
0000000092,2023-24,Regular Season,1610612747,203076,C-F,True,fixture,True,5,
0000000092,2023-24,Regular Season,1610612747,1630559,G,True,fixture,True,5,
0000000092,2023-24,Regular Season,1610612747,1626156,G-F,False,fixture,True,5,
0000000092,2023-24,Regular Season,1610612747,1629020,F,True,fixture,True,5,
0000000092,2023-24,Regular Season,1610612743,203999,C,True,fixture,True,5,
0000000092,2023-24,Regular Season,1610612743,1627750,G,True,fixture,True,5,
0000000092,2023-24,Regular Season,1610612743,1628420,F,True,fixture,True,5,
0000000092,2023-24,Regular Season,1610612743,1630166,G-F,True,fixture,True,5,
0000000092,2023-24,Regular Season,1610612743,203914,G,True,fixture,True,5,
0000000092,2023-24,Regular Season,1610612743,1631128,F,False,fixture,True,5,
0000000093,2023-24,Regular Season,1610612747,2544,F,True,fixture,True,5,
0000000093,2023-24,Regular Season,1610612747,1629029,G,True,fixture,True,5,
0000000093,2023-24,Regular Season,1610612747,203076,C-F,True,fixture,True,5,
0000000093,2023-24,Regular Season,1610612747,1630559,G,True,fixture,True,5,
0000000093,2023-24,Regular Season,1610612747,1626156,G-F,False,fixture,True,5,
0000000093,2023-24,Regular Season,1610612747,1629020,F,True,fixture,True,5,
0000000093,2023-24,Regular Season,1610612738,1628369,F,True,fixture,True,5,
0000000093,2023-24,Regular Season,1610612738,1627759,G-F,True,fixture,True,5,
0000000093,2023-24,Regular Season,1610612738,201950,G,True,fixture,True,5,
0000000093,2023-24,Regular Season,1610612738,1628464,G,True,fixture,True,5,
0000000093,2023-24,Regular Season,1610612738,203935,C,True,fixture,True,5,
0000000093,2023-24,Regular Season,1610612738,1629057,C-F,False,fixture,True,5,
0000000094,2023-24,Regular Season,1610612747,2544,F,True,fixture,True,5,
0000000094,2023-24,Regular Season,1610612747,1629029,G,True,fixture,True,5,
0000000094,2023-24,Regular Season,1610612747,203076,C-F,True,fixture,True,5,
0000000094,2023-24,Regular Season,1610612747,1630559,G,True,fixture,True,5,
0000000094,2023-24,Regular Season,1610612747,1626156,G-F,False,fixture,True,5,
0000000094,2023-24,Regular Season,1610612747,1629020,F,True,fixture,True,5,
0000000094,2023-24,Regular Season,1610612752,1628973,G,True,fixture,True,5,
0000000094,2023-24,Regular Season,1610612752,1626164,C,True,fixture,True,5,
0000000094,2023-24,Regular Season,1610612752,1629628,G-F,True,fixture,True,5,
0000000094,2023-24,Regular Season,1610612752,1630193,G,True,fixture,True,5,
0000000094,2023-24,Regular Season,1610612752,203944,F-C,True,fixture,True,5,
0000000094,2023-24,Regular Season,1610612752,1631216,G,False,fixture,True,5,
0000000095,2023-24,Regular Season,1610612747,2544,F,True,fixture,True,5,
0000000095,2023-24,Regular Season,1610612747,1629029,G,True,fixture,True,5,
0000000095,2023-24,Regular Season,1610612747,203076,C-F,True,fixture,True,5,
0000000095,2023-24,Regular Season,1610612747,1630559,G,True,fixture,True,5,
0000000095,2023-24,Regular Season,1610612747,1626156,G-F,False,fixture,True,5,
0000000095,2023-24,Regular Season,1610612747,1629020,F,True,fixture,True,5,
0000000095,2023-24,Regular Season,1610612748,202710,F-G,True,fixture,True,5,
0000000095,2023-24,Regular Season,1610612748,1629639,G,True,fixture,True,5,
0000000095,2023-24,Regular Season,1610612748,202355,C,True,fixture,True,5,
0000000095,2023-24,Regular Season,1610612748,1631107,G-F,True,fixture,True,5,
0000000095,2023-24,Regular Season,1610612748,203482,C-F,True,fixture,True,5,
0000000095,2023-24,Regular Season,1610612748,1630217,F,False,fixture,True,5,
0000000096,2023-24,Regular Season,1610612744,201939,G,True,fixture,True,5,
0000000096,2023-24,Regular Season,1610612744,202691,G-F,True,fixture,True,5,
0000000096,2023-24,Regular Season,1610612744,203110,F-C,True,fixture,True,5,
0000000096,2023-24,Regular Season,1610612744,1630228,F,True,fixture,True,5,
0000000096,2023-24,Regular Season,1610612744,1626172,C,False,fixture,True,5,
0000000096,2023-24,Regular Season,1610612744,1630541,G,True,fixture,True,5,
0000000096,2023-24,Regular Season,1610612747,2544,F,True,fixture,True,5,
0000000096,2023-24,Regular Season,1610612747,1629029,G,True,fixture,True,5,
0000000096,2023-24,Regular Season,1610612747,203076,C-F,True,fixture,True,5,
0000000096,2023-24,Regular Season,1610612747,1630559,G,True,fixture,True,5,
0000000096,2023-24,Regular Season,1610612747,1626156,G-F,False,fixture,True,5,
0000000096,2023-24,Regular Season,1610612747,1629020,F,True,fixture,True,5,
0000000097,2023-24,Regular Season,1610612744,201939,G,True,fixture,True,5,
0000000097,2023-24,Regular Season,1610612744,202691,G-F,True,fixture,True,5,
0000000097,2023-24,Regular Season,1610612744,203110,F-C,True,fixture,True,5,
0000000097,2023-24,Regular Season,1610612744,1630228,F,True,fixture,True,5,
0000000097,2023-24,Regular Season,1610612744,1626172,C,False,fixture,True,5,
0000000097,2023-24,Regular Season,1610612744,1630541,G,True,fixture,True,5,
0000000097,2023-24,Regular Season,1610612743,203999,C,True,fixture,True,5,
0000000097,2023-24,Regular Season,1610612743,1627750,G,True,fixture,True,5,
0000000097,2023-24,Regular Season,1610612743,1628420,F,True,fixture,True,5,
0000000097,2023-24,Regular Season,1610612743,1630166,G-F,True,fixture,True,5,
0000000097,2023-24,Regular Season,1610612743,203914,G,True,fixture,True,5,
0000000097,2023-24,Regular Season,1610612743,1631128,F,False,fixture,True,5,
0000000098,2023-24,Regular Season,1610612744,201939,G,True,fixture,True,5,
0000000098,2023-24,Regular Season,1610612744,202691,G-F,True,fixture,True,5,
0000000098,2023-24,Regular Season,1610612744,203110,F-C,True,fixture,True,5,
0000000098,2023-24,Regular Season,1610612744,1630228,F,True,fixture,True,5,
0000000098,2023-24,Regular Season,1610612744,1626172,C,False,fixture,True,5,
0000000098,2023-24,Regular Season,1610612744,1630541,G,True,fixture,True,5,
0000000098,2023-24,Regular Season,1610612738,1628369,F,True,fixture,True,5,
0000000098,2023-24,Regular Season,1610612738,1627759,G-F,True,fixture,True,5,
0000000098,2023-24,Regular Season,1610612738,201950,G,True,fixture,True,5,
0000000098,2023-24,Regular Season,1610612738,1628464,G,True,fixture,True,5,
0000000098,2023-24,Regular Season,1610612738,203935,C,True,fixture,True,5,
0000000098,2023-24,Regular Season,1610612738,1629057,C-F,False,fixture,True,5,
0000000099,2023-24,Regular Season,1610612744,201939,G,True,fixture,True,5,
0000000099,2023-24,Regular Season,1610612744,202691,G-F,True,fixture,True,5,
0000000099,2023-24,Regular Season,1610612744,203110,F-C,True,fixture,True,5,
0000000099,2023-24,Regular Season,1610612744,1630228,F,True,fixture,True,5,
0000000099,2023-24,Regular Season,1610612744,1626172,C,False,fixture,True,5,
0000000099,2023-24,Regular Season,1610612744,1630541,G,True,fixture,True,5,
0000000099,2023-24,Regular Season,1610612752,1628973,G,True,fixture,True,5,
0000000099,2023-24,Regular Season,1610612752,1626164,C,True,fixture,True,5,
0000000099,2023-24,Regular Season,1610612752,1629628,G-F,True,fixture,True,5,
0000000099,2023-24,Regular Season,1610612752,1630193,G,True,fixture,True,5,
0000000099,2023-24,Regular Season,1610612752,203944,F-C,True,fixture,True,5,
0000000099,2023-24,Regular Season,1610612752,1631216,G,False,fixture,True,5,
0000000100,2023-24,Regular Season,1610612744,201939,G,True,fixture,True,5,
0000000100,2023-24,Regular Season,1610612744,202691,G-F,True,fixture,True,5,
0000000100,2023-24,Regular Season,1610612744,203110,F-C,True,fixture,True,5,
0000000100,2023-24,Regular Season,1610612744,1630228,F,True,fixture,True,5,
0000000100,2023-24,Regular Season,1610612744,1626172,C,False,fixture,True,5,
0000000100,2023-24,Regular Season,1610612744,1630541,G,True,fixture,True,5,
0000000100,2023-24,Regular Season,1610612748,202710,F-G,True,fixture,True,5,
0000000100,2023-24,Regular Season,1610612748,1629639,G,True,fixture,True,5,
0000000100,2023-24,Regular Season,1610612748,202355,C,True,fixture,True,5,
0000000100,2023-24,Regular Season,1610612748,1631107,G-F,True,fixture,True,5,
0000000100,2023-24,Regular Season,1610612748,203482,C-F,True,fixture,True,5,
0000000100,2023-24,Regular Season,1610612748,1630217,F,False,fixture,True,5,
0000000101,2023-24,Regular Season,1610612743,203999,C,True,fixture,True,5,
0000000101,2023-24,Regular Season,1610612743,1627750,G,True,fixture,True,5,
0000000101,2023-24,Regular Season,1610612743,1628420,F,True,fixture,True,5,
0000000101,2023-24,Regular Season,1610612743,1630166,G-F,True,fixture,True,5,
0000000101,2023-24,Regular Season,1610612743,203914,G,True,fixture,True,5,
0000000101,2023-24,Regular Season,1610612743,1631128,F,False,fixture,True,5,
0000000101,2023-24,Regular Season,1610612747,2544,F,True,fixture,True,5,
0000000101,2023-24,Regular Season,1610612747,1629029,G,True,fixture,True,5,
0000000101,2023-24,Regular Season,1610612747,203076,C-F,True,fixture,True,5,
0000000101,2023-24,Regular Season,1610612747,1630559,G,True,fixture,True,5,
0000000101,2023-24,Regular Season,1610612747,1626156,G-F,False,fixture,True,5,
0000000101,2023-24,Regular Season,1610612747,1629020,F,True,fixture,True,5,
0000000102,2023-24,Regular Season,1610612743,203999,C,True,fixture,True,5,
0000000102,2023-24,Regular Season,1610612743,1627750,G,True,fixture,True,5,
0000000102,2023-24,Regular Season,1610612743,1628420,F,True,fixture,True,5,
0000000102,2023-24,Regular Season,1610612743,1630166,G-F,True,fixture,True,5,
0000000102,2023-24,Regular Season,1610612743,203914,G,True,fixture,True,5,
0000000102,2023-24,Regular Season,1610612743,1631128,F,False,fixture,True,5,
0000000102,2023-24,Regular Season,1610612744,201939,G,True,fixture,True,5,
0000000102,2023-24,Regular Season,1610612744,202691,G-F,True,fixture,True,5,
0000000102,2023-24,Regular Season,1610612744,203110,F-C,True,fixture,True,5,
0000000102,2023-24,Regular Season,1610612744,1630228,F,True,fixture,True,5,
0000000102,2023-24,Regular Season,1610612744,1626172,C,False,fixture,True,5,
0000000102,2023-24,Regular Season,1610612744,1630541,G,True,fixture,True,5,
0000000103,2023-24,Regular Season,1610612743,203999,C,True,fixture,True,5,
0000000103,2023-24,Regular Season,1610612743,1627750,G,True,fixture,True,5,
0000000103,2023-24,Regular Season,1610612743,1628420,F,True,fixture,True,5,
0000000103,2023-24,Regular Season,1610612743,1630166,G-F,True,fixture,True,5,
0000000103,2023-24,Regular Season,1610612743,203914,G,True,fixture,True,5,
0000000103,2023-24,Regular Season,1610612743,1631128,F,False,fixture,True,5,
0000000103,2023-24,Regular Season,1610612738,1628369,F,True,fixture,True,5,
0000000103,2023-24,Regular Season,1610612738,1627759,G-F,True,fixture,True,5,
0000000103,2023-24,Regular Season,1610612738,201950,G,True,fixture,True,5,
0000000103,2023-24,Regular Season,1610612738,1628464,G,True,fixture,True,5,
0000000103,2023-24,Regular Season,1610612738,203935,C,True,fixture,True,5,
0000000103,2023-24,Regular Season,1610612738,1629057,C-F,False,fixture,True,5,
0000000104,2023-24,Regular Season,1610612743,203999,C,True,fixture,True,5,
0000000104,2023-24,Regular Season,1610612743,1627750,G,True,fixture,True,5,
0000000104,2023-24,Regular Season,1610612743,1628420,F,True,fixture,True,5,
0000000104,2023-24,Regular Season,1610612743,1630166,G-F,True,fixture,True,5,
0000000104,2023-24,Regular Season,1610612743,203914,G,True,fixture,True,5,
0000000104,2023-24,Regular Season,1610612743,1631128,F,False,fixture,True,5,
0000000104,2023-24,Regular Season,1610612752,1628973,G,True,fixture,True,5,
0000000104,2023-24,Regular Season,1610612752,1626164,C,True,fixture,True,5,
0000000104,2023-24,Regular Season,1610612752,1629628,G-F,True,fixture,True,5,
0000000104,2023-24,Regular Season,1610612752,1630193,G,True,fixture,True,5,
0000000104,2023-24,Regular Season,1610612752,203944,F-C,True,fixture,True,5,
0000000104,2023-24,Regular Season,1610612752,1631216,G,False,fixture,True,5,
0000000105,2023-24,Regular Season,1610612743,203999,C,True,fixture,True,5,
0000000105,2023-24,Regular Season,1610612743,1627750,G,True,fixture,True,5,
0000000105,2023-24,Regular Season,1610612743,1628420,F,True,fixture,True,5,
0000000105,2023-24,Regular Season,1610612743,1630166,G-F,True,fixture,True,5,
0000000105,2023-24,Regular Season,1610612743,203914,G,True,fixture,True,5,
0000000105,2023-24,Regular Season,1610612743,1631128,F,False,fixture,True,5,
0000000105,2023-24,Regular Season,1610612748,202710,F-G,True,fixture,True,5,
0000000105,2023-24,Regular Season,1610612748,1629639,G,True,fixture,True,5,
0000000105,2023-24,Regular Season,1610612748,202355,C,True,fixture,True,5,
0000000105,2023-24,Regular Season,1610612748,1631107,G-F,True,fixture,True,5,
0000000105,2023-24,Regular Season,1610612748,203482,C-F,True,fixture,True,5,
0000000105,2023-24,Regular Season,1610612748,1630217,F,False,fixture,True,5,
0000000106,2023-24,Regular Season,1610612738,1628369,F,True,fixture,True,5,
0000000106,2023-24,Regular Season,1610612738,1627759,G-F,True,fixture,True,5,
0000000106,2023-24,Regular Season,1610612738,201950,G,True,fixture,True,5,
0000000106,2023-24,Regular Season,1610612738,1628464,G,True,fixture,True,5,
0000000106,2023-24,Regular Season,1610612738,203935,C,True,fixture,True,5,
0000000106,2023-24,Regular Season,1610612738,1629057,C-F,False,fixture,True,5,
0000000106,2023-24,Regular Season,1610612747,2544,F,True,fixture,True,5,
0000000106,2023-24,Regular Season,1610612747,1629029,G,True,fixture,True,5,
0000000106,2023-24,Regular Season,1610612747,203076,C-F,True,fixture,True,5,
0000000106,2023-24,Regular Season,1610612747,1630559,G,True,fixture,True,5,
0000000106,2023-24,Regular Season,1610612747,1626156,G-F,False,fixture,True,5,
0000000106,2023-24,Regular Season,1610612747,1629020,F,True,fixture,True,5,
0000000107,2023-24,Regular Season,1610612738,1628369,F,True,fixture,True,5,
0000000107,2023-24,Regular Season,1610612738,1627759,G-F,True,fixture,True,5,
0000000107,2023-24,Regular Season,1610612738,201950,G,True,fixture,True,5,
0000000107,2023-24,Regular Season,1610612738,1628464,G,True,fixture,True,5,
0000000107,2023-24,Regular Season,1610612738,203935,C,True,fixture,True,5,
0000000107,2023-24,Regular Season,1610612738,1629057,C-F,False,fixture,True,5,
0000000107,2023-24,Regular Season,1610612744,201939,G,True,fixture,True,5,
0000000107,2023-24,Regular Season,1610612744,202691,G-F,True,fixture,True,5,
0000000107,2023-24,Regular Season,1610612744,203110,F-C,True,fixture,True,5,
0000000107,2023-24,Regular Season,1610612744,1630228,F,True,fixture,True,5,
0000000107,2023-24,Regular Season,1610612744,1626172,C,False,fixture,True,5,
0000000107,2023-24,Regular Season,1610612744,1630541,G,True,fixture,True,5,
0000000108,2023-24,Regular Season,1610612738,1628369,F,True,fixture,True,5,
0000000108,2023-24,Regular Season,1610612738,1627759,G-F,True,fixture,True,5,
0000000108,2023-24,Regular Season,1610612738,201950,G,True,fixture,True,5,
0000000108,2023-24,Regular Season,1610612738,1628464,G,True,fixture,True,5,
0000000108,2023-24,Regular Season,1610612738,203935,C,True,fixture,True,5,
0000000108,2023-24,Regular Season,1610612738,1629057,C-F,False,fixture,True,5,
0000000108,2023-24,Regular Season,1610612743,203999,C,True,fixture,True,5,
0000000108,2023-24,Regular Season,1610612743,1627750,G,True,fixture,True,5,
0000000108,2023-24,Regular Season,1610612743,1628420,F,True,fixture,True,5,
0000000108,2023-24,Regular Season,1610612743,1630166,G-F,True,fixture,True,5,
0000000108,2023-24,Regular Season,1610612743,203914,G,True,fixture,True,5,
0000000108,2023-24,Regular Season,1610612743,1631128,F,False,fixture,True,5,
0000000109,2023-24,Regular Season,1610612738,1628369,F,True,fixture,True,5,
0000000109,2023-24,Regular Season,1610612738,1627759,G-F,True,fixture,True,5,
0000000109,2023-24,Regular Season,1610612738,201950,G,True,fixture,True,5,
0000000109,2023-24,Regular Season,1610612738,1628464,G,True,fixture,True,5,
0000000109,2023-24,Regular Season,1610612738,203935,C,True,fixture,True,5,
0000000109,2023-24,Regular Season,1610612738,1629057,C-F,False,fixture,True,5,
0000000109,2023-24,Regular Season,1610612752,1628973,G,True,fixture,True,5,
0000000109,2023-24,Regular Season,1610612752,1626164,C,True,fixture,True,5,
0000000109,2023-24,Regular Season,1610612752,1629628,G-F,True,fixture,True,5,
0000000109,2023-24,Regular Season,1610612752,1630193,G,True,fixture,True,5,
0000000109,2023-24,Regular Season,1610612752,203944,F-C,True,fixture,True,5,
0000000109,2023-24,Regular Season,1610612752,1631216,G,False,fixture,True,5,
0000000110,2023-24,Regular Season,1610612738,1628369,F,True,fixture,True,5,
0000000110,2023-24,Regular Season,1610612738,1627759,G-F,True,fixture,True,5,
0000000110,2023-24,Regular Season,1610612738,201950,G,True,fixture,True,5,
0000000110,2023-24,Regular Season,1610612738,1628464,G,True,fixture,True,5,
0000000110,2023-24,Regular Season,1610612738,203935,C,True,fixture,True,5,
0000000110,2023-24,Regular Season,1610612738,1629057,C-F,False,fixture,True,5,
0000000110,2023-24,Regular Season,1610612748,202710,F-G,True,fixture,True,5,
0000000110,2023-24,Regular Season,1610612748,1629639,G,True,fixture,True,5,
0000000110,2023-24,Regular Season,1610612748,202355,C,True,fixture,True,5,
0000000110,2023-24,Regular Season,1610612748,1631107,G-F,True,fixture,True,5,
0000000110,2023-24,Regular Season,1610612748,203482,C-F,True,fixture,True,5,
0000000110,2023-24,Regular Season,1610612748,1630217,F,False,fixture,True,5,
0000000111,2023-24,Regular Season,1610612752,1628973,G,True,fixture,True,5,
0000000111,2023-24,Regular Season,1610612752,1626164,C,True,fixture,True,5,
0000000111,2023-24,Regular Season,1610612752,1629628,G-F,True,fixture,True,5,
0000000111,2023-24,Regular Season,1610612752,1630193,G,True,fixture,True,5,
0000000111,2023-24,Regular Season,1610612752,203944,F-C,True,fixture,True,5,
0000000111,2023-24,Regular Season,1610612752,1631216,G,False,fixture,True,5,
0000000111,2023-24,Regular Season,1610612747,2544,F,True,fixture,True,5,
0000000111,2023-24,Regular Season,1610612747,1629029,G,True,fixture,True,5,
0000000111,2023-24,Regular Season,1610612747,203076,C-F,True,fixture,True,5,
0000000111,2023-24,Regular Season,1610612747,1630559,G,True,fixture,True,5,
0000000111,2023-24,Regular Season,1610612747,1626156,G-F,False,fixture,True,5,
0000000111,2023-24,Regular Season,1610612747,1629020,F,True,fixture,True,5,
0000000112,2023-24,Regular Season,1610612752,1628973,G,True,fixture,True,5,
0000000112,2023-24,Regular Season,1610612752,1626164,C,True,fixture,True,5,
0000000112,2023-24,Regular Season,1610612752,1629628,G-F,True,fixture,True,5,
0000000112,2023-24,Regular Season,1610612752,1630193,G,True,fixture,True,5,
0000000112,2023-24,Regular Season,1610612752,203944,F-C,True,fixture,True,5,
0000000112,2023-24,Regular Season,1610612752,1631216,G,False,fixture,True,5,
0000000112,2023-24,Regular Season,1610612744,201939,G,True,fixture,True,5,
0000000112,2023-24,Regular Season,1610612744,202691,G-F,True,fixture,True,5,
0000000112,2023-24,Regular Season,1610612744,203110,F-C,True,fixture,True,5,
0000000112,2023-24,Regular Season,1610612744,1630228,F,True,fixture,True,5,
0000000112,2023-24,Regular Season,1610612744,1626172,C,False,fixture,True,5,
0000000112,2023-24,Regular Season,1610612744,1630541,G,True,fixture,True,5,
0000000113,2023-24,Regular Season,1610612752,1628973,G,True,fixture,True,5,
0000000113,2023-24,Regular Season,1610612752,1626164,C,True,fixture,True,5,
0000000113,2023-24,Regular Season,1610612752,1629628,G-F,True,fixture,True,5,
0000000113,2023-24,Regular Season,1610612752,1630193,G,True,fixture,True,5,
0000000113,2023-24,Regular Season,1610612752,203944,F-C,True,fixture,True,5,
0000000113,2023-24,Regular Season,1610612752,1631216,G,False,fixture,True,5,
0000000113,2023-24,Regular Season,1610612743,203999,C,True,fixture,True,5,
0000000113,2023-24,Regular Season,1610612743,1627750,G,True,fixture,True,5,
0000000113,2023-24,Regular Season,1610612743,1628420,F,True,fixture,True,5,
0000000113,2023-24,Regular Season,1610612743,1630166,G-F,True,fixture,True,5,
0000000113,2023-24,Regular Season,1610612743,203914,G,True,fixture,True,5,
0000000113,2023-24,Regular Season,1610612743,1631128,F,False,fixture,True,5,
0000000114,2023-24,Regular Season,1610612752,1628973,G,True,fixture,True,5,
0000000114,2023-24,Regular Season,1610612752,1626164,C,True,fixture,True,5,
0000000114,2023-24,Regular Season,1610612752,1629628,G-F,True,fixture,True,5,
0000000114,2023-24,Regular Season,1610612752,1630193,G,True,fixture,True,5,
0000000114,2023-24,Regular Season,1610612752,203944,F-C,True,fixture,True,5,
0000000114,2023-24,Regular Season,1610612752,1631216,G,False,fixture,True,5,
0000000114,2023-24,Regular Season,1610612738,1628369,F,True,fixture,True,5,
0000000114,2023-24,Regular Season,1610612738,1627759,G-F,True,fixture,True,5,
0000000114,2023-24,Regular Season,1610612738,201950,G,True,fixture,True,5,
0000000114,2023-24,Regular Season,1610612738,1628464,G,True,fixture,True,5,
0000000114,2023-24,Regular Season,1610612738,203935,C,True,fixture,True,5,
0000000114,2023-24,Regular Season,1610612738,1629057,C-F,False,fixture,True,5,
0000000115,2023-24,Regular Season,1610612752,1628973,G,True,fixture,True,5,
0000000115,2023-24,Regular Season,1610612752,1626164,C,True,fixture,True,5,
0000000115,2023-24,Regular Season,1610612752,1629628,G-F,True,fixture,True,5,
0000000115,2023-24,Regular Season,1610612752,1630193,G,True,fixture,True,5,
0000000115,2023-24,Regular Season,1610612752,203944,F-C,True,fixture,True,5,
0000000115,2023-24,Regular Season,1610612752,1631216,G,False,fixture,True,5,
0000000115,2023-24,Regular Season,1610612748,202710,F-G,True,fixture,True,5,
0000000115,2023-24,Regular Season,1610612748,1629639,G,True,fixture,True,5,
0000000115,2023-24,Regular Season,1610612748,202355,C,True,fixture,True,5,
0000000115,2023-24,Regular Season,1610612748,1631107,G-F,True,fixture,True,5,
0000000115,2023-24,Regular Season,1610612748,203482,C-F,True,fixture,True,5,
0000000115,2023-24,Regular Season,1610612748,1630217,F,False,fixture,True,5,
0000000116,2023-24,Regular Season,1610612748,202710,F-G,True,fixture,True,5,
0000000116,2023-24,Regular Season,1610612748,1629639,G,True,fixture,True,5,
0000000116,2023-24,Regular Season,1610612748,202355,C,True,fixture,True,5,
0000000116,2023-24,Regular Season,1610612748,1631107,G-F,True,fixture,True,5,
0000000116,2023-24,Regular Season,1610612748,203482,C-F,True,fixture,True,5,
0000000116,2023-24,Regular Season,1610612748,1630217,F,False,fixture,True,5,
0000000116,2023-24,Regular Season,1610612747,2544,F,True,fixture,True,5,
0000000116,2023-24,Regular Season,1610612747,1629029,G,True,fixture,True,5,
0000000116,2023-24,Regular Season,1610612747,203076,C-F,True,fixture,True,5,
0000000116,2023-24,Regular Season,1610612747,1630559,G,True,fixture,True,5,
0000000116,2023-24,Regular Season,1610612747,1626156,G-F,False,fixture,True,5,
0000000116,2023-24,Regular Season,1610612747,1629020,F,True,fixture,True,5,
0000000117,2023-24,Regular Season,1610612748,202710,F-G,True,fixture,True,5,
0000000117,2023-24,Regular Season,1610612748,1629639,G,True,fixture,True,5,
0000000117,2023-24,Regular Season,1610612748,202355,C,True,fixture,True,5,
0000000117,2023-24,Regular Season,1610612748,1631107,G-F,True,fixture,True,5,
0000000117,2023-24,Regular Season,1610612748,203482,C-F,True,fixture,True,5,
0000000117,2023-24,Regular Season,1610612748,1630217,F,False,fixture,True,5,
0000000117,2023-24,Regular Season,1610612744,201939,G,True,fixture,True,5,
0000000117,2023-24,Regular Season,1610612744,202691,G-F,True,fixture,True,5,
0000000117,2023-24,Regular Season,1610612744,203110,F-C,True,fixture,True,5,
0000000117,2023-24,Regular Season,1610612744,1630228,F,True,fixture,True,5,
0000000117,2023-24,Regular Season,1610612744,1626172,C,False,fixture,True,5,
0000000117,2023-24,Regular Season,1610612744,1630541,G,True,fixture,True,5,
0000000118,2023-24,Regular Season,1610612748,202710,F-G,True,fixture,True,5,
0000000118,2023-24,Regular Season,1610612748,1629639,G,True,fixture,True,5,
0000000118,2023-24,Regular Season,1610612748,202355,C,True,fixture,True,5,
0000000118,2023-24,Regular Season,1610612748,1631107,G-F,True,fixture,True,5,
0000000118,2023-24,Regular Season,1610612748,203482,C-F,True,fixture,True,5,
0000000118,2023-24,Regular Season,1610612748,1630217,F,False,fixture,True,5,
0000000118,2023-24,Regular Season,1610612743,203999,C,True,fixture,True,5,
0000000118,2023-24,Regular Season,1610612743,1627750,G,True,fixture,True,5,
0000000118,2023-24,Regular Season,1610612743,1628420,F,True,fixture,True,5,
0000000118,2023-24,Regular Season,1610612743,1630166,G-F,True,fixture,True,5,
0000000118,2023-24,Regular Season,1610612743,203914,G,True,fixture,True,5,
0000000118,2023-24,Regular Season,1610612743,1631128,F,False,fixture,True,5,
0000000119,2023-24,Regular Season,1610612748,202710,F-G,True,fixture,True,5,
0000000119,2023-24,Regular Season,1610612748,1629639,G,True,fixture,True,5,
0000000119,2023-24,Regular Season,1610612748,202355,C,True,fixture,True,5,
0000000119,2023-24,Regular Season,1610612748,1631107,G-F,True,fixture,True,5,
0000000119,2023-24,Regular Season,1610612748,203482,C-F,True,fixture,True,5,
0000000119,2023-24,Regular Season,1610612748,1630217,F,False,fixture,True,5,
0000000119,2023-24,Regular Season,1610612738,1628369,F,True,fixture,True,5,
0000000119,2023-24,Regular Season,1610612738,1627759,G-F,True,fixture,True,5,
0000000119,2023-24,Regular Season,1610612738,201950,G,True,fixture,True,5,
0000000119,2023-24,Regular Season,1610612738,1628464,G,True,fixture,True,5,
0000000119,2023-24,Regular Season,1610612738,203935,C,True,fixture,True,5,
0000000119,2023-24,Regular Season,1610612738,1629057,C-F,False,fixture,True,5,
0000000120,2023-24,Regular Season,1610612748,202710,F-G,True,fixture,True,5,
0000000120,2023-24,Regular Season,1610612748,1629639,G,True,fixture,True,5,
0000000120,2023-24,Regular Season,1610612748,202355,C,True,fixture,True,5,
0000000120,2023-24,Regular Season,1610612748,1631107,G-F,True,fixture,True,5,
0000000120,2023-24,Regular Season,1610612748,203482,C-F,True,fixture,True,5,
0000000120,2023-24,Regular Season,1610612748,1630217,F,False,fixture,True,5,
0000000120,2023-24,Regular Season,1610612752,1628973,G,True,fixture,True,5,
0000000120,2023-24,Regular Season,1610612752,1626164,C,True,fixture,True,5,
0000000120,2023-24,Regular Season,1610612752,1629628,G-F,True,fixture,True,5,
0000000120,2023-24,Regular Season,1610612752,1630193,G,True,fixture,True,5,
0000000120,2023-24,Regular Season,1610612752,203944,F-C,True,fixture,True,5,
0000000120,2023-24,Regular Season,1610612752,1631216,G,False,fixture,True,5,
0000000121,2023-24,Regular Season,1610612747,2544,F,True,fixture,True,5,
0000000121,2023-24,Regular Season,1610612747,1629029,G,True,fixture,True,5,
0000000121,2023-24,Regular Season,1610612747,203076,C-F,True,fixture,True,5,
0000000121,2023-24,Regular Season,1610612747,1630559,G,True,fixture,True,5,
0000000121,2023-24,Regular Season,1610612747,1626156,G-F,False,fixture,True,5,
0000000121,2023-24,Regular Season,1610612747,1629020,F,True,fixture,True,5,
0000000121,2023-24,Regular Season,1610612744,201939,G,True,fixture,True,5,
0000000121,2023-24,Regular Season,1610612744,202691,G-F,True,fixture,True,5,
0000000121,2023-24,Regular Season,1610612744,203110,F-C,True,fixture,True,5,
0000000121,2023-24,Regular Season,1610612744,1630228,F,True,fixture,True,5,
0000000121,2023-24,Regular Season,1610612744,1626172,C,False,fixture,True,5,
0000000121,2023-24,Regular Season,1610612744,1630541,G,True,fixture,True,5,
0000000122,2023-24,Regular Season,1610612747,2544,F,True,fixture,True,5,
0000000122,2023-24,Regular Season,1610612747,1629029,G,True,fixture,True,5,
0000000122,2023-24,Regular Season,1610612747,203076,C-F,True,fixture,True,5,
0000000122,2023-24,Regular Season,1610612747,1630559,G,True,fixture,True,5,
0000000122,2023-24,Regular Season,1610612747,1626156,G-F,False,fixture,True,5,
0000000122,2023-24,Regular Season,1610612747,1629020,F,True,fixture,True,5,
0000000122,2023-24,Regular Season,1610612743,203999,C,True,fixture,True,5,
0000000122,2023-24,Regular Season,1610612743,1627750,G,True,fixture,True,5,
0000000122,2023-24,Regular Season,1610612743,1628420,F,True,fixture,True,5,
0000000122,2023-24,Regular Season,1610612743,1630166,G-F,True,fixture,True,5,
0000000122,2023-24,Regular Season,1610612743,203914,G,True,fixture,True,5,
0000000122,2023-24,Regular Season,1610612743,1631128,F,False,fixture,True,5,
0000000123,2023-24,Regular Season,1610612747,2544,F,True,fixture,True,5,
0000000123,2023-24,Regular Season,1610612747,1629029,G,True,fixture,True,5,
0000000123,2023-24,Regular Season,1610612747,203076,C-F,True,fixture,True,5,
0000000123,2023-24,Regular Season,1610612747,1630559,G,True,fixture,True,5,
0000000123,2023-24,Regular Season,1610612747,1626156,G-F,False,fixture,True,5,
0000000123,2023-24,Regular Season,1610612747,1629020,F,True,fixture,True,5,
0000000123,2023-24,Regular Season,1610612738,1628369,F,True,fixture,True,5,
0000000123,2023-24,Regular Season,1610612738,1627759,G-F,True,fixture,True,5,
0000000123,2023-24,Regular Season,1610612738,201950,G,True,fixture,True,5,
0000000123,2023-24,Regular Season,1610612738,1628464,G,True,fixture,True,5,
0000000123,2023-24,Regular Season,1610612738,203935,C,True,fixture,True,5,
0000000123,2023-24,Regular Season,1610612738,1629057,C-F,False,fixture,True,5,
0000000124,2023-24,Regular Season,1610612747,2544,F,True,fixture,True,5,
0000000124,2023-24,Regular Season,1610612747,1629029,G,True,fixture,True,5,
0000000124,2023-24,Regular Season,1610612747,203076,C-F,True,fixture,True,5,
0000000124,2023-24,Regular Season,1610612747,1630559,G,True,fixture,True,5,
0000000124,2023-24,Regular Season,1610612747,1626156,G-F,False,fixture,True,5,
0000000124,2023-24,Regular Season,1610612747,1629020,F,True,fixture,True,5,
0000000124,2023-24,Regular Season,1610612752,1628973,G,True,fixture,True,5,
0000000124,2023-24,Regular Season,1610612752,1626164,C,True,fixture,True,5,
0000000124,2023-24,Regular Season,1610612752,1629628,G-F,True,fixture,True,5,
0000000124,2023-24,Regular Season,1610612752,1630193,G,True,fixture,True,5,
0000000124,2023-24,Regular Season,1610612752,203944,F-C,True,fixture,True,5,
0000000124,2023-24,Regular Season,1610612752,1631216,G,False,fixture,True,5,
0000000125,2023-24,Regular Season,1610612747,2544,F,True,fixture,True,5,
0000000125,2023-24,Regular Season,1610612747,1629029,G,True,fixture,True,5,
0000000125,2023-24,Regular Season,1610612747,203076,C-F,True,fixture,True,5,
0000000125,2023-24,Regular Season,1610612747,1630559,G,True,fixture,True,5,
0000000125,2023-24,Regular Season,1610612747,1626156,G-F,False,fixture,True,5,
0000000125,2023-24,Regular Season,1610612747,1629020,F,True,fixture,True,5,
0000000125,2023-24,Regular Season,1610612748,202710,F-G,True,fixture,True,5,
0000000125,2023-24,Regular Season,1610612748,1629639,G,True,fixture,True,5,
0000000125,2023-24,Regular Season,1610612748,202355,C,True,fixture,True,5,
0000000125,2023-24,Regular Season,1610612748,1631107,G-F,True,fixture,True,5,
0000000125,2023-24,Regular Season,1610612748,203482,C-F,True,fixture,True,5,
0000000125,2023-24,Regular Season,1610612748,1630217,F,False,fixture,True,5,
0000000126,2023-24,Regular Season,1610612744,201939,G,True,fixture,True,5,
0000000126,2023-24,Regular Season,1610612744,202691,G-F,True,fixture,True,5,
0000000126,2023-24,Regular Season,1610612744,203110,F-C,True,fixture,True,5,
0000000126,2023-24,Regular Season,1610612744,1630228,F,True,fixture,True,5,
0000000126,2023-24,Regular Season,1610612744,1626172,C,False,fixture,True,5,
0000000126,2023-24,Regular Season,1610612744,1630541,G,True,fixture,True,5,
0000000126,2023-24,Regular Season,1610612747,2544,F,True,fixture,True,5,
0000000126,2023-24,Regular Season,1610612747,1629029,G,True,fixture,True,5,
0000000126,2023-24,Regular Season,1610612747,203076,C-F,True,fixture,True,5,
0000000126,2023-24,Regular Season,1610612747,1630559,G,True,fixture,True,5,
0000000126,2023-24,Regular Season,1610612747,1626156,G-F,False,fixture,True,5,
0000000126,2023-24,Regular Season,1610612747,1629020,F,True,fixture,True,5,
0000000127,2023-24,Regular Season,1610612744,201939,G,True,fixture,True,5,
0000000127,2023-24,Regular Season,1610612744,202691,G-F,True,fixture,True,5,
0000000127,2023-24,Regular Season,1610612744,203110,F-C,True,fixture,True,5,
0000000127,2023-24,Regular Season,1610612744,1630228,F,True,fixture,True,5,
0000000127,2023-24,Regular Season,1610612744,1626172,C,False,fixture,True,5,
0000000127,2023-24,Regular Season,1610612744,1630541,G,True,fixture,True,5,
0000000127,2023-24,Regular Season,1610612743,203999,C,True,fixture,True,5,
0000000127,2023-24,Regular Season,1610612743,1627750,G,True,fixture,True,5,
0000000127,2023-24,Regular Season,1610612743,1628420,F,True,fixture,True,5,
0000000127,2023-24,Regular Season,1610612743,1630166,G-F,True,fixture,True,5,
0000000127,2023-24,Regular Season,1610612743,203914,G,True,fixture,True,5,
0000000127,2023-24,Regular Season,1610612743,1631128,F,False,fixture,True,5,
0000000128,2023-24,Regular Season,1610612744,201939,G,True,fixture,True,5,
0000000128,2023-24,Regular Season,1610612744,202691,G-F,True,fixture,True,5,
0000000128,2023-24,Regular Season,1610612744,203110,F-C,True,fixture,True,5,
0000000128,2023-24,Regular Season,1610612744,1630228,F,True,fixture,True,5,
0000000128,2023-24,Regular Season,1610612744,1626172,C,False,fixture,True,5,
0000000128,2023-24,Regular Season,1610612744,1630541,G,True,fixture,True,5,
0000000128,2023-24,Regular Season,1610612738,1628369,F,True,fixture,True,5,
0000000128,2023-24,Regular Season,1610612738,1627759,G-F,True,fixture,True,5,
0000000128,2023-24,Regular Season,1610612738,201950,G,True,fixture,True,5,
0000000128,2023-24,Regular Season,1610612738,1628464,G,True,fixture,True,5,
0000000128,2023-24,Regular Season,1610612738,203935,C,True,fixture,True,5,
0000000128,2023-24,Regular Season,1610612738,1629057,C-F,False,fixture,True,5,
0000000129,2023-24,Regular Season,1610612744,201939,G,True,fixture,True,5,
0000000129,2023-24,Regular Season,1610612744,202691,G-F,True,fixture,True,5,
0000000129,2023-24,Regular Season,1610612744,203110,F-C,True,fixture,True,5,
0000000129,2023-24,Regular Season,1610612744,1630228,F,True,fixture,True,5,
0000000129,2023-24,Regular Season,1610612744,1626172,C,False,fixture,True,5,
0000000129,2023-24,Regular Season,1610612744,1630541,G,True,fixture,True,5,
0000000129,2023-24,Regular Season,1610612752,1628973,G,True,fixture,True,5,
0000000129,2023-24,Regular Season,1610612752,1626164,C,True,fixture,True,5,
0000000129,2023-24,Regular Season,1610612752,1629628,G-F,True,fixture,True,5,
0000000129,2023-24,Regular Season,1610612752,1630193,G,True,fixture,True,5,
0000000129,2023-24,Regular Season,1610612752,203944,F-C,True,fixture,True,5,
0000000129,2023-24,Regular Season,1610612752,1631216,G,False,fixture,True,5,
0000000130,2023-24,Regular Season,1610612744,201939,G,True,fixture,True,5,
0000000130,2023-24,Regular Season,1610612744,202691,G-F,True,fixture,True,5,
0000000130,2023-24,Regular Season,1610612744,203110,F-C,True,fixture,True,5,
0000000130,2023-24,Regular Season,1610612744,1630228,F,True,fixture,True,5,
0000000130,2023-24,Regular Season,1610612744,1626172,C,False,fixture,True,5,
0000000130,2023-24,Regular Season,1610612744,1630541,G,True,fixture,True,5,
0000000130,2023-24,Regular Season,1610612748,202710,F-G,True,fixture,True,5,
0000000130,2023-24,Regular Season,1610612748,1629639,G,True,fixture,True,5,
0000000130,2023-24,Regular Season,1610612748,202355,C,True,fixture,True,5,
0000000130,2023-24,Regular Season,1610612748,1631107,G-F,True,fixture,True,5,
0000000130,2023-24,Regular Season,1610612748,203482,C-F,True,fixture,True,5,
0000000130,2023-24,Regular Season,1610612748,1630217,F,False,fixture,True,5,
0000000131,2023-24,Regular Season,1610612743,203999,C,True,fixture,True,5,
0000000131,2023-24,Regular Season,1610612743,1627750,G,True,fixture,True,5,
0000000131,2023-24,Regular Season,1610612743,1628420,F,True,fixture,True,5,
0000000131,2023-24,Regular Season,1610612743,1630166,G-F,True,fixture,True,5,
0000000131,2023-24,Regular Season,1610612743,203914,G,True,fixture,True,5,
0000000131,2023-24,Regular Season,1610612743,1631128,F,False,fixture,True,5,
0000000131,2023-24,Regular Season,1610612747,2544,F,True,fixture,True,5,
0000000131,2023-24,Regular Season,1610612747,1629029,G,True,fixture,True,5,
0000000131,2023-24,Regular Season,1610612747,203076,C-F,True,fixture,True,5,
0000000131,2023-24,Regular Season,1610612747,1630559,G,True,fixture,True,5,
0000000131,2023-24,Regular Season,1610612747,1626156,G-F,False,fixture,True,5,
0000000131,2023-24,Regular Season,1610612747,1629020,F,True,fixture,True,5,
0000000132,2023-24,Regular Season,1610612743,203999,C,True,fixture,True,5,
0000000132,2023-24,Regular Season,1610612743,1627750,G,True,fixture,True,5,
0000000132,2023-24,Regular Season,1610612743,1628420,F,True,fixture,True,5,
0000000132,2023-24,Regular Season,1610612743,1630166,G-F,True,fixture,True,5,
0000000132,2023-24,Regular Season,1610612743,203914,G,True,fixture,True,5,
0000000132,2023-24,Regular Season,1610612743,1631128,F,False,fixture,True,5,
0000000132,2023-24,Regular Season,1610612744,201939,G,True,fixture,True,5,
0000000132,2023-24,Regular Season,1610612744,202691,G-F,True,fixture,True,5,
0000000132,2023-24,Regular Season,1610612744,203110,F-C,True,fixture,True,5,
0000000132,2023-24,Regular Season,1610612744,1630228,F,True,fixture,True,5,
0000000132,2023-24,Regular Season,1610612744,1626172,C,False,fixture,True,5,
0000000132,2023-24,Regular Season,1610612744,1630541,G,True,fixture,True,5,
0000000133,2023-24,Regular Season,1610612743,203999,C,True,fixture,True,5,
0000000133,2023-24,Regular Season,1610612743,1627750,G,True,fixture,True,5,
0000000133,2023-24,Regular Season,1610612743,1628420,F,True,fixture,True,5,
0000000133,2023-24,Regular Season,1610612743,1630166,G-F,True,fixture,True,5,
0000000133,2023-24,Regular Season,1610612743,203914,G,True,fixture,True,5,
0000000133,2023-24,Regular Season,1610612743,1631128,F,False,fixture,True,5,
0000000133,2023-24,Regular Season,1610612738,1628369,F,True,fixture,True,5,
0000000133,2023-24,Regular Season,1610612738,1627759,G-F,True,fixture,True,5,
0000000133,2023-24,Regular Season,1610612738,201950,G,True,fixture,True,5,
0000000133,2023-24,Regular Season,1610612738,1628464,G,True,fixture,True,5,
0000000133,2023-24,Regular Season,1610612738,203935,C,True,fixture,True,5,
0000000133,2023-24,Regular Season,1610612738,1629057,C-F,False,fixture,True,5,
0000000134,2023-24,Regular Season,1610612743,203999,C,True,fixture,True,5,
0000000134,2023-24,Regular Season,1610612743,1627750,G,True,fixture,True,5,
0000000134,2023-24,Regular Season,1610612743,1628420,F,True,fixture,True,5,
0000000134,2023-24,Regular Season,1610612743,1630166,G-F,True,fixture,True,5,
0000000134,2023-24,Regular Season,1610612743,203914,G,True,fixture,True,5,
0000000134,2023-24,Regular Season,1610612743,1631128,F,False,fixture,True,5,
0000000134,2023-24,Regular Season,1610612752,1628973,G,True,fixture,True,5,
0000000134,2023-24,Regular Season,1610612752,1626164,C,True,fixture,True,5,
0000000134,2023-24,Regular Season,1610612752,1629628,G-F,True,fixture,True,5,
0000000134,2023-24,Regular Season,1610612752,1630193,G,True,fixture,True,5,
0000000134,2023-24,Regular Season,1610612752,203944,F-C,True,fixture,True,5,
0000000134,2023-24,Regular Season,1610612752,1631216,G,False,fixture,True,5,
0000000135,2023-24,Regular Season,1610612743,203999,C,True,fixture,True,5,
0000000135,2023-24,Regular Season,1610612743,1627750,G,True,fixture,True,5,
0000000135,2023-24,Regular Season,1610612743,1628420,F,True,fixture,True,5,
0000000135,2023-24,Regular Season,1610612743,1630166,G-F,True,fixture,True,5,
0000000135,2023-24,Regular Season,1610612743,203914,G,True,fixture,True,5,
0000000135,2023-24,Regular Season,1610612743,1631128,F,False,fixture,True,5,
0000000135,2023-24,Regular Season,1610612748,202710,F-G,True,fixture,True,5,
0000000135,2023-24,Regular Season,1610612748,1629639,G,True,fixture,True,5,
0000000135,2023-24,Regular Season,1610612748,202355,C,True,fixture,True,5,
0000000135,2023-24,Regular Season,1610612748,1631107,G-F,True,fixture,True,5,
0000000135,2023-24,Regular Season,1610612748,203482,C-F,True,fixture,True,5,
0000000135,2023-24,Regular Season,1610612748,1630217,F,False,fixture,True,5,
0000000136,2023-24,Regular Season,1610612738,1628369,F,True,fixture,True,5,
0000000136,2023-24,Regular Season,1610612738,1627759,G-F,True,fixture,True,5,
0000000136,2023-24,Regular Season,1610612738,201950,G,True,fixture,True,5,
0000000136,2023-24,Regular Season,1610612738,1628464,G,True,fixture,True,5,
0000000136,2023-24,Regular Season,1610612738,203935,C,True,fixture,True,5,
0000000136,2023-24,Regular Season,1610612738,1629057,C-F,False,fixture,True,5,
0000000136,2023-24,Regular Season,1610612747,2544,F,True,fixture,True,5,
0000000136,2023-24,Regular Season,1610612747,1629029,G,True,fixture,True,5,
0000000136,2023-24,Regular Season,1610612747,203076,C-F,True,fixture,True,5,
0000000136,2023-24,Regular Season,1610612747,1630559,G,True,fixture,True,5,
0000000136,2023-24,Regular Season,1610612747,1626156,G-F,False,fixture,True,5,
0000000136,2023-24,Regular Season,1610612747,1629020,F,True,fixture,True,5,
0000000137,2023-24,Regular Season,1610612738,1628369,F,True,fixture,True,5,
0000000137,2023-24,Regular Season,1610612738,1627759,G-F,True,fixture,True,5,
0000000137,2023-24,Regular Season,1610612738,201950,G,True,fixture,True,5,
0000000137,2023-24,Regular Season,1610612738,1628464,G,True,fixture,True,5,
0000000137,2023-24,Regular Season,1610612738,203935,C,True,fixture,True,5,
0000000137,2023-24,Regular Season,1610612738,1629057,C-F,False,fixture,True,5,
0000000137,2023-24,Regular Season,1610612744,201939,G,True,fixture,True,5,
0000000137,2023-24,Regular Season,1610612744,202691,G-F,True,fixture,True,5,
0000000137,2023-24,Regular Season,1610612744,203110,F-C,True,fixture,True,5,
0000000137,2023-24,Regular Season,1610612744,1630228,F,True,fixture,True,5,
0000000137,2023-24,Regular Season,1610612744,1626172,C,False,fixture,True,5,
0000000137,2023-24,Regular Season,1610612744,1630541,G,True,fixture,True,5,
0000000138,2023-24,Regular Season,1610612738,1628369,F,True,fixture,True,5,
0000000138,2023-24,Regular Season,1610612738,1627759,G-F,True,fixture,True,5,
0000000138,2023-24,Regular Season,1610612738,201950,G,True,fixture,True,5,
0000000138,2023-24,Regular Season,1610612738,1628464,G,True,fixture,True,5,
0000000138,2023-24,Regular Season,1610612738,203935,C,True,fixture,True,5,
0000000138,2023-24,Regular Season,1610612738,1629057,C-F,False,fixture,True,5,
0000000138,2023-24,Regular Season,1610612743,203999,C,True,fixture,True,5,
0000000138,2023-24,Regular Season,1610612743,1627750,G,True,fixture,True,5,
0000000138,2023-24,Regular Season,1610612743,1628420,F,True,fixture,True,5,
0000000138,2023-24,Regular Season,1610612743,1630166,G-F,True,fixture,True,5,
0000000138,2023-24,Regular Season,1610612743,203914,G,True,fixture,True,5,
0000000138,2023-24,Regular Season,1610612743,1631128,F,False,fixture,True,5,
0000000139,2023-24,Regular Season,1610612738,1628369,F,True,fixture,True,5,
0000000139,2023-24,Regular Season,1610612738,1627759,G-F,True,fixture,True,5,
0000000139,2023-24,Regular Season,1610612738,201950,G,True,fixture,True,5,
0000000139,2023-24,Regular Season,1610612738,1628464,G,True,fixture,True,5,
0000000139,2023-24,Regular Season,1610612738,203935,C,True,fixture,True,5,
0000000139,2023-24,Regular Season,1610612738,1629057,C-F,False,fixture,True,5,
0000000139,2023-24,Regular Season,1610612752,1628973,G,True,fixture,True,5,
0000000139,2023-24,Regular Season,1610612752,1626164,C,True,fixture,True,5,
0000000139,2023-24,Regular Season,1610612752,1629628,G-F,True,fixture,True,5,
0000000139,2023-24,Regular Season,1610612752,1630193,G,True,fixture,True,5,
0000000139,2023-24,Regular Season,1610612752,203944,F-C,True,fixture,True,5,
0000000139,2023-24,Regular Season,1610612752,1631216,G,False,fixture,True,5,
0000000140,2023-24,Regular Season,1610612738,1628369,F,True,fixture,True,5,
0000000140,2023-24,Regular Season,1610612738,1627759,G-F,True,fixture,True,5,
0000000140,2023-24,Regular Season,1610612738,201950,G,True,fixture,True,5,
0000000140,2023-24,Regular Season,1610612738,1628464,G,True,fixture,True,5,
0000000140,2023-24,Regular Season,1610612738,203935,C,True,fixture,True,5,
0000000140,2023-24,Regular Season,1610612738,1629057,C-F,False,fixture,True,5,
0000000140,2023-24,Regular Season,1610612748,202710,F-G,True,fixture,True,5,
0000000140,2023-24,Regular Season,1610612748,1629639,G,True,fixture,True,5,
0000000140,2023-24,Regular Season,1610612748,202355,C,True,fixture,True,5,
0000000140,2023-24,Regular Season,1610612748,1631107,G-F,True,fixture,True,5,
0000000140,2023-24,Regular Season,1610612748,203482,C-F,True,fixture,True,5,
0000000140,2023-24,Regular Season,1610612748,1630217,F,False,fixture,True,5,
0000000141,2023-24,Regular Season,1610612752,1628973,G,True,fixture,True,5,
0000000141,2023-24,Regular Season,1610612752,1626164,C,True,fixture,True,5,
0000000141,2023-24,Regular Season,1610612752,1629628,G-F,True,fixture,True,5,
0000000141,2023-24,Regular Season,1610612752,1630193,G,True,fixture,True,5,
0000000141,2023-24,Regular Season,1610612752,203944,F-C,True,fixture,True,5,
0000000141,2023-24,Regular Season,1610612752,1631216,G,False,fixture,True,5,
0000000141,2023-24,Regular Season,1610612747,2544,F,True,fixture,True,5,
0000000141,2023-24,Regular Season,1610612747,1629029,G,True,fixture,True,5,
0000000141,2023-24,Regular Season,1610612747,203076,C-F,True,fixture,True,5,
0000000141,2023-24,Regular Season,1610612747,1630559,G,True,fixture,True,5,
0000000141,2023-24,Regular Season,1610612747,1626156,G-F,False,fixture,True,5,
0000000141,2023-24,Regular Season,1610612747,1629020,F,True,fixture,True,5,
0000000142,2023-24,Regular Season,1610612752,1628973,G,True,fixture,True,5,
0000000142,2023-24,Regular Season,1610612752,1626164,C,True,fixture,True,5,
0000000142,2023-24,Regular Season,1610612752,1629628,G-F,True,fixture,True,5,
0000000142,2023-24,Regular Season,1610612752,1630193,G,True,fixture,True,5,
0000000142,2023-24,Regular Season,1610612752,203944,F-C,True,fixture,True,5,
0000000142,2023-24,Regular Season,1610612752,1631216,G,False,fixture,True,5,
0000000142,2023-24,Regular Season,1610612744,201939,G,True,fixture,True,5,
0000000142,2023-24,Regular Season,1610612744,202691,G-F,True,fixture,True,5,
0000000142,2023-24,Regular Season,1610612744,203110,F-C,True,fixture,True,5,
0000000142,2023-24,Regular Season,1610612744,1630228,F,True,fixture,True,5,
0000000142,2023-24,Regular Season,1610612744,1626172,C,False,fixture,True,5,
0000000142,2023-24,Regular Season,1610612744,1630541,G,True,fixture,True,5,
0000000143,2023-24,Regular Season,1610612752,1628973,G,True,fixture,True,5,
0000000143,2023-24,Regular Season,1610612752,1626164,C,True,fixture,True,5,
0000000143,2023-24,Regular Season,1610612752,1629628,G-F,True,fixture,True,5,
0000000143,2023-24,Regular Season,1610612752,1630193,G,True,fixture,True,5,
0000000143,2023-24,Regular Season,1610612752,203944,F-C,True,fixture,True,5,
0000000143,2023-24,Regular Season,1610612752,1631216,G,False,fixture,True,5,
0000000143,2023-24,Regular Season,1610612743,203999,C,True,fixture,True,5,
0000000143,2023-24,Regular Season,1610612743,1627750,G,True,fixture,True,5,
0000000143,2023-24,Regular Season,1610612743,1628420,F,True,fixture,True,5,
0000000143,2023-24,Regular Season,1610612743,1630166,G-F,True,fixture,True,5,
0000000143,2023-24,Regular Season,1610612743,203914,G,True,fixture,True,5,
0000000143,2023-24,Regular Season,1610612743,1631128,F,False,fixture,True,5,
0000000144,2023-24,Regular Season,1610612752,1628973,G,True,fixture,True,5,
0000000144,2023-24,Regular Season,1610612752,1626164,C,True,fixture,True,5,
0000000144,2023-24,Regular Season,1610612752,1629628,G-F,True,fixture,True,5,
0000000144,2023-24,Regular Season,1610612752,1630193,G,True,fixture,True,5,
0000000144,2023-24,Regular Season,1610612752,203944,F-C,True,fixture,True,5,
0000000144,2023-24,Regular Season,1610612752,1631216,G,False,fixture,True,5,
0000000144,2023-24,Regular Season,1610612738,1628369,F,True,fixture,True,5,
0000000144,2023-24,Regular Season,1610612738,1627759,G-F,True,fixture,True,5,
0000000144,2023-24,Regular Season,1610612738,201950,G,True,fixture,True,5,
0000000144,2023-24,Regular Season,1610612738,1628464,G,True,fixture,True,5,
0000000144,2023-24,Regular Season,1610612738,203935,C,True,fixture,True,5,
0000000144,2023-24,Regular Season,1610612738,1629057,C-F,False,fixture,True,5,
0000000145,2023-24,Regular Season,1610612752,1628973,G,True,fixture,True,5,
0000000145,2023-24,Regular Season,1610612752,1626164,C,True,fixture,True,5,
0000000145,2023-24,Regular Season,1610612752,1629628,G-F,True,fixture,True,5,
0000000145,2023-24,Regular Season,1610612752,1630193,G,True,fixture,True,5,
0000000145,2023-24,Regular Season,1610612752,203944,F-C,True,fixture,True,5,
0000000145,2023-24,Regular Season,1610612752,1631216,G,False,fixture,True,5,
0000000145,2023-24,Regular Season,1610612748,202710,F-G,True,fixture,True,5,
0000000145,2023-24,Regular Season,1610612748,1629639,G,True,fixture,True,5,
0000000145,2023-24,Regular Season,1610612748,202355,C,True,fixture,True,5,
0000000145,2023-24,Regular Season,1610612748,1631107,G-F,True,fixture,True,5,
0000000145,2023-24,Regular Season,1610612748,203482,C-F,True,fixture,True,5,
0000000145,2023-24,Regular Season,1610612748,1630217,F,False,fixture,True,5,
0000000146,2023-24,Regular Season,1610612748,202710,F-G,True,fixture,True,5,
0000000146,2023-24,Regular Season,1610612748,1629639,G,True,fixture,True,5,
0000000146,2023-24,Regular Season,1610612748,202355,C,True,fixture,True,5,
0000000146,2023-24,Regular Season,1610612748,1631107,G-F,True,fixture,True,5,
0000000146,2023-24,Regular Season,1610612748,203482,C-F,True,fixture,True,5,
0000000146,2023-24,Regular Season,1610612748,1630217,F,False,fixture,True,5,
0000000146,2023-24,Regular Season,1610612747,2544,F,True,fixture,True,5,
0000000146,2023-24,Regular Season,1610612747,1629029,G,True,fixture,True,5,
0000000146,2023-24,Regular Season,1610612747,203076,C-F,True,fixture,True,5,
0000000146,2023-24,Regular Season,1610612747,1630559,G,True,fixture,True,5,
0000000146,2023-24,Regular Season,1610612747,1626156,G-F,False,fixture,True,5,
0000000146,2023-24,Regular Season,1610612747,1629020,F,True,fixture,True,5,
0000000147,2023-24,Regular Season,1610612748,202710,F-G,True,fixture,True,5,
0000000147,2023-24,Regular Season,1610612748,1629639,G,True,fixture,True,5,
0000000147,2023-24,Regular Season,1610612748,202355,C,True,fixture,True,5,
0000000147,2023-24,Regular Season,1610612748,1631107,G-F,True,fixture,True,5,
0000000147,2023-24,Regular Season,1610612748,203482,C-F,True,fixture,True,5,
0000000147,2023-24,Regular Season,1610612748,1630217,F,False,fixture,True,5,
0000000147,2023-24,Regular Season,1610612744,201939,G,True,fixture,True,5,
0000000147,2023-24,Regular Season,1610612744,202691,G-F,True,fixture,True,5,
0000000147,2023-24,Regular Season,1610612744,203110,F-C,True,fixture,True,5,
0000000147,2023-24,Regular Season,1610612744,1630228,F,True,fixture,True,5,
0000000147,2023-24,Regular Season,1610612744,1626172,C,False,fixture,True,5,
0000000147,2023-24,Regular Season,1610612744,1630541,G,True,fixture,True,5,
0000000148,2023-24,Regular Season,1610612748,202710,F-G,True,fixture,True,5,
0000000148,2023-24,Regular Season,1610612748,1629639,G,True,fixture,True,5,
0000000148,2023-24,Regular Season,1610612748,202355,C,True,fixture,True,5,
0000000148,2023-24,Regular Season,1610612748,1631107,G-F,True,fixture,True,5,
0000000148,2023-24,Regular Season,1610612748,203482,C-F,True,fixture,True,5,
0000000148,2023-24,Regular Season,1610612748,1630217,F,False,fixture,True,5,
0000000148,2023-24,Regular Season,1610612743,203999,C,True,fixture,True,5,
0000000148,2023-24,Regular Season,1610612743,1627750,G,True,fixture,True,5,
0000000148,2023-24,Regular Season,1610612743,1628420,F,True,fixture,True,5,
0000000148,2023-24,Regular Season,1610612743,1630166,G-F,True,fixture,True,5,
0000000148,2023-24,Regular Season,1610612743,203914,G,True,fixture,True,5,
0000000148,2023-24,Regular Season,1610612743,1631128,F,False,fixture,True,5,
0000000149,2023-24,Regular Season,1610612748,202710,F-G,True,fixture,True,5,
0000000149,2023-24,Regular Season,1610612748,1629639,G,True,fixture,True,5,
0000000149,2023-24,Regular Season,1610612748,202355,C,True,fixture,True,5,
0000000149,2023-24,Regular Season,1610612748,1631107,G-F,True,fixture,True,5,
0000000149,2023-24,Regular Season,1610612748,203482,C-F,True,fixture,True,5,
0000000149,2023-24,Regular Season,1610612748,1630217,F,False,fixture,True,5,
0000000149,2023-24,Regular Season,1610612738,1628369,F,True,fixture,True,5,
0000000149,2023-24,Regular Season,1610612738,1627759,G-F,True,fixture,True,5,
0000000149,2023-24,Regular Season,1610612738,201950,G,True,fixture,True,5,
0000000149,2023-24,Regular Season,1610612738,1628464,G,True,fixture,True,5,
0000000149,2023-24,Regular Season,1610612738,203935,C,True,fixture,True,5,
0000000149,2023-24,Regular Season,1610612738,1629057,C-F,False,fixture,True,5,
0000000150,2023-24,Regular Season,1610612748,202710,F-G,True,fixture,True,5,
0000000150,2023-24,Regular Season,1610612748,1629639,G,True,fixture,True,5,
0000000150,2023-24,Regular Season,1610612748,202355,C,True,fixture,True,5,
0000000150,2023-24,Regular Season,1610612748,1631107,G-F,True,fixture,True,5,
0000000150,2023-24,Regular Season,1610612748,203482,C-F,True,fixture,True,5,
0000000150,2023-24,Regular Season,1610612748,1630217,F,False,fixture,True,5,
0000000150,2023-24,Regular Season,1610612752,1628973,G,True,fixture,True,5,
0000000150,2023-24,Regular Season,1610612752,1626164,C,True,fixture,True,5,
0000000150,2023-24,Regular Season,1610612752,1629628,G-F,True,fixture,True,5,
0000000150,2023-24,Regular Season,1610612752,1630193,G,True,fixture,True,5,
0000000150,2023-24,Regular Season,1610612752,203944,F-C,True,fixture,True,5,
0000000150,2023-24,Regular Season,1610612752,1631216,G,False,fixture,True,5,
0000000151,2023-24,Regular Season,1610612747,2544,F,True,fixture,True,5,
0000000151,2023-24,Regular Season,1610612747,1629029,G,True,fixture,True,5,
0000000151,2023-24,Regular Season,1610612747,203076,C-F,True,fixture,True,5,
0000000151,2023-24,Regular Season,1610612747,1630559,G,True,fixture,True,5,
0000000151,2023-24,Regular Season,1610612747,1626156,G-F,False,fixture,True,5,
0000000151,2023-24,Regular Season,1610612747,1629020,F,True,fixture,True,5,
0000000151,2023-24,Regular Season,1610612744,201939,G,True,fixture,True,5,
0000000151,2023-24,Regular Season,1610612744,202691,G-F,True,fixture,True,5,
0000000151,2023-24,Regular Season,1610612744,203110,F-C,True,fixture,True,5,
0000000151,2023-24,Regular Season,1610612744,1630228,F,True,fixture,True,5,
0000000151,2023-24,Regular Season,1610612744,1626172,C,False,fixture,True,5,
0000000151,2023-24,Regular Season,1610612744,1630541,G,True,fixture,True,5,
0000000152,2023-24,Regular Season,1610612747,2544,F,True,fixture,True,5,
0000000152,2023-24,Regular Season,1610612747,1629029,G,True,fixture,True,5,
0000000152,2023-24,Regular Season,1610612747,203076,C-F,True,fixture,True,5,
0000000152,2023-24,Regular Season,1610612747,1630559,G,True,fixture,True,5,
0000000152,2023-24,Regular Season,1610612747,1626156,G-F,False,fixture,True,5,
0000000152,2023-24,Regular Season,1610612747,1629020,F,True,fixture,True,5,
0000000152,2023-24,Regular Season,1610612743,203999,C,True,fixture,True,5,
0000000152,2023-24,Regular Season,1610612743,1627750,G,True,fixture,True,5,
0000000152,2023-24,Regular Season,1610612743,1628420,F,True,fixture,True,5,
0000000152,2023-24,Regular Season,1610612743,1630166,G-F,True,fixture,True,5,
0000000152,2023-24,Regular Season,1610612743,203914,G,True,fixture,True,5,
0000000152,2023-24,Regular Season,1610612743,1631128,F,False,fixture,True,5,
0000000153,2023-24,Regular Season,1610612747,2544,F,True,fixture,True,5,
0000000153,2023-24,Regular Season,1610612747,1629029,G,True,fixture,True,5,
0000000153,2023-24,Regular Season,1610612747,203076,C-F,True,fixture,True,5,
0000000153,2023-24,Regular Season,1610612747,1630559,G,True,fixture,True,5,
0000000153,2023-24,Regular Season,1610612747,1626156,G-F,False,fixture,True,5,
0000000153,2023-24,Regular Season,1610612747,1629020,F,True,fixture,True,5,
0000000153,2023-24,Regular Season,1610612738,1628369,F,True,fixture,True,5,
0000000153,2023-24,Regular Season,1610612738,1627759,G-F,True,fixture,True,5,
0000000153,2023-24,Regular Season,1610612738,201950,G,True,fixture,True,5,
0000000153,2023-24,Regular Season,1610612738,1628464,G,True,fixture,True,5,
0000000153,2023-24,Regular Season,1610612738,203935,C,True,fixture,True,5,
0000000153,2023-24,Regular Season,1610612738,1629057,C-F,False,fixture,True,5,
0000000154,2023-24,Regular Season,1610612747,2544,F,True,fixture,True,5,
0000000154,2023-24,Regular Season,1610612747,1629029,G,True,fixture,True,5,
0000000154,2023-24,Regular Season,1610612747,203076,C-F,True,fixture,True,5,
0000000154,2023-24,Regular Season,1610612747,1630559,G,True,fixture,True,5,
0000000154,2023-24,Regular Season,1610612747,1626156,G-F,False,fixture,True,5,
0000000154,2023-24,Regular Season,1610612747,1629020,F,True,fixture,True,5,
0000000154,2023-24,Regular Season,1610612752,1628973,G,True,fixture,True,5,
0000000154,2023-24,Regular Season,1610612752,1626164,C,True,fixture,True,5,
0000000154,2023-24,Regular Season,1610612752,1629628,G-F,True,fixture,True,5,
0000000154,2023-24,Regular Season,1610612752,1630193,G,True,fixture,True,5,
0000000154,2023-24,Regular Season,1610612752,203944,F-C,True,fixture,True,5,
0000000154,2023-24,Regular Season,1610612752,1631216,G,False,fixture,True,5,
0000000155,2023-24,Regular Season,1610612747,2544,F,True,fixture,True,5,
0000000155,2023-24,Regular Season,1610612747,1629029,G,True,fixture,True,5,
0000000155,2023-24,Regular Season,1610612747,203076,C-F,True,fixture,True,5,
0000000155,2023-24,Regular Season,1610612747,1630559,G,True,fixture,True,5,
0000000155,2023-24,Regular Season,1610612747,1626156,G-F,False,fixture,True,5,
0000000155,2023-24,Regular Season,1610612747,1629020,F,True,fixture,True,5,
0000000155,2023-24,Regular Season,1610612748,202710,F-G,True,fixture,True,5,
0000000155,2023-24,Regular Season,1610612748,1629639,G,True,fixture,True,5,
0000000155,2023-24,Regular Season,1610612748,202355,C,True,fixture,True,5,
0000000155,2023-24,Regular Season,1610612748,1631107,G-F,True,fixture,True,5,
0000000155,2023-24,Regular Season,1610612748,203482,C-F,True,fixture,True,5,
0000000155,2023-24,Regular Season,1610612748,1630217,F,False,fixture,True,5,
0000000156,2023-24,Regular Season,1610612744,201939,G,True,fixture,True,5,
0000000156,2023-24,Regular Season,1610612744,202691,G-F,True,fixture,True,5,
0000000156,2023-24,Regular Season,1610612744,203110,F-C,True,fixture,True,5,
0000000156,2023-24,Regular Season,1610612744,1630228,F,True,fixture,True,5,
0000000156,2023-24,Regular Season,1610612744,1626172,C,False,fixture,True,5,
0000000156,2023-24,Regular Season,1610612744,1630541,G,True,fixture,True,5,
0000000156,2023-24,Regular Season,1610612747,2544,F,True,fixture,True,5,
0000000156,2023-24,Regular Season,1610612747,1629029,G,True,fixture,True,5,
0000000156,2023-24,Regular Season,1610612747,203076,C-F,True,fixture,True,5,
0000000156,2023-24,Regular Season,1610612747,1630559,G,True,fixture,True,5,
0000000156,2023-24,Regular Season,1610612747,1626156,G-F,False,fixture,True,5,
0000000156,2023-24,Regular Season,1610612747,1629020,F,True,fixture,True,5,
0000000157,2023-24,Regular Season,1610612744,201939,G,True,fixture,True,5,
0000000157,2023-24,Regular Season,1610612744,202691,G-F,True,fixture,True,5,
0000000157,2023-24,Regular Season,1610612744,203110,F-C,True,fixture,True,5,
0000000157,2023-24,Regular Season,1610612744,1630228,F,True,fixture,True,5,
0000000157,2023-24,Regular Season,1610612744,1626172,C,False,fixture,True,5,
0000000157,2023-24,Regular Season,1610612744,1630541,G,True,fixture,True,5,
0000000157,2023-24,Regular Season,1610612743,203999,C,True,fixture,True,5,
0000000157,2023-24,Regular Season,1610612743,1627750,G,True,fixture,True,5,
0000000157,2023-24,Regular Season,1610612743,1628420,F,True,fixture,True,5,
0000000157,2023-24,Regular Season,1610612743,1630166,G-F,True,fixture,True,5,
0000000157,2023-24,Regular Season,1610612743,203914,G,True,fixture,True,5,
0000000157,2023-24,Regular Season,1610612743,1631128,F,False,fixture,True,5,
0000000158,2023-24,Regular Season,1610612744,201939,G,True,fixture,True,5,
0000000158,2023-24,Regular Season,1610612744,202691,G-F,True,fixture,True,5,
0000000158,2023-24,Regular Season,1610612744,203110,F-C,True,fixture,True,5,
0000000158,2023-24,Regular Season,1610612744,1630228,F,True,fixture,True,5,
0000000158,2023-24,Regular Season,1610612744,1626172,C,False,fixture,True,5,
0000000158,2023-24,Regular Season,1610612744,1630541,G,True,fixture,True,5,
0000000158,2023-24,Regular Season,1610612738,1628369,F,True,fixture,True,5,
0000000158,2023-24,Regular Season,1610612738,1627759,G-F,True,fixture,True,5,
0000000158,2023-24,Regular Season,1610612738,201950,G,True,fixture,True,5,
0000000158,2023-24,Regular Season,1610612738,1628464,G,True,fixture,True,5,
0000000158,2023-24,Regular Season,1610612738,203935,C,True,fixture,True,5,
0000000158,2023-24,Regular Season,1610612738,1629057,C-F,False,fixture,True,5,
0000000159,2023-24,Regular Season,1610612744,201939,G,True,fixture,True,5,
0000000159,2023-24,Regular Season,1610612744,202691,G-F,True,fixture,True,5,
0000000159,2023-24,Regular Season,1610612744,203110,F-C,True,fixture,True,5,
0000000159,2023-24,Regular Season,1610612744,1630228,F,True,fixture,True,5,
0000000159,2023-24,Regular Season,1610612744,1626172,C,False,fixture,True,5,
0000000159,2023-24,Regular Season,1610612744,1630541,G,True,fixture,True,5,
0000000159,2023-24,Regular Season,1610612752,1628973,G,True,fixture,True,5,
0000000159,2023-24,Regular Season,1610612752,1626164,C,True,fixture,True,5,
0000000159,2023-24,Regular Season,1610612752,1629628,G-F,True,fixture,True,5,
0000000159,2023-24,Regular Season,1610612752,1630193,G,True,fixture,True,5,
0000000159,2023-24,Regular Season,1610612752,203944,F-C,True,fixture,True,5,
0000000159,2023-24,Regular Season,1610612752,1631216,G,False,fixture,True,5,
0000000160,2023-24,Regular Season,1610612744,201939,G,True,fixture,True,5,
0000000160,2023-24,Regular Season,1610612744,202691,G-F,True,fixture,True,5,
0000000160,2023-24,Regular Season,1610612744,203110,F-C,True,fixture,True,5,
0000000160,2023-24,Regular Season,1610612744,1630228,F,True,fixture,True,5,
0000000160,2023-24,Regular Season,1610612744,1626172,C,False,fixture,True,5,
0000000160,2023-24,Regular Season,1610612744,1630541,G,True,fixture,True,5,
0000000160,2023-24,Regular Season,1610612748,202710,F-G,True,fixture,True,5,
0000000160,2023-24,Regular Season,1610612748,1629639,G,True,fixture,True,5,
0000000160,2023-24,Regular Season,1610612748,202355,C,True,fixture,True,5,
0000000160,2023-24,Regular Season,1610612748,1631107,G-F,True,fixture,True,5,
0000000160,2023-24,Regular Season,1610612748,203482,C-F,True,fixture,True,5,
0000000160,2023-24,Regular Season,1610612748,1630217,F,False,fixture,True,5,
0000000161,2023-24,Regular Season,1610612743,203999,C,True,fixture,True,5,
0000000161,2023-24,Regular Season,1610612743,1627750,G,True,fixture,True,5,
0000000161,2023-24,Regular Season,1610612743,1628420,F,True,fixture,True,5,
0000000161,2023-24,Regular Season,1610612743,1630166,G-F,True,fixture,True,5,
0000000161,2023-24,Regular Season,1610612743,203914,G,True,fixture,True,5,
0000000161,2023-24,Regular Season,1610612743,1631128,F,False,fixture,True,5,
0000000161,2023-24,Regular Season,1610612747,2544,F,True,fixture,True,5,
0000000161,2023-24,Regular Season,1610612747,1629029,G,True,fixture,True,5,
0000000161,2023-24,Regular Season,1610612747,203076,C-F,True,fixture,True,5,
0000000161,2023-24,Regular Season,1610612747,1630559,G,True,fixture,True,5,
0000000161,2023-24,Regular Season,1610612747,1626156,G-F,False,fixture,True,5,
0000000161,2023-24,Regular Season,1610612747,1629020,F,True,fixture,True,5,
0000000162,2023-24,Regular Season,1610612743,203999,C,True,fixture,True,5,
0000000162,2023-24,Regular Season,1610612743,1627750,G,True,fixture,True,5,
0000000162,2023-24,Regular Season,1610612743,1628420,F,True,fixture,True,5,
0000000162,2023-24,Regular Season,1610612743,1630166,G-F,True,fixture,True,5,
0000000162,2023-24,Regular Season,1610612743,203914,G,True,fixture,True,5,
0000000162,2023-24,Regular Season,1610612743,1631128,F,False,fixture,True,5,
0000000162,2023-24,Regular Season,1610612744,201939,G,True,fixture,True,5,
0000000162,2023-24,Regular Season,1610612744,202691,G-F,True,fixture,True,5,
0000000162,2023-24,Regular Season,1610612744,203110,F-C,True,fixture,True,5,
0000000162,2023-24,Regular Season,1610612744,1630228,F,True,fixture,True,5,
0000000162,2023-24,Regular Season,1610612744,1626172,C,False,fixture,True,5,
0000000162,2023-24,Regular Season,1610612744,1630541,G,True,fixture,True,5,
0000000163,2023-24,Regular Season,1610612743,203999,C,True,fixture,True,5,
0000000163,2023-24,Regular Season,1610612743,1627750,G,True,fixture,True,5,
0000000163,2023-24,Regular Season,1610612743,1628420,F,True,fixture,True,5,
0000000163,2023-24,Regular Season,1610612743,1630166,G-F,True,fixture,True,5,
0000000163,2023-24,Regular Season,1610612743,203914,G,True,fixture,True,5,
0000000163,2023-24,Regular Season,1610612743,1631128,F,False,fixture,True,5,
0000000163,2023-24,Regular Season,1610612738,1628369,F,True,fixture,True,5,
0000000163,2023-24,Regular Season,1610612738,1627759,G-F,True,fixture,True,5,
0000000163,2023-24,Regular Season,1610612738,201950,G,True,fixture,True,5,
0000000163,2023-24,Regular Season,1610612738,1628464,G,True,fixture,True,5,
0000000163,2023-24,Regular Season,1610612738,203935,C,True,fixture,True,5,
0000000163,2023-24,Regular Season,1610612738,1629057,C-F,False,fixture,True,5,
0000000164,2023-24,Regular Season,1610612743,203999,C,True,fixture,True,5,
0000000164,2023-24,Regular Season,1610612743,1627750,G,True,fixture,True,5,
0000000164,2023-24,Regular Season,1610612743,1628420,F,True,fixture,True,5,
0000000164,2023-24,Regular Season,1610612743,1630166,G-F,True,fixture,True,5,
0000000164,2023-24,Regular Season,1610612743,203914,G,True,fixture,True,5,
0000000164,2023-24,Regular Season,1610612743,1631128,F,False,fixture,True,5,
0000000164,2023-24,Regular Season,1610612752,1628973,G,True,fixture,True,5,
0000000164,2023-24,Regular Season,1610612752,1626164,C,True,fixture,True,5,
0000000164,2023-24,Regular Season,1610612752,1629628,G-F,True,fixture,True,5,
0000000164,2023-24,Regular Season,1610612752,1630193,G,True,fixture,True,5,
0000000164,2023-24,Regular Season,1610612752,203944,F-C,True,fixture,True,5,
0000000164,2023-24,Regular Season,1610612752,1631216,G,False,fixture,True,5,
0000000165,2023-24,Regular Season,1610612743,203999,C,True,fixture,True,5,
0000000165,2023-24,Regular Season,1610612743,1627750,G,True,fixture,True,5,
0000000165,2023-24,Regular Season,1610612743,1628420,F,True,fixture,True,5,
0000000165,2023-24,Regular Season,1610612743,1630166,G-F,True,fixture,True,5,
0000000165,2023-24,Regular Season,1610612743,203914,G,True,fixture,True,5,
0000000165,2023-24,Regular Season,1610612743,1631128,F,False,fixture,True,5,
0000000165,2023-24,Regular Season,1610612748,202710,F-G,True,fixture,True,5,
0000000165,2023-24,Regular Season,1610612748,1629639,G,True,fixture,True,5,
0000000165,2023-24,Regular Season,1610612748,202355,C,True,fixture,True,5,
0000000165,2023-24,Regular Season,1610612748,1631107,G-F,True,fixture,True,5,
0000000165,2023-24,Regular Season,1610612748,203482,C-F,True,fixture,True,5,
0000000165,2023-24,Regular Season,1610612748,1630217,F,False,fixture,True,5,
0000000166,2023-24,Regular Season,1610612738,1628369,F,True,fixture,True,5,
0000000166,2023-24,Regular Season,1610612738,1627759,G-F,True,fixture,True,5,
0000000166,2023-24,Regular Season,1610612738,201950,G,True,fixture,True,5,
0000000166,2023-24,Regular Season,1610612738,1628464,G,True,fixture,True,5,
0000000166,2023-24,Regular Season,1610612738,203935,C,True,fixture,True,5,
0000000166,2023-24,Regular Season,1610612738,1629057,C-F,False,fixture,True,5,
0000000166,2023-24,Regular Season,1610612747,2544,F,True,fixture,True,5,
0000000166,2023-24,Regular Season,1610612747,1629029,G,True,fixture,True,5,
0000000166,2023-24,Regular Season,1610612747,203076,C-F,True,fixture,True,5,
0000000166,2023-24,Regular Season,1610612747,1630559,G,True,fixture,True,5,
0000000166,2023-24,Regular Season,1610612747,1626156,G-F,False,fixture,True,5,
0000000166,2023-24,Regular Season,1610612747,1629020,F,True,fixture,True,5,
0000000167,2023-24,Regular Season,1610612738,1628369,F,True,fixture,True,5,
0000000167,2023-24,Regular Season,1610612738,1627759,G-F,True,fixture,True,5,
0000000167,2023-24,Regular Season,1610612738,201950,G,True,fixture,True,5,
0000000167,2023-24,Regular Season,1610612738,1628464,G,True,fixture,True,5,
0000000167,2023-24,Regular Season,1610612738,203935,C,True,fixture,True,5,
0000000167,2023-24,Regular Season,1610612738,1629057,C-F,False,fixture,True,5,
0000000167,2023-24,Regular Season,1610612744,201939,G,True,fixture,True,5,
0000000167,2023-24,Regular Season,1610612744,202691,G-F,True,fixture,True,5,
0000000167,2023-24,Regular Season,1610612744,203110,F-C,True,fixture,True,5,
0000000167,2023-24,Regular Season,1610612744,1630228,F,True,fixture,True,5,
0000000167,2023-24,Regular Season,1610612744,1626172,C,False,fixture,True,5,
0000000167,2023-24,Regular Season,1610612744,1630541,G,True,fixture,True,5,
0000000168,2023-24,Regular Season,1610612738,1628369,F,True,fixture,True,5,
0000000168,2023-24,Regular Season,1610612738,1627759,G-F,True,fixture,True,5,
0000000168,2023-24,Regular Season,1610612738,201950,G,True,fixture,True,5,
0000000168,2023-24,Regular Season,1610612738,1628464,G,True,fixture,True,5,
0000000168,2023-24,Regular Season,1610612738,203935,C,True,fixture,True,5,
0000000168,2023-24,Regular Season,1610612738,1629057,C-F,False,fixture,True,5,
0000000168,2023-24,Regular Season,1610612743,203999,C,True,fixture,True,5,
0000000168,2023-24,Regular Season,1610612743,1627750,G,True,fixture,True,5,
0000000168,2023-24,Regular Season,1610612743,1628420,F,True,fixture,True,5,
0000000168,2023-24,Regular Season,1610612743,1630166,G-F,True,fixture,True,5,
0000000168,2023-24,Regular Season,1610612743,203914,G,True,fixture,True,5,
0000000168,2023-24,Regular Season,1610612743,1631128,F,False,fixture,True,5,
0000000169,2023-24,Regular Season,1610612738,1628369,F,True,fixture,True,5,
0000000169,2023-24,Regular Season,1610612738,1627759,G-F,True,fixture,True,5,
0000000169,2023-24,Regular Season,1610612738,201950,G,True,fixture,True,5,
0000000169,2023-24,Regular Season,1610612738,1628464,G,True,fixture,True,5,
0000000169,2023-24,Regular Season,1610612738,203935,C,True,fixture,True,5,
0000000169,2023-24,Regular Season,1610612738,1629057,C-F,False,fixture,True,5,
0000000169,2023-24,Regular Season,1610612752,1628973,G,True,fixture,True,5,
0000000169,2023-24,Regular Season,1610612752,1626164,C,True,fixture,True,5,
0000000169,2023-24,Regular Season,1610612752,1629628,G-F,True,fixture,True,5,
0000000169,2023-24,Regular Season,1610612752,1630193,G,True,fixture,True,5,
0000000169,2023-24,Regular Season,1610612752,203944,F-C,True,fixture,True,5,
0000000169,2023-24,Regular Season,1610612752,1631216,G,False,fixture,True,5,
0000000170,2023-24,Regular Season,1610612738,1628369,F,True,fixture,True,5,
0000000170,2023-24,Regular Season,1610612738,1627759,G-F,True,fixture,True,5,
0000000170,2023-24,Regular Season,1610612738,201950,G,True,fixture,True,5,
0000000170,2023-24,Regular Season,1610612738,1628464,G,True,fixture,True,5,
0000000170,2023-24,Regular Season,1610612738,203935,C,True,fixture,True,5,
0000000170,2023-24,Regular Season,1610612738,1629057,C-F,False,fixture,True,5,
0000000170,2023-24,Regular Season,1610612748,202710,F-G,True,fixture,True,5,
0000000170,2023-24,Regular Season,1610612748,1629639,G,True,fixture,True,5,
0000000170,2023-24,Regular Season,1610612748,202355,C,True,fixture,True,5,
0000000170,2023-24,Regular Season,1610612748,1631107,G-F,True,fixture,True,5,
0000000170,2023-24,Regular Season,1610612748,203482,C-F,True,fixture,True,5,
0000000170,2023-24,Regular Season,1610612748,1630217,F,False,fixture,True,5,
0000000171,2023-24,Regular Season,1610612752,1628973,G,True,fixture,True,5,
0000000171,2023-24,Regular Season,1610612752,1626164,C,True,fixture,True,5,
0000000171,2023-24,Regular Season,1610612752,1629628,G-F,True,fixture,True,5,
0000000171,2023-24,Regular Season,1610612752,1630193,G,True,fixture,True,5,
0000000171,2023-24,Regular Season,1610612752,203944,F-C,True,fixture,True,5,
0000000171,2023-24,Regular Season,1610612752,1631216,G,False,fixture,True,5,
0000000171,2023-24,Regular Season,1610612747,2544,F,True,fixture,True,5,
0000000171,2023-24,Regular Season,1610612747,1629029,G,True,fixture,True,5,
0000000171,2023-24,Regular Season,1610612747,203076,C-F,True,fixture,True,5,
0000000171,2023-24,Regular Season,1610612747,1630559,G,True,fixture,True,5,
0000000171,2023-24,Regular Season,1610612747,1626156,G-F,False,fixture,True,5,
0000000171,2023-24,Regular Season,1610612747,1629020,F,True,fixture,True,5,
0000000172,2023-24,Regular Season,1610612752,1628973,G,True,fixture,True,5,
0000000172,2023-24,Regular Season,1610612752,1626164,C,True,fixture,True,5,
0000000172,2023-24,Regular Season,1610612752,1629628,G-F,True,fixture,True,5,
0000000172,2023-24,Regular Season,1610612752,1630193,G,True,fixture,True,5,
0000000172,2023-24,Regular Season,1610612752,203944,F-C,True,fixture,True,5,
0000000172,2023-24,Regular Season,1610612752,1631216,G,False,fixture,True,5,
0000000172,2023-24,Regular Season,1610612744,201939,G,True,fixture,True,5,
0000000172,2023-24,Regular Season,1610612744,202691,G-F,True,fixture,True,5,
0000000172,2023-24,Regular Season,1610612744,203110,F-C,True,fixture,True,5,
0000000172,2023-24,Regular Season,1610612744,1630228,F,True,fixture,True,5,
0000000172,2023-24,Regular Season,1610612744,1626172,C,False,fixture,True,5,
0000000172,2023-24,Regular Season,1610612744,1630541,G,True,fixture,True,5,
0000000173,2023-24,Regular Season,1610612752,1628973,G,True,fixture,True,5,
0000000173,2023-24,Regular Season,1610612752,1626164,C,True,fixture,True,5,
0000000173,2023-24,Regular Season,1610612752,1629628,G-F,True,fixture,True,5,
0000000173,2023-24,Regular Season,1610612752,1630193,G,True,fixture,True,5,
0000000173,2023-24,Regular Season,1610612752,203944,F-C,True,fixture,True,5,
0000000173,2023-24,Regular Season,1610612752,1631216,G,False,fixture,True,5,
0000000173,2023-24,Regular Season,1610612743,203999,C,True,fixture,True,5,
0000000173,2023-24,Regular Season,1610612743,1627750,G,True,fixture,True,5,
0000000173,2023-24,Regular Season,1610612743,1628420,F,True,fixture,True,5,
0000000173,2023-24,Regular Season,1610612743,1630166,G-F,True,fixture,True,5,
0000000173,2023-24,Regular Season,1610612743,203914,G,True,fixture,True,5,
0000000173,2023-24,Regular Season,1610612743,1631128,F,False,fixture,True,5,
0000000174,2023-24,Regular Season,1610612752,1628973,G,True,fixture,True,5,
0000000174,2023-24,Regular Season,1610612752,1626164,C,True,fixture,True,5,
0000000174,2023-24,Regular Season,1610612752,1629628,G-F,True,fixture,True,5,
0000000174,2023-24,Regular Season,1610612752,1630193,G,True,fixture,True,5,
0000000174,2023-24,Regular Season,1610612752,203944,F-C,True,fixture,True,5,
0000000174,2023-24,Regular Season,1610612752,1631216,G,False,fixture,True,5,
0000000174,2023-24,Regular Season,1610612738,1628369,F,True,fixture,True,5,
0000000174,2023-24,Regular Season,1610612738,1627759,G-F,True,fixture,True,5,
0000000174,2023-24,Regular Season,1610612738,201950,G,True,fixture,True,5,
0000000174,2023-24,Regular Season,1610612738,1628464,G,True,fixture,True,5,
0000000174,2023-24,Regular Season,1610612738,203935,C,True,fixture,True,5,
0000000174,2023-24,Regular Season,1610612738,1629057,C-F,False,fixture,True,5,
0000000175,2023-24,Regular Season,1610612752,1628973,G,True,fixture,True,5,
0000000175,2023-24,Regular Season,1610612752,1626164,C,True,fixture,True,5,
0000000175,2023-24,Regular Season,1610612752,1629628,G-F,True,fixture,True,5,
0000000175,2023-24,Regular Season,1610612752,1630193,G,True,fixture,True,5,
0000000175,2023-24,Regular Season,1610612752,203944,F-C,True,fixture,True,5,
0000000175,2023-24,Regular Season,1610612752,1631216,G,False,fixture,True,5,
0000000175,2023-24,Regular Season,1610612748,202710,F-G,True,fixture,True,5,
0000000175,2023-24,Regular Season,1610612748,1629639,G,True,fixture,True,5,
0000000175,2023-24,Regular Season,1610612748,202355,C,True,fixture,True,5,
0000000175,2023-24,Regular Season,1610612748,1631107,G-F,True,fixture,True,5,
0000000175,2023-24,Regular Season,1610612748,203482,C-F,True,fixture,True,5,
0000000175,2023-24,Regular Season,1610612748,1630217,F,False,fixture,True,5,
0000000176,2023-24,Regular Season,1610612748,202710,F-G,True,fixture,True,5,
0000000176,2023-24,Regular Season,1610612748,1629639,G,True,fixture,True,5,
0000000176,2023-24,Regular Season,1610612748,202355,C,True,fixture,True,5,
0000000176,2023-24,Regular Season,1610612748,1631107,G-F,True,fixture,True,5,
0000000176,2023-24,Regular Season,1610612748,203482,C-F,True,fixture,True,5,
0000000176,2023-24,Regular Season,1610612748,1630217,F,False,fixture,True,5,
0000000176,2023-24,Regular Season,1610612747,2544,F,True,fixture,True,5,
0000000176,2023-24,Regular Season,1610612747,1629029,G,True,fixture,True,5,
0000000176,2023-24,Regular Season,1610612747,203076,C-F,True,fixture,True,5,
0000000176,2023-24,Regular Season,1610612747,1630559,G,True,fixture,True,5,
0000000176,2023-24,Regular Season,1610612747,1626156,G-F,False,fixture,True,5,
0000000176,2023-24,Regular Season,1610612747,1629020,F,True,fixture,True,5,
0000000177,2023-24,Regular Season,1610612748,202710,F-G,True,fixture,True,5,
0000000177,2023-24,Regular Season,1610612748,1629639,G,True,fixture,True,5,
0000000177,2023-24,Regular Season,1610612748,202355,C,True,fixture,True,5,
0000000177,2023-24,Regular Season,1610612748,1631107,G-F,True,fixture,True,5,
0000000177,2023-24,Regular Season,1610612748,203482,C-F,True,fixture,True,5,
0000000177,2023-24,Regular Season,1610612748,1630217,F,False,fixture,True,5,
0000000177,2023-24,Regular Season,1610612744,201939,G,True,fixture,True,5,
0000000177,2023-24,Regular Season,1610612744,202691,G-F,True,fixture,True,5,
0000000177,2023-24,Regular Season,1610612744,203110,F-C,True,fixture,True,5,
0000000177,2023-24,Regular Season,1610612744,1630228,F,True,fixture,True,5,
0000000177,2023-24,Regular Season,1610612744,1626172,C,False,fixture,True,5,
0000000177,2023-24,Regular Season,1610612744,1630541,G,True,fixture,True,5,
0000000178,2023-24,Regular Season,1610612748,202710,F-G,True,fixture,True,5,
0000000178,2023-24,Regular Season,1610612748,1629639,G,True,fixture,True,5,
0000000178,2023-24,Regular Season,1610612748,202355,C,True,fixture,True,5,
0000000178,2023-24,Regular Season,1610612748,1631107,G-F,True,fixture,True,5,
0000000178,2023-24,Regular Season,1610612748,203482,C-F,True,fixture,True,5,
0000000178,2023-24,Regular Season,1610612748,1630217,F,False,fixture,True,5,
0000000178,2023-24,Regular Season,1610612743,203999,C,True,fixture,True,5,
0000000178,2023-24,Regular Season,1610612743,1627750,G,True,fixture,True,5,
0000000178,2023-24,Regular Season,1610612743,1628420,F,True,fixture,True,5,
0000000178,2023-24,Regular Season,1610612743,1630166,G-F,True,fixture,True,5,
0000000178,2023-24,Regular Season,1610612743,203914,G,True,fixture,True,5,
0000000178,2023-24,Regular Season,1610612743,1631128,F,False,fixture,True,5,
0000000179,2023-24,Regular Season,1610612748,202710,F-G,True,fixture,True,5,
0000000179,2023-24,Regular Season,1610612748,1629639,G,True,fixture,True,5,
0000000179,2023-24,Regular Season,1610612748,202355,C,True,fixture,True,5,
0000000179,2023-24,Regular Season,1610612748,1631107,G-F,True,fixture,True,5,
0000000179,2023-24,Regular Season,1610612748,203482,C-F,True,fixture,True,5,
0000000179,2023-24,Regular Season,1610612748,1630217,F,False,fixture,True,5,
0000000179,2023-24,Regular Season,1610612738,1628369,F,True,fixture,True,5,
0000000179,2023-24,Regular Season,1610612738,1627759,G-F,True,fixture,True,5,
0000000179,2023-24,Regular Season,1610612738,201950,G,True,fixture,True,5,
0000000179,2023-24,Regular Season,1610612738,1628464,G,True,fixture,True,5,
0000000179,2023-24,Regular Season,1610612738,203935,C,True,fixture,True,5,
0000000179,2023-24,Regular Season,1610612738,1629057,C-F,False,fixture,True,5,
0000000180,2023-24,Regular Season,1610612748,202710,F-G,True,fixture,True,5,
0000000180,2023-24,Regular Season,1610612748,1629639,G,True,fixture,True,5,
0000000180,2023-24,Regular Season,1610612748,202355,C,True,fixture,True,5,
0000000180,2023-24,Regular Season,1610612748,1631107,G-F,True,fixture,True,5,
0000000180,2023-24,Regular Season,1610612748,203482,C-F,True,fixture,True,5,
0000000180,2023-24,Regular Season,1610612748,1630217,F,False,fixture,True,5,
0000000180,2023-24,Regular Season,1610612752,1628973,G,True,fixture,True,5,
0000000180,2023-24,Regular Season,1610612752,1626164,C,True,fixture,True,5,
0000000180,2023-24,Regular Season,1610612752,1629628,G-F,True,fixture,True,5,
0000000180,2023-24,Regular Season,1610612752,1630193,G,True,fixture,True,5,
0000000180,2023-24,Regular Season,1610612752,203944,F-C,True,fixture,True,5,
0000000180,2023-24,Regular Season,1610612752,1631216,G,False,fixture,True,5,
