game_id,season,season_type,team_id,player_id,starter_position_raw,starter_flag,role_source,role_source_trusted,starter_count_for_team_game,role_validation_reason
0000000181,2024-25,Regular Season,1610612747,2544,F,True,fixture,True,5,
0000000181,2024-25,Regular Season,1610612747,1629029,G,True,fixture,True,5,
0000000181,2024-25,Regular Season,1610612747,203076,C-F,True,fixture,True,5,
0000000181,2024-25,Regular Season,1610612747,1630559,G,True,fixture,True,5,
0000000181,2024-25,Regular Season,1610612747,1626156,G-F,False,fixture,True,5,
0000000181,2024-25,Regular Season,1610612747,1629020,F,True,fixture,True,5,
0000000181,2024-25,Regular Season,1610612744,201939,G,True,fixture,True,5,
0000000181,2024-25,Regular Season,1610612744,202691,G-F,True,fixture,True,5,
0000000181,2024-25,Regular Season,1610612744,203110,F-C,True,fixture,True,5,
0000000181,2024-25,Regular Season,1610612744,1630228,F,True,fixture,True,5,
0000000181,2024-25,Regular Season,1610612744,1626172,C,False,fixture,True,5,
0000000181,2024-25,Regular Season,1610612744,1630541,G,True,fixture,True,5,
0000000182,2024-25,Regular Season,1610612747,2544,F,True,fixture,True,5,
0000000182,2024-25,Regular Season,1610612747,1629029,G,True,fixture,True,5,
0000000182,2024-25,Regular Season,1610612747,203076,C-F,True,fixture,True,5,
0000000182,2024-25,Regular Season,1610612747,1630559,G,True,fixture,True,5,
0000000182,2024-25,Regular Season,1610612747,1626156,G-F,False,fixture,True,5,
0000000182,2024-25,Regular Season,1610612747,1629020,F,True,fixture,True,5,
0000000182,2024-25,Regular Season,1610612743,203999,C,True,fixture,True,5,
0000000182,2024-25,Regular Season,1610612743,1627750,G,True,fixture,True,5,
0000000182,2024-25,Regular Season,1610612743,1628420,F,True,fixture,True,5,
0000000182,2024-25,Regular Season,1610612743,1630166,G-F,True,fixture,True,5,
0000000182,2024-25,Regular Season,1610612743,203914,G,True,fixture,True,5,
0000000182,2024-25,Regular Season,1610612743,1631128,F,False,fixture,True,5,
0000000183,2024-25,Regular Season,1610612747,2544,F,True,fixture,True,5,
0000000183,2024-25,Regular Season,1610612747,1629029,G,True,fixture,True,5,
0000000183,2024-25,Regular Season,1610612747,203076,C-F,True,fixture,True,5,
0000000183,2024-25,Regular Season,1610612747,1630559,G,True,fixture,True,5,
0000000183,2024-25,Regular Season,1610612747,1626156,G-F,False,fixture,True,5,
0000000183,2024-25,Regular Season,1610612747,1629020,F,True,fixture,True,5,
0000000183,2024-25,Regular Season,1610612738,1628369,F,True,fixture,True,5,
0000000183,2024-25,Regular Season,1610612738,1627759,G-F,True,fixture,True,5,
0000000183,2024-25,Regular Season,1610612738,201950,G,True,fixture,True,5,
0000000183,2024-25,Regular Season,1610612738,1628464,G,True,fixture,True,5,
0000000183,2024-25,Regular Season,1610612738,203935,C,True,fixture,True,5,
0000000183,2024-25,Regular Season,1610612738,1629057,C-F,False,fixture,True,5,
0000000184,2024-25,Regular Season,1610612747,2544,F,True,fixture,True,5,
0000000184,2024-25,Regular Season,1610612747,1629029,G,True,fixture,True,5,
0000000184,2024-25,Regular Season,1610612747,203076,C-F,True,fixture,True,5,
0000000184,2024-25,Regular Season,1610612747,1630559,G,True,fixture,True,5,
0000000184,2024-25,Regular Season,1610612747,1626156,G-F,False,fixture,True,5,
0000000184,2024-25,Regular Season,1610612747,1629020,F,True,fixture,True,5,
0000000184,2024-25,Regular Season,1610612752,1628973,G,True,fixture,True,5,
0000000184,2024-25,Regular Season,1610612752,1626157,C,True,fixture,True,5,
0000000184,2024-25,Regular Season,1610612752,1629628,G-F,True,fixture,True,5,
0000000184,2024-25,Regular Season,1610612752,1630193,G,True,fixture,True,5,
0000000184,2024-25,Regular Season,1610612752,203944,F-C,True,fixture,True,5,
0000000184,2024-25,Regular Season,1610612752,1631216,G,False,fixture,True,5,
0000000185,2024-25,Regular Season,1610612747,2544,F,True,fixture,True,5,
0000000185,2024-25,Regular Season,1610612747,1629029,G,True,fixture,True,5,
0000000185,2024-25,Regular Season,1610612747,203076,C-F,True,fixture,True,5,
0000000185,2024-25,Regular Season,1610612747,1630559,G,True,fixture,True,5,
0000000185,2024-25,Regular Season,1610612747,1626156,G-F,False,fixture,True,5,
0000000185,2024-25,Regular Season,1610612747,1629020,F,True,fixture,True,5,
0000000185,2024-25,Regular Season,1610612748,202710,F-G,True,fixture,True,5,
0000000185,2024-25,Regular Season,1610612748,1629639,G,True,fixture,True,5,
0000000185,2024-25,Regular Season,1610612748,202355,C,True,fixture,True,5,
0000000185,2024-25,Regular Season,1610612748,1631170,G-F,True,fixture,True,5,
0000000185,2024-25,Regular Season,1610612748,203482,C-F,True,fixture,True,5,
0000000185,2024-25,Regular Season,1610612748,1631107,F,False,fixture,True,5,
0000000186,2024-25,Regular Season,1610612744,201939,G,True,fixture,True,5,
0000000186,2024-25,Regular Season,1610612744,202691,G-F,True,fixture,True,5,
0000000186,2024-25,Regular Season,1610612744,203110,F-C,True,fixture,True,5,
0000000186,2024-25,Regular Season,1610612744,1630228,F,True,fixture,True,5,
0000000186,2024-25,Regular Season,1610612744,1626172,C,False,fixture,True,5,
0000000186,2024-25,Regular Season,1610612744,1630541,G,True,fixture,True,5,
0000000186,2024-25,Regular Season,1610612747,2544,F,True,fixture,True,5,
0000000186,2024-25,Regular Season,1610612747,1629029,G,True,fixture,True,5,
0000000186,2024-25,Regular Season,1610612747,203076,C-F,True,fixture,True,5,
0000000186,2024-25,Regular Season,1610612747,1630559,G,True,fixture,True,5,
0000000186,2024-25,Regular Season,1610612747,1626156,G-F,False,fixture,True,5,
0000000186,2024-25,Regular Season,1610612747,1629020,F,True,fixture,True,5,
0000000187,2024-25,Regular Season,1610612744,201939,G,True,fixture,True,5,
0000000187,2024-25,Regular Season,1610612744,202691,G-F,True,fixture,True,5,
0000000187,2024-25,Regular Season,1610612744,203110,F-C,True,fixture,True,5,
0000000187,2024-25,Regular Season,1610612744,1630228,F,True,fixture,True,5,
0000000187,2024-25,Regular Season,1610612744,1626172,C,False,fixture,True,5,
0000000187,2024-25,Regular Season,1610612744,1630541,G,True,fixture,True,5,
0000000187,2024-25,Regular Season,1610612743,203999,C,True,fixture,True,5,
0000000187,2024-25,Regular Season,1610612743,1627750,G,True,fixture,True,5,
0000000187,2024-25,Regular Season,1610612743,1628420,F,True,fixture,True,5,
0000000187,2024-25,Regular Season,1610612743,1630166,G-F,True,fixture,True,5,
0000000187,2024-25,Regular Season,1610612743,203914,G,True,fixture,True,5,
0000000187,2024-25,Regular Season,1610612743,1631128,F,False,fixture,True,5,
0000000188,2024-25,Regular Season,1610612744,201939,G,True,fixture,True,5,
0000000188,2024-25,Regular Season,1610612744,202691,G-F,True,fixture,True,5,
0000000188,2024-25,Regular Season,1610612744,203110,F-C,True,fixture,True,5,
0000000188,2024-25,Regular Season,1610612744,1630228,F,True,fixture,True,5,
0000000188,2024-25,Regular Season,1610612744,1626172,C,False,fixture,True,5,
0000000188,2024-25,Regular Season,1610612744,1630541,G,True,fixture,True,5,
0000000188,2024-25,Regular Season,1610612738,1628369,F,True,fixture,True,5,
0000000188,2024-25,Regular Season,1610612738,1627759,G-F,True,fixture,True,5,
0000000188,2024-25,Regular Season,1610612738,201950,G,True,fixture,True,5,
0000000188,2024-25,Regular Season,1610612738,1628464,G,True,fixture,True,5,
0000000188,2024-25,Regular Season,1610612738,203935,C,True,fixture,True,5,
0000000188,2024-25,Regular Season,1610612738,1629057,C-F,False,fixture,True,5,
0000000189,2024-25,Regular Season,1610612744,201939,G,True,fixture,True,5,
0000000189,2024-25,Regular Season,1610612744,202691,G-F,True,fixture,True,5,
0000000189,2024-25,Regular Season,1610612744,203110,F-C,True,fixture,True,5,
0000000189,2024-25,Regular Season,1610612744,1630228,F,True,fixture,True,5,
0000000189,2024-25,Regular Season,1610612744,1626172,C,False,fixture,True,5,
0000000189,2024-25,Regular Season,1610612744,1630541,G,True,fixture,True,5,
0000000189,2024-25,Regular Season,1610612752,1628973,G,True,fixture,True,5,
0000000189,2024-25,Regular Season,1610612752,1626157,C,True,fixture,True,5,
0000000189,2024-25,Regular Season,1610612752,1629628,G-F,True,fixture,True,5,
0000000189,2024-25,Regular Season,1610612752,1630193,G,True,fixture,True,5,
0000000189,2024-25,Regular Season,1610612752,203944,F-C,True,fixture,True,5,
0000000189,2024-25,Regular Season,1610612752,1631216,G,False,fixture,True,5,
0000000190,2024-25,Regular Season,1610612744,201939,G,True,fixture,True,5,
0000000190,2024-25,Regular Season,1610612744,202691,G-F,True,fixture,True,5,
0000000190,2024-25,Regular Season,1610612744,203110,F-C,True,fixture,True,5,
0000000190,2024-25,Regular Season,1610612744,1630228,F,True,fixture,True,5,
0000000190,2024-25,Regular Season,1610612744,1626172,C,False,fixture,True,5,
0000000190,2024-25,Regular Season,1610612744,1630541,G,True,fixture,True,5,
0000000190,2024-25,Regular Season,1610612748,202710,F-G,True,fixture,True,5,
0000000190,2024-25,Regular Season,1610612748,1629639,G,True,fixture,True,5,
0000000190,2024-25,Regular Season,1610612748,202355,C,True,fixture,True,5,
0000000190,2024-25,Regular Season,1610612748,1631170,G-F,True,fixture,True,5,
0000000190,2024-25,Regular Season,1610612748,203482,C-F,True,fixture,True,5,
0000000190,2024-25,Regular Season,1610612748,1631107,F,False,fixture,True,5,
0000000191,2024-25,Regular Season,1610612743,203999,C,True,fixture,True,5,
0000000191,2024-25,Regular Season,1610612743,1627750,G,True,fixture,True,5,
0000000191,2024-25,Regular Season,1610612743,1628420,F,True,fixture,True,5,
0000000191,2024-25,Regular Season,1610612743,1630166,G-F,True,fixture,True,5,
0000000191,2024-25,Regular Season,1610612743,203914,G,True,fixture,True,5,
0000000191,2024-25,Regular Season,1610612743,1631128,F,False,fixture,True,5,
0000000191,2024-25,Regular Season,1610612747,2544,F,True,fixture,True,5,
0000000191,2024-25,Regular Season,1610612747,1629029,G,True,fixture,True,5,
0000000191,2024-25,Regular Season,1610612747,203076,C-F,True,fixture,True,5,
0000000191,2024-25,Regular Season,1610612747,1630559,G,True,fixture,True,5,
0000000191,2024-25,Regular Season,1610612747,1626156,G-F,False,fixture,True,5,
0000000191,2024-25,Regular Season,1610612747,1629020,F,True,fixture,True,5,
0000000192,2024-25,Regular Season,1610612743,203999,C,True,fixture,True,5,
0000000192,2024-25,Regular Season,1610612743,1627750,G,True,fixture,True,5,
0000000192,2024-25,Regular Season,1610612743,1628420,F,True,fixture,True,5,
0000000192,2024-25,Regular Season,1610612743,1630166,G-F,True,fixture,True,5,
0000000192,2024-25,Regular Season,1610612743,203914,G,True,fixture,True,5,
0000000192,2024-25,Regular Season,1610612743,1631128,F,False,fixture,True,5,
0000000192,2024-25,Regular Season,1610612744,201939,G,True,fixture,True,5,
0000000192,2024-25,Regular Season,1610612744,202691,G-F,True,fixture,True,5,
0000000192,2024-25,Regular Season,1610612744,203110,F-C,True,fixture,True,5,
0000000192,2024-25,Regular Season,1610612744,1630228,F,True,fixture,True,5,
0000000192,2024-25,Regular Season,1610612744,1626172,C,False,fixture,True,5,
0000000192,2024-25,Regular Season,1610612744,1630541,G,True,fixture,True,5,
0000000193,2024-25,Regular Season,1610612743,203999,C,True,fixture,True,5,
0000000193,2024-25,Regular Season,1610612743,1627750,G,True,fixture,True,5,
0000000193,2024-25,Regular Season,1610612743,1628420,F,True,fixture,True,5,
0000000193,2024-25,Regular Season,1610612743,1630166,G-F,True,fixture,True,5,
0000000193,2024-25,Regular Season,1610612743,203914,G,True,fixture,True,5,
0000000193,2024-25,Regular Season,1610612743,1631128,F,False,fixture,True,5,
0000000193,2024-25,Regular Season,1610612738,1628369,F,True,fixture,True,5,
0000000193,2024-25,Regular Season,1610612738,1627759,G-F,True,fixture,True,5,
0000000193,2024-25,Regular Season,1610612738,201950,G,True,fixture,True,5,
0000000193,2024-25,Regular Season,1610612738,1628464,G,True,fixture,True,5,
0000000193,2024-25,Regular Season,1610612738,203935,C,True,fixture,True,5,
0000000193,2024-25,Regular Season,1610612738,1629057,C-F,False,fixture,True,5,
0000000194,2024-25,Regular Season,1610612743,203999,C,True,fixture,True,5,
0000000194,2024-25,Regular Season,1610612743,1627750,G,True,fixture,True,5,
0000000194,2024-25,Regular Season,1610612743,1628420,F,True,fixture,True,5,
0000000194,2024-25,Regular Season,1610612743,1630166,G-F,True,fixture,True,5,
0000000194,2024-25,Regular Season,1610612743,203914,G,True,fixture,True,5,
0000000194,2024-25,Regular Season,1610612743,1631128,F,False,fixture,True,5,
0000000194,2024-25,Regular Season,1610612752,1628973,G,True,fixture,True,5,
0000000194,2024-25,Regular Season,1610612752,1626157,C,True,fixture,True,5,
0000000194,2024-25,Regular Season,1610612752,1629628,G-F,True,fixture,True,5,
0000000194,2024-25,Regular Season,1610612752,1630193,G,True,fixture,True,5,
0000000194,2024-25,Regular Season,1610612752,203944,F-C,True,fixture,True,5,
0000000194,2024-25,Regular Season,1610612752,1631216,G,False,fixture,True,5,
0000000195,2024-25,Regular Season,1610612743,203999,C,True,fixture,True,5,
0000000195,2024-25,Regular Season,1610612743,1627750,G,True,fixture,True,5,
0000000195,2024-25,Regular Season,1610612743,1628420,F,True,fixture,True,5,
0000000195,2024-25,Regular Season,1610612743,1630166,G-F,True,fixture,True,5,
0000000195,2024-25,Regular Season,1610612743,203914,G,True,fixture,True,5,
0000000195,2024-25,Regular Season,1610612743,1631128,F,False,fixture,True,5,
0000000195,2024-25,Regular Season,1610612748,202710,F-G,True,fixture,True,5,
0000000195,2024-25,Regular Season,1610612748,1629639,G,True,fixture,True,5,
0000000195,2024-25,Regular Season,1610612748,202355,C,True,fixture,True,5,
0000000195,2024-25,Regular Season,1610612748,1631170,G-F,True,fixture,True,5,
0000000195,2024-25,Regular Season,1610612748,203482,C-F,True,fixture,True,5,
0000000195,2024-25,Regular Season,1610612748,1631107,F,False,fixture,True,5,
0000000196,2024-25,Regular Season,1610612738,1628369,F,True,fixture,True,5,
0000000196,2024-25,Regular Season,1610612738,1627759,G-F,True,fixture,True,5,
0000000196,2024-25,Regular Season,1610612738,201950,G,True,fixture,True,5,
0000000196,2024-25,Regular Season,1610612738,1628464,G,True,fixture,True,5,
0000000196,2024-25,Regular Season,1610612738,203935,C,True,fixture,True,5,
0000000196,2024-25,Regular Season,1610612738,1629057,C-F,False,fixture,True,5,
0000000196,2024-25,Regular Season,1610612747,2544,F,True,fixture,True,5,
0000000196,2024-25,Regular Season,1610612747,1629029,G,True,fixture,True,5,
0000000196,2024-25,Regular Season,1610612747,203076,C-F,True,fixture,True,5,
0000000196,2024-25,Regular Season,1610612747,1630559,G,True,fixture,True,5,
0000000196,2024-25,Regular Season,1610612747,1626156,G-F,False,fixture,True,5,
0000000196,2024-25,Regular Season,1610612747,1629020,F,True,fixture,True,5,
0000000197,2024-25,Regular Season,1610612738,1628369,F,True,fixture,True,5,
0000000197,2024-25,Regular Season,1610612738,1627759,G-F,True,fixture,True,5,
0000000197,2024-25,Regular Season,1610612738,201950,G,True,fixture,True,5,
0000000197,2024-25,Regular Season,1610612738,1628464,G,True,fixture,True,5,
0000000197,2024-25,Regular Season,1610612738,203935,C,True,fixture,True,5,
0000000197,2024-25,Regular Season,1610612738,1629057,C-F,False,fixture,True,5,
0000000197,2024-25,Regular Season,1610612744,201939,G,True,fixture,True,5,
0000000197,2024-25,Regular Season,1610612744,202691,G-F,True,fixture,True,5,
0000000197,2024-25,Regular Season,1610612744,203110,F-C,True,fixture,True,5,
0000000197,2024-25,Regular Season,1610612744,1630228,F,True,fixture,True,5,
0000000197,2024-25,Regular Season,1610612744,1626172,C,False,fixture,True,5,
0000000197,2024-25,Regular Season,1610612744,1630541,G,True,fixture,True,5,
0000000198,2024-25,Regular Season,1610612738,1628369,F,True,fixture,True,5,
0000000198,2024-25,Regular Season,1610612738,1627759,G-F,True,fixture,True,5,
0000000198,2024-25,Regular Season,1610612738,201950,G,True,fixture,True,5,
0000000198,2024-25,Regular Season,1610612738,1628464,G,True,fixture,True,5,
0000000198,2024-25,Regular Season,1610612738,203935,C,True,fixture,True,5,
0000000198,2024-25,Regular Season,1610612738,1629057,C-F,False,fixture,True,5,
0000000198,2024-25,Regular Season,1610612743,203999,C,True,fixture,True,5,
0000000198,2024-25,Regular Season,1610612743,1627750,G,True,fixture,True,5,
0000000198,2024-25,Regular Season,1610612743,1628420,F,True,fixture,True,5,
0000000198,2024-25,Regular Season,1610612743,1630166,G-F,True,fixture,True,5,
0000000198,2024-25,Regular Season,1610612743,203914,G,True,fixture,True,5,
0000000198,2024-25,Regular Season,1610612743,1631128,F,False,fixture,True,5,
0000000199,2024-25,Regular Season,1610612738,1628369,F,True,fixture,True,5,
0000000199,2024-25,Regular Season,1610612738,1627759,G-F,True,fixture,True,5,
0000000199,2024-25,Regular Season,1610612738,201950,G,True,fixture,True,5,
0000000199,2024-25,Regular Season,1610612738,1628464,G,True,fixture,True,5,
0000000199,2024-25,Regular Season,1610612738,203935,C,True,fixture,True,5,
0000000199,2024-25,Regular Season,1610612738,1629057,C-F,False,fixture,True,5,
0000000199,2024-25,Regular Season,1610612752,1628973,G,True,fixture,True,5,
0000000199,2024-25,Regular Season,1610612752,1626157,C,True,fixture,True,5,
0000000199,2024-25,Regular Season,1610612752,1629628,G-F,True,fixture,True,5,
0000000199,2024-25,Regular Season,1610612752,1630193,G,True,fixture,True,5,
0000000199,2024-25,Regular Season,1610612752,203944,F-C,True,fixture,True,5,
0000000199,2024-25,Regular Season,1610612752,1631216,G,False,fixture,True,5,
0000000200,2024-25,Regular Season,1610612738,1628369,F,True,fixture,True,5,
0000000200,2024-25,Regular Season,1610612738,1627759,G-F,True,fixture,True,5,
0000000200,2024-25,Regular Season,1610612738,201950,G,True,fixture,True,5,
0000000200,2024-25,Regular Season,1610612738,1628464,G,True,fixture,True,5,
0000000200,2024-25,Regular Season,1610612738,203935,C,True,fixture,True,5,
0000000200,2024-25,Regular Season,1610612738,1629057,C-F,False,fixture,True,5,
0000000200,2024-25,Regular Season,1610612748,202710,F-G,True,fixture,True,5,
0000000200,2024-25,Regular Season,1610612748,1629639,G,True,fixture,True,5,
0000000200,2024-25,Regular Season,1610612748,202355,C,True,fixture,True,5,
0000000200,2024-25,Regular Season,1610612748,1631170,G-F,True,fixture,True,5,
0000000200,2024-25,Regular Season,1610612748,203482,C-F,True,fixture,True,5,
0000000200,2024-25,Regular Season,1610612748,1631107,F,False,fixture,True,5,
0000000201,2024-25,Regular Season,1610612752,1628973,G,True,fixture,True,5,
0000000201,2024-25,Regular Season,1610612752,1626157,C,True,fixture,True,5,
0000000201,2024-25,Regular Season,1610612752,1629628,G-F,True,fixture,True,5,
0000000201,2024-25,Regular Season,1610612752,1630193,G,True,fixture,True,5,
0000000201,2024-25,Regular Season,1610612752,203944,F-C,True,fixture,True,5,
0000000201,2024-25,Regular Season,1610612752,1631216,G,False,fixture,True,5,
0000000201,2024-25,Regular Season,1610612747,2544,F,True,fixture,True,5,
0000000201,2024-25,Regular Season,1610612747,1629029,G,True,fixture,True,5,
0000000201,2024-25,Regular Season,1610612747,203076,C-F,True,fixture,True,5,
0000000201,2024-25,Regular Season,1610612747,1630559,G,True,fixture,True,5,
0000000201,2024-25,Regular Season,1610612747,1626156,G-F,False,fixture,True,5,
0000000201,2024-25,Regular Season,1610612747,1629020,F,True,fixture,True,5,
0000000202,2024-25,Regular Season,1610612752,1628973,G,True,fixture,True,5,
0000000202,2024-25,Regular Season,1610612752,1626157,C,True,fixture,True,5,
0000000202,2024-25,Regular Season,1610612752,1629628,G-F,True,fixture,True,5,
0000000202,2024-25,Regular Season,1610612752,1630193,G,True,fixture,True,5,
0000000202,2024-25,Regular Season,1610612752,203944,F-C,True,fixture,True,5,
0000000202,2024-25,Regular Season,1610612752,1631216,G,False,fixture,True,5,
0000000202,2024-25,Regular Season,1610612744,201939,G,True,fixture,True,5,
0000000202,2024-25,Regular Season,1610612744,202691,G-F,True,fixture,True,5,
0000000202,2024-25,Regular Season,1610612744,203110,F-C,True,fixture,True,5,
0000000202,2024-25,Regular Season,1610612744,1630228,F,True,fixture,True,5,
0000000202,2024-25,Regular Season,1610612744,1626172,C,False,fixture,True,5,
0000000202,2024-25,Regular Season,1610612744,1630541,G,True,fixture,True,5,
0000000203,2024-25,Regular Season,1610612752,1628973,G,True,fixture,True,5,
0000000203,2024-25,Regular Season,1610612752,1626157,C,True,fixture,True,5,
0000000203,2024-25,Regular Season,1610612752,1629628,G-F,True,fixture,True,5,
0000000203,2024-25,Regular Season,1610612752,1630193,G,True,fixture,True,5,
0000000203,2024-25,Regular Season,1610612752,203944,F-C,True,fixture,True,5,
0000000203,2024-25,Regular Season,1610612752,1631216,G,False,fixture,True,5,
0000000203,2024-25,Regular Season,1610612743,203999,C,True,fixture,True,5,
0000000203,2024-25,Regular Season,1610612743,1627750,G,True,fixture,True,5,
0000000203,2024-25,Regular Season,1610612743,1628420,F,True,fixture,True,5,
0000000203,2024-25,Regular Season,1610612743,1630166,G-F,True,fixture,True,5,
0000000203,2024-25,Regular Season,1610612743,203914,G,True,fixture,True,5,
0000000203,2024-25,Regular Season,1610612743,1631128,F,False,fixture,True,5,
0000000204,2024-25,Regular Season,1610612752,1628973,G,True,fixture,True,5,
0000000204,2024-25,Regular Season,1610612752,1626157,C,True,fixture,True,5,
0000000204,2024-25,Regular Season,1610612752,1629628,G-F,True,fixture,True,5,
0000000204,2024-25,Regular Season,1610612752,1630193,G,True,fixture,True,5,
0000000204,2024-25,Regular Season,1610612752,203944,F-C,True,fixture,True,5,
0000000204,2024-25,Regular Season,1610612752,1631216,G,False,fixture,True,5,
0000000204,2024-25,Regular Season,1610612738,1628369,F,True,fixture,True,5,
0000000204,2024-25,Regular Season,1610612738,1627759,G-F,True,fixture,True,5,
0000000204,2024-25,Regular Season,1610612738,201950,G,True,fixture,True,5,
0000000204,2024-25,Regular Season,1610612738,1628464,G,True,fixture,True,5,
0000000204,2024-25,Regular Season,1610612738,203935,C,True,fixture,True,5,
0000000204,2024-25,Regular Season,1610612738,1629057,C-F,False,fixture,True,5,
0000000205,2024-25,Regular Season,1610612752,1628973,G,True,fixture,True,5,
0000000205,2024-25,Regular Season,1610612752,1626157,C,True,fixture,True,5,
0000000205,2024-25,Regular Season,1610612752,1629628,G-F,True,fixture,True,5,
0000000205,2024-25,Regular Season,1610612752,1630193,G,True,fixture,True,5,
0000000205,2024-25,Regular Season,1610612752,203944,F-C,True,fixture,True,5,
0000000205,2024-25,Regular Season,1610612752,1631216,G,False,fixture,True,5,
0000000205,2024-25,Regular Season,1610612748,202710,F-G,True,fixture,True,5,
0000000205,2024-25,Regular Season,1610612748,1629639,G,True,fixture,True,5,
0000000205,2024-25,Regular Season,1610612748,202355,C,True,fixture,True,5,
0000000205,2024-25,Regular Season,1610612748,1631170,G-F,True,fixture,True,5,
0000000205,2024-25,Regular Season,1610612748,203482,C-F,True,fixture,True,5,
0000000205,2024-25,Regular Season,1610612748,1631107,F,False,fixture,True,5,
0000000206,2024-25,Regular Season,1610612748,202710,F-G,True,fixture,True,5,
0000000206,2024-25,Regular Season,1610612748,1629639,G,True,fixture,True,5,
0000000206,2024-25,Regular Season,1610612748,202355,C,True,fixture,True,5,
0000000206,2024-25,Regular Season,1610612748,1631170,G-F,True,fixture,True,5,
0000000206,2024-25,Regular Season,1610612748,203482,C-F,True,fixture,True,5,
0000000206,2024-25,Regular Season,1610612748,1631107,F,False,fixture,True,5,
0000000206,2024-25,Regular Season,1610612747,2544,F,True,fixture,True,5,
0000000206,2024-25,Regular Season,1610612747,1629029,G,True,fixture,True,5,
0000000206,2024-25,Regular Season,1610612747,203076,C-F,True,fixture,True,5,
0000000206,2024-25,Regular Season,1610612747,1630559,G,True,fixture,True,5,
0000000206,2024-25,Regular Season,1610612747,1626156,G-F,False,fixture,True,5,
0000000206,2024-25,Regular Season,1610612747,1629020,F,True,fixture,True,5,
0000000207,2024-25,Regular Season,1610612748,202710,F-G,True,fixture,True,5,
0000000207,2024-25,Regular Season,1610612748,1629639,G,True,fixture,True,5,
0000000207,2024-25,Regular Season,1610612748,202355,C,True,fixture,True,5,
0000000207,2024-25,Regular Season,1610612748,1631170,G-F,True,fixture,True,5,
0000000207,2024-25,Regular Season,1610612748,203482,C-F,True,fixture,True,5,
0000000207,2024-25,Regular Season,1610612748,1631107,F,False,fixture,True,5,
0000000207,2024-25,Regular Season,1610612744,201939,G,True,fixture,True,5,
0000000207,2024-25,Regular Season,1610612744,202691,G-F,True,fixture,True,5,
0000000207,2024-25,Regular Season,1610612744,203110,F-C,True,fixture,True,5,
0000000207,2024-25,Regular Season,1610612744,1630228,F,True,fixture,True,5,
0000000207,2024-25,Regular Season,1610612744,1626172,C,False,fixture,True,5,
0000000207,2024-25,Regular Season,1610612744,1630541,G,True,fixture,True,5,
0000000208,2024-25,Regular Season,1610612748,202710,F-G,True,fixture,True,5,
0000000208,2024-25,Regular Season,1610612748,1629639,G,True,fixture,True,5,
0000000208,2024-25,Regular Season,1610612748,202355,C,True,fixture,True,5,
0000000208,2024-25,Regular Season,1610612748,1631170,G-F,True,fixture,True,5,
0000000208,2024-25,Regular Season,1610612748,203482,C-F,True,fixture,True,5,
0000000208,2024-25,Regular Season,1610612748,1631107,F,False,fixture,True,5,
0000000208,2024-25,Regular Season,1610612743,203999,C,True,fixture,True,5,
0000000208,2024-25,Regular Season,1610612743,1627750,G,True,fixture,True,5,
0000000208,2024-25,Regular Season,1610612743,1628420,F,True,fixture,True,5,
0000000208,2024-25,Regular Season,1610612743,1630166,G-F,True,fixture,True,5,
0000000208,2024-25,Regular Season,1610612743,203914,G,True,fixture,True,5,
0000000208,2024-25,Regular Season,1610612743,1631128,F,False,fixture,True,5,
0000000209,2024-25,Regular Season,1610612748,202710,F-G,True,fixture,True,5,
0000000209,2024-25,Regular Season,1610612748,1629639,G,True,fixture,True,5,
0000000209,2024-25,Regular Season,1610612748,202355,C,True,fixture,True,5,
0000000209,2024-25,Regular Season,1610612748,1631170,G-F,True,fixture,True,5,
0000000209,2024-25,Regular Season,1610612748,203482,C-F,True,fixture,True,5,
0000000209,2024-25,Regular Season,1610612748,1631107,F,False,fixture,True,5,
0000000209,2024-25,Regular Season,1610612738,1628369,F,True,fixture,True,5,
0000000209,2024-25,Regular Season,1610612738,1627759,G-F,True,fixture,True,5,
0000000209,2024-25,Regular Season,1610612738,201950,G,True,fixture,True,5,
0000000209,2024-25,Regular Season,1610612738,1628464,G,True,fixture,True,5,
0000000209,2024-25,Regular Season,1610612738,203935,C,True,fixture,True,5,
0000000209,2024-25,Regular Season,1610612738,1629057,C-F,False,fixture,True,5,
0000000210,2024-25,Regular Season,1610612748,202710,F-G,True,fixture,True,5,
0000000210,2024-25,Regular Season,1610612748,1629639,G,True,fixture,True,5,
0000000210,2024-25,Regular Season,1610612748,202355,C,True,fixture,True,5,
0000000210,2024-25,Regular Season,1610612748,1631170,G-F,True,fixture,True,5,
0000000210,2024-25,Regular Season,1610612748,203482,C-F,True,fixture,True,5,
0000000210,2024-25,Regular Season,1610612748,1631107,F,False,fixture,True,5,
0000000210,2024-25,Regular Season,1610612752,1628973,G,True,fixture,True,5,
0000000210,2024-25,Regular Season,1610612752,1626157,C,True,fixture,True,5,
0000000210,2024-25,Regular Season,1610612752,1629628,G-F,True,fixture,True,5,
0000000210,2024-25,Regular Season,1610612752,1630193,G,True,fixture,True,5,
0000000210,2024-25,Regular Season,1610612752,203944,F-C,True,fixture,True,5,
0000000210,2024-25,Regular Season,1610612752,1631216,G,False,fixture,True,5,
0000000211,2024-25,Regular Season,1610612747,2544,F,True,fixture,True,5,
0000000211,2024-25,Regular Season,1610612747,1629029,G,True,fixture,True,5,
0000000211,2024-25,Regular Season,1610612747,203076,C-F,True,fixture,True,5,
0000000211,2024-25,Regular Season,1610612747,1630559,G,True,fixture,True,5,
0000000211,2024-25,Regular Season,1610612747,1626156,G-F,False,fixture,True,5,
0000000211,2024-25,Regular Season,1610612747,1629020,F,True,fixture,True,5,
0000000211,2024-25,Regular Season,1610612744,201939,G,True,fixture,True,5,
0000000211,2024-25,Regular Season,1610612744,202691,G-F,True,fixture,True,5,
0000000211,2024-25,Regular Season,1610612744,203110,F-C,True,fixture,True,5,
0000000211,2024-25,Regular Season,1610612744,1630228,F,True,fixture,True,5,
0000000211,2024-25,Regular Season,1610612744,1626172,C,False,fixture,True,5,
0000000211,2024-25,Regular Season,1610612744,1630541,G,True,fixture,True,5,
0000000212,2024-25,Regular Season,1610612747,2544,F,True,fixture,True,5,
0000000212,2024-25,Regular Season,1610612747,1629029,G,True,fixture,True,5,
0000000212,2024-25,Regular Season,1610612747,203076,C-F,True,fixture,True,5,
0000000212,2024-25,Regular Season,1610612747,1630559,G,True,fixture,True,5,
0000000212,2024-25,Regular Season,1610612747,1626156,G-F,False,fixture,True,5,
0000000212,2024-25,Regular Season,1610612747,1629020,F,True,fixture,True,5,
0000000212,2024-25,Regular Season,1610612743,203999,C,True,fixture,True,5,
0000000212,2024-25,Regular Season,1610612743,1627750,G,True,fixture,True,5,
0000000212,2024-25,Regular Season,1610612743,1628420,F,True,fixture,True,5,
0000000212,2024-25,Regular Season,1610612743,1630166,G-F,True,fixture,True,5,
0000000212,2024-25,Regular Season,1610612743,203914,G,True,fixture,True,5,
0000000212,2024-25,Regular Season,1610612743,1631128,F,False,fixture,True,5,
0000000213,2024-25,Regular Season,1610612747,2544,F,True,fixture,True,5,
0000000213,2024-25,Regular Season,1610612747,1629029,G,True,fixture,True,5,
0000000213,2024-25,Regular Season,1610612747,203076,C-F,True,fixture,True,5,
0000000213,2024-25,Regular Season,1610612747,1630559,G,True,fixture,True,5,
0000000213,2024-25,Regular Season,1610612747,1626156,G-F,False,fixture,True,5,
0000000213,2024-25,Regular Season,1610612747,1629020,F,True,fixture,True,5,
0000000213,2024-25,Regular Season,1610612738,1628369,F,True,fixture,True,5,
0000000213,2024-25,Regular Season,1610612738,1627759,G-F,True,fixture,True,5,
0000000213,2024-25,Regular Season,1610612738,201950,G,True,fixture,True,5,
0000000213,2024-25,Regular Season,1610612738,1628464,G,True,fixture,True,5,
0000000213,2024-25,Regular Season,1610612738,203935,C,True,fixture,True,5,
0000000213,2024-25,Regular Season,1610612738,1629057,C-F,False,fixture,True,5,
0000000214,2024-25,Regular Season,1610612747,2544,F,True,fixture,True,5,
0000000214,2024-25,Regular Season,1610612747,1629029,G,True,fixture,True,5,
0000000214,2024-25,Regular Season,1610612747,203076,C-F,True,fixture,True,5,
0000000214,2024-25,Regular Season,1610612747,1630559,G,True,fixture,True,5,
0000000214,2024-25,Regular Season,1610612747,1626156,G-F,False,fixture,True,5,
0000000214,2024-25,Regular Season,1610612747,1629020,F,True,fixture,True,5,
0000000214,2024-25,Regular Season,1610612752,1628973,G,True,fixture,True,5,
0000000214,2024-25,Regular Season,1610612752,1626157,C,True,fixture,True,5,
0000000214,2024-25,Regular Season,1610612752,1629628,G-F,True,fixture,True,5,
0000000214,2024-25,Regular Season,1610612752,1630193,G,True,fixture,True,5,
0000000214,2024-25,Regular Season,1610612752,203944,F-C,True,fixture,True,5,
0000000214,2024-25,Regular Season,1610612752,1631216,G,False,fixture,True,5,
0000000215,2024-25,Regular Season,1610612747,2544,F,True,fixture,True,5,
0000000215,2024-25,Regular Season,1610612747,1629029,G,True,fixture,True,5,
0000000215,2024-25,Regular Season,1610612747,203076,C-F,True,fixture,True,5,
0000000215,2024-25,Regular Season,1610612747,1630559,G,True,fixture,True,5,
0000000215,2024-25,Regular Season,1610612747,1626156,G-F,False,fixture,True,5,
0000000215,2024-25,Regular Season,1610612747,1629020,F,True,fixture,True,5,
0000000215,2024-25,Regular Season,1610612748,202710,F-G,True,fixture,True,5,
0000000215,2024-25,Regular Season,1610612748,1629639,G,True,fixture,True,5,
0000000215,2024-25,Regular Season,1610612748,202355,C,True,fixture,True,5,
0000000215,2024-25,Regular Season,1610612748,1631170,G-F,True,fixture,True,5,
0000000215,2024-25,Regular Season,1610612748,203482,C-F,True,fixture,True,5,
0000000215,2024-25,Regular Season,1610612748,1631107,F,False,fixture,True,5,
0000000216,2024-25,Regular Season,1610612744,201939,G,True,fixture,True,5,
0000000216,2024-25,Regular Season,1610612744,202691,G-F,True,fixture,True,5,
0000000216,2024-25,Regular Season,1610612744,203110,F-C,True,fixture,True,5,
0000000216,2024-25,Regular Season,1610612744,1630228,F,True,fixture,True,5,
0000000216,2024-25,Regular Season,1610612744,1626172,C,False,fixture,True,5,
0000000216,2024-25,Regular Season,1610612744,1630541,G,True,fixture,True,5,
0000000216,2024-25,Regular Season,1610612747,2544,F,True,fixture,True,5,
0000000216,2024-25,Regular Season,1610612747,1629029,G,True,fixture,True,5,
0000000216,2024-25,Regular Season,1610612747,203076,C-F,True,fixture,True,5,
0000000216,2024-25,Regular Season,1610612747,1630559,G,True,fixture,True,5,
0000000216,2024-25,Regular Season,1610612747,1626156,G-F,False,fixture,True,5,
0000000216,2024-25,Regular Season,1610612747,1629020,F,True,fixture,True,5,
0000000217,2024-25,Regular Season,1610612744,201939,G,True,fixture,True,5,
0000000217,2024-25,Regular Season,1610612744,202691,G-F,True,fixture,True,5,
0000000217,2024-25,Regular Season,1610612744,203110,F-C,True,fixture,True,5,
0000000217,2024-25,Regular Season,1610612744,1630228,F,True,fixture,True,5,
0000000217,2024-25,Regular Season,1610612744,1626172,C,False,fixture,True,5,
0000000217,2024-25,Regular Season,1610612744,1630541,G,True,fixture,True,5,
0000000217,2024-25,Regular Season,1610612743,203999,C,True,fixture,True,5,
0000000217,2024-25,Regular Season,1610612743,1627750,G,True,fixture,True,5,
0000000217,2024-25,Regular Season,1610612743,1628420,F,True,fixture,True,5,
0000000217,2024-25,Regular Season,1610612743,1630166,G-F,True,fixture,True,5,
0000000217,2024-25,Regular Season,1610612743,203914,G,True,fixture,True,5,
0000000217,2024-25,Regular Season,1610612743,1631128,F,False,fixture,True,5,
0000000218,2024-25,Regular Season,1610612744,201939,G,True,fixture,True,5,
0000000218,2024-25,Regular Season,1610612744,202691,G-F,True,fixture,True,5,
0000000218,2024-25,Regular Season,1610612744,203110,F-C,True,fixture,True,5,
0000000218,2024-25,Regular Season,1610612744,1630228,F,True,fixture,True,5,
0000000218,2024-25,Regular Season,1610612744,1626172,C,False,fixture,True,5,
0000000218,2024-25,Regular Season,1610612744,1630541,G,True,fixture,True,5,
0000000218,2024-25,Regular Season,1610612738,1628369,F,True,fixture,True,5,
0000000218,2024-25,Regular Season,1610612738,1627759,G-F,True,fixture,True,5,
0000000218,2024-25,Regular Season,1610612738,201950,G,True,fixture,True,5,
0000000218,2024-25,Regular Season,1610612738,1628464,G,True,fixture,True,5,
0000000218,2024-25,Regular Season,1610612738,203935,C,True,fixture,True,5,
0000000218,2024-25,Regular Season,1610612738,1629057,C-F,False,fixture,True,5,
0000000219,2024-25,Regular Season,1610612744,201939,G,True,fixture,True,5,
0000000219,2024-25,Regular Season,1610612744,202691,G-F,True,fixture,True,5,
0000000219,2024-25,Regular Season,1610612744,203110,F-C,True,fixture,True,5,
0000000219,2024-25,Regular Season,1610612744,1630228,F,True,fixture,True,5,
0000000219,2024-25,Regular Season,1610612744,1626172,C,False,fixture,True,5,
0000000219,2024-25,Regular Season,1610612744,1630541,G,True,fixture,True,5,
0000000219,2024-25,Regular Season,1610612752,1628973,G,True,fixture,True,5,
0000000219,2024-25,Regular Season,1610612752,1626157,C,True,fixture,True,5,
0000000219,2024-25,Regular Season,1610612752,1629628,G-F,True,fixture,True,5,
0000000219,2024-25,Regular Season,1610612752,1630193,G,True,fixture,True,5,
0000000219,2024-25,Regular Season,1610612752,203944,F-C,True,fixture,True,5,
0000000219,2024-25,Regular Season,1610612752,1631216,G,False,fixture,True,5,
0000000220,2024-25,Regular Season,1610612744,201939,G,True,fixture,True,5,
0000000220,2024-25,Regular Season,1610612744,202691,G-F,True,fixture,True,5,
0000000220,2024-25,Regular Season,1610612744,203110,F-C,True,fixture,True,5,
0000000220,2024-25,Regular Season,1610612744,1630228,F,True,fixture,True,5,
0000000220,2024-25,Regular Season,1610612744,1626172,C,False,fixture,True,5,
0000000220,2024-25,Regular Season,1610612744,1630541,G,True,fixture,True,5,
0000000220,2024-25,Regular Season,1610612748,202710,F-G,True,fixture,True,5,
0000000220,2024-25,Regular Season,1610612748,1629639,G,True,fixture,True,5,
0000000220,2024-25,Regular Season,1610612748,202355,C,True,fixture,True,5,
0000000220,2024-25,Regular Season,1610612748,1631170,G-F,True,fixture,True,5,
0000000220,2024-25,Regular Season,1610612748,203482,C-F,True,fixture,True,5,
0000000220,2024-25,Regular Season,1610612748,1631107,F,False,fixture,True,5,
0000000221,2024-25,Regular Season,1610612743,203999,C,True,fixture,True,5,
0000000221,2024-25,Regular Season,1610612743,1627750,G,True,fixture,True,5,
0000000221,2024-25,Regular Season,1610612743,1628420,F,True,fixture,True,5,
0000000221,2024-25,Regular Season,1610612743,1630166,G-F,True,fixture,True,5,
0000000221,2024-25,Regular Season,1610612743,203914,G,True,fixture,True,5,
0000000221,2024-25,Regular Season,1610612743,1631128,F,False,fixture,True,5,
0000000221,2024-25,Regular Season,1610612747,2544,F,True,fixture,True,5,
0000000221,2024-25,Regular Season,1610612747,1629029,G,True,fixture,True,5,
0000000221,2024-25,Regular Season,1610612747,203076,C-F,True,fixture,True,5,
0000000221,2024-25,Regular Season,1610612747,1630559,G,True,fixture,True,5,
0000000221,2024-25,Regular Season,1610612747,1626156,G-F,False,fixture,True,5,
0000000221,2024-25,Regular Season,1610612747,1629020,F,True,fixture,True,5,
0000000222,2024-25,Regular Season,1610612743,203999,C,True,fixture,True,5,
0000000222,2024-25,Regular Season,1610612743,1627750,G,True,fixture,True,5,
0000000222,2024-25,Regular Season,1610612743,1628420,F,True,fixture,True,5,
0000000222,2024-25,Regular Season,1610612743,1630166,G-F,True,fixture,True,5,
0000000222,2024-25,Regular Season,1610612743,203914,G,True,fixture,True,5,
0000000222,2024-25,Regular Season,1610612743,1631128,F,False,fixture,True,5,
0000000222,2024-25,Regular Season,1610612744,201939,G,True,fixture,True,5,
0000000222,2024-25,Regular Season,1610612744,202691,G-F,True,fixture,True,5,
0000000222,2024-25,Regular Season,1610612744,203110,F-C,True,fixture,True,5,
0000000222,2024-25,Regular Season,1610612744,1630228,F,True,fixture,True,5,
0000000222,2024-25,Regular Season,1610612744,1626172,C,False,fixture,True,5,
0000000222,2024-25,Regular Season,1610612744,1630541,G,True,fixture,True,5,
0000000223,2024-25,Regular Season,1610612743,203999,C,True,fixture,True,5,
0000000223,2024-25,Regular Season,1610612743,1627750,G,True,fixture,True,5,
0000000223,2024-25,Regular Season,1610612743,1628420,F,True,fixture,True,5,
0000000223,2024-25,Regular Season,1610612743,1630166,G-F,True,fixture,True,5,
0000000223,2024-25,Regular Season,1610612743,203914,G,True,fixture,True,5,
0000000223,2024-25,Regular Season,1610612743,1631128,F,False,fixture,True,5,
0000000223,2024-25,Regular Season,1610612738,1628369,F,True,fixture,True,5,
0000000223,2024-25,Regular Season,1610612738,1627759,G-F,True,fixture,True,5,
0000000223,2024-25,Regular Season,1610612738,201950,G,True,fixture,True,5,
0000000223,2024-25,Regular Season,1610612738,1628464,G,True,fixture,True,5,
0000000223,2024-25,Regular Season,1610612738,203935,C,True,fixture,True,5,
0000000223,2024-25,Regular Season,1610612738,1629057,C-F,False,fixture,True,5,
0000000224,2024-25,Regular Season,1610612743,203999,C,True,fixture,True,5,
0000000224,2024-25,Regular Season,1610612743,1627750,G,True,fixture,True,5,
0000000224,2024-25,Regular Season,1610612743,1628420,F,True,fixture,True,5,
0000000224,2024-25,Regular Season,1610612743,1630166,G-F,True,fixture,True,5,
0000000224,2024-25,Regular Season,1610612743,203914,G,True,fixture,True,5,
0000000224,2024-25,Regular Season,1610612743,1631128,F,False,fixture,True,5,
0000000224,2024-25,Regular Season,1610612752,1628973,G,True,fixture,True,5,
0000000224,2024-25,Regular Season,1610612752,1626157,C,True,fixture,True,5,
0000000224,2024-25,Regular Season,1610612752,1629628,G-F,True,fixture,True,5,
0000000224,2024-25,Regular Season,1610612752,1630193,G,True,fixture,True,5,
0000000224,2024-25,Regular Season,1610612752,203944,F-C,True,fixture,True,5,
0000000224,2024-25,Regular Season,1610612752,1631216,G,False,fixture,True,5,
0000000225,2024-25,Regular Season,1610612743,203999,C,True,fixture,True,5,
0000000225,2024-25,Regular Season,1610612743,1627750,G,True,fixture,True,5,
0000000225,2024-25,Regular Season,1610612743,1628420,F,True,fixture,True,5,
0000000225,2024-25,Regular Season,1610612743,1630166,G-F,True,fixture,True,5,
0000000225,2024-25,Regular Season,1610612743,203914,G,True,fixture,True,5,
0000000225,2024-25,Regular Season,1610612743,1631128,F,False,fixture,True,5,
0000000225,2024-25,Regular Season,1610612748,202710,F-G,True,fixture,True,5,
0000000225,2024-25,Regular Season,1610612748,1629639,G,True,fixture,True,5,
0000000225,2024-25,Regular Season,1610612748,202355,C,True,fixture,True,5,
0000000225,2024-25,Regular Season,1610612748,1631170,G-F,True,fixture,True,5,
0000000225,2024-25,Regular Season,1610612748,203482,C-F,True,fixture,True,5,
0000000225,2024-25,Regular Season,1610612748,1631107,F,False,fixture,True,5,
0000000226,2024-25,Regular Season,1610612738,1628369,F,True,fixture,True,5,
0000000226,2024-25,Regular Season,1610612738,1627759,G-F,True,fixture,True,5,
0000000226,2024-25,Regular Season,1610612738,201950,G,True,fixture,True,5,
0000000226,2024-25,Regular Season,1610612738,1628464,G,True,fixture,True,5,
0000000226,2024-25,Regular Season,1610612738,203935,C,True,fixture,True,5,
0000000226,2024-25,Regular Season,1610612738,1629057,C-F,False,fixture,True,5,
0000000226,2024-25,Regular Season,1610612747,2544,F,True,fixture,True,5,
0000000226,2024-25,Regular Season,1610612747,1629029,G,True,fixture,True,5,
0000000226,2024-25,Regular Season,1610612747,203076,C-F,True,fixture,True,5,
0000000226,2024-25,Regular Season,1610612747,1630559,G,True,fixture,True,5,
0000000226,2024-25,Regular Season,1610612747,1626156,G-F,False,fixture,True,5,
0000000226,2024-25,Regular Season,1610612747,1629020,F,True,fixture,True,5,
0000000227,2024-25,Regular Season,1610612738,1628369,F,True,fixture,True,5,
0000000227,2024-25,Regular Season,1610612738,1627759,G-F,True,fixture,True,5,
0000000227,2024-25,Regular Season,1610612738,201950,G,True,fixture,True,5,
0000000227,2024-25,Regular Season,1610612738,1628464,G,True,fixture,True,5,
0000000227,2024-25,Regular Season,1610612738,203935,C,True,fixture,True,5,
0000000227,2024-25,Regular Season,1610612738,1629057,C-F,False,fixture,True,5,
0000000227,2024-25,Regular Season,1610612744,201939,G,True,fixture,True,5,
0000000227,2024-25,Regular Season,1610612744,202691,G-F,True,fixture,True,5,
0000000227,2024-25,Regular Season,1610612744,203110,F-C,True,fixture,True,5,
0000000227,2024-25,Regular Season,1610612744,1630228,F,True,fixture,True,5,
0000000227,2024-25,Regular Season,1610612744,1626172,C,False,fixture,True,5,
0000000227,2024-25,Regular Season,1610612744,1630541,G,True,fixture,True,5,
0000000228,2024-25,Regular Season,1610612738,1628369,F,True,fixture,True,5,
0000000228,2024-25,Regular Season,1610612738,1627759,G-F,True,fixture,True,5,
0000000228,2024-25,Regular Season,1610612738,201950,G,True,fixture,True,5,
0000000228,2024-25,Regular Season,1610612738,1628464,G,True,fixture,True,5,
0000000228,2024-25,Regular Season,1610612738,203935,C,True,fixture,True,5,
0000000228,2024-25,Regular Season,1610612738,1629057,C-F,False,fixture,True,5,
0000000228,2024-25,Regular Season,1610612743,203999,C,True,fixture,True,5,
0000000228,2024-25,Regular Season,1610612743,1627750,G,True,fixture,True,5,
0000000228,2024-25,Regular Season,1610612743,1628420,F,True,fixture,True,5,
0000000228,2024-25,Regular Season,1610612743,1630166,G-F,True,fixture,True,5,
0000000228,2024-25,Regular Season,1610612743,203914,G,True,fixture,True,5,
0000000228,2024-25,Regular Season,1610612743,1631128,F,False,fixture,True,5,
0000000229,2024-25,Regular Season,1610612738,1628369,F,True,fixture,True,5,
0000000229,2024-25,Regular Season,1610612738,1627759,G-F,True,fixture,True,5,
0000000229,2024-25,Regular Season,1610612738,201950,G,True,fixture,True,5,
0000000229,2024-25,Regular Season,1610612738,1628464,G,True,fixture,True,5,
0000000229,2024-25,Regular Season,1610612738,203935,C,True,fixture,True,5,
0000000229,2024-25,Regular Season,1610612738,1629057,C-F,False,fixture,True,5,
0000000229,2024-25,Regular Season,1610612752,1628973,G,True,fixture,True,5,
0000000229,2024-25,Regular Season,1610612752,1626157,C,True,fixture,True,5,
0000000229,2024-25,Regular Season,1610612752,1629628,G-F,True,fixture,True,5,
0000000229,2024-25,Regular Season,1610612752,1630193,G,True,fixture,True,5,
0000000229,2024-25,Regular Season,1610612752,203944,F-C,True,fixture,True,5,
0000000229,2024-25,Regular Season,1610612752,1631216,G,False,fixture,True,5,
0000000230,2024-25,Regular Season,1610612738,1628369,F,True,fixture,True,5,
0000000230,2024-25,Regular Season,1610612738,1627759,G-F,True,fixture,True,5,
0000000230,2024-25,Regular Season,1610612738,201950,G,True,fixture,True,5,
0000000230,2024-25,Regular Season,1610612738,1628464,G,True,fixture,True,5,
0000000230,2024-25,Regular Season,1610612738,203935,C,True,fixture,True,5,
0000000230,2024-25,Regular Season,1610612738,1629057,C-F,False,fixture,True,5,
0000000230,2024-25,Regular Season,1610612748,202710,F-G,True,fixture,True,5,
0000000230,2024-25,Regular Season,1610612748,1629639,G,True,fixture,True,5,
0000000230,2024-25,Regular Season,1610612748,202355,C,True,fixture,True,5,
0000000230,2024-25,Regular Season,1610612748,1631170,G-F,True,fixture,True,5,
0000000230,2024-25,Regular Season,1610612748,203482,C-F,True,fixture,True,5,
0000000230,2024-25,Regular Season,1610612748,1631107,F,False,fixture,True,5,
0000000231,2024-25,Regular Season,1610612752,1628973,G,True,fixture,True,5,
0000000231,2024-25,Regular Season,1610612752,1626157,C,True,fixture,True,5,
0000000231,2024-25,Regular Season,1610612752,1629628,G-F,True,fixture,True,5,
0000000231,2024-25,Regular Season,1610612752,1630193,G,True,fixture,True,5,
0000000231,2024-25,Regular Season,1610612752,203944,F-C,True,fixture,True,5,
0000000231,2024-25,Regular Season,1610612752,1631216,G,False,fixture,True,5,
0000000231,2024-25,Regular Season,1610612747,2544,F,True,fixture,True,5,
0000000231,2024-25,Regular Season,1610612747,1629029,G,True,fixture,True,5,
0000000231,2024-25,Regular Season,1610612747,203076,C-F,True,fixture,True,5,
0000000231,2024-25,Regular Season,1610612747,1630559,G,True,fixture,True,5,
0000000231,2024-25,Regular Season,1610612747,1626156,G-F,False,fixture,True,5,
0000000231,2024-25,Regular Season,1610612747,1629020,F,True,fixture,True,5,
0000000232,2024-25,Regular Season,1610612752,1628973,G,True,fixture,True,5,
0000000232,2024-25,Regular Season,1610612752,1626157,C,True,fixture,True,5,
0000000232,2024-25,Regular Season,1610612752,1629628,G-F,True,fixture,True,5,
0000000232,2024-25,Regular Season,1610612752,1630193,G,True,fixture,True,5,
0000000232,2024-25,Regular Season,1610612752,203944,F-C,True,fixture,True,5,
0000000232,2024-25,Regular Season,1610612752,1631216,G,False,fixture,True,5,
0000000232,2024-25,Regular Season,1610612744,201939,G,True,fixture,True,5,
0000000232,2024-25,Regular Season,1610612744,202691,G-F,True,fixture,True,5,
0000000232,2024-25,Regular Season,1610612744,203110,F-C,True,fixture,True,5,
0000000232,2024-25,Regular Season,1610612744,1630228,F,True,fixture,True,5,
0000000232,2024-25,Regular Season,1610612744,1626172,C,False,fixture,True,5,
0000000232,2024-25,Regular Season,1610612744,1630541,G,True,fixture,True,5,
0000000233,2024-25,Regular Season,1610612752,1628973,G,True,fixture,True,5,
0000000233,2024-25,Regular Season,1610612752,1626157,C,True,fixture,True,5,
0000000233,2024-25,Regular Season,1610612752,1629628,G-F,True,fixture,True,5,
0000000233,2024-25,Regular Season,1610612752,1630193,G,True,fixture,True,5,
0000000233,2024-25,Regular Season,1610612752,203944,F-C,True,fixture,True,5,
0000000233,2024-25,Regular Season,1610612752,1631216,G,False,fixture,True,5,
0000000233,2024-25,Regular Season,1610612743,203999,C,True,fixture,True,5,
0000000233,2024-25,Regular Season,1610612743,1627750,G,True,fixture,True,5,
0000000233,2024-25,Regular Season,1610612743,1628420,F,True,fixture,True,5,
0000000233,2024-25,Regular Season,1610612743,1630166,G-F,True,fixture,True,5,
0000000233,2024-25,Regular Season,1610612743,203914,G,True,fixture,True,5,
0000000233,2024-25,Regular Season,1610612743,1631128,F,False,fixture,True,5,
0000000234,2024-25,Regular Season,1610612752,1628973,G,True,fixture,True,5,
0000000234,2024-25,Regular Season,1610612752,1626157,C,True,fixture,True,5,
0000000234,2024-25,Regular Season,1610612752,1629628,G-F,True,fixture,True,5,
0000000234,2024-25,Regular Season,1610612752,1630193,G,True,fixture,True,5,
0000000234,2024-25,Regular Season,1610612752,203944,F-C,True,fixture,True,5,
0000000234,2024-25,Regular Season,1610612752,1631216,G,False,fixture,True,5,
0000000234,2024-25,Regular Season,1610612738,1628369,F,True,fixture,True,5,
0000000234,2024-25,Regular Season,1610612738,1627759,G-F,True,fixture,True,5,
0000000234,2024-25,Regular Season,1610612738,201950,G,True,fixture,True,5,
0000000234,2024-25,Regular Season,1610612738,1628464,G,True,fixture,True,5,
0000000234,2024-25,Regular Season,1610612738,203935,C,True,fixture,True,5,
0000000234,2024-25,Regular Season,1610612738,1629057,C-F,False,fixture,True,5,
0000000235,2024-25,Regular Season,1610612752,1628973,G,True,fixture,True,5,
0000000235,2024-25,Regular Season,1610612752,1626157,C,True,fixture,True,5,
0000000235,2024-25,Regular Season,1610612752,1629628,G-F,True,fixture,True,5,
0000000235,2024-25,Regular Season,1610612752,1630193,G,True,fixture,True,5,
0000000235,2024-25,Regular Season,1610612752,203944,F-C,True,fixture,True,5,
0000000235,2024-25,Regular Season,1610612752,1631216,G,False,fixture,True,5,
0000000235,2024-25,Regular Season,1610612748,202710,F-G,True,fixture,True,5,
0000000235,2024-25,Regular Season,1610612748,1629639,G,True,fixture,True,5,
0000000235,2024-25,Regular Season,1610612748,202355,C,True,fixture,True,5,
0000000235,2024-25,Regular Season,1610612748,1631170,G-F,True,fixture,True,5,
0000000235,2024-25,Regular Season,1610612748,203482,C-F,True,fixture,True,5,
0000000235,2024-25,Regular Season,1610612748,1631107,F,False,fixture,True,5,
0000000236,2024-25,Regular Season,1610612748,202710,F-G,True,fixture,True,5,
0000000236,2024-25,Regular Season,1610612748,1629639,G,True,fixture,True,5,
0000000236,2024-25,Regular Season,1610612748,202355,C,True,fixture,True,5,
0000000236,2024-25,Regular Season,1610612748,1631170,G-F,True,fixture,True,5,
0000000236,2024-25,Regular Season,1610612748,203482,C-F,True,fixture,True,5,
0000000236,2024-25,Regular Season,1610612748,1631107,F,False,fixture,True,5,
0000000236,2024-25,Regular Season,1610612747,2544,F,True,fixture,True,5,
0000000236,2024-25,Regular Season,1610612747,1629029,G,True,fixture,True,5,
0000000236,2024-25,Regular Season,1610612747,203076,C-F,True,fixture,True,5,
0000000236,2024-25,Regular Season,1610612747,1630559,G,True,fixture,True,5,
0000000236,2024-25,Regular Season,1610612747,1626156,G-F,False,fixture,True,5,
0000000236,2024-25,Regular Season,1610612747,1629020,F,True,fixture,True,5,
0000000237,2024-25,Regular Season,1610612748,202710,F-G,True,fixture,True,5,
0000000237,2024-25,Regular Season,1610612748,1629639,G,True,fixture,True,5,
0000000237,2024-25,Regular Season,1610612748,202355,C,True,fixture,True,5,
0000000237,2024-25,Regular Season,1610612748,1631170,G-F,True,fixture,True,5,
0000000237,2024-25,Regular Season,1610612748,203482,C-F,True,fixture,True,5,
0000000237,2024-25,Regular Season,1610612748,1631107,F,False,fixture,True,5,
0000000237,2024-25,Regular Season,1610612744,201939,G,True,fixture,True,5,
0000000237,2024-25,Regular Season,1610612744,202691,G-F,True,fixture,True,5,
0000000237,2024-25,Regular Season,1610612744,203110,F-C,True,fixture,True,5,
0000000237,2024-25,Regular Season,1610612744,1630228,F,True,fixture,True,5,
0000000237,2024-25,Regular Season,1610612744,1626172,C,False,fixture,True,5,
0000000237,2024-25,Regular Season,1610612744,1630541,G,True,fixture,True,5,
0000000238,2024-25,Regular Season,1610612748,202710,F-G,True,fixture,True,5,
0000000238,2024-25,Regular Season,1610612748,1629639,G,True,fixture,True,5,
0000000238,2024-25,Regular Season,1610612748,202355,C,True,fixture,True,5,
0000000238,2024-25,Regular Season,1610612748,1631170,G-F,True,fixture,True,5,
0000000238,2024-25,Regular Season,1610612748,203482,C-F,True,fixture,True,5,
0000000238,2024-25,Regular Season,1610612748,1631107,F,False,fixture,True,5,
0000000238,2024-25,Regular Season,1610612743,203999,C,True,fixture,True,5,
0000000238,2024-25,Regular Season,1610612743,1627750,G,True,fixture,True,5,
0000000238,2024-25,Regular Season,1610612743,1628420,F,True,fixture,True,5,
0000000238,2024-25,Regular Season,1610612743,1630166,G-F,True,fixture,True,5,
0000000238,2024-25,Regular Season,1610612743,203914,G,True,fixture,True,5,
0000000238,2024-25,Regular Season,1610612743,1631128,F,False,fixture,True,5,
0000000239,2024-25,Regular Season,1610612748,202710,F-G,True,fixture,True,5,
0000000239,2024-25,Regular Season,1610612748,1629639,G,True,fixture,True,5,
0000000239,2024-25,Regular Season,1610612748,202355,C,True,fixture,True,5,
0000000239,2024-25,Regular Season,1610612748,1631170,G-F,True,fixture,True,5,
0000000239,2024-25,Regular Season,1610612748,203482,C-F,True,fixture,True,5,
0000000239,2024-25,Regular Season,1610612748,1631107,F,False,fixture,True,5,
0000000239,2024-25,Regular Season,1610612738,1628369,F,True,fixture,True,5,
0000000239,2024-25,Regular Season,1610612738,1627759,G-F,True,fixture,True,5,
0000000239,2024-25,Regular Season,1610612738,201950,G,True,fixture,True,5,
0000000239,2024-25,Regular Season,1610612738,1628464,G,True,fixture,True,5,
0000000239,2024-25,Regular Season,1610612738,203935,C,True,fixture,True,5,
0000000239,2024-25,Regular Season,1610612738,1629057,C-F,False,fixture,True,5,
0000000240,2024-25,Regular Season,1610612748,202710,F-G,True,fixture,True,5,
0000000240,2024-25,Regular Season,1610612748,1629639,G,True,fixture,True,5,
0000000240,2024-25,Regular Season,1610612748,202355,C,True,fixture,True,5,
0000000240,2024-25,Regular Season,1610612748,1631170,G-F,True,fixture,True,5,
0000000240,2024-25,Regular Season,1610612748,203482,C-F,True,fixture,True,5,
0000000240,2024-25,Regular Season,1610612748,1631107,F,False,fixture,True,5,
0000000240,2024-25,Regular Season,1610612752,1628973,G,True,fixture,True,5,
0000000240,2024-25,Regular Season,1610612752,1626157,C,True,fixture,True,5,
0000000240,2024-25,Regular Season,1610612752,1629628,G-F,True,fixture,True,5,
0000000240,2024-25,Regular Season,1610612752,1630193,G,True,fixture,True,5,
0000000240,2024-25,Regular Season,1610612752,203944,F-C,True,fixture,True,5,
0000000240,2024-25,Regular Season,1610612752,1631216,G,False,fixture,True,5,
0000000241,2024-25,Regular Season,1610612747,2544,F,True,fixture,True,5,
0000000241,2024-25,Regular Season,1610612747,1629029,G,True,fixture,True,5,
0000000241,2024-25,Regular Season,1610612747,203076,C-F,True,fixture,True,5,
0000000241,2024-25,Regular Season,1610612747,1630559,G,True,fixture,True,5,
0000000241,2024-25,Regular Season,1610612747,1626156,G-F,False,fixture,True,5,
0000000241,2024-25,Regular Season,1610612747,1629020,F,True,fixture,True,5,
0000000241,2024-25,Regular Season,1610612744,201939,G,True,fixture,True,5,
0000000241,2024-25,Regular Season,1610612744,202691,G-F,True,fixture,True,5,
0000000241,2024-25,Regular Season,1610612744,203110,F-C,True,fixture,True,5,
0000000241,2024-25,Regular Season,1610612744,1630228,F,True,fixture,True,5,
0000000241,2024-25,Regular Season,1610612744,1626172,C,False,fixture,True,5,
0000000241,2024-25,Regular Season,1610612744,1630541,G,True,fixture,True,5,
0000000242,2024-25,Regular Season,1610612747,2544,F,True,fixture,True,5,
0000000242,2024-25,Regular Season,1610612747,1629029,G,True,fixture,True,5,
0000000242,2024-25,Regular Season,1610612747,203076,C-F,True,fixture,True,5,
0000000242,2024-25,Regular Season,1610612747,1630559,G,True,fixture,True,5,
0000000242,2024-25,Regular Season,1610612747,1626156,G-F,False,fixture,True,5,
0000000242,2024-25,Regular Season,1610612747,1629020,F,True,fixture,True,5,
0000000242,2024-25,Regular Season,1610612743,203999,C,True,fixture,True,5,
0000000242,2024-25,Regular Season,1610612743,1627750,G,True,fixture,True,5,
0000000242,2024-25,Regular Season,1610612743,1628420,F,True,fixture,True,5,
0000000242,2024-25,Regular Season,1610612743,1630166,G-F,True,fixture,True,5,
0000000242,2024-25,Regular Season,1610612743,203914,G,True,fixture,True,5,
0000000242,2024-25,Regular Season,1610612743,1631128,F,False,fixture,True,5,
0000000243,2024-25,Regular Season,1610612747,2544,F,True,fixture,True,5,
0000000243,2024-25,Regular Season,1610612747,1629029,G,True,fixture,True,5,
0000000243,2024-25,Regular Season,1610612747,203076,C-F,True,fixture,True,5,
0000000243,2024-25,Regular Season,1610612747,1630559,G,True,fixture,True,5,
0000000243,2024-25,Regular Season,1610612747,1626156,G-F,False,fixture,True,5,
0000000243,2024-25,Regular Season,1610612747,1629020,F,True,fixture,True,5,
0000000243,2024-25,Regular Season,1610612738,1628369,F,True,fixture,True,5,
0000000243,2024-25,Regular Season,1610612738,1627759,G-F,True,fixture,True,5,
0000000243,2024-25,Regular Season,1610612738,201950,G,True,fixture,True,5,
0000000243,2024-25,Regular Season,1610612738,1628464,G,True,fixture,True,5,
0000000243,2024-25,Regular Season,1610612738,203935,C,True,fixture,True,5,
0000000243,2024-25,Regular Season,1610612738,1629057,C-F,False,fixture,True,5,
0000000244,2024-25,Regular Season,1610612747,2544,F,True,fixture,True,5,
0000000244,2024-25,Regular Season,1610612747,1629029,G,True,fixture,True,5,
0000000244,2024-25,Regular Season,1610612747,203076,C-F,True,fixture,True,5,
0000000244,2024-25,Regular Season,1610612747,1630559,G,True,fixture,True,5,
0000000244,2024-25,Regular Season,1610612747,1626156,G-F,False,fixture,True,5,
0000000244,2024-25,Regular Season,1610612747,1629020,F,True,fixture,True,5,
0000000244,2024-25,Regular Season,1610612752,1628973,G,True,fixture,True,5,
0000000244,2024-25,Regular Season,1610612752,1626157,C,True,fixture,True,5,
0000000244,2024-25,Regular Season,1610612752,1629628,G-F,True,fixture,True,5,
0000000244,2024-25,Regular Season,1610612752,1630193,G,True,fixture,True,5,
0000000244,2024-25,Regular Season,1610612752,203944,F-C,True,fixture,True,5,
0000000244,2024-25,Regular Season,1610612752,1631216,G,False,fixture,True,5,
0000000245,2024-25,Regular Season,1610612747,2544,F,True,fixture,True,5,
0000000245,2024-25,Regular Season,1610612747,1629029,G,True,fixture,True,5,
0000000245,2024-25,Regular Season,1610612747,203076,C-F,True,fixture,True,5,
0000000245,2024-25,Regular Season,1610612747,1630559,G,True,fixture,True,5,
0000000245,2024-25,Regular Season,1610612747,1626156,G-F,False,fixture,True,5,
0000000245,2024-25,Regular Season,1610612747,1629020,F,True,fixture,True,5,
0000000245,2024-25,Regular Season,1610612748,202710,F-G,True,fixture,True,5,
0000000245,2024-25,Regular Season,1610612748,1629639,G,True,fixture,True,5,
0000000245,2024-25,Regular Season,1610612748,202355,C,True,fixture,True,5,
0000000245,2024-25,Regular Season,1610612748,1631170,G-F,True,fixture,True,5,
0000000245,2024-25,Regular Season,1610612748,203482,C-F,True,fixture,True,5,
0000000245,2024-25,Regular Season,1610612748,1631107,F,False,fixture,True,5,
0000000246,2024-25,Regular Season,1610612744,201939,G,True,fixture,True,5,
0000000246,2024-25,Regular Season,1610612744,202691,G-F,True,fixture,True,5,
0000000246,2024-25,Regular Season,1610612744,203110,F-C,True,fixture,True,5,
0000000246,2024-25,Regular Season,1610612744,1630228,F,True,fixture,True,5,
0000000246,2024-25,Regular Season,1610612744,1626172,C,False,fixture,True,5,
0000000246,2024-25,Regular Season,1610612744,1630541,G,True,fixture,True,5,
0000000246,2024-25,Regular Season,1610612747,2544,F,True,fixture,True,5,
0000000246,2024-25,Regular Season,1610612747,1629029,G,True,fixture,True,5,
0000000246,2024-25,Regular Season,1610612747,203076,C-F,True,fixture,True,5,
0000000246,2024-25,Regular Season,1610612747,1630559,G,True,fixture,True,5,
0000000246,2024-25,Regular Season,1610612747,1626156,G-F,False,fixture,True,5,
0000000246,2024-25,Regular Season,1610612747,1629020,F,True,fixture,True,5,
0000000247,2024-25,Regular Season,1610612744,201939,G,True,fixture,True,5,
0000000247,2024-25,Regular Season,1610612744,202691,G-F,True,fixture,True,5,
0000000247,2024-25,Regular Season,1610612744,203110,F-C,True,fixture,True,5,
0000000247,2024-25,Regular Season,1610612744,1630228,F,True,fixture,True,5,
0000000247,2024-25,Regular Season,1610612744,1626172,C,False,fixture,True,5,
0000000247,2024-25,Regular Season,1610612744,1630541,G,True,fixture,True,5,
0000000247,2024-25,Regular Season,1610612743,203999,C,True,fixture,True,5,
0000000247,2024-25,Regular Season,1610612743,1627750,G,True,fixture,True,5,
0000000247,2024-25,Regular Season,1610612743,1628420,F,True,fixture,True,5,
0000000247,2024-25,Regular Season,1610612743,1630166,G-F,True,fixture,True,5,
0000000247,2024-25,Regular Season,1610612743,203914,G,True,fixture,True,5,
0000000247,2024-25,Regular Season,1610612743,1631128,F,False,fixture,True,5,
0000000248,2024-25,Regular Season,1610612744,201939,G,True,fixture,True,5,
0000000248,2024-25,Regular Season,1610612744,202691,G-F,True,fixture,True,5,
0000000248,2024-25,Regular Season,1610612744,203110,F-C,True,fixture,True,5,
0000000248,2024-25,Regular Season,1610612744,1630228,F,True,fixture,True,5,
0000000248,2024-25,Regular Season,1610612744,1626172,C,False,fixture,True,5,
0000000248,2024-25,Regular Season,1610612744,1630541,G,True,fixture,True,5,
0000000248,2024-25,Regular Season,1610612738,1628369,F,True,fixture,True,5,
0000000248,2024-25,Regular Season,1610612738,1627759,G-F,True,fixture,True,5,
0000000248,2024-25,Regular Season,1610612738,201950,G,True,fixture,True,5,
0000000248,2024-25,Regular Season,1610612738,1628464,G,True,fixture,True,5,
0000000248,2024-25,Regular Season,1610612738,203935,C,True,fixture,True,5,
0000000248,2024-25,Regular Season,1610612738,1629057,C-F,False,fixture,True,5,
0000000249,2024-25,Regular Season,1610612744,201939,G,True,fixture,True,5,
0000000249,2024-25,Regular Season,1610612744,202691,G-F,True,fixture,True,5,
0000000249,2024-25,Regular Season,1610612744,203110,F-C,True,fixture,True,5,
0000000249,2024-25,Regular Season,1610612744,1630228,F,True,fixture,True,5,
0000000249,2024-25,Regular Season,1610612744,1626172,C,False,fixture,True,5,
0000000249,2024-25,Regular Season,1610612744,1630541,G,True,fixture,True,5,
0000000249,2024-25,Regular Season,1610612752,1628973,G,True,fixture,True,5,
0000000249,2024-25,Regular Season,1610612752,1626157,C,True,fixture,True,5,
0000000249,2024-25,Regular Season,1610612752,1629628,G-F,True,fixture,True,5,
0000000249,2024-25,Regular Season,1610612752,1630193,G,True,fixture,True,5,
0000000249,2024-25,Regular Season,1610612752,203944,F-C,True,fixture,True,5,
0000000249,2024-25,Regular Season,1610612752,1631216,G,False,fixture,True,5,
0000000250,2024-25,Regular Season,1610612744,201939,G,True,fixture,True,5,
0000000250,2024-25,Regular Season,1610612744,202691,G-F,True,fixture,True,5,
0000000250,2024-25,Regular Season,1610612744,203110,F-C,True,fixture,True,5,
0000000250,2024-25,Regular Season,1610612744,1630228,F,True,fixture,True,5,
0000000250,2024-25,Regular Season,1610612744,1626172,C,False,fixture,True,5,
0000000250,2024-25,Regular Season,1610612744,1630541,G,True,fixture,True,5,
0000000250,2024-25,Regular Season,1610612748,202710,F-G,True,fixture,True,5,
0000000250,2024-25,Regular Season,1610612748,1629639,G,True,fixture,True,5,
0000000250,2024-25,Regular Season,1610612748,202355,C,True,fixture,True,5,
0000000250,2024-25,Regular Season,1610612748,1631170,G-F,True,fixture,True,5,
0000000250,2024-25,Regular Season,1610612748,203482,C-F,True,fixture,True,5,
0000000250,2024-25,Regular Season,1610612748,1631107,F,False,fixture,True,5,
0000000251,2024-25,Regular Season,1610612743,203999,C,True,fixture,True,5,
0000000251,2024-25,Regular Season,1610612743,1627750,G,True,fixture,True,5,
0000000251,2024-25,Regular Season,1610612743,1628420,F,True,fixture,True,5,
0000000251,2024-25,Regular Season,1610612743,1630166,G-F,True,fixture,True,5,
0000000251,2024-25,Regular Season,1610612743,203914,G,True,fixture,True,5,
0000000251,2024-25,Regular Season,1610612743,1631128,F,False,fixture,True,5,
0000000251,2024-25,Regular Season,1610612747,2544,F,True,fixture,True,5,
0000000251,2024-25,Regular Season,1610612747,1629029,G,True,fixture,True,5,
0000000251,2024-25,Regular Season,1610612747,203076,C-F,True,fixture,True,5,
0000000251,2024-25,Regular Season,1610612747,1630559,G,True,fixture,True,5,
0000000251,2024-25,Regular Season,1610612747,1626156,G-F,False,fixture,True,5,
0000000251,2024-25,Regular Season,1610612747,1629020,F,True,fixture,True,5,
0000000252,2024-25,Regular Season,1610612743,203999,C,True,fixture,True,5,
0000000252,2024-25,Regular Season,1610612743,1627750,G,True,fixture,True,5,
0000000252,2024-25,Regular Season,1610612743,1628420,F,True,fixture,True,5,
0000000252,2024-25,Regular Season,1610612743,1630166,G-F,True,fixture,True,5,
0000000252,2024-25,Regular Season,1610612743,203914,G,True,fixture,True,5,
0000000252,2024-25,Regular Season,1610612743,1631128,F,False,fixture,True,5,
0000000252,2024-25,Regular Season,1610612744,201939,G,True,fixture,True,5,
0000000252,2024-25,Regular Season,1610612744,202691,G-F,True,fixture,True,5,
0000000252,2024-25,Regular Season,1610612744,203110,F-C,True,fixture,True,5,
0000000252,2024-25,Regular Season,1610612744,1630228,F,True,fixture,True,5,
0000000252,2024-25,Regular Season,1610612744,1626172,C,False,fixture,True,5,
0000000252,2024-25,Regular Season,1610612744,1630541,G,True,fixture,True,5,
0000000253,2024-25,Regular Season,1610612743,203999,C,True,fixture,True,5,
0000000253,2024-25,Regular Season,1610612743,1627750,G,True,fixture,True,5,
0000000253,2024-25,Regular Season,1610612743,1628420,F,True,fixture,True,5,
0000000253,2024-25,Regular Season,1610612743,1630166,G-F,True,fixture,True,5,
0000000253,2024-25,Regular Season,1610612743,203914,G,True,fixture,True,5,
0000000253,2024-25,Regular Season,1610612743,1631128,F,False,fixture,True,5,
0000000253,2024-25,Regular Season,1610612738,1628369,F,True,fixture,True,5,
0000000253,2024-25,Regular Season,1610612738,1627759,G-F,True,fixture,True,5,
0000000253,2024-25,Regular Season,1610612738,201950,G,True,fixture,True,5,
0000000253,2024-25,Regular Season,1610612738,1628464,G,True,fixture,True,5,
0000000253,2024-25,Regular Season,1610612738,203935,C,True,fixture,True,5,
0000000253,2024-25,Regular Season,1610612738,1629057,C-F,False,fixture,True,5,
0000000254,2024-25,Regular Season,1610612743,203999,C,True,fixture,True,5,
0000000254,2024-25,Regular Season,1610612743,1627750,G,True,fixture,True,5,
0000000254,2024-25,Regular Season,1610612743,1628420,F,True,fixture,True,5,
0000000254,2024-25,Regular Season,1610612743,1630166,G-F,True,fixture,True,5,
0000000254,2024-25,Regular Season,1610612743,203914,G,True,fixture,True,5,
0000000254,2024-25,Regular Season,1610612743,1631128,F,False,fixture,True,5,
0000000254,2024-25,Regular Season,1610612752,1628973,G,True,fixture,True,5,
0000000254,2024-25,Regular Season,1610612752,1626157,C,True,fixture,True,5,
0000000254,2024-25,Regular Season,1610612752,1629628,G-F,True,fixture,True,5,
0000000254,2024-25,Regular Season,1610612752,1630193,G,True,fixture,True,5,
0000000254,2024-25,Regular Season,1610612752,203944,F-C,True,fixture,True,5,
0000000254,2024-25,Regular Season,1610612752,1631216,G,False,fixture,True,5,
0000000255,2024-25,Regular Season,1610612743,203999,C,True,fixture,True,5,
0000000255,2024-25,Regular Season,1610612743,1627750,G,True,fixture,True,5,
0000000255,2024-25,Regular Season,1610612743,1628420,F,True,fixture,True,5,
0000000255,2024-25,Regular Season,1610612743,1630166,G-F,True,fixture,True,5,
0000000255,2024-25,Regular Season,1610612743,203914,G,True,fixture,True,5,
0000000255,2024-25,Regular Season,1610612743,1631128,F,False,fixture,True,5,
0000000255,2024-25,Regular Season,1610612748,202710,F-G,True,fixture,True,5,
0000000255,2024-25,Regular Season,1610612748,1629639,G,True,fixture,True,5,
0000000255,2024-25,Regular Season,1610612748,202355,C,True,fixture,True,5,
0000000255,2024-25,Regular Season,1610612748,1631170,G-F,True,fixture,True,5,
0000000255,2024-25,Regular Season,1610612748,203482,C-F,True,fixture,True,5,
0000000255,2024-25,Regular Season,1610612748,1631107,F,False,fixture,True,5,
0000000256,2024-25,Regular Season,1610612738,1628369,F,True,fixture,True,5,
0000000256,2024-25,Regular Season,1610612738,1627759,G-F,True,fixture,True,5,
0000000256,2024-25,Regular Season,1610612738,201950,G,True,fixture,True,5,
0000000256,2024-25,Regular Season,1610612738,1628464,G,True,fixture,True,5,
0000000256,2024-25,Regular Season,1610612738,203935,C,True,fixture,True,5,
0000000256,2024-25,Regular Season,1610612738,1629057,C-F,False,fixture,True,5,
0000000256,2024-25,Regular Season,1610612747,2544,F,True,fixture,True,5,
0000000256,2024-25,Regular Season,1610612747,1629029,G,True,fixture,True,5,
0000000256,2024-25,Regular Season,1610612747,203076,C-F,True,fixture,True,5,
0000000256,2024-25,Regular Season,1610612747,1630559,G,True,fixture,True,5,
0000000256,2024-25,Regular Season,1610612747,1626156,G-F,False,fixture,True,5,
0000000256,2024-25,Regular Season,1610612747,1629020,F,True,fixture,True,5,
0000000257,2024-25,Regular Season,1610612738,1628369,F,True,fixture,True,5,
0000000257,2024-25,Regular Season,1610612738,1627759,G-F,True,fixture,True,5,
0000000257,2024-25,Regular Season,1610612738,201950,G,True,fixture,True,5,
0000000257,2024-25,Regular Season,1610612738,1628464,G,True,fixture,True,5,
0000000257,2024-25,Regular Season,1610612738,203935,C,True,fixture,True,5,
0000000257,2024-25,Regular Season,1610612738,1629057,C-F,False,fixture,True,5,
0000000257,2024-25,Regular Season,1610612744,201939,G,True,fixture,True,5,
0000000257,2024-25,Regular Season,1610612744,202691,G-F,True,fixture,True,5,
0000000257,2024-25,Regular Season,1610612744,203110,F-C,True,fixture,True,5,
0000000257,2024-25,Regular Season,1610612744,1630228,F,True,fixture,True,5,
0000000257,2024-25,Regular Season,1610612744,1626172,C,False,fixture,True,5,
0000000257,2024-25,Regular Season,1610612744,1630541,G,True,fixture,True,5,
0000000258,2024-25,Regular Season,1610612738,1628369,F,True,fixture,True,5,
0000000258,2024-25,Regular Season,1610612738,1627759,G-F,True,fixture,True,5,
0000000258,2024-25,Regular Season,1610612738,201950,G,True,fixture,True,5,
0000000258,2024-25,Regular Season,1610612738,1628464,G,True,fixture,True,5,
0000000258,2024-25,Regular Season,1610612738,203935,C,True,fixture,True,5,
0000000258,2024-25,Regular Season,1610612738,1629057,C-F,False,fixture,True,5,
0000000258,2024-25,Regular Season,1610612743,203999,C,True,fixture,True,5,
0000000258,2024-25,Regular Season,1610612743,1627750,G,True,fixture,True,5,
0000000258,2024-25,Regular Season,1610612743,1628420,F,True,fixture,True,5,
0000000258,2024-25,Regular Season,1610612743,1630166,G-F,True,fixture,True,5,
0000000258,2024-25,Regular Season,1610612743,203914,G,True,fixture,True,5,
0000000258,2024-25,Regular Season,1610612743,1631128,F,False,fixture,True,5,
0000000259,2024-25,Regular Season,1610612738,1628369,F,True,fixture,True,5,
0000000259,2024-25,Regular Season,1610612738,1627759,G-F,True,fixture,True,5,
0000000259,2024-25,Regular Season,1610612738,201950,G,True,fixture,True,5,
0000000259,2024-25,Regular Season,1610612738,1628464,G,True,fixture,True,5,
0000000259,2024-25,Regular Season,1610612738,203935,C,True,fixture,True,5,
0000000259,2024-25,Regular Season,1610612738,1629057,C-F,False,fixture,True,5,
0000000259,2024-25,Regular Season,1610612752,1628973,G,True,fixture,True,5,
0000000259,2024-25,Regular Season,1610612752,1626157,C,True,fixture,True,5,
0000000259,2024-25,Regular Season,1610612752,1629628,G-F,True,fixture,True,5,
0000000259,2024-25,Regular Season,1610612752,1630193,G,True,fixture,True,5,
0000000259,2024-25,Regular Season,1610612752,203944,F-C,True,fixture,True,5,
0000000259,2024-25,Regular Season,1610612752,1631216,G,False,fixture,True,5,
0000000260,2024-25,Regular Season,1610612738,1628369,F,True,fixture,True,5,
0000000260,2024-25,Regular Season,1610612738,1627759,G-F,True,fixture,True,5,
0000000260,2024-25,Regular Season,1610612738,201950,G,True,fixture,True,5,
0000000260,2024-25,Regular Season,1610612738,1628464,G,True,fixture,True,5,
0000000260,2024-25,Regular Season,1610612738,203935,C,True,fixture,True,5,
0000000260,2024-25,Regular Season,1610612738,1629057,C-F,False,fixture,True,5,
0000000260,2024-25,Regular Season,1610612748,202710,F-G,True,fixture,True,5,
0000000260,2024-25,Regular Season,1610612748,1629639,G,True,fixture,True,5,
0000000260,2024-25,Regular Season,1610612748,202355,C,True,fixture,True,5,
0000000260,2024-25,Regular Season,1610612748,1631170,G-F,True,fixture,True,5,
0000000260,2024-25,Regular Season,1610612748,203482,C-F,True,fixture,True,5,
0000000260,2024-25,Regular Season,1610612748,1631107,F,False,fixture,True,5,
0000000261,2024-25,Regular Season,1610612752,1628973,G,True,fixture,True,5,
0000000261,2024-25,Regular Season,1610612752,1626157,C,True,fixture,True,5,
0000000261,2024-25,Regular Season,1610612752,1629628,G-F,True,fixture,True,5,
0000000261,2024-25,Regular Season,1610612752,1630193,G,True,fixture,True,5,
0000000261,2024-25,Regular Season,1610612752,203944,F-C,True,fixture,True,5,
0000000261,2024-25,Regular Season,1610612752,1631216,G,False,fixture,True,5,
0000000261,2024-25,Regular Season,1610612747,2544,F,True,fixture,True,5,
0000000261,2024-25,Regular Season,1610612747,1629029,G,True,fixture,True,5,
0000000261,2024-25,Regular Season,1610612747,203076,C-F,True,fixture,True,5,
0000000261,2024-25,Regular Season,1610612747,1630559,G,True,fixture,True,5,
0000000261,2024-25,Regular Season,1610612747,1626156,G-F,False,fixture,True,5,
0000000261,2024-25,Regular Season,1610612747,1629020,F,True,fixture,True,5,
0000000262,2024-25,Regular Season,1610612752,1628973,G,True,fixture,True,5,
0000000262,2024-25,Regular Season,1610612752,1626157,C,True,fixture,True,5,
0000000262,2024-25,Regular Season,1610612752,1629628,G-F,True,fixture,True,5,
0000000262,2024-25,Regular Season,1610612752,1630193,G,True,fixture,True,5,
0000000262,2024-25,Regular Season,1610612752,203944,F-C,True,fixture,True,5,
0000000262,2024-25,Regular Season,1610612752,1631216,G,False,fixture,True,5,
0000000262,2024-25,Regular Season,1610612744,201939,G,True,fixture,True,5,
0000000262,2024-25,Regular Season,1610612744,202691,G-F,True,fixture,True,5,
0000000262,2024-25,Regular Season,1610612744,203110,F-C,True,fixture,True,5,
0000000262,2024-25,Regular Season,1610612744,1630228,F,True,fixture,True,5,
0000000262,2024-25,Regular Season,1610612744,1626172,C,False,fixture,True,5,
0000000262,2024-25,Regular Season,1610612744,1630541,G,True,fixture,True,5,
0000000263,2024-25,Regular Season,1610612752,1628973,G,True,fixture,True,5,
0000000263,2024-25,Regular Season,1610612752,1626157,C,True,fixture,True,5,
0000000263,2024-25,Regular Season,1610612752,1629628,G-F,True,fixture,True,5,
0000000263,2024-25,Regular Season,1610612752,1630193,G,True,fixture,True,5,
0000000263,2024-25,Regular Season,1610612752,203944,F-C,True,fixture,True,5,
0000000263,2024-25,Regular Season,1610612752,1631216,G,False,fixture,True,5,
0000000263,2024-25,Regular Season,1610612743,203999,C,True,fixture,True,5,
0000000263,2024-25,Regular Season,1610612743,1627750,G,True,fixture,True,5,
0000000263,2024-25,Regular Season,1610612743,1628420,F,True,fixture,True,5,
0000000263,2024-25,Regular Season,1610612743,1630166,G-F,True,fixture,True,5,
0000000263,2024-25,Regular Season,1610612743,203914,G,True,fixture,True,5,
0000000263,2024-25,Regular Season,1610612743,1631128,F,False,fixture,True,5,
0000000264,2024-25,Regular Season,1610612752,1628973,G,True,fixture,True,5,
0000000264,2024-25,Regular Season,1610612752,1626157,C,True,fixture,True,5,
0000000264,2024-25,Regular Season,1610612752,1629628,G-F,True,fixture,True,5,
0000000264,2024-25,Regular Season,1610612752,1630193,G,True,fixture,True,5,
0000000264,2024-25,Regular Season,1610612752,203944,F-C,True,fixture,True,5,
0000000264,2024-25,Regular Season,1610612752,1631216,G,False,fixture,True,5,
0000000264,2024-25,Regular Season,1610612738,1628369,F,True,fixture,True,5,
0000000264,2024-25,Regular Season,1610612738,1627759,G-F,True,fixture,True,5,
0000000264,2024-25,Regular Season,1610612738,201950,G,True,fixture,True,5,
0000000264,2024-25,Regular Season,1610612738,1628464,G,True,fixture,True,5,
0000000264,2024-25,Regular Season,1610612738,203935,C,True,fixture,True,5,
0000000264,2024-25,Regular Season,1610612738,1629057,C-F,False,fixture,True,5,
0000000265,2024-25,Regular Season,1610612752,1628973,G,True,fixture,True,5,
0000000265,2024-25,Regular Season,1610612752,1626157,C,True,fixture,True,5,
0000000265,2024-25,Regular Season,1610612752,1629628,G-F,True,fixture,True,5,
0000000265,2024-25,Regular Season,1610612752,1630193,G,True,fixture,True,5,
0000000265,2024-25,Regular Season,1610612752,203944,F-C,True,fixture,True,5,
0000000265,2024-25,Regular Season,1610612752,1631216,G,False,fixture,True,5,
0000000265,2024-25,Regular Season,1610612748,202710,F-G,True,fixture,True,5,
0000000265,2024-25,Regular Season,1610612748,1629639,G,True,fixture,True,5,
0000000265,2024-25,Regular Season,1610612748,202355,C,True,fixture,True,5,
0000000265,2024-25,Regular Season,1610612748,1631170,G-F,True,fixture,True,5,
0000000265,2024-25,Regular Season,1610612748,203482,C-F,True,fixture,True,5,
0000000265,2024-25,Regular Season,1610612748,1631107,F,False,fixture,True,5,
0000000266,2024-25,Regular Season,1610612748,202710,F-G,True,fixture,True,5,
0000000266,2024-25,Regular Season,1610612748,1629639,G,True,fixture,True,5,
0000000266,2024-25,Regular Season,1610612748,202355,C,True,fixture,True,5,
0000000266,2024-25,Regular Season,1610612748,1631170,G-F,True,fixture,True,5,
0000000266,2024-25,Regular Season,1610612748,203482,C-F,True,fixture,True,5,
0000000266,2024-25,Regular Season,1610612748,1631107,F,False,fixture,True,5,
0000000266,2024-25,Regular Season,1610612747,2544,F,True,fixture,True,5,
0000000266,2024-25,Regular Season,1610612747,1629029,G,True,fixture,True,5,
0000000266,2024-25,Regular Season,1610612747,203076,C-F,True,fixture,True,5,
0000000266,2024-25,Regular Season,1610612747,1630559,G,True,fixture,True,5,
0000000266,2024-25,Regular Season,1610612747,1626156,G-F,False,fixture,True,5,
0000000266,2024-25,Regular Season,1610612747,1629020,F,True,fixture,True,5,
0000000267,2024-25,Regular Season,1610612748,202710,F-G,True,fixture,True,5,
0000000267,2024-25,Regular Season,1610612748,1629639,G,True,fixture,True,5,
0000000267,2024-25,Regular Season,1610612748,202355,C,True,fixture,True,5,
0000000267,2024-25,Regular Season,1610612748,1631170,G-F,True,fixture,True,5,
0000000267,2024-25,Regular Season,1610612748,203482,C-F,True,fixture,True,5,
0000000267,2024-25,Regular Season,1610612748,1631107,F,False,fixture,True,5,
0000000267,2024-25,Regular Season,1610612744,201939,G,True,fixture,True,5,
0000000267,2024-25,Regular Season,1610612744,202691,G-F,True,fixture,True,5,
0000000267,2024-25,Regular Season,1610612744,203110,F-C,True,fixture,True,5,
0000000267,2024-25,Regular Season,1610612744,1630228,F,True,fixture,True,5,
0000000267,2024-25,Regular Season,1610612744,1626172,C,False,fixture,True,5,
0000000267,2024-25,Regular Season,1610612744,1630541,G,True,fixture,True,5,
0000000268,2024-25,Regular Season,1610612748,202710,F-G,True,fixture,True,5,
0000000268,2024-25,Regular Season,1610612748,1629639,G,True,fixture,True,5,
0000000268,2024-25,Regular Season,1610612748,202355,C,True,fixture,True,5,
0000000268,2024-25,Regular Season,1610612748,1631170,G-F,True,fixture,True,5,
0000000268,2024-25,Regular Season,1610612748,203482,C-F,True,fixture,True,5,
0000000268,2024-25,Regular Season,1610612748,1631107,F,False,fixture,True,5,
0000000268,2024-25,Regular Season,1610612743,203999,C,True,fixture,True,5,
0000000268,2024-25,Regular Season,1610612743,1627750,G,True,fixture,True,5,
0000000268,2024-25,Regular Season,1610612743,1628420,F,True,fixture,True,5,
0000000268,2024-25,Regular Season,1610612743,1630166,G-F,True,fixture,True,5,
0000000268,2024-25,Regular Season,1610612743,203914,G,True,fixture,True,5,
0000000268,2024-25,Regular Season,1610612743,1631128,F,False,fixture,True,5,
0000000269,2024-25,Regular Season,1610612748,202710,F-G,True,fixture,True,5,
0000000269,2024-25,Regular Season,1610612748,1629639,G,True,fixture,True,5,
0000000269,2024-25,Regular Season,1610612748,202355,C,True,fixture,True,5,
0000000269,2024-25,Regular Season,1610612748,1631170,G-F,True,fixture,True,5,
0000000269,2024-25,Regular Season,1610612748,203482,C-F,True,fixture,True,5,
0000000269,2024-25,Regular Season,1610612748,1631107,F,False,fixture,True,5,
0000000269,2024-25,Regular Season,1610612738,1628369,F,True,fixture,True,5,
0000000269,2024-25,Regular Season,1610612738,1627759,G-F,True,fixture,True,5,
0000000269,2024-25,Regular Season,1610612738,201950,G,True,fixture,True,5,
0000000269,2024-25,Regular Season,1610612738,1628464,G,True,fixture,True,5,
0000000269,2024-25,Regular Season,1610612738,203935,C,True,fixture,True,5,
0000000269,2024-25,Regular Season,1610612738,1629057,C-F,False,fixture,True,5,
0000000270,2024-25,Regular Season,1610612748,202710,F-G,True,fixture,True,5,
0000000270,2024-25,Regular Season,1610612748,1629639,G,True,fixture,True,5,
0000000270,2024-25,Regular Season,1610612748,202355,C,True,fixture,True,5,
0000000270,2024-25,Regular Season,1610612748,1631170,G-F,True,fixture,True,5,
0000000270,2024-25,Regular Season,1610612748,203482,C-F,True,fixture,True,5,
0000000270,2024-25,Regular Season,1610612748,1631107,F,False,fixture,True,5,
0000000270,2024-25,Regular Season,1610612752,1628973,G,True,fixture,True,5,
0000000270,2024-25,Regular Season,1610612752,1626157,C,True,fixture,True,5,
0000000270,2024-25,Regular Season,1610612752,1629628,G-F,True,fixture,True,5,
0000000270,2024-25,Regular Season,1610612752,1630193,G,True,fixture,True,5,
0000000270,2024-25,Regular Season,1610612752,203944,F-C,True,fixture,True,5,
0000000270,2024-25,Regular Season,1610612752,1631216,G,False,fixture,True,5,
0000000271,2024-25,Regular Season,1610612747,2544,F,True,fixture,True,5,
0000000271,2024-25,Regular Season,1610612747,1629029,G,True,fixture,True,5,
0000000271,2024-25,Regular Season,1610612747,203076,C-F,True,fixture,True,5,
0000000271,2024-25,Regular Season,1610612747,1630559,G,True,fixture,True,5,
0000000271,2024-25,Regular Season,1610612747,1626156,G-F,False,fixture,True,5,
0000000271,2024-25,Regular Season,1610612747,1629020,F,True,fixture,True,5,
0000000271,2024-25,Regular Season,1610612744,201939,G,True,fixture,True,5,
0000000271,2024-25,Regular Season,1610612744,202691,G-F,True,fixture,True,5,
0000000271,2024-25,Regular Season,1610612744,203110,F-C,True,fixture,True,5,
0000000271,2024-25,Regular Season,1610612744,1630228,F,True,fixture,True,5,
0000000271,2024-25,Regular Season,1610612744,1626172,C,False,fixture,True,5,
0000000271,2024-25,Regular Season,1610612744,1630541,G,True,fixture,True,5,
0000000272,2024-25,Regular Season,1610612747,2544,F,True,fixture,True,5,
0000000272,2024-25,Regular Season,1610612747,1629029,G,True,fixture,True,5,
0000000272,2024-25,Regular Season,1610612747,203076,C-F,True,fixture,True,5,
0000000272,2024-25,Regular Season,1610612747,1630559,G,True,fixture,True,5,
0000000272,2024-25,Regular Season,1610612747,1626156,G-F,False,fixture,True,5,
0000000272,2024-25,Regular Season,1610612747,1629020,F,True,fixture,True,5,
0000000272,2024-25,Regular Season,1610612743,203999,C,True,fixture,True,5,
0000000272,2024-25,Regular Season,1610612743,1627750,G,True,fixture,True,5,
0000000272,2024-25,Regular Season,1610612743,1628420,F,True,fixture,True,5,
0000000272,2024-25,Regular Season,1610612743,1630166,G-F,True,fixture,True,5,
0000000272,2024-25,Regular Season,1610612743,203914,G,True,fixture,True,5,
0000000272,2024-25,Regular Season,1610612743,1631128,F,False,fixture,True,5,
0000000273,2024-25,Regular Season,1610612747,2544,F,True,fixture,True,5,
0000000273,2024-25,Regular Season,1610612747,1629029,G,True,fixture,True,5,
0000000273,2024-25,Regular Season,1610612747,203076,C-F,True,fixture,True,5,
0000000273,2024-25,Regular Season,1610612747,1630559,G,True,fixture,True,5,
0000000273,2024-25,Regular Season,1610612747,1626156,G-F,False,fixture,True,5,
0000000273,2024-25,Regular Season,1610612747,1629020,F,True,fixture,True,5,
0000000273,2024-25,Regular Season,1610612738,1628369,F,True,fixture,True,5,
0000000273,2024-25,Regular Season,1610612738,1627759,G-F,True,fixture,True,5,
0000000273,2024-25,Regular Season,1610612738,201950,G,True,fixture,True,5,
0000000273,2024-25,Regular Season,1610612738,1628464,G,True,fixture,True,5,
0000000273,2024-25,Regular Season,1610612738,203935,C,True,fixture,True,5,
0000000273,2024-25,Regular Season,1610612738,1629057,C-F,False,fixture,True,5,
0000000274,2024-25,Regular Season,1610612747,2544,F,True,fixture,True,5,
0000000274,2024-25,Regular Season,1610612747,1629029,G,True,fixture,True,5,
0000000274,2024-25,Regular Season,1610612747,203076,C-F,True,fixture,True,5,
0000000274,2024-25,Regular Season,1610612747,1630559,G,True,fixture,True,5,
0000000274,2024-25,Regular Season,1610612747,1626156,G-F,False,fixture,True,5,
0000000274,2024-25,Regular Season,1610612747,1629020,F,True,fixture,True,5,
0000000274,2024-25,Regular Season,1610612752,1628973,G,True,fixture,True,5,
0000000274,2024-25,Regular Season,1610612752,1626157,C,True,fixture,True,5,
0000000274,2024-25,Regular Season,1610612752,1629628,G-F,True,fixture,True,5,
0000000274,2024-25,Regular Season,1610612752,1630193,G,True,fixture,True,5,
0000000274,2024-25,Regular Season,1610612752,203944,F-C,True,fixture,True,5,
0000000274,2024-25,Regular Season,1610612752,1631216,G,False,fixture,True,5,
0000000275,2024-25,Regular Season,1610612747,2544,F,True,fixture,True,5,
0000000275,2024-25,Regular Season,1610612747,1629029,G,True,fixture,True,5,
0000000275,2024-25,Regular Season,1610612747,203076,C-F,True,fixture,True,5,
0000000275,2024-25,Regular Season,1610612747,1630559,G,True,fixture,True,5,
0000000275,2024-25,Regular Season,1610612747,1626156,G-F,False,fixture,True,5,
0000000275,2024-25,Regular Season,1610612747,1629020,F,True,fixture,True,5,
0000000275,2024-25,Regular Season,1610612748,202710,F-G,True,fixture,True,5,
0000000275,2024-25,Regular Season,1610612748,1629639,G,True,fixture,True,5,
0000000275,2024-25,Regular Season,1610612748,202355,C,True,fixture,True,5,
0000000275,2024-25,Regular Season,1610612748,1631170,G-F,True,fixture,True,5,
0000000275,2024-25,Regular Season,1610612748,203482,C-F,True,fixture,True,5,
0000000275,2024-25,Regular Season,1610612748,1631107,F,False,fixture,True,5,
0000000276,2024-25,Regular Season,1610612744,201939,G,True,fixture,True,5,
0000000276,2024-25,Regular Season,1610612744,202691,G-F,True,fixture,True,5,
0000000276,2024-25,Regular Season,1610612744,203110,F-C,True,fixture,True,5,
0000000276,2024-25,Regular Season,1610612744,1630228,F,True,fixture,True,5,
0000000276,2024-25,Regular Season,1610612744,1626172,C,False,fixture,True,5,
0000000276,2024-25,Regular Season,1610612744,1630541,G,True,fixture,True,5,
0000000276,2024-25,Regular Season,1610612747,2544,F,True,fixture,True,5,
0000000276,2024-25,Regular Season,1610612747,1629029,G,True,fixture,True,5,
0000000276,2024-25,Regular Season,1610612747,203076,C-F,True,fixture,True,5,
0000000276,2024-25,Regular Season,1610612747,1630559,G,True,fixture,True,5,
0000000276,2024-25,Regular Season,1610612747,1626156,G-F,False,fixture,True,5,
0000000276,2024-25,Regular Season,1610612747,1629020,F,True,fixture,True,5,
0000000277,2024-25,Regular Season,1610612744,201939,G,True,fixture,True,5,
0000000277,2024-25,Regular Season,1610612744,202691,G-F,True,fixture,True,5,
0000000277,2024-25,Regular Season,1610612744,203110,F-C,True,fixture,True,5,
0000000277,2024-25,Regular Season,1610612744,1630228,F,True,fixture,True,5,
0000000277,2024-25,Regular Season,1610612744,1626172,C,False,fixture,True,5,
0000000277,2024-25,Regular Season,1610612744,1630541,G,True,fixture,True,5,
0000000277,2024-25,Regular Season,1610612743,203999,C,True,fixture,True,5,
0000000277,2024-25,Regular Season,1610612743,1627750,G,True,fixture,True,5,
0000000277,2024-25,Regular Season,1610612743,1628420,F,True,fixture,True,5,
0000000277,2024-25,Regular Season,1610612743,1630166,G-F,True,fixture,True,5,
0000000277,2024-25,Regular Season,1610612743,203914,G,True,fixture,True,5,
0000000277,2024-25,Regular Season,1610612743,1631128,F,False,fixture,True,5,
0000000278,2024-25,Regular Season,1610612744,201939,G,True,fixture,True,5,
0000000278,2024-25,Regular Season,1610612744,202691,G-F,True,fixture,True,5,
0000000278,2024-25,Regular Season,1610612744,203110,F-C,True,fixture,True,5,
0000000278,2024-25,Regular Season,1610612744,1630228,F,True,fixture,True,5,
0000000278,2024-25,Regular Season,1610612744,1626172,C,False,fixture,True,5,
0000000278,2024-25,Regular Season,1610612744,1630541,G,True,fixture,True,5,
0000000278,2024-25,Regular Season,1610612738,1628369,F,True,fixture,True,5,
0000000278,2024-25,Regular Season,1610612738,1627759,G-F,True,fixture,True,5,
0000000278,2024-25,Regular Season,1610612738,201950,G,True,fixture,True,5,
0000000278,2024-25,Regular Season,1610612738,1628464,G,True,fixture,True,5,
0000000278,2024-25,Regular Season,1610612738,203935,C,True,fixture,True,5,
0000000278,2024-25,Regular Season,1610612738,1629057,C-F,False,fixture,True,5,
0000000279,2024-25,Regular Season,1610612744,201939,G,True,fixture,True,5,
0000000279,2024-25,Regular Season,1610612744,202691,G-F,True,fixture,True,5,
0000000279,2024-25,Regular Season,1610612744,203110,F-C,True,fixture,True,5,
0000000279,2024-25,Regular Season,1610612744,1630228,F,True,fixture,True,5,
0000000279,2024-25,Regular Season,1610612744,1626172,C,False,fixture,True,5,
0000000279,2024-25,Regular Season,1610612744,1630541,G,True,fixture,True,5,
0000000279,2024-25,Regular Season,1610612752,1628973,G,True,fixture,True,5,
0000000279,2024-25,Regular Season,1610612752,1626157,C,True,fixture,True,5,
0000000279,2024-25,Regular Season,1610612752,1629628,G-F,True,fixture,True,5,
0000000279,2024-25,Regular Season,1610612752,1630193,G,True,fixture,True,5,
0000000279,2024-25,Regular Season,1610612752,203944,F-C,True,fixture,True,5,
0000000279,2024-25,Regular Season,1610612752,1631216,G,False,fixture,True,5,
0000000280,2024-25,Regular Season,1610612744,201939,G,True,fixture,True,5,
0000000280,2024-25,Regular Season,1610612744,202691,G-F,True,fixture,True,5,
0000000280,2024-25,Regular Season,1610612744,203110,F-C,True,fixture,True,5,
0000000280,2024-25,Regular Season,1610612744,1630228,F,True,fixture,True,5,
0000000280,2024-25,Regular Season,1610612744,1626172,C,False,fixture,True,5,
0000000280,2024-25,Regular Season,1610612744,1630541,G,True,fixture,True,5,
0000000280,2024-25,Regular Season,1610612748,202710,F-G,True,fixture,True,5,
0000000280,2024-25,Regular Season,1610612748,1629639,G,True,fixture,True,5,
0000000280,2024-25,Regular Season,1610612748,202355,C,True,fixture,True,5,
0000000280,2024-25,Regular Season,1610612748,1631170,G-F,True,fixture,True,5,
0000000280,2024-25,Regular Season,1610612748,203482,C-F,True,fixture,True,5,
0000000280,2024-25,Regular Season,1610612748,1631107,F,False,fixture,True,5,
0000000281,2024-25,Regular Season,1610612743,203999,C,True,fixture,True,5,
0000000281,2024-25,Regular Season,1610612743,1627750,G,True,fixture,True,5,
0000000281,2024-25,Regular Season,1610612743,1628420,F,True,fixture,True,5,
0000000281,2024-25,Regular Season,1610612743,1630166,G-F,True,fixture,True,5,
0000000281,2024-25,Regular Season,1610612743,203914,G,True,fixture,True,5,
0000000281,2024-25,Regular Season,1610612743,1631128,F,False,fixture,True,5,
0000000281,2024-25,Regular Season,1610612747,2544,F,True,fixture,True,5,
0000000281,2024-25,Regular Season,1610612747,1629029,G,True,fixture,True,5,
0000000281,2024-25,Regular Season,1610612747,203076,C-F,True,fixture,True,5,
0000000281,2024-25,Regular Season,1610612747,1630559,G,True,fixture,True,5,
0000000281,2024-25,Regular Season,1610612747,1626156,G-F,False,fixture,True,5,
0000000281,2024-25,Regular Season,1610612747,1629020,F,True,fixture,True,5,
0000000282,2024-25,Regular Season,1610612743,203999,C,True,fixture,True,5,
0000000282,2024-25,Regular Season,1610612743,1627750,G,True,fixture,True,5,
0000000282,2024-25,Regular Season,1610612743,1628420,F,True,fixture,True,5,
0000000282,2024-25,Regular Season,1610612743,1630166,G-F,True,fixture,True,5,
0000000282,2024-25,Regular Season,1610612743,203914,G,True,fixture,True,5,
0000000282,2024-25,Regular Season,1610612743,1631128,F,False,fixture,True,5,
0000000282,2024-25,Regular Season,1610612744,201939,G,True,fixture,True,5,
0000000282,2024-25,Regular Season,1610612744,202691,G-F,True,fixture,True,5,
0000000282,2024-25,Regular Season,1610612744,203110,F-C,True,fixture,True,5,
0000000282,2024-25,Regular Season,1610612744,1630228,F,True,fixture,True,5,
0000000282,2024-25,Regular Season,1610612744,1626172,C,False,fixture,True,5,
0000000282,2024-25,Regular Season,1610612744,1630541,G,True,fixture,True,5,
0000000283,2024-25,Regular Season,1610612743,203999,C,True,fixture,True,5,
0000000283,2024-25,Regular Season,1610612743,1627750,G,True,fixture,True,5,
0000000283,2024-25,Regular Season,1610612743,1628420,F,True,fixture,True,5,
0000000283,2024-25,Regular Season,1610612743,1630166,G-F,True,fixture,True,5,
0000000283,2024-25,Regular Season,1610612743,203914,G,True,fixture,True,5,
0000000283,2024-25,Regular Season,1610612743,1631128,F,False,fixture,True,5,
0000000283,2024-25,Regular Season,1610612738,1628369,F,True,fixture,True,5,
0000000283,2024-25,Regular Season,1610612738,1627759,G-F,True,fixture,True,5,
0000000283,2024-25,Regular Season,1610612738,201950,G,True,fixture,True,5,
0000000283,2024-25,Regular Season,1610612738,1628464,G,True,fixture,True,5,
0000000283,2024-25,Regular Season,1610612738,203935,C,True,fixture,True,5,
0000000283,2024-25,Regular Season,1610612738,1629057,C-F,False,fixture,True,5,
0000000284,2024-25,Regular Season,1610612743,203999,C,True,fixture,True,5,
0000000284,2024-25,Regular Season,1610612743,1627750,G,True,fixture,True,5,
0000000284,2024-25,Regular Season,1610612743,1628420,F,True,fixture,True,5,
0000000284,2024-25,Regular Season,1610612743,1630166,G-F,True,fixture,True,5,
0000000284,2024-25,Regular Season,1610612743,203914,G,True,fixture,True,5,
0000000284,2024-25,Regular Season,1610612743,1631128,F,False,fixture,True,5,
0000000284,2024-25,Regular Season,1610612752,1628973,G,True,fixture,True,5,
0000000284,2024-25,Regular Season,1610612752,1626157,C,True,fixture,True,5,
0000000284,2024-25,Regular Season,1610612752,1629628,G-F,True,fixture,True,5,
0000000284,2024-25,Regular Season,1610612752,1630193,G,True,fixture,True,5,
0000000284,2024-25,Regular Season,1610612752,203944,F-C,True,fixture,True,5,
0000000284,2024-25,Regular Season,1610612752,1631216,G,False,fixture,True,5,
0000000285,2024-25,Regular Season,1610612743,203999,C,True,fixture,True,5,
0000000285,2024-25,Regular Season,1610612743,1627750,G,True,fixture,True,5,
0000000285,2024-25,Regular Season,1610612743,1628420,F,True,fixture,True,5,
0000000285,2024-25,Regular Season,1610612743,1630166,G-F,True,fixture,True,5,
0000000285,2024-25,Regular Season,1610612743,203914,G,True,fixture,True,5,
0000000285,2024-25,Regular Season,1610612743,1631128,F,False,fixture,True,5,
0000000285,2024-25,Regular Season,1610612748,202710,F-G,True,fixture,True,5,
0000000285,2024-25,Regular Season,1610612748,1629639,G,True,fixture,True,5,
0000000285,2024-25,Regular Season,1610612748,202355,C,True,fixture,True,5,
0000000285,2024-25,Regular Season,1610612748,1631170,G-F,True,fixture,True,5,
0000000285,2024-25,Regular Season,1610612748,203482,C-F,True,fixture,True,5,
0000000285,2024-25,Regular Season,1610612748,1631107,F,False,fixture,True,5,
0000000286,2024-25,Regular Season,1610612738,1628369,F,True,fixture,True,5,
0000000286,2024-25,Regular Season,1610612738,1627759,G-F,True,fixture,True,5,
0000000286,2024-25,Regular Season,1610612738,201950,G,True,fixture,True,5,
0000000286,2024-25,Regular Season,1610612738,1628464,G,True,fixture,True,5,
0000000286,2024-25,Regular Season,1610612738,203935,C,True,fixture,True,5,
0000000286,2024-25,Regular Season,1610612738,1629057,C-F,False,fixture,True,5,
0000000286,2024-25,Regular Season,1610612747,2544,F,True,fixture,True,5,
0000000286,2024-25,Regular Season,1610612747,1629029,G,True,fixture,True,5,
0000000286,2024-25,Regular Season,1610612747,203076,C-F,True,fixture,True,5,
0000000286,2024-25,Regular Season,1610612747,1630559,G,True,fixture,True,5,
0000000286,2024-25,Regular Season,1610612747,1626156,G-F,False,fixture,True,5,
0000000286,2024-25,Regular Season,1610612747,1629020,F,True,fixture,True,5,
0000000287,2024-25,Regular Season,1610612738,1628369,F,True,fixture,True,5,
0000000287,2024-25,Regular Season,1610612738,1627759,G-F,True,fixture,True,5,
0000000287,2024-25,Regular Season,1610612738,201950,G,True,fixture,True,5,
0000000287,2024-25,Regular Season,1610612738,1628464,G,True,fixture,True,5,
0000000287,2024-25,Regular Season,1610612738,203935,C,True,fixture,True,5,
0000000287,2024-25,Regular Season,1610612738,1629057,C-F,False,fixture,True,5,
0000000287,2024-25,Regular Season,1610612744,201939,G,True,fixture,True,5,
0000000287,2024-25,Regular Season,1610612744,202691,G-F,True,fixture,True,5,
0000000287,2024-25,Regular Season,1610612744,203110,F-C,True,fixture,True,5,
0000000287,2024-25,Regular Season,1610612744,1630228,F,True,fixture,True,5,
0000000287,2024-25,Regular Season,1610612744,1626172,C,False,fixture,True,5,
0000000287,2024-25,Regular Season,1610612744,1630541,G,True,fixture,True,5,
0000000288,2024-25,Regular Season,1610612738,1628369,F,True,fixture,True,5,
0000000288,2024-25,Regular Season,1610612738,1627759,G-F,True,fixture,True,5,
0000000288,2024-25,Regular Season,1610612738,201950,G,True,fixture,True,5,
0000000288,2024-25,Regular Season,1610612738,1628464,G,True,fixture,True,5,
0000000288,2024-25,Regular Season,1610612738,203935,C,True,fixture,True,5,
0000000288,2024-25,Regular Season,1610612738,1629057,C-F,False,fixture,True,5,
0000000288,2024-25,Regular Season,1610612743,203999,C,True,fixture,True,5,
0000000288,2024-25,Regular Season,1610612743,1627750,G,True,fixture,True,5,
0000000288,2024-25,Regular Season,1610612743,1628420,F,True,fixture,True,5,
0000000288,2024-25,Regular Season,1610612743,1630166,G-F,True,fixture,True,5,
0000000288,2024-25,Regular Season,1610612743,203914,G,True,fixture,True,5,
0000000288,2024-25,Regular Season,1610612743,1631128,F,False,fixture,True,5,
0000000289,2024-25,Regular Season,1610612738,1628369,F,True,fixture,True,5,
0000000289,2024-25,Regular Season,1610612738,1627759,G-F,True,fixture,True,5,
0000000289,2024-25,Regular Season,1610612738,201950,G,True,fixture,True,5,
0000000289,2024-25,Regular Season,1610612738,1628464,G,True,fixture,True,5,
0000000289,2024-25,Regular Season,1610612738,203935,C,True,fixture,True,5,
0000000289,2024-25,Regular Season,1610612738,1629057,C-F,False,fixture,True,5,
0000000289,2024-25,Regular Season,1610612752,1628973,G,True,fixture,True,5,
0000000289,2024-25,Regular Season,1610612752,1626157,C,True,fixture,True,5,
0000000289,2024-25,Regular Season,1610612752,1629628,G-F,True,fixture,True,5,
0000000289,2024-25,Regular Season,1610612752,1630193,G,True,fixture,True,5,
0000000289,2024-25,Regular Season,1610612752,203944,F-C,True,fixture,True,5,
0000000289,2024-25,Regular Season,1610612752,1631216,G,False,fixture,True,5,
0000000290,2024-25,Regular Season,1610612738,1628369,F,True,fixture,True,5,
0000000290,2024-25,Regular Season,1610612738,1627759,G-F,True,fixture,True,5,
0000000290,2024-25,Regular Season,1610612738,201950,G,True,fixture,True,5,
0000000290,2024-25,Regular Season,1610612738,1628464,G,True,fixture,True,5,
0000000290,2024-25,Regular Season,1610612738,203935,C,True,fixture,True,5,
0000000290,2024-25,Regular Season,1610612738,1629057,C-F,False,fixture,True,5,
0000000290,2024-25,Regular Season,1610612748,202710,F-G,True,fixture,True,5,
0000000290,2024-25,Regular Season,1610612748,1629639,G,True,fixture,True,5,
0000000290,2024-25,Regular Season,1610612748,202355,C,True,fixture,True,5,
0000000290,2024-25,Regular Season,1610612748,1631170,G-F,True,fixture,True,5,
0000000290,2024-25,Regular Season,1610612748,203482,C-F,True,fixture,True,5,
0000000290,2024-25,Regular Season,1610612748,1631107,F,False,fixture,True,5,
0000000291,2024-25,Regular Season,1610612752,1628973,G,True,fixture,True,5,
0000000291,2024-25,Regular Season,1610612752,1626157,C,True,fixture,True,5,
0000000291,2024-25,Regular Season,1610612752,1629628,G-F,True,fixture,True,5,
0000000291,2024-25,Regular Season,1610612752,1630193,G,True,fixture,True,5,
0000000291,2024-25,Regular Season,1610612752,203944,F-C,True,fixture,True,5,
0000000291,2024-25,Regular Season,1610612752,1631216,G,False,fixture,True,5,
0000000291,2024-25,Regular Season,1610612747,2544,F,True,fixture,True,5,
0000000291,2024-25,Regular Season,1610612747,1629029,G,True,fixture,True,5,
0000000291,2024-25,Regular Season,1610612747,203076,C-F,True,fixture,True,5,
0000000291,2024-25,Regular Season,1610612747,1630559,G,True,fixture,True,5,
0000000291,2024-25,Regular Season,1610612747,1626156,G-F,False,fixture,True,5,
0000000291,2024-25,Regular Season,1610612747,1629020,F,True,fixture,True,5,
0000000292,2024-25,Regular Season,1610612752,1628973,G,True,fixture,True,5,
0000000292,2024-25,Regular Season,1610612752,1626157,C,True,fixture,True,5,
0000000292,2024-25,Regular Season,1610612752,1629628,G-F,True,fixture,True,5,
0000000292,2024-25,Regular Season,1610612752,1630193,G,True,fixture,True,5,
0000000292,2024-25,Regular Season,1610612752,203944,F-C,True,fixture,True,5,
0000000292,2024-25,Regular Season,1610612752,1631216,G,False,fixture,True,5,
0000000292,2024-25,Regular Season,1610612744,201939,G,True,fixture,True,5,
0000000292,2024-25,Regular Season,1610612744,202691,G-F,True,fixture,True,5,
0000000292,2024-25,Regular Season,1610612744,203110,F-C,True,fixture,True,5,
0000000292,2024-25,Regular Season,1610612744,1630228,F,True,fixture,True,5,
0000000292,2024-25,Regular Season,1610612744,1626172,C,False,fixture,True,5,
0000000292,2024-25,Regular Season,1610612744,1630541,G,True,fixture,True,5,
0000000293,2024-25,Regular Season,1610612752,1628973,G,True,fixture,True,5,
0000000293,2024-25,Regular Season,1610612752,1626157,C,True,fixture,True,5,
0000000293,2024-25,Regular Season,1610612752,1629628,G-F,True,fixture,True,5,
0000000293,2024-25,Regular Season,1610612752,1630193,G,True,fixture,True,5,
0000000293,2024-25,Regular Season,1610612752,203944,F-C,True,fixture,True,5,
0000000293,2024-25,Regular Season,1610612752,1631216,G,False,fixture,True,5,
0000000293,2024-25,Regular Season,1610612743,203999,C,True,fixture,True,5,
0000000293,2024-25,Regular Season,1610612743,1627750,G,True,fixture,True,5,
0000000293,2024-25,Regular Season,1610612743,1628420,F,True,fixture,True,5,
0000000293,2024-25,Regular Season,1610612743,1630166,G-F,True,fixture,True,5,
0000000293,2024-25,Regular Season,1610612743,203914,G,True,fixture,True,5,
0000000293,2024-25,Regular Season,1610612743,1631128,F,False,fixture,True,5,
0000000294,2024-25,Regular Season,1610612752,1628973,G,True,fixture,True,5,
0000000294,2024-25,Regular Season,1610612752,1626157,C,True,fixture,True,5,
0000000294,2024-25,Regular Season,1610612752,1629628,G-F,True,fixture,True,5,
0000000294,2024-25,Regular Season,1610612752,1630193,G,True,fixture,True,5,
0000000294,2024-25,Regular Season,1610612752,203944,F-C,True,fixture,True,5,
0000000294,2024-25,Regular Season,1610612752,1631216,G,False,fixture,True,5,
0000000294,2024-25,Regular Season,1610612738,1628369,F,True,fixture,True,5,
0000000294,2024-25,Regular Season,1610612738,1627759,G-F,True,fixture,True,5,
0000000294,2024-25,Regular Season,1610612738,201950,G,True,fixture,True,5,
0000000294,2024-25,Regular Season,1610612738,1628464,G,True,fixture,True,5,
0000000294,2024-25,Regular Season,1610612738,203935,C,True,fixture,True,5,
0000000294,2024-25,Regular Season,1610612738,1629057,C-F,False,fixture,True,5,
0000000295,2024-25,Regular Season,1610612752,1628973,G,True,fixture,True,5,
0000000295,2024-25,Regular Season,1610612752,1626157,C,True,fixture,True,5,
0000000295,2024-25,Regular Season,1610612752,1629628,G-F,True,fixture,True,5,
0000000295,2024-25,Regular Season,1610612752,1630193,G,True,fixture,True,5,
0000000295,2024-25,Regular Season,1610612752,203944,F-C,True,fixture,True,5,
0000000295,2024-25,Regular Season,1610612752,1631216,G,False,fixture,True,5,
0000000295,2024-25,Regular Season,1610612748,202710,F-G,True,fixture,True,5,
0000000295,2024-25,Regular Season,1610612748,1629639,G,True,fixture,True,5,
0000000295,2024-25,Regular Season,1610612748,202355,C,True,fixture,True,5,
0000000295,2024-25,Regular Season,1610612748,1631170,G-F,True,fixture,True,5,
0000000295,2024-25,Regular Season,1610612748,203482,C-F,True,fixture,True,5,
0000000295,2024-25,Regular Season,1610612748,1631107,F,False,fixture,True,5,
0000000296,2024-25,Regular Season,1610612748,202710,F-G,True,fixture,True,5,
0000000296,2024-25,Regular Season,1610612748,1629639,G,True,fixture,True,5,
0000000296,2024-25,Regular Season,1610612748,202355,C,True,fixture,True,5,
0000000296,2024-25,Regular Season,1610612748,1631170,G-F,True,fixture,True,5,
0000000296,2024-25,Regular Season,1610612748,203482,C-F,True,fixture,True,5,
0000000296,2024-25,Regular Season,1610612748,1631107,F,False,fixture,True,5,
0000000296,2024-25,Regular Season,1610612747,2544,F,True,fixture,True,5,
0000000296,2024-25,Regular Season,1610612747,1629029,G,True,fixture,True,5,
0000000296,2024-25,Regular Season,1610612747,203076,C-F,True,fixture,True,5,
0000000296,2024-25,Regular Season,1610612747,1630559,G,True,fixture,True,5,
0000000296,2024-25,Regular Season,1610612747,1626156,G-F,False,fixture,True,5,
0000000296,2024-25,Regular Season,1610612747,1629020,F,True,fixture,True,5,
0000000297,2024-25,Regular Season,1610612748,202710,F-G,True,fixture,True,5,
0000000297,2024-25,Regular Season,1610612748,1629639,G,True,fixture,True,5,
0000000297,2024-25,Regular Season,1610612748,202355,C,True,fixture,True,5,
0000000297,2024-25,Regular Season,1610612748,1631170,G-F,True,fixture,True,5,
0000000297,2024-25,Regular Season,1610612748,203482,C-F,True,fixture,True,5,
0000000297,2024-25,Regular Season,1610612748,1631107,F,False,fixture,True,5,
0000000297,2024-25,Regular Season,1610612744,201939,G,True,fixture,True,5,
0000000297,2024-25,Regular Season,1610612744,202691,G-F,True,fixture,True,5,
0000000297,2024-25,Regular Season,1610612744,203110,F-C,True,fixture,True,5,
0000000297,2024-25,Regular Season,1610612744,1630228,F,True,fixture,True,5,
0000000297,2024-25,Regular Season,1610612744,1626172,C,False,fixture,True,5,
0000000297,2024-25,Regular Season,1610612744,1630541,G,True,fixture,True,5,
0000000298,2024-25,Regular Season,1610612748,202710,F-G,True,fixture,True,5,
0000000298,2024-25,Regular Season,1610612748,1629639,G,True,fixture,True,5,
0000000298,2024-25,Regular Season,1610612748,202355,C,True,fixture,True,5,
0000000298,2024-25,Regular Season,1610612748,1631170,G-F,True,fixture,True,5,
0000000298,2024-25,Regular Season,1610612748,203482,C-F,True,fixture,True,5,
0000000298,2024-25,Regular Season,1610612748,1631107,F,False,fixture,True,5,
0000000298,2024-25,Regular Season,1610612743,203999,C,True,fixture,True,5,
0000000298,2024-25,Regular Season,1610612743,1627750,G,True,fixture,True,5,
0000000298,2024-25,Regular Season,1610612743,1628420,F,True,fixture,True,5,
0000000298,2024-25,Regular Season,1610612743,1630166,G-F,True,fixture,True,5,
0000000298,2024-25,Regular Season,1610612743,203914,G,True,fixture,True,5,
0000000298,2024-25,Regular Season,1610612743,1631128,F,False,fixture,True,5,
0000000299,2024-25,Regular Season,1610612748,202710,F-G,True,fixture,True,5,
0000000299,2024-25,Regular Season,1610612748,1629639,G,True,fixture,True,5,
0000000299,2024-25,Regular Season,1610612748,202355,C,True,fixture,True,5,
0000000299,2024-25,Regular Season,1610612748,1631170,G-F,True,fixture,True,5,
0000000299,2024-25,Regular Season,1610612748,203482,C-F,True,fixture,True,5,
0000000299,2024-25,Regular Season,1610612748,1631107,F,False,fixture,True,5,
0000000299,2024-25,Regular Season,1610612738,1628369,F,True,fixture,True,5,
0000000299,2024-25,Regular Season,1610612738,1627759,G-F,True,fixture,True,5,
0000000299,2024-25,Regular Season,1610612738,201950,G,True,fixture,True,5,
0000000299,2024-25,Regular Season,1610612738,1628464,G,True,fixture,True,5,
0000000299,2024-25,Regular Season,1610612738,203935,C,True,fixture,True,5,
0000000299,2024-25,Regular Season,1610612738,1629057,C-F,False,fixture,True,5,
0000000300,2024-25,Regular Season,1610612748,202710,F-G,True,fixture,True,5,
0000000300,2024-25,Regular Season,1610612748,1629639,G,True,fixture,True,5,
0000000300,2024-25,Regular Season,1610612748,202355,C,True,fixture,True,5,
0000000300,2024-25,Regular Season,1610612748,1631170,G-F,True,fixture,True,5,
0000000300,2024-25,Regular Season,1610612748,203482,C-F,True,fixture,True,5,
0000000300,2024-25,Regular Season,1610612748,1631107,F,False,fixture,True,5,
0000000300,2024-25,Regular Season,1610612752,1628973,G,True,fixture,True,5,
0000000300,2024-25,Regular Season,1610612752,1626157,C,True,fixture,True,5,
0000000300,2024-25,Regular Season,1610612752,1629628,G-F,True,fixture,True,5,
0000000300,2024-25,Regular Season,1610612752,1630193,G,True,fixture,True,5,
0000000300,2024-25,Regular Season,1610612752,203944,F-C,True,fixture,True,5,
0000000300,2024-25,Regular Season,1610612752,1631216,G,False,fixture,True,5,
0000000301,2024-25,Regular Season,1610612747,2544,F,True,fixture,True,5,
0000000301,2024-25,Regular Season,1610612747,1629029,G,True,fixture,True,5,
0000000301,2024-25,Regular Season,1610612747,203076,C-F,True,fixture,True,5,
0000000301,2024-25,Regular Season,1610612747,1630559,G,True,fixture,True,5,
0000000301,2024-25,Regular Season,1610612747,1626156,G-F,False,fixture,True,5,
0000000301,2024-25,Regular Season,1610612747,1629020,F,True,fixture,True,5,
0000000301,2024-25,Regular Season,1610612744,201939,G,True,fixture,True,5,
0000000301,2024-25,Regular Season,1610612744,202691,G-F,True,fixture,True,5,
0000000301,2024-25,Regular Season,1610612744,203110,F-C,True,fixture,True,5,
0000000301,2024-25,Regular Season,1610612744,1630228,F,True,fixture,True,5,
0000000301,2024-25,Regular Season,1610612744,1626172,C,False,fixture,True,5,
0000000301,2024-25,Regular Season,1610612744,1630541,G,True,fixture,True,5,
0000000302,2024-25,Regular Season,1610612747,2544,F,True,fixture,True,5,
0000000302,2024-25,Regular Season,1610612747,1629029,G,True,fixture,True,5,
0000000302,2024-25,Regular Season,1610612747,203076,C-F,True,fixture,True,5,
0000000302,2024-25,Regular Season,1610612747,1630559,G,True,fixture,True,5,
0000000302,2024-25,Regular Season,1610612747,1626156,G-F,False,fixture,True,5,
0000000302,2024-25,Regular Season,1610612747,1629020,F,True,fixture,True,5,
0000000302,2024-25,Regular Season,1610612743,203999,C,True,fixture,True,5,
0000000302,2024-25,Regular Season,1610612743,1627750,G,True,fixture,True,5,
0000000302,2024-25,Regular Season,1610612743,1628420,F,True,fixture,True,5,
0000000302,2024-25,Regular Season,1610612743,1630166,G-F,True,fixture,True,5,
0000000302,2024-25,Regular Season,1610612743,203914,G,True,fixture,True,5,
0000000302,2024-25,Regular Season,1610612743,1631128,F,False,fixture,True,5,
0000000303,2024-25,Regular Season,1610612747,2544,F,True,fixture,True,5,
0000000303,2024-25,Regular Season,1610612747,1629029,G,True,fixture,True,5,
0000000303,2024-25,Regular Season,1610612747,203076,C-F,True,fixture,True,5,
0000000303,2024-25,Regular Season,1610612747,1630559,G,True,fixture,True,5,
0000000303,2024-25,Regular Season,1610612747,1626156,G-F,False,fixture,True,5,
0000000303,2024-25,Regular Season,1610612747,1629020,F,True,fixture,True,5,
0000000303,2024-25,Regular Season,1610612738,1628369,F,True,fixture,True,5,
0000000303,2024-25,Regular Season,1610612738,1627759,G-F,True,fixture,True,5,
0000000303,2024-25,Regular Season,1610612738,201950,G,True,fixture,True,5,
0000000303,2024-25,Regular Season,1610612738,1628464,G,True,fixture,True,5,
0000000303,2024-25,Regular Season,1610612738,203935,C,True,fixture,True,5,
0000000303,2024-25,Regular Season,1610612738,1629057,C-F,False,fixture,True,5,
0000000304,2024-25,Regular Season,1610612747,2544,F,True,fixture,True,5,
0000000304,2024-25,Regular Season,1610612747,1629029,G,True,fixture,True,5,
0000000304,2024-25,Regular Season,1610612747,203076,C-F,True,fixture,True,5,
0000000304,2024-25,Regular Season,1610612747,1630559,G,True,fixture,True,5,
0000000304,2024-25,Regular Season,1610612747,1626156,G-F,False,fixture,True,5,
0000000304,2024-25,Regular Season,1610612747,1629020,F,True,fixture,True,5,
0000000304,2024-25,Regular Season,1610612752,1628973,G,True,fixture,True,5,
0000000304,2024-25,Regular Season,1610612752,1626157,C,True,fixture,True,5,
0000000304,2024-25,Regular Season,1610612752,1629628,G-F,True,fixture,True,5,
0000000304,2024-25,Regular Season,1610612752,1630193,G,True,fixture,True,5,
0000000304,2024-25,Regular Season,1610612752,203944,F-C,True,fixture,True,5,
0000000304,2024-25,Regular Season,1610612752,1631216,G,False,fixture,True,5,
0000000305,2024-25,Regular Season,1610612747,2544,F,True,fixture,True,5,
0000000305,2024-25,Regular Season,1610612747,1629029,G,True,fixture,True,5,
0000000305,2024-25,Regular Season,1610612747,203076,C-F,True,fixture,True,5,
0000000305,2024-25,Regular Season,1610612747,1630559,G,True,fixture,True,5,
0000000305,2024-25,Regular Season,1610612747,1626156,G-F,False,fixture,True,5,
0000000305,2024-25,Regular Season,1610612747,1629020,F,True,fixture,True,5,
0000000305,2024-25,Regular Season,1610612748,202710,F-G,True,fixture,True,5,
0000000305,2024-25,Regular Season,1610612748,1629639,G,True,fixture,True,5,
0000000305,2024-25,Regular Season,1610612748,202355,C,True,fixture,True,5,
0000000305,2024-25,Regular Season,1610612748,1631170,G-F,True,fixture,True,5,
0000000305,2024-25,Regular Season,1610612748,203482,C-F,True,fixture,True,5,
0000000305,2024-25,Regular Season,1610612748,1631107,F,False,fixture,True,5,
0000000306,2024-25,Regular Season,1610612744,201939,G,True,fixture,True,5,
0000000306,2024-25,Regular Season,1610612744,202691,G-F,True,fixture,True,5,
0000000306,2024-25,Regular Season,1610612744,203110,F-C,True,fixture,True,5,
0000000306,2024-25,Regular Season,1610612744,1630228,F,True,fixture,True,5,
0000000306,2024-25,Regular Season,1610612744,1626172,C,False,fixture,True,5,
0000000306,2024-25,Regular Season,1610612744,1630541,G,True,fixture,True,5,
0000000306,2024-25,Regular Season,1610612747,2544,F,True,fixture,True,5,
0000000306,2024-25,Regular Season,1610612747,1629029,G,True,fixture,True,5,
0000000306,2024-25,Regular Season,1610612747,203076,C-F,True,fixture,True,5,
0000000306,2024-25,Regular Season,1610612747,1630559,G,True,fixture,True,5,
0000000306,2024-25,Regular Season,1610612747,1626156,G-F,False,fixture,True,5,
0000000306,2024-25,Regular Season,1610612747,1629020,F,True,fixture,True,5,
0000000307,2024-25,Regular Season,1610612744,201939,G,True,fixture,True,5,
0000000307,2024-25,Regular Season,1610612744,202691,G-F,True,fixture,True,5,
0000000307,2024-25,Regular Season,1610612744,203110,F-C,True,fixture,True,5,
0000000307,2024-25,Regular Season,1610612744,1630228,F,True,fixture,True,5,
0000000307,2024-25,Regular Season,1610612744,1626172,C,False,fixture,True,5,
0000000307,2024-25,Regular Season,1610612744,1630541,G,True,fixture,True,5,
0000000307,2024-25,Regular Season,1610612743,203999,C,True,fixture,True,5,
0000000307,2024-25,Regular Season,1610612743,1627750,G,True,fixture,True,5,
0000000307,2024-25,Regular Season,1610612743,1628420,F,True,fixture,True,5,
0000000307,2024-25,Regular Season,1610612743,1630166,G-F,True,fixture,True,5,
0000000307,2024-25,Regular Season,1610612743,203914,G,True,fixture,True,5,
0000000307,2024-25,Regular Season,1610612743,1631128,F,False,fixture,True,5,
0000000308,2024-25,Regular Season,1610612744,201939,G,True,fixture,True,5,
0000000308,2024-25,Regular Season,1610612744,202691,G-F,True,fixture,True,5,
0000000308,2024-25,Regular Season,1610612744,203110,F-C,True,fixture,True,5,
0000000308,2024-25,Regular Season,1610612744,1630228,F,True,fixture,True,5,
0000000308,2024-25,Regular Season,1610612744,1626172,C,False,fixture,True,5,
0000000308,2024-25,Regular Season,1610612744,1630541,G,True,fixture,True,5,
0000000308,2024-25,Regular Season,1610612738,1628369,F,True,fixture,True,5,
0000000308,2024-25,Regular Season,1610612738,1627759,G-F,True,fixture,True,5,
0000000308,2024-25,Regular Season,1610612738,201950,G,True,fixture,True,5,
0000000308,2024-25,Regular Season,1610612738,1628464,G,True,fixture,True,5,
0000000308,2024-25,Regular Season,1610612738,203935,C,True,fixture,True,5,
0000000308,2024-25,Regular Season,1610612738,1629057,C-F,False,fixture,True,5,
0000000309,2024-25,Regular Season,1610612744,201939,G,True,fixture,True,5,
0000000309,2024-25,Regular Season,1610612744,202691,G-F,True,fixture,True,5,
0000000309,2024-25,Regular Season,1610612744,203110,F-C,True,fixture,True,5,
0000000309,2024-25,Regular Season,1610612744,1630228,F,True,fixture,True,5,
0000000309,2024-25,Regular Season,1610612744,1626172,C,False,fixture,True,5,
0000000309,2024-25,Regular Season,1610612744,1630541,G,True,fixture,True,5,
0000000309,2024-25,Regular Season,1610612752,1628973,G,True,fixture,True,5,
0000000309,2024-25,Regular Season,1610612752,1626157,C,True,fixture,True,5,
0000000309,2024-25,Regular Season,1610612752,1629628,G-F,True,fixture,True,5,
0000000309,2024-25,Regular Season,1610612752,1630193,G,True,fixture,True,5,
0000000309,2024-25,Regular Season,1610612752,203944,F-C,True,fixture,True,5,
0000000309,2024-25,Regular Season,1610612752,1631216,G,False,fixture,True,5,
0000000310,2024-25,Regular Season,1610612744,201939,G,True,fixture,True,5,
0000000310,2024-25,Regular Season,1610612744,202691,G-F,True,fixture,True,5,
0000000310,2024-25,Regular Season,1610612744,203110,F-C,True,fixture,True,5,
0000000310,2024-25,Regular Season,1610612744,1630228,F,True,fixture,True,5,
0000000310,2024-25,Regular Season,1610612744,1626172,C,False,fixture,True,5,
0000000310,2024-25,Regular Season,1610612744,1630541,G,True,fixture,True,5,
0000000310,2024-25,Regular Season,1610612748,202710,F-G,True,fixture,True,5,
0000000310,2024-25,Regular Season,1610612748,1629639,G,True,fixture,True,5,
0000000310,2024-25,Regular Season,1610612748,202355,C,True,fixture,True,5,
0000000310,2024-25,Regular Season,1610612748,1631170,G-F,True,fixture,True,5,
0000000310,2024-25,Regular Season,1610612748,203482,C-F,True,fixture,True,5,
0000000310,2024-25,Regular Season,1610612748,1631107,F,False,fixture,True,5,
0000000311,2024-25,Regular Season,1610612743,203999,C,True,fixture,True,5,
0000000311,2024-25,Regular Season,1610612743,1627750,G,True,fixture,True,5,
0000000311,2024-25,Regular Season,1610612743,1628420,F,True,fixture,True,5,
0000000311,2024-25,Regular Season,1610612743,1630166,G-F,True,fixture,True,5,
0000000311,2024-25,Regular Season,1610612743,203914,G,True,fixture,True,5,
0000000311,2024-25,Regular Season,1610612743,1631128,F,False,fixture,True,5,
0000000311,2024-25,Regular Season,1610612747,2544,F,True,fixture,True,5,
0000000311,2024-25,Regular Season,1610612747,1629029,G,True,fixture,True,5,
0000000311,2024-25,Regular Season,1610612747,203076,C-F,True,fixture,True,5,
0000000311,2024-25,Regular Season,1610612747,1630559,G,True,fixture,True,5,
0000000311,2024-25,Regular Season,1610612747,1626156,G-F,False,fixture,True,5,
0000000311,2024-25,Regular Season,1610612747,1629020,F,True,fixture,True,5,
0000000312,2024-25,Regular Season,1610612743,203999,C,True,fixture,True,5,
0000000312,2024-25,Regular Season,1610612743,1627750,G,True,fixture,True,5,
0000000312,2024-25,Regular Season,1610612743,1628420,F,True,fixture,True,5,
0000000312,2024-25,Regular Season,1610612743,1630166,G-F,True,fixture,True,5,
0000000312,2024-25,Regular Season,1610612743,203914,G,True,fixture,True,5,
0000000312,2024-25,Regular Season,1610612743,1631128,F,False,fixture,True,5,
0000000312,2024-25,Regular Season,1610612744,201939,G,True,fixture,True,5,
0000000312,2024-25,Regular Season,1610612744,202691,G-F,True,fixture,True,5,
0000000312,2024-25,Regular Season,1610612744,203110,F-C,True,fixture,True,5,
0000000312,2024-25,Regular Season,1610612744,1630228,F,True,fixture,True,5,
0000000312,2024-25,Regular Season,1610612744,1626172,C,False,fixture,True,5,
0000000312,2024-25,Regular Season,1610612744,1630541,G,True,fixture,True,5,
0000000313,2024-25,Regular Season,1610612743,203999,C,True,fixture,True,5,
0000000313,2024-25,Regular Season,1610612743,1627750,G,True,fixture,True,5,
0000000313,2024-25,Regular Season,1610612743,1628420,F,True,fixture,True,5,
0000000313,2024-25,Regular Season,1610612743,1630166,G-F,True,fixture,True,5,
0000000313,2024-25,Regular Season,1610612743,203914,G,True,fixture,True,5,
0000000313,2024-25,Regular Season,1610612743,1631128,F,False,fixture,True,5,
0000000313,2024-25,Regular Season,1610612738,1628369,F,True,fixture,True,5,
0000000313,2024-25,Regular Season,1610612738,1627759,G-F,True,fixture,True,5,
0000000313,2024-25,Regular Season,1610612738,201950,G,True,fixture,True,5,
0000000313,2024-25,Regular Season,1610612738,1628464,G,True,fixture,True,5,
0000000313,2024-25,Regular Season,1610612738,203935,C,True,fixture,True,5,
0000000313,2024-25,Regular Season,1610612738,1629057,C-F,False,fixture,True,5,
0000000314,2024-25,Regular Season,1610612743,203999,C,True,fixture,True,5,
0000000314,2024-25,Regular Season,1610612743,1627750,G,True,fixture,True,5,
0000000314,2024-25,Regular Season,1610612743,1628420,F,True,fixture,True,5,
0000000314,2024-25,Regular Season,1610612743,1630166,G-F,True,fixture,True,5,
0000000314,2024-25,Regular Season,1610612743,203914,G,True,fixture,True,5,
0000000314,2024-25,Regular Season,1610612743,1631128,F,False,fixture,True,5,
0000000314,2024-25,Regular Season,1610612752,1628973,G,True,fixture,True,5,
0000000314,2024-25,Regular Season,1610612752,1626157,C,True,fixture,True,5,
0000000314,2024-25,Regular Season,1610612752,1629628,G-F,True,fixture,True,5,
0000000314,2024-25,Regular Season,1610612752,1630193,G,True,fixture,True,5,
0000000314,2024-25,Regular Season,1610612752,203944,F-C,True,fixture,True,5,
0000000314,2024-25,Regular Season,1610612752,1631216,G,False,fixture,True,5,
0000000315,2024-25,Regular Season,1610612743,203999,C,True,fixture,True,5,
0000000315,2024-25,Regular Season,1610612743,1627750,G,True,fixture,True,5,
0000000315,2024-25,Regular Season,1610612743,1628420,F,True,fixture,True,5,
0000000315,2024-25,Regular Season,1610612743,1630166,G-F,True,fixture,True,5,
0000000315,2024-25,Regular Season,1610612743,203914,G,True,fixture,True,5,
0000000315,2024-25,Regular Season,1610612743,1631128,F,False,fixture,True,5,
0000000315,2024-25,Regular Season,1610612748,202710,F-G,True,fixture,True,5,
0000000315,2024-25,Regular Season,1610612748,1629639,G,True,fixture,True,5,
0000000315,2024-25,Regular Season,1610612748,202355,C,True,fixture,True,5,
0000000315,2024-25,Regular Season,1610612748,1631170,G-F,True,fixture,True,5,
0000000315,2024-25,Regular Season,1610612748,203482,C-F,True,fixture,True,5,
0000000315,2024-25,Regular Season,1610612748,1631107,F,False,fixture,True,5,
0000000316,2024-25,Regular Season,1610612738,1628369,F,True,fixture,True,5,
0000000316,2024-25,Regular Season,1610612738,1627759,G-F,True,fixture,True,5,
0000000316,2024-25,Regular Season,1610612738,201950,G,True,fixture,True,5,
0000000316,2024-25,Regular Season,1610612738,1628464,G,True,fixture,True,5,
0000000316,2024-25,Regular Season,1610612738,203935,C,True,fixture,True,5,
0000000316,2024-25,Regular Season,1610612738,1629057,C-F,False,fixture,True,5,
0000000316,2024-25,Regular Season,1610612747,2544,F,True,fixture,True,5,
0000000316,2024-25,Regular Season,1610612747,1629029,G,True,fixture,True,5,
0000000316,2024-25,Regular Season,1610612747,203076,C-F,True,fixture,True,5,
0000000316,2024-25,Regular Season,1610612747,1630559,G,True,fixture,True,5,
0000000316,2024-25,Regular Season,1610612747,1626156,G-F,False,fixture,True,5,
0000000316,2024-25,Regular Season,1610612747,1629020,F,True,fixture,True,5,
0000000317,2024-25,Regular Season,1610612738,1628369,F,True,fixture,True,5,
0000000317,2024-25,Regular Season,1610612738,1627759,G-F,True,fixture,True,5,
0000000317,2024-25,Regular Season,1610612738,201950,G,True,fixture,True,5,
0000000317,2024-25,Regular Season,1610612738,1628464,G,True,fixture,True,5,
0000000317,2024-25,Regular Season,1610612738,203935,C,True,fixture,True,5,
0000000317,2024-25,Regular Season,1610612738,1629057,C-F,False,fixture,True,5,
0000000317,2024-25,Regular Season,1610612744,201939,G,True,fixture,True,5,
0000000317,2024-25,Regular Season,1610612744,202691,G-F,True,fixture,True,5,
0000000317,2024-25,Regular Season,1610612744,203110,F-C,True,fixture,True,5,
0000000317,2024-25,Regular Season,1610612744,1630228,F,True,fixture,True,5,
0000000317,2024-25,Regular Season,1610612744,1626172,C,False,fixture,True,5,
0000000317,2024-25,Regular Season,1610612744,1630541,G,True,fixture,True,5,
0000000318,2024-25,Regular Season,1610612738,1628369,F,True,fixture,True,5,
0000000318,2024-25,Regular Season,1610612738,1627759,G-F,True,fixture,True,5,
0000000318,2024-25,Regular Season,1610612738,201950,G,True,fixture,True,5,
0000000318,2024-25,Regular Season,1610612738,1628464,G,True,fixture,True,5,
0000000318,2024-25,Regular Season,1610612738,203935,C,True,fixture,True,5,
0000000318,2024-25,Regular Season,1610612738,1629057,C-F,False,fixture,True,5,
0000000318,2024-25,Regular Season,1610612743,203999,C,True,fixture,True,5,
0000000318,2024-25,Regular Season,1610612743,1627750,G,True,fixture,True,5,
0000000318,2024-25,Regular Season,1610612743,1628420,F,True,fixture,True,5,
0000000318,2024-25,Regular Season,1610612743,1630166,G-F,True,fixture,True,5,
0000000318,2024-25,Regular Season,1610612743,203914,G,True,fixture,True,5,
0000000318,2024-25,Regular Season,1610612743,1631128,F,False,fixture,True,5,
0000000319,2024-25,Regular Season,1610612738,1628369,F,True,fixture,True,5,
0000000319,2024-25,Regular Season,1610612738,1627759,G-F,True,fixture,True,5,
0000000319,2024-25,Regular Season,1610612738,201950,G,True,fixture,True,5,
0000000319,2024-25,Regular Season,1610612738,1628464,G,True,fixture,True,5,
0000000319,2024-25,Regular Season,1610612738,203935,C,True,fixture,True,5,
0000000319,2024-25,Regular Season,1610612738,1629057,C-F,False,fixture,True,5,
0000000319,2024-25,Regular Season,1610612752,1628973,G,True,fixture,True,5,
0000000319,2024-25,Regular Season,1610612752,1626157,C,True,fixture,True,5,
0000000319,2024-25,Regular Season,1610612752,1629628,G-F,True,fixture,True,5,
0000000319,2024-25,Regular Season,1610612752,1630193,G,True,fixture,True,5,
0000000319,2024-25,Regular Season,1610612752,203944,F-C,True,fixture,True,5,
0000000319,2024-25,Regular Season,1610612752,1631216,G,False,fixture,True,5,
0000000320,2024-25,Regular Season,1610612738,1628369,F,True,fixture,True,5,
0000000320,2024-25,Regular Season,1610612738,1627759,G-F,True,fixture,True,5,
0000000320,2024-25,Regular Season,1610612738,201950,G,True,fixture,True,5,
0000000320,2024-25,Regular Season,1610612738,1628464,G,True,fixture,True,5,
0000000320,2024-25,Regular Season,1610612738,203935,C,True,fixture,True,5,
0000000320,2024-25,Regular Season,1610612738,1629057,C-F,False,fixture,True,5,
0000000320,2024-25,Regular Season,1610612748,202710,F-G,True,fixture,True,5,
0000000320,2024-25,Regular Season,1610612748,1629639,G,True,fixture,True,5,
0000000320,2024-25,Regular Season,1610612748,202355,C,True,fixture,True,5,
0000000320,2024-25,Regular Season,1610612748,1631170,G-F,True,fixture,True,5,
0000000320,2024-25,Regular Season,1610612748,203482,C-F,True,fixture,True,5,
0000000320,2024-25,Regular Season,1610612748,1631107,F,False,fixture,True,5,
0000000321,2024-25,Regular Season,1610612752,1628973,G,True,fixture,True,5,
0000000321,2024-25,Regular Season,1610612752,1626157,C,True,fixture,True,5,
0000000321,2024-25,Regular Season,1610612752,1629628,G-F,True,fixture,True,5,
0000000321,2024-25,Regular Season,1610612752,1630193,G,True,fixture,True,5,
0000000321,2024-25,Regular Season,1610612752,203944,F-C,True,fixture,True,5,
0000000321,2024-25,Regular Season,1610612752,1631216,G,False,fixture,True,5,
0000000321,2024-25,Regular Season,1610612747,2544,F,True,fixture,True,5,
0000000321,2024-25,Regular Season,1610612747,1629029,G,True,fixture,True,5,
0000000321,2024-25,Regular Season,1610612747,203076,C-F,True,fixture,True,5,
0000000321,2024-25,Regular Season,1610612747,1630559,G,True,fixture,True,5,
0000000321,2024-25,Regular Season,1610612747,1626156,G-F,False,fixture,True,5,
0000000321,2024-25,Regular Season,1610612747,1629020,F,True,fixture,True,5,
0000000322,2024-25,Regular Season,1610612752,1628973,G,True,fixture,True,5,
0000000322,2024-25,Regular Season,1610612752,1626157,C,True,fixture,True,5,
0000000322,2024-25,Regular Season,1610612752,1629628,G-F,True,fixture,True,5,
0000000322,2024-25,Regular Season,1610612752,1630193,G,True,fixture,True,5,
0000000322,2024-25,Regular Season,1610612752,203944,F-C,True,fixture,True,5,
0000000322,2024-25,Regular Season,1610612752,1631216,G,False,fixture,True,5,
0000000322,2024-25,Regular Season,1610612744,201939,G,True,fixture,True,5,
0000000322,2024-25,Regular Season,1610612744,202691,G-F,True,fixture,True,5,
0000000322,2024-25,Regular Season,1610612744,203110,F-C,True,fixture,True,5,
0000000322,2024-25,Regular Season,1610612744,1630228,F,True,fixture,True,5,
0000000322,2024-25,Regular Season,1610612744,1626172,C,False,fixture,True,5,
0000000322,2024-25,Regular Season,1610612744,1630541,G,True,fixture,True,5,
0000000323,2024-25,Regular Season,1610612752,1628973,G,True,fixture,True,5,
0000000323,2024-25,Regular Season,1610612752,1626157,C,True,fixture,True,5,
0000000323,2024-25,Regular Season,1610612752,1629628,G-F,True,fixture,True,5,
0000000323,2024-25,Regular Season,1610612752,1630193,G,True,fixture,True,5,
0000000323,2024-25,Regular Season,1610612752,203944,F-C,True,fixture,True,5,
0000000323,2024-25,Regular Season,1610612752,1631216,G,False,fixture,True,5,
0000000323,2024-25,Regular Season,1610612743,203999,C,True,fixture,True,5,
0000000323,2024-25,Regular Season,1610612743,1627750,G,True,fixture,True,5,
0000000323,2024-25,Regular Season,1610612743,1628420,F,True,fixture,True,5,
0000000323,2024-25,Regular Season,1610612743,1630166,G-F,True,fixture,True,5,
0000000323,2024-25,Regular Season,1610612743,203914,G,True,fixture,True,5,
0000000323,2024-25,Regular Season,1610612743,1631128,F,False,fixture,True,5,
0000000324,2024-25,Regular Season,1610612752,1628973,G,True,fixture,True,5,
0000000324,2024-25,Regular Season,1610612752,1626157,C,True,fixture,True,5,
0000000324,2024-25,Regular Season,1610612752,1629628,G-F,True,fixture,True,5,
0000000324,2024-25,Regular Season,1610612752,1630193,G,True,fixture,True,5,
0000000324,2024-25,Regular Season,1610612752,203944,F-C,True,fixture,True,5,
0000000324,2024-25,Regular Season,1610612752,1631216,G,False,fixture,True,5,
0000000324,2024-25,Regular Season,1610612738,1628369,F,True,fixture,True,5,
0000000324,2024-25,Regular Season,1610612738,1627759,G-F,True,fixture,True,5,
0000000324,2024-25,Regular Season,1610612738,201950,G,True,fixture,True,5,
0000000324,2024-25,Regular Season,1610612738,1628464,G,True,fixture,True,5,
0000000324,2024-25,Regular Season,1610612738,203935,C,True,fixture,True,5,
0000000324,2024-25,Regular Season,1610612738,1629057,C-F,False,fixture,True,5,
0000000325,2024-25,Regular Season,1610612752,1628973,G,True,fixture,True,5,
0000000325,2024-25,Regular Season,1610612752,1626157,C,True,fixture,True,5,
0000000325,2024-25,Regular Season,1610612752,1629628,G-F,True,fixture,True,5,
0000000325,2024-25,Regular Season,1610612752,1630193,G,True,fixture,True,5,
0000000325,2024-25,Regular Season,1610612752,203944,F-C,True,fixture,True,5,
0000000325,2024-25,Regular Season,1610612752,1631216,G,False,fixture,True,5,
0000000325,2024-25,Regular Season,1610612748,202710,F-G,True,fixture,True,5,
0000000325,2024-25,Regular Season,1610612748,1629639,G,True,fixture,True,5,
0000000325,2024-25,Regular Season,1610612748,202355,C,True,fixture,True,5,
0000000325,2024-25,Regular Season,1610612748,1631170,G-F,True,fixture,True,5,
0000000325,2024-25,Regular Season,1610612748,203482,C-F,True,fixture,True,5,
0000000325,2024-25,Regular Season,1610612748,1631107,F,False,fixture,True,5,
0000000326,2024-25,Regular Season,1610612748,202710,F-G,True,fixture,True,5,
0000000326,2024-25,Regular Season,1610612748,1629639,G,True,fixture,True,5,
0000000326,2024-25,Regular Season,1610612748,202355,C,True,fixture,True,5,
0000000326,2024-25,Regular Season,1610612748,1631170,G-F,True,fixture,True,5,
0000000326,2024-25,Regular Season,1610612748,203482,C-F,True,fixture,True,5,
0000000326,2024-25,Regular Season,1610612748,1631107,F,False,fixture,True,5,
0000000326,2024-25,Regular Season,1610612747,2544,F,True,fixture,True,5,
0000000326,2024-25,Regular Season,1610612747,1629029,G,True,fixture,True,5,
0000000326,2024-25,Regular Season,1610612747,203076,C-F,True,fixture,True,5,
0000000326,2024-25,Regular Season,1610612747,1630559,G,True,fixture,True,5,
0000000326,2024-25,Regular Season,1610612747,1626156,G-F,False,fixture,True,5,
0000000326,2024-25,Regular Season,1610612747,1629020,F,True,fixture,True,5,
0000000327,2024-25,Regular Season,1610612748,202710,F-G,True,fixture,True,5,
0000000327,2024-25,Regular Season,1610612748,1629639,G,True,fixture,True,5,
0000000327,2024-25,Regular Season,1610612748,202355,C,True,fixture,True,5,
0000000327,2024-25,Regular Season,1610612748,1631170,G-F,True,fixture,True,5,
0000000327,2024-25,Regular Season,1610612748,203482,C-F,True,fixture,True,5,
0000000327,2024-25,Regular Season,1610612748,1631107,F,False,fixture,True,5,
0000000327,2024-25,Regular Season,1610612744,201939,G,True,fixture,True,5,
0000000327,2024-25,Regular Season,1610612744,202691,G-F,True,fixture,True,5,
0000000327,2024-25,Regular Season,1610612744,203110,F-C,True,fixture,True,5,
0000000327,2024-25,Regular Season,1610612744,1630228,F,True,fixture,True,5,
0000000327,2024-25,Regular Season,1610612744,1626172,C,False,fixture,True,5,
0000000327,2024-25,Regular Season,1610612744,1630541,G,True,fixture,True,5,
0000000328,2024-25,Regular Season,1610612748,202710,F-G,True,fixture,True,5,
0000000328,2024-25,Regular Season,1610612748,1629639,G,True,fixture,True,5,
0000000328,2024-25,Regular Season,1610612748,202355,C,True,fixture,True,5,
0000000328,2024-25,Regular Season,1610612748,1631170,G-F,True,fixture,True,5,
0000000328,2024-25,Regular Season,1610612748,203482,C-F,True,fixture,True,5,
0000000328,2024-25,Regular Season,1610612748,1631107,F,False,fixture,True,5,
0000000328,2024-25,Regular Season,1610612743,203999,C,True,fixture,True,5,
0000000328,2024-25,Regular Season,1610612743,1627750,G,True,fixture,True,5,
0000000328,2024-25,Regular Season,1610612743,1628420,F,True,fixture,True,5,
0000000328,2024-25,Regular Season,1610612743,1630166,G-F,True,fixture,True,5,
0000000328,2024-25,Regular Season,1610612743,203914,G,True,fixture,True,5,
0000000328,2024-25,Regular Season,1610612743,1631128,F,False,fixture,True,5,
0000000329,2024-25,Regular Season,1610612748,202710,F-G,True,fixture,True,5,
0000000329,2024-25,Regular Season,1610612748,1629639,G,True,fixture,True,5,
0000000329,2024-25,Regular Season,1610612748,202355,C,True,fixture,True,5,
0000000329,2024-25,Regular Season,1610612748,1631170,G-F,True,fixture,True,5,
0000000329,2024-25,Regular Season,1610612748,203482,C-F,True,fixture,True,5,
0000000329,2024-25,Regular Season,1610612748,1631107,F,False,fixture,True,5,
0000000329,2024-25,Regular Season,1610612738,1628369,F,True,fixture,True,5,
0000000329,2024-25,Regular Season,1610612738,1627759,G-F,True,fixture,True,5,
0000000329,2024-25,Regular Season,1610612738,201950,G,True,fixture,True,5,
0000000329,2024-25,Regular Season,1610612738,1628464,G,True,fixture,True,5,
0000000329,2024-25,Regular Season,1610612738,203935,C,True,fixture,True,5,
0000000329,2024-25,Regular Season,1610612738,1629057,C-F,False,fixture,True,5,
0000000330,2024-25,Regular Season,1610612748,202710,F-G,True,fixture,True,5,
0000000330,2024-25,Regular Season,1610612748,1629639,G,True,fixture,True,5,
0000000330,2024-25,Regular Season,1610612748,202355,C,True,fixture,True,5,
0000000330,2024-25,Regular Season,1610612748,1631170,G-F,True,fixture,True,5,
0000000330,2024-25,Regular Season,1610612748,203482,C-F,True,fixture,True,5,
0000000330,2024-25,Regular Season,1610612748,1631107,F,False,fixture,True,5,
0000000330,2024-25,Regular Season,1610612752,1628973,G,True,fixture,True,5,
0000000330,2024-25,Regular Season,1610612752,1626157,C,True,fixture,True,5,
0000000330,2024-25,Regular Season,1610612752,1629628,G-F,True,fixture,True,5,
0000000330,2024-25,Regular Season,1610612752,1630193,G,True,fixture,True,5,
0000000330,2024-25,Regular Season,1610612752,203944,F-C,True,fixture,True,5,
0000000330,2024-25,Regular Season,1610612752,1631216,G,False,fixture,True,5,
0000000331,2024-25,Regular Season,1610612747,2544,F,True,fixture,True,5,
0000000331,2024-25,Regular Season,1610612747,1629029,G,True,fixture,True,5,
0000000331,2024-25,Regular Season,1610612747,203076,C-F,True,fixture,True,5,
0000000331,2024-25,Regular Season,1610612747,1630559,G,True,fixture,True,5,
0000000331,2024-25,Regular Season,1610612747,1626156,G-F,False,fixture,True,5,
0000000331,2024-25,Regular Season,1610612747,1629020,F,True,fixture,True,5,
0000000331,2024-25,Regular Season,1610612744,201939,G,True,fixture,True,5,
0000000331,2024-25,Regular Season,1610612744,202691,G-F,True,fixture,True,5,
0000000331,2024-25,Regular Season,1610612744,203110,F-C,True,fixture,True,5,
0000000331,2024-25,Regular Season,1610612744,1630228,F,True,fixture,True,5,
0000000331,2024-25,Regular Season,1610612744,1626172,C,False,fixture,True,5,
0000000331,2024-25,Regular Season,1610612744,1630541,G,True,fixture,True,5,
0000000332,2024-25,Regular Season,1610612747,2544,F,True,fixture,True,5,
0000000332,2024-25,Regular Season,1610612747,1629029,G,True,fixture,True,5,
0000000332,2024-25,Regular Season,1610612747,203076,C-F,True,fixture,True,5,
0000000332,2024-25,Regular Season,1610612747,1630559,G,True,fixture,True,5,
0000000332,2024-25,Regular Season,1610612747,1626156,G-F,False,fixture,True,5,
0000000332,2024-25,Regular Season,1610612747,1629020,F,True,fixture,True,5,
0000000332,2024-25,Regular Season,1610612743,203999,C,True,fixture,True,5,
0000000332,2024-25,Regular Season,1610612743,1627750,G,True,fixture,True,5,
0000000332,2024-25,Regular Season,1610612743,1628420,F,True,fixture,True,5,
0000000332,2024-25,Regular Season,1610612743,1630166,G-F,True,fixture,True,5,
0000000332,2024-25,Regular Season,1610612743,203914,G,True,fixture,True,5,
0000000332,2024-25,Regular Season,1610612743,1631128,F,False,fixture,True,5,
0000000333,2024-25,Regular Season,1610612747,2544,F,True,fixture,True,5,
0000000333,2024-25,Regular Season,1610612747,1629029,G,True,fixture,True,5,
0000000333,2024-25,Regular Season,1610612747,203076,C-F,True,fixture,True,5,
0000000333,2024-25,Regular Season,1610612747,1630559,G,True,fixture,True,5,
0000000333,2024-25,Regular Season,1610612747,1626156,G-F,False,fixture,True,5,
0000000333,2024-25,Regular Season,1610612747,1629020,F,True,fixture,True,5,
0000000333,2024-25,Regular Season,1610612738,1628369,F,True,fixture,True,5,
0000000333,2024-25,Regular Season,1610612738,1627759,G-F,True,fixture,True,5,
0000000333,2024-25,Regular Season,1610612738,201950,G,True,fixture,True,5,
0000000333,2024-25,Regular Season,1610612738,1628464,G,True,fixture,True,5,
0000000333,2024-25,Regular Season,1610612738,203935,C,True,fixture,True,5,
0000000333,2024-25,Regular Season,1610612738,1629057,C-F,False,fixture,True,5,
0000000334,2024-25,Regular Season,1610612747,2544,F,True,fixture,True,5,
0000000334,2024-25,Regular Season,1610612747,1629029,G,True,fixture,True,5,
0000000334,2024-25,Regular Season,1610612747,203076,C-F,True,fixture,True,5,
0000000334,2024-25,Regular Season,1610612747,1630559,G,True,fixture,True,5,
0000000334,2024-25,Regular Season,1610612747,1626156,G-F,False,fixture,True,5,
0000000334,2024-25,Regular Season,1610612747,1629020,F,True,fixture,True,5,
0000000334,2024-25,Regular Season,1610612752,1628973,G,True,fixture,True,5,
0000000334,2024-25,Regular Season,1610612752,1626157,C,True,fixture,True,5,
0000000334,2024-25,Regular Season,1610612752,1629628,G-F,True,fixture,True,5,
0000000334,2024-25,Regular Season,1610612752,1630193,G,True,fixture,True,5,
0000000334,2024-25,Regular Season,1610612752,203944,F-C,True,fixture,True,5,
0000000334,2024-25,Regular Season,1610612752,1631216,G,False,fixture,True,5,
0000000335,2024-25,Regular Season,1610612747,2544,F,True,fixture,True,5,
0000000335,2024-25,Regular Season,1610612747,1629029,G,True,fixture,True,5,
0000000335,2024-25,Regular Season,1610612747,203076,C-F,True,fixture,True,5,
0000000335,2024-25,Regular Season,1610612747,1630559,G,True,fixture,True,5,
0000000335,2024-25,Regular Season,1610612747,1626156,G-F,False,fixture,True,5,
0000000335,2024-25,Regular Season,1610612747,1629020,F,True,fixture,True,5,
0000000335,2024-25,Regular Season,1610612748,202710,F-G,True,fixture,True,5,
0000000335,2024-25,Regular Season,1610612748,1629639,G,True,fixture,True,5,
0000000335,2024-25,Regular Season,1610612748,202355,C,True,fixture,True,5,
0000000335,2024-25,Regular Season,1610612748,1631170,G-F,True,fixture,True,5,
0000000335,2024-25,Regular Season,1610612748,203482,C-F,True,fixture,True,5,
0000000335,2024-25,Regular Season,1610612748,1631107,F,False,fixture,True,5,
0000000336,2024-25,Regular Season,1610612744,201939,G,True,fixture,True,5,
0000000336,2024-25,Regular Season,1610612744,202691,G-F,True,fixture,True,5,
0000000336,2024-25,Regular Season,1610612744,203110,F-C,True,fixture,True,5,
0000000336,2024-25,Regular Season,1610612744,1630228,F,True,fixture,True,5,
0000000336,2024-25,Regular Season,1610612744,1626172,C,False,fixture,True,5,
0000000336,2024-25,Regular Season,1610612744,1630541,G,True,fixture,True,5,
0000000336,2024-25,Regular Season,1610612747,2544,F,True,fixture,True,5,
0000000336,2024-25,Regular Season,1610612747,1629029,G,True,fixture,True,5,
0000000336,2024-25,Regular Season,1610612747,203076,C-F,True,fixture,True,5,
0000000336,2024-25,Regular Season,1610612747,1630559,G,True,fixture,True,5,
0000000336,2024-25,Regular Season,1610612747,1626156,G-F,False,fixture,True,5,
0000000336,2024-25,Regular Season,1610612747,1629020,F,True,fixture,True,5,
0000000337,2024-25,Regular Season,1610612744,201939,G,True,fixture,True,5,
0000000337,2024-25,Regular Season,1610612744,202691,G-F,True,fixture,True,5,
0000000337,2024-25,Regular Season,1610612744,203110,F-C,True,fixture,True,5,
0000000337,2024-25,Regular Season,1610612744,1630228,F,True,fixture,True,5,
0000000337,2024-25,Regular Season,1610612744,1626172,C,False,fixture,True,5,
0000000337,2024-25,Regular Season,1610612744,1630541,G,True,fixture,True,5,
0000000337,2024-25,Regular Season,1610612743,203999,C,True,fixture,True,5,
0000000337,2024-25,Regular Season,1610612743,1627750,G,True,fixture,True,5,
0000000337,2024-25,Regular Season,1610612743,1628420,F,True,fixture,True,5,
0000000337,2024-25,Regular Season,1610612743,1630166,G-F,True,fixture,True,5,
0000000337,2024-25,Regular Season,1610612743,203914,G,True,fixture,True,5,
0000000337,2024-25,Regular Season,1610612743,1631128,F,False,fixture,True,5,
0000000338,2024-25,Regular Season,1610612744,201939,G,True,fixture,True,5,
0000000338,2024-25,Regular Season,1610612744,202691,G-F,True,fixture,True,5,
0000000338,2024-25,Regular Season,1610612744,203110,F-C,True,fixture,True,5,
0000000338,2024-25,Regular Season,1610612744,1630228,F,True,fixture,True,5,
0000000338,2024-25,Regular Season,1610612744,1626172,C,False,fixture,True,5,
0000000338,2024-25,Regular Season,1610612744,1630541,G,True,fixture,True,5,
0000000338,2024-25,Regular Season,1610612738,1628369,F,True,fixture,True,5,
0000000338,2024-25,Regular Season,1610612738,1627759,G-F,True,fixture,True,5,
0000000338,2024-25,Regular Season,1610612738,201950,G,True,fixture,True,5,
0000000338,2024-25,Regular Season,1610612738,1628464,G,True,fixture,True,5,
0000000338,2024-25,Regular Season,1610612738,203935,C,True,fixture,True,5,
0000000338,2024-25,Regular Season,1610612738,1629057,C-F,False,fixture,True,5,
0000000339,2024-25,Regular Season,1610612744,201939,G,True,fixture,True,5,
0000000339,2024-25,Regular Season,1610612744,202691,G-F,True,fixture,True,5,
0000000339,2024-25,Regular Season,1610612744,203110,F-C,True,fixture,True,5,
0000000339,2024-25,Regular Season,1610612744,1630228,F,True,fixture,True,5,
0000000339,2024-25,Regular Season,1610612744,1626172,C,False,fixture,True,5,
0000000339,2024-25,Regular Season,1610612744,1630541,G,True,fixture,True,5,
0000000339,2024-25,Regular Season,1610612752,1628973,G,True,fixture,True,5,
0000000339,2024-25,Regular Season,1610612752,1626157,C,True,fixture,True,5,
0000000339,2024-25,Regular Season,1610612752,1629628,G-F,True,fixture,True,5,
0000000339,2024-25,Regular Season,1610612752,1630193,G,True,fixture,True,5,
0000000339,2024-25,Regular Season,1610612752,203944,F-C,True,fixture,True,5,
0000000339,2024-25,Regular Season,1610612752,1631216,G,False,fixture,True,5,
0000000340,2024-25,Regular Season,1610612744,201939,G,True,fixture,True,5,
0000000340,2024-25,Regular Season,1610612744,202691,G-F,True,fixture,True,5,
0000000340,2024-25,Regular Season,1610612744,203110,F-C,True,fixture,True,5,
0000000340,2024-25,Regular Season,1610612744,1630228,F,True,fixture,True,5,
0000000340,2024-25,Regular Season,1610612744,1626172,C,False,fixture,True,5,
0000000340,2024-25,Regular Season,1610612744,1630541,G,True,fixture,True,5,
0000000340,2024-25,Regular Season,1610612748,202710,F-G,True,fixture,True,5,
0000000340,2024-25,Regular Season,1610612748,1629639,G,True,fixture,True,5,
0000000340,2024-25,Regular Season,1610612748,202355,C,True,fixture,True,5,
0000000340,2024-25,Regular Season,1610612748,1631170,G-F,True,fixture,True,5,
0000000340,2024-25,Regular Season,1610612748,203482,C-F,True,fixture,True,5,
0000000340,2024-25,Regular Season,1610612748,1631107,F,False,fixture,True,5,
0000000341,2024-25,Regular Season,1610612743,203999,C,True,fixture,True,5,
0000000341,2024-25,Regular Season,1610612743,1627750,G,True,fixture,True,5,
0000000341,2024-25,Regular Season,1610612743,1628420,F,True,fixture,True,5,
0000000341,2024-25,Regular Season,1610612743,1630166,G-F,True,fixture,True,5,
0000000341,2024-25,Regular Season,1610612743,203914,G,True,fixture,True,5,
0000000341,2024-25,Regular Season,1610612743,1631128,F,False,fixture,True,5,
0000000341,2024-25,Regular Season,1610612747,2544,F,True,fixture,True,5,
0000000341,2024-25,Regular Season,1610612747,1629029,G,True,fixture,True,5,
0000000341,2024-25,Regular Season,1610612747,203076,C-F,True,fixture,True,5,
0000000341,2024-25,Regular Season,1610612747,1630559,G,True,fixture,True,5,
0000000341,2024-25,Regular Season,1610612747,1626156,G-F,False,fixture,True,5,
0000000341,2024-25,Regular Season,1610612747,1629020,F,True,fixture,True,5,
0000000342,2024-25,Regular Season,1610612743,203999,C,True,fixture,True,5,
0000000342,2024-25,Regular Season,1610612743,1627750,G,True,fixture,True,5,
0000000342,2024-25,Regular Season,1610612743,1628420,F,True,fixture,True,5,
0000000342,2024-25,Regular Season,1610612743,1630166,G-F,True,fixture,True,5,
0000000342,2024-25,Regular Season,1610612743,203914,G,True,fixture,True,5,
0000000342,2024-25,Regular Season,1610612743,1631128,F,False,fixture,True,5,
0000000342,2024-25,Regular Season,1610612744,201939,G,True,fixture,True,5,
0000000342,2024-25,Regular Season,1610612744,202691,G-F,True,fixture,True,5,
0000000342,2024-25,Regular Season,1610612744,203110,F-C,True,fixture,True,5,
0000000342,2024-25,Regular Season,1610612744,1630228,F,True,fixture,True,5,
0000000342,2024-25,Regular Season,1610612744,1626172,C,False,fixture,True,5,
0000000342,2024-25,Regular Season,1610612744,1630541,G,True,fixture,True,5,
0000000343,2024-25,Regular Season,1610612743,203999,C,True,fixture,True,5,
0000000343,2024-25,Regular Season,1610612743,1627750,G,True,fixture,True,5,
0000000343,2024-25,Regular Season,1610612743,1628420,F,True,fixture,True,5,
0000000343,2024-25,Regular Season,1610612743,1630166,G-F,True,fixture,True,5,
0000000343,2024-25,Regular Season,1610612743,203914,G,True,fixture,True,5,
0000000343,2024-25,Regular Season,1610612743,1631128,F,False,fixture,True,5,
0000000343,2024-25,Regular Season,1610612738,1628369,F,True,fixture,True,5,
0000000343,2024-25,Regular Season,1610612738,1627759,G-F,True,fixture,True,5,
0000000343,2024-25,Regular Season,1610612738,201950,G,True,fixture,True,5,
0000000343,2024-25,Regular Season,1610612738,1628464,G,True,fixture,True,5,
0000000343,2024-25,Regular Season,1610612738,203935,C,True,fixture,True,5,
0000000343,2024-25,Regular Season,1610612738,1629057,C-F,False,fixture,True,5,
0000000344,2024-25,Regular Season,1610612743,203999,C,True,fixture,True,5,
0000000344,2024-25,Regular Season,1610612743,1627750,G,True,fixture,True,5,
0000000344,2024-25,Regular Season,1610612743,1628420,F,True,fixture,True,5,
0000000344,2024-25,Regular Season,1610612743,1630166,G-F,True,fixture,True,5,
0000000344,2024-25,Regular Season,1610612743,203914,G,True,fixture,True,5,
0000000344,2024-25,Regular Season,1610612743,1631128,F,False,fixture,True,5,
0000000344,2024-25,Regular Season,1610612752,1628973,G,True,fixture,True,5,
0000000344,2024-25,Regular Season,1610612752,1626157,C,True,fixture,True,5,
0000000344,2024-25,Regular Season,1610612752,1629628,G-F,True,fixture,True,5,
0000000344,2024-25,Regular Season,1610612752,1630193,G,True,fixture,True,5,
0000000344,2024-25,Regular Season,1610612752,203944,F-C,True,fixture,True,5,
0000000344,2024-25,Regular Season,1610612752,1631216,G,False,fixture,True,5,
0000000345,2024-25,Regular Season,1610612743,203999,C,True,fixture,True,5,
0000000345,2024-25,Regular Season,1610612743,1627750,G,True,fixture,True,5,
0000000345,2024-25,Regular Season,1610612743,1628420,F,True,fixture,True,5,
0000000345,2024-25,Regular Season,1610612743,1630166,G-F,True,fixture,True,5,
0000000345,2024-25,Regular Season,1610612743,203914,G,True,fixture,True,5,
0000000345,2024-25,Regular Season,1610612743,1631128,F,False,fixture,True,5,
0000000345,2024-25,Regular Season,1610612748,202710,F-G,True,fixture,True,5,
0000000345,2024-25,Regular Season,1610612748,1629639,G,True,fixture,True,5,
0000000345,2024-25,Regular Season,1610612748,202355,C,True,fixture,True,5,
0000000345,2024-25,Regular Season,1610612748,1631170,G-F,True,fixture,True,5,
0000000345,2024-25,Regular Season,1610612748,203482,C-F,True,fixture,True,5,
0000000345,2024-25,Regular Season,1610612748,1631107,F,False,fixture,True,5,
0000000346,2024-25,Regular Season,1610612738,1628369,F,True,fixture,True,5,
0000000346,2024-25,Regular Season,1610612738,1627759,G-F,True,fixture,True,5,
0000000346,2024-25,Regular Season,1610612738,201950,G,True,fixture,True,5,
0000000346,2024-25,Regular Season,1610612738,1628464,G,True,fixture,True,5,
0000000346,2024-25,Regular Season,1610612738,203935,C,True,fixture,True,5,
0000000346,2024-25,Regular Season,1610612738,1629057,C-F,False,fixture,True,5,
0000000346,2024-25,Regular Season,1610612747,2544,F,True,fixture,True,5,
0000000346,2024-25,Regular Season,1610612747,1629029,G,True,fixture,True,5,
0000000346,2024-25,Regular Season,1610612747,203076,C-F,True,fixture,True,5,
0000000346,2024-25,Regular Season,1610612747,1630559,G,True,fixture,True,5,
0000000346,2024-25,Regular Season,1610612747,1626156,G-F,False,fixture,True,5,
0000000346,2024-25,Regular Season,1610612747,1629020,F,True,fixture,True,5,
0000000347,2024-25,Regular Season,1610612738,1628369,F,True,fixture,True,5,
0000000347,2024-25,Regular Season,1610612738,1627759,G-F,True,fixture,True,5,
0000000347,2024-25,Regular Season,1610612738,201950,G,True,fixture,True,5,
0000000347,2024-25,Regular Season,1610612738,1628464,G,True,fixture,True,5,
0000000347,2024-25,Regular Season,1610612738,203935,C,True,fixture,True,5,
0000000347,2024-25,Regular Season,1610612738,1629057,C-F,False,fixture,True,5,
0000000347,2024-25,Regular Season,1610612744,201939,G,True,fixture,True,5,
0000000347,2024-25,Regular Season,1610612744,202691,G-F,True,fixture,True,5,
0000000347,2024-25,Regular Season,1610612744,203110,F-C,True,fixture,True,5,
0000000347,2024-25,Regular Season,1610612744,1630228,F,True,fixture,True,5,
0000000347,2024-25,Regular Season,1610612744,1626172,C,False,fixture,True,5,
0000000347,2024-25,Regular Season,1610612744,1630541,G,True,fixture,True,5,
0000000348,2024-25,Regular Season,1610612738,1628369,F,True,fixture,True,5,
0000000348,2024-25,Regular Season,1610612738,1627759,G-F,True,fixture,True,5,
0000000348,2024-25,Regular Season,1610612738,201950,G,True,fixture,True,5,
0000000348,2024-25,Regular Season,1610612738,1628464,G,True,fixture,True,5,
0000000348,2024-25,Regular Season,1610612738,203935,C,True,fixture,True,5,
0000000348,2024-25,Regular Season,1610612738,1629057,C-F,False,fixture,True,5,
0000000348,2024-25,Regular Season,1610612743,203999,C,True,fixture,True,5,
0000000348,2024-25,Regular Season,1610612743,1627750,G,True,fixture,True,5,
0000000348,2024-25,Regular Season,1610612743,1628420,F,True,fixture,True,5,
0000000348,2024-25,Regular Season,1610612743,1630166,G-F,True,fixture,True,5,
0000000348,2024-25,Regular Season,1610612743,203914,G,True,fixture,True,5,
0000000348,2024-25,Regular Season,1610612743,1631128,F,False,fixture,True,5,
0000000349,2024-25,Regular Season,1610612738,1628369,F,True,fixture,True,5,
0000000349,2024-25,Regular Season,1610612738,1627759,G-F,True,fixture,True,5,
0000000349,2024-25,Regular Season,1610612738,201950,G,True,fixture,True,5,
0000000349,2024-25,Regular Season,1610612738,1628464,G,True,fixture,True,5,
0000000349,2024-25,Regular Season,1610612738,203935,C,True,fixture,True,5,
0000000349,2024-25,Regular Season,1610612738,1629057,C-F,False,fixture,True,5,
0000000349,2024-25,Regular Season,1610612752,1628973,G,True,fixture,True,5,
0000000349,2024-25,Regular Season,1610612752,1626157,C,True,fixture,True,5,
0000000349,2024-25,Regular Season,1610612752,1629628,G-F,True,fixture,True,5,
0000000349,2024-25,Regular Season,1610612752,1630193,G,True,fixture,True,5,
0000000349,2024-25,Regular Season,1610612752,203944,F-C,True,fixture,True,5,
0000000349,2024-25,Regular Season,1610612752,1631216,G,False,fixture,True,5,
0000000350,2024-25,Regular Season,1610612738,1628369,F,True,fixture,True,5,
0000000350,2024-25,Regular Season,1610612738,1627759,G-F,True,fixture,True,5,
0000000350,2024-25,Regular Season,1610612738,201950,G,True,fixture,True,5,
0000000350,2024-25,Regular Season,1610612738,1628464,G,True,fixture,True,5,
0000000350,2024-25,Regular Season,1610612738,203935,C,True,fixture,True,5,
0000000350,2024-25,Regular Season,1610612738,1629057,C-F,False,fixture,True,5,
0000000350,2024-25,Regular Season,1610612748,202710,F-G,True,fixture,True,5,
0000000350,2024-25,Regular Season,1610612748,1629639,G,True,fixture,True,5,
0000000350,2024-25,Regular Season,1610612748,202355,C,True,fixture,True,5,
0000000350,2024-25,Regular Season,1610612748,1631170,G-F,True,fixture,True,5,
0000000350,2024-25,Regular Season,1610612748,203482,C-F,True,fixture,True,5,
0000000350,2024-25,Regular Season,1610612748,1631107,F,False,fixture,True,5,
0000000351,2024-25,Regular Season,1610612752,1628973,G,True,fixture,True,5,
0000000351,2024-25,Regular Season,1610612752,1626157,C,True,fixture,True,5,
0000000351,2024-25,Regular Season,1610612752,1629628,G-F,True,fixture,True,5,
0000000351,2024-25,Regular Season,1610612752,1630193,G,True,fixture,True,5,
0000000351,2024-25,Regular Season,1610612752,203944,F-C,True,fixture,True,5,
0000000351,2024-25,Regular Season,1610612752,1631216,G,False,fixture,True,5,
0000000351,2024-25,Regular Season,1610612747,2544,F,True,fixture,True,5,
0000000351,2024-25,Regular Season,1610612747,1629029,G,True,fixture,True,5,
0000000351,2024-25,Regular Season,1610612747,203076,C-F,True,fixture,True,5,
0000000351,2024-25,Regular Season,1610612747,1630559,G,True,fixture,True,5,
0000000351,2024-25,Regular Season,1610612747,1626156,G-F,False,fixture,True,5,
0000000351,2024-25,Regular Season,1610612747,1629020,F,True,fixture,True,5,
0000000352,2024-25,Regular Season,1610612752,1628973,G,True,fixture,True,5,
0000000352,2024-25,Regular Season,1610612752,1626157,C,True,fixture,True,5,
0000000352,2024-25,Regular Season,1610612752,1629628,G-F,True,fixture,True,5,
0000000352,2024-25,Regular Season,1610612752,1630193,G,True,fixture,True,5,
0000000352,2024-25,Regular Season,1610612752,203944,F-C,True,fixture,True,5,
0000000352,2024-25,Regular Season,1610612752,1631216,G,False,fixture,True,5,
0000000352,2024-25,Regular Season,1610612744,201939,G,True,fixture,True,5,
0000000352,2024-25,Regular Season,1610612744,202691,G-F,True,fixture,True,5,
0000000352,2024-25,Regular Season,1610612744,203110,F-C,True,fixture,True,5,
0000000352,2024-25,Regular Season,1610612744,1630228,F,True,fixture,True,5,
0000000352,2024-25,Regular Season,1610612744,1626172,C,False,fixture,True,5,
0000000352,2024-25,Regular Season,1610612744,1630541,G,True,fixture,True,5,
0000000353,2024-25,Regular Season,1610612752,1628973,G,True,fixture,True,5,
0000000353,2024-25,Regular Season,1610612752,1626157,C,True,fixture,True,5,
0000000353,2024-25,Regular Season,1610612752,1629628,G-F,True,fixture,True,5,
0000000353,2024-25,Regular Season,1610612752,1630193,G,True,fixture,True,5,
0000000353,2024-25,Regular Season,1610612752,203944,F-C,True,fixture,True,5,
0000000353,2024-25,Regular Season,1610612752,1631216,G,False,fixture,True,5,
0000000353,2024-25,Regular Season,1610612743,203999,C,True,fixture,True,5,
0000000353,2024-25,Regular Season,1610612743,1627750,G,True,fixture,True,5,
0000000353,2024-25,Regular Season,1610612743,1628420,F,True,fixture,True,5,
0000000353,2024-25,Regular Season,1610612743,1630166,G-F,True,fixture,True,5,
0000000353,2024-25,Regular Season,1610612743,203914,G,True,fixture,True,5,
0000000353,2024-25,Regular Season,1610612743,1631128,F,False,fixture,True,5,
0000000354,2024-25,Regular Season,1610612752,1628973,G,True,fixture,True,5,
0000000354,2024-25,Regular Season,1610612752,1626157,C,True,fixture,True,5,
0000000354,2024-25,Regular Season,1610612752,1629628,G-F,True,fixture,True,5,
0000000354,2024-25,Regular Season,1610612752,1630193,G,True,fixture,True,5,
0000000354,2024-25,Regular Season,1610612752,203944,F-C,True,fixture,True,5,
0000000354,2024-25,Regular Season,1610612752,1631216,G,False,fixture,True,5,
0000000354,2024-25,Regular Season,1610612738,1628369,F,True,fixture,True,5,
0000000354,2024-25,Regular Season,1610612738,1627759,G-F,True,fixture,True,5,
0000000354,2024-25,Regular Season,1610612738,201950,G,True,fixture,True,5,
0000000354,2024-25,Regular Season,1610612738,1628464,G,True,fixture,True,5,
0000000354,2024-25,Regular Season,1610612738,203935,C,True,fixture,True,5,
0000000354,2024-25,Regular Season,1610612738,1629057,C-F,False,fixture,True,5,
0000000355,2024-25,Regular Season,1610612752,1628973,G,True,fixture,True,5,
0000000355,2024-25,Regular Season,1610612752,1626157,C,True,fixture,True,5,
0000000355,2024-25,Regular Season,1610612752,1629628,G-F,True,fixture,True,5,
0000000355,2024-25,Regular Season,1610612752,1630193,G,True,fixture,True,5,
0000000355,2024-25,Regular Season,1610612752,203944,F-C,True,fixture,True,5,
0000000355,2024-25,Regular Season,1610612752,1631216,G,False,fixture,True,5,
0000000355,2024-25,Regular Season,1610612748,202710,F-G,True,fixture,True,5,
0000000355,2024-25,Regular Season,1610612748,1629639,G,True,fixture,True,5,
0000000355,2024-25,Regular Season,1610612748,202355,C,True,fixture,True,5,
0000000355,2024-25,Regular Season,1610612748,1631170,G-F,True,fixture,True,5,
0000000355,2024-25,Regular Season,1610612748,203482,C-F,True,fixture,True,5,
0000000355,2024-25,Regular Season,1610612748,1631107,F,False,fixture,True,5,
0000000356,2024-25,Regular Season,1610612748,202710,F-G,True,fixture,True,5,
0000000356,2024-25,Regular Season,1610612748,1629639,G,True,fixture,True,5,
0000000356,2024-25,Regular Season,1610612748,202355,C,True,fixture,True,5,
0000000356,2024-25,Regular Season,1610612748,1631170,G-F,True,fixture,True,5,
0000000356,2024-25,Regular Season,1610612748,203482,C-F,True,fixture,True,5,
0000000356,2024-25,Regular Season,1610612748,1631107,F,False,fixture,True,5,
0000000356,2024-25,Regular Season,1610612747,2544,F,True,fixture,True,5,
0000000356,2024-25,Regular Season,1610612747,1629029,G,True,fixture,True,5,
0000000356,2024-25,Regular Season,1610612747,203076,C-F,True,fixture,True,5,
0000000356,2024-25,Regular Season,1610612747,1630559,G,True,fixture,True,5,
0000000356,2024-25,Regular Season,1610612747,1626156,G-F,False,fixture,True,5,
0000000356,2024-25,Regular Season,1610612747,1629020,F,True,fixture,True,5,
0000000357,2024-25,Regular Season,1610612748,202710,F-G,True,fixture,True,5,
0000000357,2024-25,Regular Season,1610612748,1629639,G,True,fixture,True,5,
0000000357,2024-25,Regular Season,1610612748,202355,C,True,fixture,True,5,
0000000357,2024-25,Regular Season,1610612748,1631170,G-F,True,fixture,True,5,
0000000357,2024-25,Regular Season,1610612748,203482,C-F,True,fixture,True,5,
0000000357,2024-25,Regular Season,1610612748,1631107,F,False,fixture,True,5,
0000000357,2024-25,Regular Season,1610612744,201939,G,True,fixture,True,5,
0000000357,2024-25,Regular Season,1610612744,202691,G-F,True,fixture,True,5,
0000000357,2024-25,Regular Season,1610612744,203110,F-C,True,fixture,True,5,
0000000357,2024-25,Regular Season,1610612744,1630228,F,True,fixture,True,5,
0000000357,2024-25,Regular Season,1610612744,1626172,C,False,fixture,True,5,
0000000357,2024-25,Regular Season,1610612744,1630541,G,True,fixture,True,5,
0000000358,2024-25,Regular Season,1610612748,202710,F-G,True,fixture,True,5,
0000000358,2024-25,Regular Season,1610612748,1629639,G,True,fixture,True,5,
0000000358,2024-25,Regular Season,1610612748,202355,C,True,fixture,True,5,
0000000358,2024-25,Regular Season,1610612748,1631170,G-F,True,fixture,True,5,
0000000358,2024-25,Regular Season,1610612748,203482,C-F,True,fixture,True,5,
0000000358,2024-25,Regular Season,1610612748,1631107,F,False,fixture,True,5,
0000000358,2024-25,Regular Season,1610612743,203999,C,True,fixture,True,5,
0000000358,2024-25,Regular Season,1610612743,1627750,G,True,fixture,True,5,
0000000358,2024-25,Regular Season,1610612743,1628420,F,True,fixture,True,5,
0000000358,2024-25,Regular Season,1610612743,1630166,G-F,True,fixture,True,5,
0000000358,2024-25,Regular Season,1610612743,203914,G,True,fixture,True,5,
0000000358,2024-25,Regular Season,1610612743,1631128,F,False,fixture,True,5,
0000000359,2024-25,Regular Season,1610612748,202710,F-G,True,fixture,True,5,
0000000359,2024-25,Regular Season,1610612748,1629639,G,True,fixture,True,5,
0000000359,2024-25,Regular Season,1610612748,202355,C,True,fixture,True,5,
0000000359,2024-25,Regular Season,1610612748,1631170,G-F,True,fixture,True,5,
0000000359,2024-25,Regular Season,1610612748,203482,C-F,True,fixture,True,5,
0000000359,2024-25,Regular Season,1610612748,1631107,F,False,fixture,True,5,
0000000359,2024-25,Regular Season,1610612738,1628369,F,True,fixture,True,5,
0000000359,2024-25,Regular Season,1610612738,1627759,G-F,True,fixture,True,5,
0000000359,2024-25,Regular Season,1610612738,201950,G,True,fixture,True,5,
0000000359,2024-25,Regular Season,1610612738,1628464,G,True,fixture,True,5,
0000000359,2024-25,Regular Season,1610612738,203935,C,True,fixture,True,5,
0000000359,2024-25,Regular Season,1610612738,1629057,C-F,False,fixture,True,5,
0000000360,2024-25,Regular Season,1610612748,202710,F-G,True,fixture,True,5,
0000000360,2024-25,Regular Season,1610612748,1629639,G,True,fixture,True,5,
0000000360,2024-25,Regular Season,1610612748,202355,C,True,fixture,True,5,
0000000360,2024-25,Regular Season,1610612748,1631170,G-F,True,fixture,True,5,
0000000360,2024-25,Regular Season,1610612748,203482,C-F,True,fixture,True,5,
0000000360,2024-25,Regular Season,1610612748,1631107,F,False,fixture,True,5,
0000000360,2024-25,Regular Season,1610612752,1628973,G,True,fixture,True,5,
0000000360,2024-25,Regular Season,1610612752,1626157,C,True,fixture,True,5,
0000000360,2024-25,Regular Season,1610612752,1629628,G-F,True,fixture,True,5,
0000000360,2024-25,Regular Season,1610612752,1630193,G,True,fixture,True,5,
0000000360,2024-25,Regular Season,1610612752,203944,F-C,True,fixture,True,5,
0000000360,2024-25,Regular Season,1610612752,1631216,G,False,fixture,True,5,
