game_id,season,season_type,team_id,player_id,starter_position_raw,starter_flag,role_source,role_source_trusted,starter_count_for_team_game,role_validation_reason
0000000361,2025-26,Regular Season,1610612747,2544,F,True,fixture,True,5,
0000000361,2025-26,Regular Season,1610612747,1629029,G,True,fixture,True,5,
0000000361,2025-26,Regular Season,1610612747,203076,C-F,True,fixture,True,5,
0000000361,2025-26,Regular Season,1610612747,1630559,G,True,fixture,True,5,
0000000361,2025-26,Regular Season,1610612747,1626156,G-F,False,fixture,True,5,
0000000361,2025-26,Regular Season,1610612747,1629020,F,True,fixture,True,5,
0000000361,2025-26,Regular Season,1610612744,201939,G,True,fixture,True,5,
0000000361,2025-26,Regular Season,1610612744,202691,G-F,True,fixture,True,5,
0000000361,2025-26,Regular Season,1610612744,203110,F-C,True,fixture,True,5,
0000000361,2025-26,Regular Season,1610612744,1630228,F,True,fixture,True,5,
0000000361,2025-26,Regular Season,1610612744,1626172,C,False,fixture,True,5,
0000000361,2025-26,Regular Season,1610612744,1630541,G,True,fixture,True,5,
0000000362,2025-26,Regular Season,1610612747,2544,F,True,fixture,True,5,
0000000362,2025-26,Regular Season,1610612747,1629029,G,True,fixture,True,5,
0000000362,2025-26,Regular Season,1610612747,203076,C-F,True,fixture,True,5,
0000000362,2025-26,Regular Season,1610612747,1630559,G,True,fixture,True,5,
0000000362,2025-26,Regular Season,1610612747,1626156,G-F,False,fixture,True,5,
0000000362,2025-26,Regular Season,1610612747,1629020,F,True,fixture,True,5,
0000000362,2025-26,Regular Season,1610612743,203999,C,True,fixture,True,5,
0000000362,2025-26,Regular Season,1610612743,1627750,G,True,fixture,True,5,
0000000362,2025-26,Regular Season,1610612743,1628420,F,True,fixture,True,5,
0000000362,2025-26,Regular Season,1610612743,1630166,G-F,True,fixture,True,5,
0000000362,2025-26,Regular Season,1610612743,203914,G,True,fixture,True,5,
0000000362,2025-26,Regular Season,1610612743,1631128,F,False,fixture,True,5,
0000000363,2025-26,Regular Season,1610612747,2544,F,True,fixture,True,5,
0000000363,2025-26,Regular Season,1610612747,1629029,G,True,fixture,True,5,
0000000363,2025-26,Regular Season,1610612747,203076,C-F,True,fixture,True,5,
0000000363,2025-26,Regular Season,1610612747,1630559,G,True,fixture,True,5,
0000000363,2025-26,Regular Season,1610612747,1626156,G-F,False,fixture,True,5,
0000000363,2025-26,Regular Season,1610612747,1629020,F,True,fixture,True,5,
0000000363,2025-26,Regular Season,1610612738,1628369,F,True,fixture,True,5,
0000000363,2025-26,Regular Season,1610612738,1627759,G-F,True,fixture,True,5,
0000000363,2025-26,Regular Season,1610612738,201950,G,True,fixture,True,5,
0000000363,2025-26,Regular Season,1610612738,1628464,G,True,fixture,True,5,
0000000363,2025-26,Regular Season,1610612738,203935,C,True,fixture,True,5,
0000000363,2025-26,Regular Season,1610612738,1629057,C-F,False,fixture,True,5,
0000000364,2025-26,Regular Season,1610612747,2544,F,True,fixture,True,5,
0000000364,2025-26,Regular Season,1610612747,1629029,G,True,fixture,True,5,
0000000364,2025-26,Regular Season,1610612747,203076,C-F,True,fixture,True,5,
0000000364,2025-26,Regular Season,1610612747,1630559,G,True,fixture,True,5,
0000000364,2025-26,Regular Season,1610612747,1626156,G-F,False,fixture,True,5,
0000000364,2025-26,Regular Season,1610612747,1629020,F,True,fixture,True,5,
0000000364,2025-26,Regular Season,1610612752,1628973,G,True,fixture,True,5,
0000000364,2025-26,Regular Season,1610612752,1626157,C,True,fixture,True,5,
0000000364,2025-26,Regular Season,1610612752,1629628,G-F,True,fixture,True,5,
0000000364,2025-26,Regular Season,1610612752,1630193,G,True,fixture,True,5,
0000000364,2025-26,Regular Season,1610612752,203944,F-C,True,fixture,True,5,
0000000364,2025-26,Regular Season,1610612752,1631216,G,False,fixture,True,5,
0000000365,2025-26,Regular Season,1610612747,2544,F,True,fixture,True,5,
0000000365,2025-26,Regular Season,1610612747,1629029,G,True,fixture,True,5,
0000000365,2025-26,Regular Season,1610612747,203076,C-F,True,fixture,True,5,
0000000365,2025-26,Regular Season,1610612747,1630559,G,True,fixture,True,5,
0000000365,2025-26,Regular Season,1610612747,1626156,G-F,False,fixture,True,5,
0000000365,2025-26,Regular Season,1610612747,1629020,F,True,fixture,True,5,
0000000365,2025-26,Regular Season,1610612748,202710,F-G,True,fixture,True,5,
0000000365,2025-26,Regular Season,1610612748,1629639,G,True,fixture,True,5,
0000000365,2025-26,Regular Season,1610612748,202355,C,True,fixture,True,5,
0000000365,2025-26,Regular Season,1610612748,1631170,G-F,True,fixture,True,5,
0000000365,2025-26,Regular Season,1610612748,203482,C-F,True,fixture,True,5,
0000000365,2025-26,Regular Season,1610612748,1631107,F,False,fixture,True,5,
0000000366,2025-26,Regular Season,1610612744,201939,G,True,fixture,True,5,
0000000366,2025-26,Regular Season,1610612744,202691,G-F,True,fixture,True,5,
0000000366,2025-26,Regular Season,1610612744,203110,F-C,True,fixture,True,5,
0000000366,2025-26,Regular Season,1610612744,1630228,F,True,fixture,True,5,
0000000366,2025-26,Regular Season,1610612744,1626172,C,False,fixture,True,5,
0000000366,2025-26,Regular Season,1610612744,1630541,G,True,fixture,True,5,
0000000366,2025-26,Regular Season,1610612747,2544,F,True,fixture,True,5,
0000000366,2025-26,Regular Season,1610612747,1629029,G,True,fixture,True,5,
0000000366,2025-26,Regular Season,1610612747,203076,C-F,True,fixture,True,5,
0000000366,2025-26,Regular Season,1610612747,1630559,G,True,fixture,True,5,
0000000366,2025-26,Regular Season,1610612747,1626156,G-F,False,fixture,True,5,
0000000366,2025-26,Regular Season,1610612747,1629020,F,True,fixture,True,5,
0000000367,2025-26,Regular Season,1610612744,201939,G,True,fixture,True,5,
0000000367,2025-26,Regular Season,1610612744,202691,G-F,True,fixture,True,5,
0000000367,2025-26,Regular Season,1610612744,203110,F-C,True,fixture,True,5,
0000000367,2025-26,Regular Season,1610612744,1630228,F,True,fixture,True,5,
0000000367,2025-26,Regular Season,1610612744,1626172,C,False,fixture,True,5,
0000000367,2025-26,Regular Season,1610612744,1630541,G,True,fixture,True,5,
0000000367,2025-26,Regular Season,1610612743,203999,C,True,fixture,True,5,
0000000367,2025-26,Regular Season,1610612743,1627750,G,True,fixture,True,5,
0000000367,2025-26,Regular Season,1610612743,1628420,F,True,fixture,True,5,
0000000367,2025-26,Regular Season,1610612743,1630166,G-F,True,fixture,True,5,
0000000367,2025-26,Regular Season,1610612743,203914,G,True,fixture,True,5,
0000000367,2025-26,Regular Season,1610612743,1631128,F,False,fixture,True,5,
0000000368,2025-26,Regular Season,1610612744,201939,G,True,fixture,True,5,
0000000368,2025-26,Regular Season,1610612744,202691,G-F,True,fixture,True,5,
0000000368,2025-26,Regular Season,1610612744,203110,F-C,True,fixture,True,5,
0000000368,2025-26,Regular Season,1610612744,1630228,F,True,fixture,True,5,
0000000368,2025-26,Regular Season,1610612744,1626172,C,False,fixture,True,5,
0000000368,2025-26,Regular Season,1610612744,1630541,G,True,fixture,True,5,
0000000368,2025-26,Regular Season,1610612738,1628369,F,True,fixture,True,5,
0000000368,2025-26,Regular Season,1610612738,1627759,G-F,True,fixture,True,5,
0000000368,2025-26,Regular Season,1610612738,201950,G,True,fixture,True,5,
0000000368,2025-26,Regular Season,1610612738,1628464,G,True,fixture,True,5,
0000000368,2025-26,Regular Season,1610612738,203935,C,True,fixture,True,5,
0000000368,2025-26,Regular Season,1610612738,1629057,C-F,False,fixture,True,5,
0000000369,2025-26,Regular Season,1610612744,201939,G,True,fixture,True,5,
0000000369,2025-26,Regular Season,1610612744,202691,G-F,True,fixture,True,5,
0000000369,2025-26,Regular Season,1610612744,203110,F-C,True,fixture,True,5,
0000000369,2025-26,Regular Season,1610612744,1630228,F,True,fixture,True,5,
0000000369,2025-26,Regular Season,1610612744,1626172,C,False,fixture,True,5,
0000000369,2025-26,Regular Season,1610612744,1630541,G,True,fixture,True,5,
0000000369,2025-26,Regular Season,1610612752,1628973,G,True,fixture,True,5,
0000000369,2025-26,Regular Season,1610612752,1626157,C,True,fixture,True,5,
0000000369,2025-26,Regular Season,1610612752,1629628,G-F,True,fixture,True,5,
0000000369,2025-26,Regular Season,1610612752,1630193,G,True,fixture,True,5,
0000000369,2025-26,Regular Season,1610612752,203944,F-C,True,fixture,True,5,
0000000369,2025-26,Regular Season,1610612752,1631216,G,False,fixture,True,5,
0000000370,2025-26,Regular Season,1610612744,201939,G,True,fixture,True,5,
0000000370,2025-26,Regular Season,1610612744,202691,G-F,True,fixture,True,5,
0000000370,2025-26,Regular Season,1610612744,203110,F-C,True,fixture,True,5,
0000000370,2025-26,Regular Season,1610612744,1630228,F,True,fixture,True,5,
0000000370,2025-26,Regular Season,1610612744,1626172,C,False,fixture,True,5,
0000000370,2025-26,Regular Season,1610612744,1630541,G,True,fixture,True,5,
0000000370,2025-26,Regular Season,1610612748,202710,F-G,True,fixture,True,5,
0000000370,2025-26,Regular Season,1610612748,1629639,G,True,fixture,True,5,
0000000370,2025-26,Regular Season,1610612748,202355,C,True,fixture,True,5,
0000000370,2025-26,Regular Season,1610612748,1631170,G-F,True,fixture,True,5,
0000000370,2025-26,Regular Season,1610612748,203482,C-F,True,fixture,True,5,
0000000370,2025-26,Regular Season,1610612748,1631107,F,False,fixture,True,5,
0000000371,2025-26,Regular Season,1610612743,203999,C,True,fixture,True,5,
0000000371,2025-26,Regular Season,1610612743,1627750,G,True,fixture,True,5,
0000000371,2025-26,Regular Season,1610612743,1628420,F,True,fixture,True,5,
0000000371,2025-26,Regular Season,1610612743,1630166,G-F,True,fixture,True,5,
0000000371,2025-26,Regular Season,1610612743,203914,G,True,fixture,True,5,
0000000371,2025-26,Regular Season,1610612743,1631128,F,False,fixture,True,5,
0000000371,2025-26,Regular Season,1610612747,2544,F,True,fixture,True,5,
0000000371,2025-26,Regular Season,1610612747,1629029,G,True,fixture,True,5,
0000000371,2025-26,Regular Season,1610612747,203076,C-F,True,fixture,True,5,
0000000371,2025-26,Regular Season,1610612747,1630559,G,True,fixture,True,5,
0000000371,2025-26,Regular Season,1610612747,1626156,G-F,False,fixture,True,5,
0000000371,2025-26,Regular Season,1610612747,1629020,F,True,fixture,True,5,
0000000372,2025-26,Regular Season,1610612743,203999,C,True,fixture,True,5,
0000000372,2025-26,Regular Season,1610612743,1627750,G,True,fixture,True,5,
0000000372,2025-26,Regular Season,1610612743,1628420,F,True,fixture,True,5,
0000000372,2025-26,Regular Season,1610612743,1630166,G-F,True,fixture,True,5,
0000000372,2025-26,Regular Season,1610612743,203914,G,True,fixture,True,5,
0000000372,2025-26,Regular Season,1610612743,1631128,F,False,fixture,True,5,
0000000372,2025-26,Regular Season,1610612744,201939,G,True,fixture,True,5,
0000000372,2025-26,Regular Season,1610612744,202691,G-F,True,fixture,True,5,
0000000372,2025-26,Regular Season,1610612744,203110,F-C,True,fixture,True,5,
0000000372,2025-26,Regular Season,1610612744,1630228,F,True,fixture,True,5,
0000000372,2025-26,Regular Season,1610612744,1626172,C,False,fixture,True,5,
0000000372,2025-26,Regular Season,1610612744,1630541,G,True,fixture,True,5,
0000000373,2025-26,Regular Season,1610612743,203999,C,True,fixture,True,5,
0000000373,2025-26,Regular Season,1610612743,1627750,G,True,fixture,True,5,
0000000373,2025-26,Regular Season,1610612743,1628420,F,True,fixture,True,5,
0000000373,2025-26,Regular Season,1610612743,1630166,G-F,True,fixture,True,5,
0000000373,2025-26,Regular Season,1610612743,203914,G,True,fixture,True,5,
0000000373,2025-26,Regular Season,1610612743,1631128,F,False,fixture,True,5,
0000000373,2025-26,Regular Season,1610612738,1628369,F,True,fixture,True,5,
0000000373,2025-26,Regular Season,1610612738,1627759,G-F,True,fixture,True,5,
0000000373,2025-26,Regular Season,1610612738,201950,G,True,fixture,True,5,
0000000373,2025-26,Regular Season,1610612738,1628464,G,True,fixture,True,5,
0000000373,2025-26,Regular Season,1610612738,203935,C,True,fixture,True,5,
0000000373,2025-26,Regular Season,1610612738,1629057,C-F,False,fixture,True,5,
0000000374,2025-26,Regular Season,1610612743,203999,C,True,fixture,True,5,
0000000374,2025-26,Regular Season,1610612743,1627750,G,True,fixture,True,5,
0000000374,2025-26,Regular Season,1610612743,1628420,F,True,fixture,True,5,
0000000374,2025-26,Regular Season,1610612743,1630166,G-F,True,fixture,True,5,
0000000374,2025-26,Regular Season,1610612743,203914,G,True,fixture,True,5,
0000000374,2025-26,Regular Season,1610612743,1631128,F,False,fixture,True,5,
0000000374,2025-26,Regular Season,1610612752,1628973,G,True,fixture,True,5,
0000000374,2025-26,Regular Season,1610612752,1626157,C,True,fixture,True,5,
0000000374,2025-26,Regular Season,1610612752,1629628,G-F,True,fixture,True,5,
0000000374,2025-26,Regular Season,1610612752,1630193,G,True,fixture,True,5,
0000000374,2025-26,Regular Season,1610612752,203944,F-C,True,fixture,True,5,
0000000374,2025-26,Regular Season,1610612752,1631216,G,False,fixture,True,5,
0000000375,2025-26,Regular Season,1610612743,203999,C,True,fixture,True,5,
0000000375,2025-26,Regular Season,1610612743,1627750,G,True,fixture,True,5,
0000000375,2025-26,Regular Season,1610612743,1628420,F,True,fixture,True,5,
0000000375,2025-26,Regular Season,1610612743,1630166,G-F,True,fixture,True,5,
0000000375,2025-26,Regular Season,1610612743,203914,G,True,fixture,True,5,
0000000375,2025-26,Regular Season,1610612743,1631128,F,False,fixture,True,5,
0000000375,2025-26,Regular Season,1610612748,202710,F-G,True,fixture,True,5,
0000000375,2025-26,Regular Season,1610612748,1629639,G,True,fixture,True,5,
0000000375,2025-26,Regular Season,1610612748,202355,C,True,fixture,True,5,
0000000375,2025-26,Regular Season,1610612748,1631170,G-F,True,fixture,True,5,
0000000375,2025-26,Regular Season,1610612748,203482,C-F,True,fixture,True,5,
0000000375,2025-26,Regular Season,1610612748,1631107,F,False,fixture,True,5,
0000000376,2025-26,Regular Season,1610612738,1628369,F,True,fixture,True,5,
0000000376,2025-26,Regular Season,1610612738,1627759,G-F,True,fixture,True,5,
0000000376,2025-26,Regular Season,1610612738,201950,G,True,fixture,True,5,
0000000376,2025-26,Regular Season,1610612738,1628464,G,True,fixture,True,5,
0000000376,2025-26,Regular Season,1610612738,203935,C,True,fixture,True,5,
0000000376,2025-26,Regular Season,1610612738,1629057,C-F,False,fixture,True,5,
0000000376,2025-26,Regular Season,1610612747,2544,F,True,fixture,True,5,
0000000376,2025-26,Regular Season,1610612747,1629029,G,True,fixture,True,5,
0000000376,2025-26,Regular Season,1610612747,203076,C-F,True,fixture,True,5,
0000000376,2025-26,Regular Season,1610612747,1630559,G,True,fixture,True,5,
0000000376,2025-26,Regular Season,1610612747,1626156,G-F,False,fixture,True,5,
0000000376,2025-26,Regular Season,1610612747,1629020,F,True,fixture,True,5,
0000000377,2025-26,Regular Season,1610612738,1628369,F,True,fixture,True,5,
0000000377,2025-26,Regular Season,1610612738,1627759,G-F,True,fixture,True,5,
0000000377,2025-26,Regular Season,1610612738,201950,G,True,fixture,True,5,
0000000377,2025-26,Regular Season,1610612738,1628464,G,True,fixture,True,5,
0000000377,2025-26,Regular Season,1610612738,203935,C,True,fixture,True,5,
0000000377,2025-26,Regular Season,1610612738,1629057,C-F,False,fixture,True,5,
0000000377,2025-26,Regular Season,1610612744,201939,G,True,fixture,True,5,
0000000377,2025-26,Regular Season,1610612744,202691,G-F,True,fixture,True,5,
0000000377,2025-26,Regular Season,1610612744,203110,F-C,True,fixture,True,5,
0000000377,2025-26,Regular Season,1610612744,1630228,F,True,fixture,True,5,
0000000377,2025-26,Regular Season,1610612744,1626172,C,False,fixture,True,5,
0000000377,2025-26,Regular Season,1610612744,1630541,G,True,fixture,True,5,
0000000378,2025-26,Regular Season,1610612738,1628369,F,True,fixture,True,5,
0000000378,2025-26,Regular Season,1610612738,1627759,G-F,True,fixture,True,5,
0000000378,2025-26,Regular Season,1610612738,201950,G,True,fixture,True,5,
0000000378,2025-26,Regular Season,1610612738,1628464,G,True,fixture,True,5,
0000000378,2025-26,Regular Season,1610612738,203935,C,True,fixture,True,5,
0000000378,2025-26,Regular Season,1610612738,1629057,C-F,False,fixture,True,5,
0000000378,2025-26,Regular Season,1610612743,203999,C,True,fixture,True,5,
0000000378,2025-26,Regular Season,1610612743,1627750,G,True,fixture,True,5,
0000000378,2025-26,Regular Season,1610612743,1628420,F,True,fixture,True,5,
0000000378,2025-26,Regular Season,1610612743,1630166,G-F,True,fixture,True,5,
0000000378,2025-26,Regular Season,1610612743,203914,G,True,fixture,True,5,
0000000378,2025-26,Regular Season,1610612743,1631128,F,False,fixture,True,5,
0000000379,2025-26,Regular Season,1610612738,1628369,F,True,fixture,True,5,
0000000379,2025-26,Regular Season,1610612738,1627759,G-F,True,fixture,True,5,
0000000379,2025-26,Regular Season,1610612738,201950,G,True,fixture,True,5,
0000000379,2025-26,Regular Season,1610612738,1628464,G,True,fixture,True,5,
0000000379,2025-26,Regular Season,1610612738,203935,C,True,fixture,True,5,
0000000379,2025-26,Regular Season,1610612738,1629057,C-F,False,fixture,True,5,
0000000379,2025-26,Regular Season,1610612752,1628973,G,True,fixture,True,5,
0000000379,2025-26,Regular Season,1610612752,1626157,C,True,fixture,True,5,
0000000379,2025-26,Regular Season,1610612752,1629628,G-F,True,fixture,True,5,
0000000379,2025-26,Regular Season,1610612752,1630193,G,True,fixture,True,5,
0000000379,2025-26,Regular Season,1610612752,203944,F-C,True,fixture,True,5,
0000000379,2025-26,Regular Season,1610612752,1631216,G,False,fixture,True,5,
0000000380,2025-26,Regular Season,1610612738,1628369,F,True,fixture,True,5,
0000000380,2025-26,Regular Season,1610612738,1627759,G-F,True,fixture,True,5,
0000000380,2025-26,Regular Season,1610612738,201950,G,True,fixture,True,5,
0000000380,2025-26,Regular Season,1610612738,1628464,G,True,fixture,True,5,
0000000380,2025-26,Regular Season,1610612738,203935,C,True,fixture,True,5,
0000000380,2025-26,Regular Season,1610612738,1629057,C-F,False,fixture,True,5,
0000000380,2025-26,Regular Season,1610612748,202710,F-G,True,fixture,True,5,
0000000380,2025-26,Regular Season,1610612748,1629639,G,True,fixture,True,5,
0000000380,2025-26,Regular Season,1610612748,202355,C,True,fixture,True,5,
0000000380,2025-26,Regular Season,1610612748,1631170,G-F,True,fixture,True,5,
0000000380,2025-26,Regular Season,1610612748,203482,C-F,True,fixture,True,5,
0000000380,2025-26,Regular Season,1610612748,1631107,F,False,fixture,True,5,
0000000381,2025-26,Regular Season,1610612752,1628973,G,True,fixture,True,5,
0000000381,2025-26,Regular Season,1610612752,1626157,C,True,fixture,True,5,
0000000381,2025-26,Regular Season,1610612752,1629628,G-F,True,fixture,True,5,
0000000381,2025-26,Regular Season,1610612752,1630193,G,True,fixture,True,5,
0000000381,2025-26,Regular Season,1610612752,203944,F-C,True,fixture,True,5,
0000000381,2025-26,Regular Season,1610612752,1631216,G,False,fixture,True,5,
0000000381,2025-26,Regular Season,1610612747,2544,F,True,fixture,True,5,
0000000381,2025-26,Regular Season,1610612747,1629029,G,True,fixture,True,5,
0000000381,2025-26,Regular Season,1610612747,203076,C-F,True,fixture,True,5,
0000000381,2025-26,Regular Season,1610612747,1630559,G,True,fixture,True,5,
0000000381,2025-26,Regular Season,1610612747,1626156,G-F,False,fixture,True,5,
0000000381,2025-26,Regular Season,1610612747,1629020,F,True,fixture,True,5,
0000000382,2025-26,Regular Season,1610612752,1628973,G,True,fixture,True,5,
0000000382,2025-26,Regular Season,1610612752,1626157,C,True,fixture,True,5,
0000000382,2025-26,Regular Season,1610612752,1629628,G-F,True,fixture,True,5,
0000000382,2025-26,Regular Season,1610612752,1630193,G,True,fixture,True,5,
0000000382,2025-26,Regular Season,1610612752,203944,F-C,True,fixture,True,5,
0000000382,2025-26,Regular Season,1610612752,1631216,G,False,fixture,True,5,
0000000382,2025-26,Regular Season,1610612744,201939,G,True,fixture,True,5,
0000000382,2025-26,Regular Season,1610612744,202691,G-F,True,fixture,True,5,
0000000382,2025-26,Regular Season,1610612744,203110,F-C,True,fixture,True,5,
0000000382,2025-26,Regular Season,1610612744,1630228,F,True,fixture,True,5,
0000000382,2025-26,Regular Season,1610612744,1626172,C,False,fixture,True,5,
0000000382,2025-26,Regular Season,1610612744,1630541,G,True,fixture,True,5,
0000000383,2025-26,Regular Season,1610612752,1628973,G,True,fixture,True,5,
0000000383,2025-26,Regular Season,1610612752,1626157,C,True,fixture,True,5,
0000000383,2025-26,Regular Season,1610612752,1629628,G-F,True,fixture,True,5,
0000000383,2025-26,Regular Season,1610612752,1630193,G,True,fixture,True,5,
0000000383,2025-26,Regular Season,1610612752,203944,F-C,True,fixture,True,5,
0000000383,2025-26,Regular Season,1610612752,1631216,G,False,fixture,True,5,
0000000383,2025-26,Regular Season,1610612743,203999,C,True,fixture,True,5,
0000000383,2025-26,Regular Season,1610612743,1627750,G,True,fixture,True,5,
0000000383,2025-26,Regular Season,1610612743,1628420,F,True,fixture,True,5,
0000000383,2025-26,Regular Season,1610612743,1630166,G-F,True,fixture,True,5,
0000000383,2025-26,Regular Season,1610612743,203914,G,True,fixture,True,5,
0000000383,2025-26,Regular Season,1610612743,1631128,F,False,fixture,True,5,
0000000384,2025-26,Regular Season,1610612752,1628973,G,True,fixture,True,5,
0000000384,2025-26,Regular Season,1610612752,1626157,C,True,fixture,True,5,
0000000384,2025-26,Regular Season,1610612752,1629628,G-F,True,fixture,True,5,
0000000384,2025-26,Regular Season,1610612752,1630193,G,True,fixture,True,5,
0000000384,2025-26,Regular Season,1610612752,203944,F-C,True,fixture,True,5,
0000000384,2025-26,Regular Season,1610612752,1631216,G,False,fixture,True,5,
0000000384,2025-26,Regular Season,1610612738,1628369,F,True,fixture,True,5,
0000000384,2025-26,Regular Season,1610612738,1627759,G-F,True,fixture,True,5,
0000000384,2025-26,Regular Season,1610612738,201950,G,True,fixture,True,5,
0000000384,2025-26,Regular Season,1610612738,1628464,G,True,fixture,True,5,
0000000384,2025-26,Regular Season,1610612738,203935,C,True,fixture,True,5,
0000000384,2025-26,Regular Season,1610612738,1629057,C-F,False,fixture,True,5,
0000000385,2025-26,Regular Season,1610612752,1628973,G,True,fixture,True,5,
0000000385,2025-26,Regular Season,1610612752,1626157,C,True,fixture,True,5,
0000000385,2025-26,Regular Season,1610612752,1629628,G-F,True,fixture,True,5,
0000000385,2025-26,Regular Season,1610612752,1630193,G,True,fixture,True,5,
0000000385,2025-26,Regular Season,1610612752,203944,F-C,True,fixture,True,5,
0000000385,2025-26,Regular Season,1610612752,1631216,G,False,fixture,True,5,
0000000385,2025-26,Regular Season,1610612748,202710,F-G,True,fixture,True,5,
0000000385,2025-26,Regular Season,1610612748,1629639,G,True,fixture,True,5,
0000000385,2025-26,Regular Season,1610612748,202355,C,True,fixture,True,5,
0000000385,2025-26,Regular Season,1610612748,1631170,G-F,True,fixture,True,5,
0000000385,2025-26,Regular Season,1610612748,203482,C-F,True,fixture,True,5,
0000000385,2025-26,Regular Season,1610612748,1631107,F,False,fixture,True,5,
0000000386,2025-26,Regular Season,1610612748,202710,F-G,True,fixture,True,5,
0000000386,2025-26,Regular Season,1610612748,1629639,G,True,fixture,True,5,
0000000386,2025-26,Regular Season,1610612748,202355,C,True,fixture,True,5,
0000000386,2025-26,Regular Season,1610612748,1631170,G-F,True,fixture,True,5,
0000000386,2025-26,Regular Season,1610612748,203482,C-F,True,fixture,True,5,
0000000386,2025-26,Regular Season,1610612748,1631107,F,False,fixture,True,5,
0000000386,2025-26,Regular Season,1610612747,2544,F,True,fixture,True,5,
0000000386,2025-26,Regular Season,1610612747,1629029,G,True,fixture,True,5,
0000000386,2025-26,Regular Season,1610612747,203076,C-F,True,fixture,True,5,
0000000386,2025-26,Regular Season,1610612747,1630559,G,True,fixture,True,5,
0000000386,2025-26,Regular Season,1610612747,1626156,G-F,False,fixture,True,5,
0000000386,2025-26,Regular Season,1610612747,1629020,F,True,fixture,True,5,
0000000387,2025-26,Regular Season,1610612748,202710,F-G,True,fixture,True,5,
0000000387,2025-26,Regular Season,1610612748,1629639,G,True,fixture,True,5,
0000000387,2025-26,Regular Season,1610612748,202355,C,True,fixture,True,5,
0000000387,2025-26,Regular Season,1610612748,1631170,G-F,True,fixture,True,5,
0000000387,2025-26,Regular Season,1610612748,203482,C-F,True,fixture,True,5,
0000000387,2025-26,Regular Season,1610612748,1631107,F,False,fixture,True,5,
0000000387,2025-26,Regular Season,1610612744,201939,G,True,fixture,True,5,
0000000387,2025-26,Regular Season,1610612744,202691,G-F,True,fixture,True,5,
0000000387,2025-26,Regular Season,1610612744,203110,F-C,True,fixture,True,5,
0000000387,2025-26,Regular Season,1610612744,1630228,F,True,fixture,True,5,
0000000387,2025-26,Regular Season,1610612744,1626172,C,False,fixture,True,5,
0000000387,2025-26,Regular Season,1610612744,1630541,G,True,fixture,True,5,
0000000388,2025-26,Regular Season,1610612748,202710,F-G,True,fixture,True,5,
0000000388,2025-26,Regular Season,1610612748,1629639,G,True,fixture,True,5,
0000000388,2025-26,Regular Season,1610612748,202355,C,True,fixture,True,5,
0000000388,2025-26,Regular Season,1610612748,1631170,G-F,True,fixture,True,5,
0000000388,2025-26,Regular Season,1610612748,203482,C-F,True,fixture,True,5,
0000000388,2025-26,Regular Season,1610612748,1631107,F,False,fixture,True,5,
0000000388,2025-26,Regular Season,1610612743,203999,C,True,fixture,True,5,
0000000388,2025-26,Regular Season,1610612743,1627750,G,True,fixture,True,5,
0000000388,2025-26,Regular Season,1610612743,1628420,F,True,fixture,True,5,
0000000388,2025-26,Regular Season,1610612743,1630166,G-F,True,fixture,True,5,
0000000388,2025-26,Regular Season,1610612743,203914,G,True,fixture,True,5,
0000000388,2025-26,Regular Season,1610612743,1631128,F,False,fixture,True,5,
0000000389,2025-26,Regular Season,1610612748,202710,F-G,True,fixture,True,5,
0000000389,2025-26,Regular Season,1610612748,1629639,G,True,fixture,True,5,
0000000389,2025-26,Regular Season,1610612748,202355,C,True,fixture,True,5,
0000000389,2025-26,Regular Season,1610612748,1631170,G-F,True,fixture,True,5,
0000000389,2025-26,Regular Season,1610612748,203482,C-F,True,fixture,True,5,
0000000389,2025-26,Regular Season,1610612748,1631107,F,False,fixture,True,5,
0000000389,2025-26,Regular Season,1610612738,1628369,F,True,fixture,True,5,
0000000389,2025-26,Regular Season,1610612738,1627759,G-F,True,fixture,True,5,
0000000389,2025-26,Regular Season,1610612738,201950,G,True,fixture,True,5,
0000000389,2025-26,Regular Season,1610612738,1628464,G,True,fixture,True,5,
0000000389,2025-26,Regular Season,1610612738,203935,C,True,fixture,True,5,
0000000389,2025-26,Regular Season,1610612738,1629057,C-F,False,fixture,True,5,
0000000390,2025-26,Regular Season,1610612748,202710,F-G,True,fixture,True,5,
0000000390,2025-26,Regular Season,1610612748,1629639,G,True,fixture,True,5,
0000000390,2025-26,Regular Season,1610612748,202355,C,True,fixture,True,5,
0000000390,2025-26,Regular Season,1610612748,1631170,G-F,True,fixture,True,5,
0000000390,2025-26,Regular Season,1610612748,203482,C-F,True,fixture,True,5,
0000000390,2025-26,Regular Season,1610612748,1631107,F,False,fixture,True,5,
0000000390,2025-26,Regular Season,1610612752,1628973,G,True,fixture,True,5,
0000000390,2025-26,Regular Season,1610612752,1626157,C,True,fixture,True,5,
0000000390,2025-26,Regular Season,1610612752,1629628,G-F,True,fixture,True,5,
0000000390,2025-26,Regular Season,1610612752,1630193,G,True,fixture,True,5,
0000000390,2025-26,Regular Season,1610612752,203944,F-C,True,fixture,True,5,
0000000390,2025-26,Regular Season,1610612752,1631216,G,False,fixture,True,5,
0000000391,2025-26,Regular Season,1610612747,2544,F,True,fixture,True,5,
0000000391,2025-26,Regular Season,1610612747,1629029,G,True,fixture,True,5,
0000000391,2025-26,Regular Season,1610612747,203076,C-F,True,fixture,True,5,
0000000391,2025-26,Regular Season,1610612747,1630559,G,True,fixture,True,5,
0000000391,2025-26,Regular Season,1610612747,1626156,G-F,False,fixture,True,5,
0000000391,2025-26,Regular Season,1610612747,1629020,F,True,fixture,True,5,
0000000391,2025-26,Regular Season,1610612744,201939,G,True,fixture,True,5,
0000000391,2025-26,Regular Season,1610612744,202691,G-F,True,fixture,True,5,
0000000391,2025-26,Regular Season,1610612744,203110,F-C,True,fixture,True,5,
0000000391,2025-26,Regular Season,1610612744,1630228,F,True,fixture,True,5,
0000000391,2025-26,Regular Season,1610612744,1626172,C,False,fixture,True,5,
0000000391,2025-26,Regular Season,1610612744,1630541,G,True,fixture,True,5,
0000000392,2025-26,Regular Season,1610612747,2544,F,True,fixture,True,5,
0000000392,2025-26,Regular Season,1610612747,1629029,G,True,fixture,True,5,
0000000392,2025-26,Regular Season,1610612747,203076,C-F,True,fixture,True,5,
0000000392,2025-26,Regular Season,1610612747,1630559,G,True,fixture,True,5,
0000000392,2025-26,Regular Season,1610612747,1626156,G-F,False,fixture,True,5,
0000000392,2025-26,Regular Season,1610612747,1629020,F,True,fixture,True,5,
0000000392,2025-26,Regular Season,1610612743,203999,C,True,fixture,True,5,
0000000392,2025-26,Regular Season,1610612743,1627750,G,True,fixture,True,5,
0000000392,2025-26,Regular Season,1610612743,1628420,F,True,fixture,True,5,
0000000392,2025-26,Regular Season,1610612743,1630166,G-F,True,fixture,True,5,
0000000392,2025-26,Regular Season,1610612743,203914,G,True,fixture,True,5,
0000000392,2025-26,Regular Season,1610612743,1631128,F,False,fixture,True,5,
0000000393,2025-26,Regular Season,1610612747,2544,F,True,fixture,True,5,
0000000393,2025-26,Regular Season,1610612747,1629029,G,True,fixture,True,5,
0000000393,2025-26,Regular Season,1610612747,203076,C-F,True,fixture,True,5,
0000000393,2025-26,Regular Season,1610612747,1630559,G,True,fixture,True,5,
0000000393,2025-26,Regular Season,1610612747,1626156,G-F,False,fixture,True,5,
0000000393,2025-26,Regular Season,1610612747,1629020,F,True,fixture,True,5,
0000000393,2025-26,Regular Season,1610612738,1628369,F,True,fixture,True,5,
0000000393,2025-26,Regular Season,1610612738,1627759,G-F,True,fixture,True,5,
0000000393,2025-26,Regular Season,1610612738,201950,G,True,fixture,True,5,
0000000393,2025-26,Regular Season,1610612738,1628464,G,True,fixture,True,5,
0000000393,2025-26,Regular Season,1610612738,203935,C,True,fixture,True,5,
0000000393,2025-26,Regular Season,1610612738,1629057,C-F,False,fixture,True,5,
0000000394,2025-26,Regular Season,1610612747,2544,F,True,fixture,True,5,
0000000394,2025-26,Regular Season,1610612747,1629029,G,True,fixture,True,5,
0000000394,2025-26,Regular Season,1610612747,203076,C-F,True,fixture,True,5,
0000000394,2025-26,Regular Season,1610612747,1630559,G,True,fixture,True,5,
0000000394,2025-26,Regular Season,1610612747,1626156,G-F,False,fixture,True,5,
0000000394,2025-26,Regular Season,1610612747,1629020,F,True,fixture,True,5,
0000000394,2025-26,Regular Season,1610612752,1628973,G,True,fixture,True,5,
0000000394,2025-26,Regular Season,1610612752,1626157,C,True,fixture,True,5,
0000000394,2025-26,Regular Season,1610612752,1629628,G-F,True,fixture,True,5,
0000000394,2025-26,Regular Season,1610612752,1630193,G,True,fixture,True,5,
0000000394,2025-26,Regular Season,1610612752,203944,F-C,True,fixture,True,5,
0000000394,2025-26,Regular Season,1610612752,1631216,G,False,fixture,True,5,
0000000395,2025-26,Regular Season,1610612747,2544,F,True,fixture,True,5,
0000000395,2025-26,Regular Season,1610612747,1629029,G,True,fixture,True,5,
0000000395,2025-26,Regular Season,1610612747,203076,C-F,True,fixture,True,5,
0000000395,2025-26,Regular Season,1610612747,1630559,G,True,fixture,True,5,
0000000395,2025-26,Regular Season,1610612747,1626156,G-F,False,fixture,True,5,
0000000395,2025-26,Regular Season,1610612747,1629020,F,True,fixture,True,5,
0000000395,2025-26,Regular Season,1610612748,202710,F-G,True,fixture,True,5,
0000000395,2025-26,Regular Season,1610612748,1629639,G,True,fixture,True,5,
0000000395,2025-26,Regular Season,1610612748,202355,C,True,fixture,True,5,
0000000395,2025-26,Regular Season,1610612748,1631170,G-F,True,fixture,True,5,
0000000395,2025-26,Regular Season,1610612748,203482,C-F,True,fixture,True,5,
0000000395,2025-26,Regular Season,1610612748,1631107,F,False,fixture,True,5,
0000000396,2025-26,Regular Season,1610612744,201939,G,True,fixture,True,5,
0000000396,2025-26,Regular Season,1610612744,202691,G-F,True,fixture,True,5,
0000000396,2025-26,Regular Season,1610612744,203110,F-C,True,fixture,True,5,
0000000396,2025-26,Regular Season,1610612744,1630228,F,True,fixture,True,5,
0000000396,2025-26,Regular Season,1610612744,1626172,C,False,fixture,True,5,
0000000396,2025-26,Regular Season,1610612744,1630541,G,True,fixture,True,5,
0000000396,2025-26,Regular Season,1610612747,2544,F,True,fixture,True,5,
0000000396,2025-26,Regular Season,1610612747,1629029,G,True,fixture,True,5,
0000000396,2025-26,Regular Season,1610612747,203076,C-F,True,fixture,True,5,
0000000396,2025-26,Regular Season,1610612747,1630559,G,True,fixture,True,5,
0000000396,2025-26,Regular Season,1610612747,1626156,G-F,False,fixture,True,5,
0000000396,2025-26,Regular Season,1610612747,1629020,F,True,fixture,True,5,
0000000397,2025-26,Regular Season,1610612744,201939,G,True,fixture,True,5,
0000000397,2025-26,Regular Season,1610612744,202691,G-F,True,fixture,True,5,
0000000397,2025-26,Regular Season,1610612744,203110,F-C,True,fixture,True,5,
0000000397,2025-26,Regular Season,1610612744,1630228,F,True,fixture,True,5,
0000000397,2025-26,Regular Season,1610612744,1626172,C,False,fixture,True,5,
0000000397,2025-26,Regular Season,1610612744,1630541,G,True,fixture,True,5,
0000000397,2025-26,Regular Season,1610612743,203999,C,True,fixture,True,5,
0000000397,2025-26,Regular Season,1610612743,1627750,G,True,fixture,True,5,
0000000397,2025-26,Regular Season,1610612743,1628420,F,True,fixture,True,5,
0000000397,2025-26,Regular Season,1610612743,1630166,G-F,True,fixture,True,5,
0000000397,2025-26,Regular Season,1610612743,203914,G,True,fixture,True,5,
0000000397,2025-26,Regular Season,1610612743,1631128,F,False,fixture,True,5,
0000000398,2025-26,Regular Season,1610612744,201939,G,True,fixture,True,5,
0000000398,2025-26,Regular Season,1610612744,202691,G-F,True,fixture,True,5,
0000000398,2025-26,Regular Season,1610612744,203110,F-C,True,fixture,True,5,
0000000398,2025-26,Regular Season,1610612744,1630228,F,True,fixture,True,5,
0000000398,2025-26,Regular Season,1610612744,1626172,C,False,fixture,True,5,
0000000398,2025-26,Regular Season,1610612744,1630541,G,True,fixture,True,5,
0000000398,2025-26,Regular Season,1610612738,1628369,F,True,fixture,True,5,
0000000398,2025-26,Regular Season,1610612738,1627759,G-F,True,fixture,True,5,
0000000398,2025-26,Regular Season,1610612738,201950,G,True,fixture,True,5,
0000000398,2025-26,Regular Season,1610612738,1628464,G,True,fixture,True,5,
0000000398,2025-26,Regular Season,1610612738,203935,C,True,fixture,True,5,
0000000398,2025-26,Regular Season,1610612738,1629057,C-F,False,fixture,True,5,
0000000399,2025-26,Regular Season,1610612744,201939,G,True,fixture,True,5,
0000000399,2025-26,Regular Season,1610612744,202691,G-F,True,fixture,True,5,
0000000399,2025-26,Regular Season,1610612744,203110,F-C,True,fixture,True,5,
0000000399,2025-26,Regular Season,1610612744,1630228,F,True,fixture,True,5,
0000000399,2025-26,Regular Season,1610612744,1626172,C,False,fixture,True,5,
0000000399,2025-26,Regular Season,1610612744,1630541,G,True,fixture,True,5,
0000000399,2025-26,Regular Season,1610612752,1628973,G,True,fixture,True,5,
0000000399,2025-26,Regular Season,1610612752,1626157,C,True,fixture,True,5,
0000000399,2025-26,Regular Season,1610612752,1629628,G-F,True,fixture,True,5,
0000000399,2025-26,Regular Season,1610612752,1630193,G,True,fixture,True,5,
0000000399,2025-26,Regular Season,1610612752,203944,F-C,True,fixture,True,5,
0000000399,2025-26,Regular Season,1610612752,1631216,G,False,fixture,True,5,
0000000400,2025-26,Regular Season,1610612744,201939,G,True,fixture,True,5,
0000000400,2025-26,Regular Season,1610612744,202691,G-F,True,fixture,True,5,
0000000400,2025-26,Regular Season,1610612744,203110,F-C,True,fixture,True,5,
0000000400,2025-26,Regular Season,1610612744,1630228,F,True,fixture,True,5,
0000000400,2025-26,Regular Season,1610612744,1626172,C,False,fixture,True,5,
0000000400,2025-26,Regular Season,1610612744,1630541,G,True,fixture,True,5,
0000000400,2025-26,Regular Season,1610612748,202710,F-G,True,fixture,True,5,
0000000400,2025-26,Regular Season,1610612748,1629639,G,True,fixture,True,5,
0000000400,2025-26,Regular Season,1610612748,202355,C,True,fixture,True,5,
0000000400,2025-26,Regular Season,1610612748,1631170,G-F,True,fixture,True,5,
0000000400,2025-26,Regular Season,1610612748,203482,C-F,True,fixture,True,5,
0000000400,2025-26,Regular Season,1610612748,1631107,F,False,fixture,True,5,
0000000401,2025-26,Regular Season,1610612743,203999,C,True,fixture,True,5,
0000000401,2025-26,Regular Season,1610612743,1627750,G,True,fixture,True,5,
0000000401,2025-26,Regular Season,1610612743,1628420,F,True,fixture,True,5,
0000000401,2025-26,Regular Season,1610612743,1630166,G-F,True,fixture,True,5,
0000000401,2025-26,Regular Season,1610612743,203914,G,True,fixture,True,5,
0000000401,2025-26,Regular Season,1610612743,1631128,F,False,fixture,True,5,
0000000401,2025-26,Regular Season,1610612747,2544,F,True,fixture,True,5,
0000000401,2025-26,Regular Season,1610612747,1629029,G,True,fixture,True,5,
0000000401,2025-26,Regular Season,1610612747,203076,C-F,True,fixture,True,5,
0000000401,2025-26,Regular Season,1610612747,1630559,G,True,fixture,True,5,
0000000401,2025-26,Regular Season,1610612747,1626156,G-F,False,fixture,True,5,
0000000401,2025-26,Regular Season,1610612747,1629020,F,True,fixture,True,5,
0000000402,2025-26,Regular Season,1610612743,203999,C,True,fixture,True,5,
0000000402,2025-26,Regular Season,1610612743,1627750,G,True,fixture,True,5,
0000000402,2025-26,Regular Season,1610612743,1628420,F,True,fixture,True,5,
0000000402,2025-26,Regular Season,1610612743,1630166,G-F,True,fixture,True,5,
0000000402,2025-26,Regular Season,1610612743,203914,G,True,fixture,True,5,
0000000402,2025-26,Regular Season,1610612743,1631128,F,False,fixture,True,5,
0000000402,2025-26,Regular Season,1610612744,201939,G,True,fixture,True,5,
0000000402,2025-26,Regular Season,1610612744,202691,G-F,True,fixture,True,5,
0000000402,2025-26,Regular Season,1610612744,203110,F-C,True,fixture,True,5,
0000000402,2025-26,Regular Season,1610612744,1630228,F,True,fixture,True,5,
0000000402,2025-26,Regular Season,1610612744,1626172,C,False,fixture,True,5,
0000000402,2025-26,Regular Season,1610612744,1630541,G,True,fixture,True,5,
0000000403,2025-26,Regular Season,1610612743,203999,C,True,fixture,True,5,
0000000403,2025-26,Regular Season,1610612743,1627750,G,True,fixture,True,5,
0000000403,2025-26,Regular Season,1610612743,1628420,F,True,fixture,True,5,
0000000403,2025-26,Regular Season,1610612743,1630166,G-F,True,fixture,True,5,
0000000403,2025-26,Regular Season,1610612743,203914,G,True,fixture,True,5,
0000000403,2025-26,Regular Season,1610612743,1631128,F,False,fixture,True,5,
0000000403,2025-26,Regular Season,1610612738,1628369,F,True,fixture,True,5,
0000000403,2025-26,Regular Season,1610612738,1627759,G-F,True,fixture,True,5,
0000000403,2025-26,Regular Season,1610612738,201950,G,True,fixture,True,5,
0000000403,2025-26,Regular Season,1610612738,1628464,G,True,fixture,True,5,
0000000403,2025-26,Regular Season,1610612738,203935,C,True,fixture,True,5,
0000000403,2025-26,Regular Season,1610612738,1629057,C-F,False,fixture,True,5,
0000000404,2025-26,Regular Season,1610612743,203999,C,True,fixture,True,5,
0000000404,2025-26,Regular Season,1610612743,1627750,G,True,fixture,True,5,
0000000404,2025-26,Regular Season,1610612743,1628420,F,True,fixture,True,5,
0000000404,2025-26,Regular Season,1610612743,1630166,G-F,True,fixture,True,5,
0000000404,2025-26,Regular Season,1610612743,203914,G,True,fixture,True,5,
0000000404,2025-26,Regular Season,1610612743,1631128,F,False,fixture,True,5,
0000000404,2025-26,Regular Season,1610612752,1628973,G,True,fixture,True,5,
0000000404,2025-26,Regular Season,1610612752,1626157,C,True,fixture,True,5,
0000000404,2025-26,Regular Season,1610612752,1629628,G-F,True,fixture,True,5,
0000000404,2025-26,Regular Season,1610612752,1630193,G,True,fixture,True,5,
0000000404,2025-26,Regular Season,1610612752,203944,F-C,True,fixture,True,5,
0000000404,2025-26,Regular Season,1610612752,1631216,G,False,fixture,True,5,
0000000405,2025-26,Regular Season,1610612743,203999,C,True,fixture,True,5,
0000000405,2025-26,Regular Season,1610612743,1627750,G,True,fixture,True,5,
0000000405,2025-26,Regular Season,1610612743,1628420,F,True,fixture,True,5,
0000000405,2025-26,Regular Season,1610612743,1630166,G-F,True,fixture,True,5,
0000000405,2025-26,Regular Season,1610612743,203914,G,True,fixture,True,5,
0000000405,2025-26,Regular Season,1610612743,1631128,F,False,fixture,True,5,
0000000405,2025-26,Regular Season,1610612748,202710,F-G,True,fixture,True,5,
0000000405,2025-26,Regular Season,1610612748,1629639,G,True,fixture,True,5,
0000000405,2025-26,Regular Season,1610612748,202355,C,True,fixture,True,5,
0000000405,2025-26,Regular Season,1610612748,1631170,G-F,True,fixture,True,5,
0000000405,2025-26,Regular Season,1610612748,203482,C-F,True,fixture,True,5,
0000000405,2025-26,Regular Season,1610612748,1631107,F,False,fixture,True,5,
0000000406,2025-26,Regular Season,1610612738,1628369,F,True,fixture,True,5,
0000000406,2025-26,Regular Season,1610612738,1627759,G-F,True,fixture,True,5,
0000000406,2025-26,Regular Season,1610612738,201950,G,True,fixture,True,5,
0000000406,2025-26,Regular Season,1610612738,1628464,G,True,fixture,True,5,
0000000406,2025-26,Regular Season,1610612738,203935,C,True,fixture,True,5,
0000000406,2025-26,Regular Season,1610612738,1629057,C-F,False,fixture,True,5,
0000000406,2025-26,Regular Season,1610612747,2544,F,True,fixture,True,5,
0000000406,2025-26,Regular Season,1610612747,1629029,G,True,fixture,True,5,
0000000406,2025-26,Regular Season,1610612747,203076,C-F,True,fixture,True,5,
0000000406,2025-26,Regular Season,1610612747,1630559,G,True,fixture,True,5,
0000000406,2025-26,Regular Season,1610612747,1626156,G-F,False,fixture,True,5,
0000000406,2025-26,Regular Season,1610612747,1629020,F,True,fixture,True,5,
0000000407,2025-26,Regular Season,1610612738,1628369,F,True,fixture,True,5,
0000000407,2025-26,Regular Season,1610612738,1627759,G-F,True,fixture,True,5,
0000000407,2025-26,Regular Season,1610612738,201950,G,True,fixture,True,5,
0000000407,2025-26,Regular Season,1610612738,1628464,G,True,fixture,True,5,
0000000407,2025-26,Regular Season,1610612738,203935,C,True,fixture,True,5,
0000000407,2025-26,Regular Season,1610612738,1629057,C-F,False,fixture,True,5,
0000000407,2025-26,Regular Season,1610612744,201939,G,True,fixture,True,5,
0000000407,2025-26,Regular Season,1610612744,202691,G-F,True,fixture,True,5,
0000000407,2025-26,Regular Season,1610612744,203110,F-C,True,fixture,True,5,
0000000407,2025-26,Regular Season,1610612744,1630228,F,True,fixture,True,5,
0000000407,2025-26,Regular Season,1610612744,1626172,C,False,fixture,True,5,
0000000407,2025-26,Regular Season,1610612744,1630541,G,True,fixture,True,5,
0000000408,2025-26,Regular Season,1610612738,1628369,F,True,fixture,True,5,
0000000408,2025-26,Regular Season,1610612738,1627759,G-F,True,fixture,True,5,
0000000408,2025-26,Regular Season,1610612738,201950,G,True,fixture,True,5,
0000000408,2025-26,Regular Season,1610612738,1628464,G,True,fixture,True,5,
0000000408,2025-26,Regular Season,1610612738,203935,C,True,fixture,True,5,
0000000408,2025-26,Regular Season,1610612738,1629057,C-F,False,fixture,True,5,
0000000408,2025-26,Regular Season,1610612743,203999,C,True,fixture,True,5,
0000000408,2025-26,Regular Season,1610612743,1627750,G,True,fixture,True,5,
0000000408,2025-26,Regular Season,1610612743,1628420,F,True,fixture,True,5,
0000000408,2025-26,Regular Season,1610612743,1630166,G-F,True,fixture,True,5,
0000000408,2025-26,Regular Season,1610612743,203914,G,True,fixture,True,5,
0000000408,2025-26,Regular Season,1610612743,1631128,F,False,fixture,True,5,
0000000409,2025-26,Regular Season,1610612738,1628369,F,True,fixture,True,5,
0000000409,2025-26,Regular Season,1610612738,1627759,G-F,True,fixture,True,5,
0000000409,2025-26,Regular Season,1610612738,201950,G,True,fixture,True,5,
0000000409,2025-26,Regular Season,1610612738,1628464,G,True,fixture,True,5,
0000000409,2025-26,Regular Season,1610612738,203935,C,True,fixture,True,5,
0000000409,2025-26,Regular Season,1610612738,1629057,C-F,False,fixture,True,5,
0000000409,2025-26,Regular Season,1610612752,1628973,G,True,fixture,True,5,
0000000409,2025-26,Regular Season,1610612752,1626157,C,True,fixture,True,5,
0000000409,2025-26,Regular Season,1610612752,1629628,G-F,True,fixture,True,5,
0000000409,2025-26,Regular Season,1610612752,1630193,G,True,fixture,True,5,
0000000409,2025-26,Regular Season,1610612752,203944,F-C,True,fixture,True,5,
0000000409,2025-26,Regular Season,1610612752,1631216,G,False,fixture,True,5,
0000000410,2025-26,Regular Season,1610612738,1628369,F,True,fixture,True,5,
0000000410,2025-26,Regular Season,1610612738,1627759,G-F,True,fixture,True,5,
0000000410,2025-26,Regular Season,1610612738,201950,G,True,fixture,True,5,
0000000410,2025-26,Regular Season,1610612738,1628464,G,True,fixture,True,5,
0000000410,2025-26,Regular Season,1610612738,203935,C,True,fixture,True,5,
0000000410,2025-26,Regular Season,1610612738,1629057,C-F,False,fixture,True,5,
0000000410,2025-26,Regular Season,1610612748,202710,F-G,True,fixture,True,5,
0000000410,2025-26,Regular Season,1610612748,1629639,G,True,fixture,True,5,
0000000410,2025-26,Regular Season,1610612748,202355,C,True,fixture,True,5,
0000000410,2025-26,Regular Season,1610612748,1631170,G-F,True,fixture,True,5,
0000000410,2025-26,Regular Season,1610612748,203482,C-F,True,fixture,True,5,
0000000410,2025-26,Regular Season,1610612748,1631107,F,False,fixture,True,5,
0000000411,2025-26,Regular Season,1610612752,1628973,G,True,fixture,True,5,
0000000411,2025-26,Regular Season,1610612752,1626157,C,True,fixture,True,5,
0000000411,2025-26,Regular Season,1610612752,1629628,G-F,True,fixture,True,5,
0000000411,2025-26,Regular Season,1610612752,1630193,G,True,fixture,True,5,
0000000411,2025-26,Regular Season,1610612752,203944,F-C,True,fixture,True,5,
0000000411,2025-26,Regular Season,1610612752,1631216,G,False,fixture,True,5,
0000000411,2025-26,Regular Season,1610612747,2544,F,True,fixture,True,5,
0000000411,2025-26,Regular Season,1610612747,1629029,G,True,fixture,True,5,
0000000411,2025-26,Regular Season,1610612747,203076,C-F,True,fixture,True,5,
0000000411,2025-26,Regular Season,1610612747,1630559,G,True,fixture,True,5,
0000000411,2025-26,Regular Season,1610612747,1626156,G-F,False,fixture,True,5,
0000000411,2025-26,Regular Season,1610612747,1629020,F,True,fixture,True,5,
0000000412,2025-26,Regular Season,1610612752,1628973,G,True,fixture,True,5,
0000000412,2025-26,Regular Season,1610612752,1626157,C,True,fixture,True,5,
0000000412,2025-26,Regular Season,1610612752,1629628,G-F,True,fixture,True,5,
0000000412,2025-26,Regular Season,1610612752,1630193,G,True,fixture,True,5,
0000000412,2025-26,Regular Season,1610612752,203944,F-C,True,fixture,True,5,
0000000412,2025-26,Regular Season,1610612752,1631216,G,False,fixture,True,5,
0000000412,2025-26,Regular Season,1610612744,201939,G,True,fixture,True,5,
0000000412,2025-26,Regular Season,1610612744,202691,G-F,True,fixture,True,5,
0000000412,2025-26,Regular Season,1610612744,203110,F-C,True,fixture,True,5,
0000000412,2025-26,Regular Season,1610612744,1630228,F,True,fixture,True,5,
0000000412,2025-26,Regular Season,1610612744,1626172,C,False,fixture,True,5,
0000000412,2025-26,Regular Season,1610612744,1630541,G,True,fixture,True,5,
0000000413,2025-26,Regular Season,1610612752,1628973,G,True,fixture,True,5,
0000000413,2025-26,Regular Season,1610612752,1626157,C,True,fixture,True,5,
0000000413,2025-26,Regular Season,1610612752,1629628,G-F,True,fixture,True,5,
0000000413,2025-26,Regular Season,1610612752,1630193,G,True,fixture,True,5,
0000000413,2025-26,Regular Season,1610612752,203944,F-C,True,fixture,True,5,
0000000413,2025-26,Regular Season,1610612752,1631216,G,False,fixture,True,5,
0000000413,2025-26,Regular Season,1610612743,203999,C,True,fixture,True,5,
0000000413,2025-26,Regular Season,1610612743,1627750,G,True,fixture,True,5,
0000000413,2025-26,Regular Season,1610612743,1628420,F,True,fixture,True,5,
0000000413,2025-26,Regular Season,1610612743,1630166,G-F,True,fixture,True,5,
0000000413,2025-26,Regular Season,1610612743,203914,G,True,fixture,True,5,
0000000413,2025-26,Regular Season,1610612743,1631128,F,False,fixture,True,5,
0000000414,2025-26,Regular Season,1610612752,1628973,G,True,fixture,True,5,
0000000414,2025-26,Regular Season,1610612752,1626157,C,True,fixture,True,5,
0000000414,2025-26,Regular Season,1610612752,1629628,G-F,True,fixture,True,5,
0000000414,2025-26,Regular Season,1610612752,1630193,G,True,fixture,True,5,
0000000414,2025-26,Regular Season,1610612752,203944,F-C,True,fixture,True,5,
0000000414,2025-26,Regular Season,1610612752,1631216,G,False,fixture,True,5,
0000000414,2025-26,Regular Season,1610612738,1628369,F,True,fixture,True,5,
0000000414,2025-26,Regular Season,1610612738,1627759,G-F,True,fixture,True,5,
0000000414,2025-26,Regular Season,1610612738,201950,G,True,fixture,True,5,
0000000414,2025-26,Regular Season,1610612738,1628464,G,True,fixture,True,5,
0000000414,2025-26,Regular Season,1610612738,203935,C,True,fixture,True,5,
0000000414,2025-26,Regular Season,1610612738,1629057,C-F,False,fixture,True,5,
0000000415,2025-26,Regular Season,1610612752,1628973,G,True,fixture,True,5,
0000000415,2025-26,Regular Season,1610612752,1626157,C,True,fixture,True,5,
0000000415,2025-26,Regular Season,1610612752,1629628,G-F,True,fixture,True,5,
0000000415,2025-26,Regular Season,1610612752,1630193,G,True,fixture,True,5,
0000000415,2025-26,Regular Season,1610612752,203944,F-C,True,fixture,True,5,
0000000415,2025-26,Regular Season,1610612752,1631216,G,False,fixture,True,5,
0000000415,2025-26,Regular Season,1610612748,202710,F-G,True,fixture,True,5,
0000000415,2025-26,Regular Season,1610612748,1629639,G,True,fixture,True,5,
0000000415,2025-26,Regular Season,1610612748,202355,C,True,fixture,True,5,
0000000415,2025-26,Regular Season,1610612748,1631170,G-F,True,fixture,True,5,
0000000415,2025-26,Regular Season,1610612748,203482,C-F,True,fixture,True,5,
0000000415,2025-26,Regular Season,1610612748,1631107,F,False,fixture,True,5,
0000000416,2025-26,Regular Season,1610612748,202710,F-G,True,fixture,True,5,
0000000416,2025-26,Regular Season,1610612748,1629639,G,True,fixture,True,5,
0000000416,2025-26,Regular Season,1610612748,202355,C,True,fixture,True,5,
0000000416,2025-26,Regular Season,1610612748,1631170,G-F,True,fixture,True,5,
0000000416,2025-26,Regular Season,1610612748,203482,C-F,True,fixture,True,5,
0000000416,2025-26,Regular Season,1610612748,1631107,F,False,fixture,True,5,
0000000416,2025-26,Regular Season,1610612747,2544,F,True,fixture,True,5,
0000000416,2025-26,Regular Season,1610612747,1629029,G,True,fixture,True,5,
0000000416,2025-26,Regular Season,1610612747,203076,C-F,True,fixture,True,5,
0000000416,2025-26,Regular Season,1610612747,1630559,G,True,fixture,True,5,
0000000416,2025-26,Regular Season,1610612747,1626156,G-F,False,fixture,True,5,
0000000416,2025-26,Regular Season,1610612747,1629020,F,True,fixture,True,5,
0000000417,2025-26,Regular Season,1610612748,202710,F-G,True,fixture,True,5,
0000000417,2025-26,Regular Season,1610612748,1629639,G,True,fixture,True,5,
0000000417,2025-26,Regular Season,1610612748,202355,C,True,fixture,True,5,
0000000417,2025-26,Regular Season,1610612748,1631170,G-F,True,fixture,True,5,
0000000417,2025-26,Regular Season,1610612748,203482,C-F,True,fixture,True,5,
0000000417,2025-26,Regular Season,1610612748,1631107,F,False,fixture,True,5,
0000000417,2025-26,Regular Season,1610612744,201939,G,True,fixture,True,5,
0000000417,2025-26,Regular Season,1610612744,202691,G-F,True,fixture,True,5,
0000000417,2025-26,Regular Season,1610612744,203110,F-C,True,fixture,True,5,
0000000417,2025-26,Regular Season,1610612744,1630228,F,True,fixture,True,5,
0000000417,2025-26,Regular Season,1610612744,1626172,C,False,fixture,True,5,
0000000417,2025-26,Regular Season,1610612744,1630541,G,True,fixture,True,5,
0000000418,2025-26,Regular Season,1610612748,202710,F-G,True,fixture,True,5,
0000000418,2025-26,Regular Season,1610612748,1629639,G,True,fixture,True,5,
0000000418,2025-26,Regular Season,1610612748,202355,C,True,fixture,True,5,
0000000418,2025-26,Regular Season,1610612748,1631170,G-F,True,fixture,True,5,
0000000418,2025-26,Regular Season,1610612748,203482,C-F,True,fixture,True,5,
0000000418,2025-26,Regular Season,1610612748,1631107,F,False,fixture,True,5,
0000000418,2025-26,Regular Season,1610612743,203999,C,True,fixture,True,5,
0000000418,2025-26,Regular Season,1610612743,1627750,G,True,fixture,True,5,
0000000418,2025-26,Regular Season,1610612743,1628420,F,True,fixture,True,5,
0000000418,2025-26,Regular Season,1610612743,1630166,G-F,True,fixture,True,5,
0000000418,2025-26,Regular Season,1610612743,203914,G,True,fixture,True,5,
0000000418,2025-26,Regular Season,1610612743,1631128,F,False,fixture,True,5,
0000000419,2025-26,Regular Season,1610612748,202710,F-G,True,fixture,True,5,
0000000419,2025-26,Regular Season,1610612748,1629639,G,True,fixture,True,5,
0000000419,2025-26,Regular Season,1610612748,202355,C,True,fixture,True,5,
0000000419,2025-26,Regular Season,1610612748,1631170,G-F,True,fixture,True,5,
0000000419,2025-26,Regular Season,1610612748,203482,C-F,True,fixture,True,5,
0000000419,2025-26,Regular Season,1610612748,1631107,F,False,fixture,True,5,
0000000419,2025-26,Regular Season,1610612738,1628369,F,True,fixture,True,5,
0000000419,2025-26,Regular Season,1610612738,1627759,G-F,True,fixture,True,5,
0000000419,2025-26,Regular Season,1610612738,201950,G,True,fixture,True,5,
0000000419,2025-26,Regular Season,1610612738,1628464,G,True,fixture,True,5,
0000000419,2025-26,Regular Season,1610612738,203935,C,True,fixture,True,5,
0000000419,2025-26,Regular Season,1610612738,1629057,C-F,False,fixture,True,5,
0000000420,2025-26,Regular Season,1610612748,202710,F-G,True,fixture,True,5,
0000000420,2025-26,Regular Season,1610612748,1629639,G,True,fixture,True,5,
0000000420,2025-26,Regular Season,1610612748,202355,C,True,fixture,True,5,
0000000420,2025-26,Regular Season,1610612748,1631170,G-F,True,fixture,True,5,
0000000420,2025-26,Regular Season,1610612748,203482,C-F,True,fixture,True,5,
0000000420,2025-26,Regular Season,1610612748,1631107,F,False,fixture,True,5,
0000000420,2025-26,Regular Season,1610612752,1628973,G,True,fixture,True,5,
0000000420,2025-26,Regular Season,1610612752,1626157,C,True,fixture,True,5,
0000000420,2025-26,Regular Season,1610612752,1629628,G-F,True,fixture,True,5,
0000000420,2025-26,Regular Season,1610612752,1630193,G,True,fixture,True,5,
0000000420,2025-26,Regular Season,1610612752,203944,F-C,True,fixture,True,5,
0000000420,2025-26,Regular Season,1610612752,1631216,G,False,fixture,True,5,
0000000421,2025-26,Regular Season,1610612747,2544,F,True,fixture,True,5,
0000000421,2025-26,Regular Season,1610612747,1629029,G,True,fixture,True,5,
0000000421,2025-26,Regular Season,1610612747,203076,C-F,True,fixture,True,5,
0000000421,2025-26,Regular Season,1610612747,1630559,G,True,fixture,True,5,
0000000421,2025-26,Regular Season,1610612747,1626156,G-F,False,fixture,True,5,
0000000421,2025-26,Regular Season,1610612747,1629020,F,True,fixture,True,5,
0000000421,2025-26,Regular Season,1610612744,201939,G,True,fixture,True,5,
0000000421,2025-26,Regular Season,1610612744,202691,G-F,True,fixture,True,5,
0000000421,2025-26,Regular Season,1610612744,203110,F-C,True,fixture,True,5,
0000000421,2025-26,Regular Season,1610612744,1630228,F,True,fixture,True,5,
0000000421,2025-26,Regular Season,1610612744,1626172,C,False,fixture,True,5,
0000000421,2025-26,Regular Season,1610612744,1630541,G,True,fixture,True,5,
0000000422,2025-26,Regular Season,1610612747,2544,F,True,fixture,True,5,
0000000422,2025-26,Regular Season,1610612747,1629029,G,True,fixture,True,5,
0000000422,2025-26,Regular Season,1610612747,203076,C-F,True,fixture,True,5,
0000000422,2025-26,Regular Season,1610612747,1630559,G,True,fixture,True,5,
0000000422,2025-26,Regular Season,1610612747,1626156,G-F,False,fixture,True,5,
0000000422,2025-26,Regular Season,1610612747,1629020,F,True,fixture,True,5,
0000000422,2025-26,Regular Season,1610612743,203999,C,True,fixture,True,5,
0000000422,2025-26,Regular Season,1610612743,1627750,G,True,fixture,True,5,
0000000422,2025-26,Regular Season,1610612743,1628420,F,True,fixture,True,5,
0000000422,2025-26,Regular Season,1610612743,1630166,G-F,True,fixture,True,5,
0000000422,2025-26,Regular Season,1610612743,203914,G,True,fixture,True,5,
0000000422,2025-26,Regular Season,1610612743,1631128,F,False,fixture,True,5,
0000000423,2025-26,Regular Season,1610612747,2544,F,True,fixture,True,5,
0000000423,2025-26,Regular Season,1610612747,1629029,G,True,fixture,True,5,
0000000423,2025-26,Regular Season,1610612747,203076,C-F,True,fixture,True,5,
0000000423,2025-26,Regular Season,1610612747,1630559,G,True,fixture,True,5,
0000000423,2025-26,Regular Season,1610612747,1626156,G-F,False,fixture,True,5,
0000000423,2025-26,Regular Season,1610612747,1629020,F,True,fixture,True,5,
0000000423,2025-26,Regular Season,1610612738,1628369,F,True,fixture,True,5,
0000000423,2025-26,Regular Season,1610612738,1627759,G-F,True,fixture,True,5,
0000000423,2025-26,Regular Season,1610612738,201950,G,True,fixture,True,5,
0000000423,2025-26,Regular Season,1610612738,1628464,G,True,fixture,True,5,
0000000423,2025-26,Regular Season,1610612738,203935,C,True,fixture,True,5,
0000000423,2025-26,Regular Season,1610612738,1629057,C-F,False,fixture,True,5,
0000000424,2025-26,Regular Season,1610612747,2544,F,True,fixture,True,5,
0000000424,2025-26,Regular Season,1610612747,1629029,G,True,fixture,True,5,
0000000424,2025-26,Regular Season,1610612747,203076,C-F,True,fixture,True,5,
0000000424,2025-26,Regular Season,1610612747,1630559,G,True,fixture,True,5,
0000000424,2025-26,Regular Season,1610612747,1626156,G-F,False,fixture,True,5,
0000000424,2025-26,Regular Season,1610612747,1629020,F,True,fixture,True,5,
0000000424,2025-26,Regular Season,1610612752,1628973,G,True,fixture,True,5,
0000000424,2025-26,Regular Season,1610612752,1626157,C,True,fixture,True,5,
0000000424,2025-26,Regular Season,1610612752,1629628,G-F,True,fixture,True,5,
0000000424,2025-26,Regular Season,1610612752,1630193,G,True,fixture,True,5,
0000000424,2025-26,Regular Season,1610612752,203944,F-C,True,fixture,True,5,
0000000424,2025-26,Regular Season,1610612752,1631216,G,False,fixture,True,5,
0000000425,2025-26,Regular Season,1610612747,2544,F,True,fixture,True,5,
0000000425,2025-26,Regular Season,1610612747,1629029,G,True,fixture,True,5,
0000000425,2025-26,Regular Season,1610612747,203076,C-F,True,fixture,True,5,
0000000425,2025-26,Regular Season,1610612747,1630559,G,True,fixture,True,5,
0000000425,2025-26,Regular Season,1610612747,1626156,G-F,False,fixture,True,5,
0000000425,2025-26,Regular Season,1610612747,1629020,F,True,fixture,True,5,
0000000425,2025-26,Regular Season,1610612748,202710,F-G,True,fixture,True,5,
0000000425,2025-26,Regular Season,1610612748,1629639,G,True,fixture,True,5,
0000000425,2025-26,Regular Season,1610612748,202355,C,True,fixture,True,5,
0000000425,2025-26,Regular Season,1610612748,1631170,G-F,True,fixture,True,5,
0000000425,2025-26,Regular Season,1610612748,203482,C-F,True,fixture,True,5,
0000000425,2025-26,Regular Season,1610612748,1631107,F,False,fixture,True,5,
0000000426,2025-26,Regular Season,1610612744,201939,G,True,fixture,True,5,
0000000426,2025-26,Regular Season,1610612744,202691,G-F,True,fixture,True,5,
0000000426,2025-26,Regular Season,1610612744,203110,F-C,True,fixture,True,5,
0000000426,2025-26,Regular Season,1610612744,1630228,F,True,fixture,True,5,
0000000426,2025-26,Regular Season,1610612744,1626172,C,False,fixture,True,5,
0000000426,2025-26,Regular Season,1610612744,1630541,G,True,fixture,True,5,
0000000426,2025-26,Regular Season,1610612747,2544,F,True,fixture,True,5,
0000000426,2025-26,Regular Season,1610612747,1629029,G,True,fixture,True,5,
0000000426,2025-26,Regular Season,1610612747,203076,C-F,True,fixture,True,5,
0000000426,2025-26,Regular Season,1610612747,1630559,G,True,fixture,True,5,
0000000426,2025-26,Regular Season,1610612747,1626156,G-F,False,fixture,True,5,
0000000426,2025-26,Regular Season,1610612747,1629020,F,True,fixture,True,5,
0000000427,2025-26,Regular Season,1610612744,201939,G,True,fixture,True,5,
0000000427,2025-26,Regular Season,1610612744,202691,G-F,True,fixture,True,5,
0000000427,2025-26,Regular Season,1610612744,203110,F-C,True,fixture,True,5,
0000000427,2025-26,Regular Season,1610612744,1630228,F,True,fixture,True,5,
0000000427,2025-26,Regular Season,1610612744,1626172,C,False,fixture,True,5,
0000000427,2025-26,Regular Season,1610612744,1630541,G,True,fixture,True,5,
0000000427,2025-26,Regular Season,1610612743,203999,C,True,fixture,True,5,
0000000427,2025-26,Regular Season,1610612743,1627750,G,True,fixture,True,5,
0000000427,2025-26,Regular Season,1610612743,1628420,F,True,fixture,True,5,
0000000427,2025-26,Regular Season,1610612743,1630166,G-F,True,fixture,True,5,
0000000427,2025-26,Regular Season,1610612743,203914,G,True,fixture,True,5,
0000000427,2025-26,Regular Season,1610612743,1631128,F,False,fixture,True,5,
0000000428,2025-26,Regular Season,1610612744,201939,G,True,fixture,True,5,
0000000428,2025-26,Regular Season,1610612744,202691,G-F,True,fixture,True,5,
0000000428,2025-26,Regular Season,1610612744,203110,F-C,True,fixture,True,5,
0000000428,2025-26,Regular Season,1610612744,1630228,F,True,fixture,True,5,
0000000428,2025-26,Regular Season,1610612744,1626172,C,False,fixture,True,5,
0000000428,2025-26,Regular Season,1610612744,1630541,G,True,fixture,True,5,
0000000428,2025-26,Regular Season,1610612738,1628369,F,True,fixture,True,5,
0000000428,2025-26,Regular Season,1610612738,1627759,G-F,True,fixture,True,5,
0000000428,2025-26,Regular Season,1610612738,201950,G,True,fixture,True,5,
0000000428,2025-26,Regular Season,1610612738,1628464,G,True,fixture,True,5,
0000000428,2025-26,Regular Season,1610612738,203935,C,True,fixture,True,5,
0000000428,2025-26,Regular Season,1610612738,1629057,C-F,False,fixture,True,5,
0000000429,2025-26,Regular Season,1610612744,201939,G,True,fixture,True,5,
0000000429,2025-26,Regular Season,1610612744,202691,G-F,True,fixture,True,5,
0000000429,2025-26,Regular Season,1610612744,203110,F-C,True,fixture,True,5,
0000000429,2025-26,Regular Season,1610612744,1630228,F,True,fixture,True,5,
0000000429,2025-26,Regular Season,1610612744,1626172,C,False,fixture,True,5,
0000000429,2025-26,Regular Season,1610612744,1630541,G,True,fixture,True,5,
0000000429,2025-26,Regular Season,1610612752,1628973,G,True,fixture,True,5,
0000000429,2025-26,Regular Season,1610612752,1626157,C,True,fixture,True,5,
0000000429,2025-26,Regular Season,1610612752,1629628,G-F,True,fixture,True,5,
0000000429,2025-26,Regular Season,1610612752,1630193,G,True,fixture,True,5,
0000000429,2025-26,Regular Season,1610612752,203944,F-C,True,fixture,True,5,
0000000429,2025-26,Regular Season,1610612752,1631216,G,False,fixture,True,5,
0000000430,2025-26,Regular Season,1610612744,201939,G,True,fixture,True,5,
0000000430,2025-26,Regular Season,1610612744,202691,G-F,True,fixture,True,5,
0000000430,2025-26,Regular Season,1610612744,203110,F-C,True,fixture,True,5,
0000000430,2025-26,Regular Season,1610612744,1630228,F,True,fixture,True,5,
0000000430,2025-26,Regular Season,1610612744,1626172,C,False,fixture,True,5,
0000000430,2025-26,Regular Season,1610612744,1630541,G,True,fixture,True,5,
0000000430,2025-26,Regular Season,1610612748,202710,F-G,True,fixture,True,5,
0000000430,2025-26,Regular Season,1610612748,1629639,G,True,fixture,True,5,
0000000430,2025-26,Regular Season,1610612748,202355,C,True,fixture,True,5,
0000000430,2025-26,Regular Season,1610612748,1631170,G-F,True,fixture,True,5,
0000000430,2025-26,Regular Season,1610612748,203482,C-F,True,fixture,True,5,
0000000430,2025-26,Regular Season,1610612748,1631107,F,False,fixture,True,5,
0000000431,2025-26,Regular Season,1610612743,203999,C,True,fixture,True,5,
0000000431,2025-26,Regular Season,1610612743,1627750,G,True,fixture,True,5,
0000000431,2025-26,Regular Season,1610612743,1628420,F,True,fixture,True,5,
0000000431,2025-26,Regular Season,1610612743,1630166,G-F,True,fixture,True,5,
0000000431,2025-26,Regular Season,1610612743,203914,G,True,fixture,True,5,
0000000431,2025-26,Regular Season,1610612743,1631128,F,False,fixture,True,5,
0000000431,2025-26,Regular Season,1610612747,2544,F,True,fixture,True,5,
0000000431,2025-26,Regular Season,1610612747,1629029,G,True,fixture,True,5,
0000000431,2025-26,Regular Season,1610612747,203076,C-F,True,fixture,True,5,
0000000431,2025-26,Regular Season,1610612747,1630559,G,True,fixture,True,5,
0000000431,2025-26,Regular Season,1610612747,1626156,G-F,False,fixture,True,5,
0000000431,2025-26,Regular Season,1610612747,1629020,F,True,fixture,True,5,
0000000432,2025-26,Regular Season,1610612743,203999,C,True,fixture,True,5,
0000000432,2025-26,Regular Season,1610612743,1627750,G,True,fixture,True,5,
0000000432,2025-26,Regular Season,1610612743,1628420,F,True,fixture,True,5,
0000000432,2025-26,Regular Season,1610612743,1630166,G-F,True,fixture,True,5,
0000000432,2025-26,Regular Season,1610612743,203914,G,True,fixture,True,5,
0000000432,2025-26,Regular Season,1610612743,1631128,F,False,fixture,True,5,
0000000432,2025-26,Regular Season,1610612744,201939,G,True,fixture,True,5,
0000000432,2025-26,Regular Season,1610612744,202691,G-F,True,fixture,True,5,
0000000432,2025-26,Regular Season,1610612744,203110,F-C,True,fixture,True,5,
0000000432,2025-26,Regular Season,1610612744,1630228,F,True,fixture,True,5,
0000000432,2025-26,Regular Season,1610612744,1626172,C,False,fixture,True,5,
0000000432,2025-26,Regular Season,1610612744,1630541,G,True,fixture,True,5,
0000000433,2025-26,Regular Season,1610612743,203999,C,True,fixture,True,5,
0000000433,2025-26,Regular Season,1610612743,1627750,G,True,fixture,True,5,
0000000433,2025-26,Regular Season,1610612743,1628420,F,True,fixture,True,5,
0000000433,2025-26,Regular Season,1610612743,1630166,G-F,True,fixture,True,5,
0000000433,2025-26,Regular Season,1610612743,203914,G,True,fixture,True,5,
0000000433,2025-26,Regular Season,1610612743,1631128,F,False,fixture,True,5,
0000000433,2025-26,Regular Season,1610612738,1628369,F,True,fixture,True,5,
0000000433,2025-26,Regular Season,1610612738,1627759,G-F,True,fixture,True,5,
0000000433,2025-26,Regular Season,1610612738,201950,G,True,fixture,True,5,
0000000433,2025-26,Regular Season,1610612738,1628464,G,True,fixture,True,5,
0000000433,2025-26,Regular Season,1610612738,203935,C,True,fixture,True,5,
0000000433,2025-26,Regular Season,1610612738,1629057,C-F,False,fixture,True,5,
0000000434,2025-26,Regular Season,1610612743,203999,C,True,fixture,True,5,
0000000434,2025-26,Regular Season,1610612743,1627750,G,True,fixture,True,5,
0000000434,2025-26,Regular Season,1610612743,1628420,F,True,fixture,True,5,
0000000434,2025-26,Regular Season,1610612743,1630166,G-F,True,fixture,True,5,
0000000434,2025-26,Regular Season,1610612743,203914,G,True,fixture,True,5,
0000000434,2025-26,Regular Season,1610612743,1631128,F,False,fixture,True,5,
0000000434,2025-26,Regular Season,1610612752,1628973,G,True,fixture,True,5,
0000000434,2025-26,Regular Season,1610612752,1626157,C,True,fixture,True,5,
0000000434,2025-26,Regular Season,1610612752,1629628,G-F,True,fixture,True,5,
0000000434,2025-26,Regular Season,1610612752,1630193,G,True,fixture,True,5,
0000000434,2025-26,Regular Season,1610612752,203944,F-C,True,fixture,True,5,
0000000434,2025-26,Regular Season,1610612752,1631216,G,False,fixture,True,5,
0000000435,2025-26,Regular Season,1610612743,203999,C,True,fixture,True,5,
0000000435,2025-26,Regular Season,1610612743,1627750,G,True,fixture,True,5,
0000000435,2025-26,Regular Season,1610612743,1628420,F,True,fixture,True,5,
0000000435,2025-26,Regular Season,1610612743,1630166,G-F,True,fixture,True,5,
0000000435,2025-26,Regular Season,1610612743,203914,G,True,fixture,True,5,
0000000435,2025-26,Regular Season,1610612743,1631128,F,False,fixture,True,5,
0000000435,2025-26,Regular Season,1610612748,202710,F-G,True,fixture,True,5,
0000000435,2025-26,Regular Season,1610612748,1629639,G,True,fixture,True,5,
0000000435,2025-26,Regular Season,1610612748,202355,C,True,fixture,True,5,
0000000435,2025-26,Regular Season,1610612748,1631170,G-F,True,fixture,True,5,
0000000435,2025-26,Regular Season,1610612748,203482,C-F,True,fixture,True,5,
0000000435,2025-26,Regular Season,1610612748,1631107,F,False,fixture,True,5,
0000000436,2025-26,Regular Season,1610612738,1628369,F,True,fixture,True,5,
0000000436,2025-26,Regular Season,1610612738,1627759,G-F,True,fixture,True,5,
0000000436,2025-26,Regular Season,1610612738,201950,G,True,fixture,True,5,
0000000436,2025-26,Regular Season,1610612738,1628464,G,True,fixture,True,5,
0000000436,2025-26,Regular Season,1610612738,203935,C,True,fixture,True,5,
0000000436,2025-26,Regular Season,1610612738,1629057,C-F,False,fixture,True,5,
0000000436,2025-26,Regular Season,1610612747,2544,F,True,fixture,True,5,
0000000436,2025-26,Regular Season,1610612747,1629029,G,True,fixture,True,5,
0000000436,2025-26,Regular Season,1610612747,203076,C-F,True,fixture,True,5,
0000000436,2025-26,Regular Season,1610612747,1630559,G,True,fixture,True,5,
0000000436,2025-26,Regular Season,1610612747,1626156,G-F,False,fixture,True,5,
0000000436,2025-26,Regular Season,1610612747,1629020,F,True,fixture,True,5,
0000000437,2025-26,Regular Season,1610612738,1628369,F,True,fixture,True,5,
0000000437,2025-26,Regular Season,1610612738,1627759,G-F,True,fixture,True,5,
0000000437,2025-26,Regular Season,1610612738,201950,G,True,fixture,True,5,
0000000437,2025-26,Regular Season,1610612738,1628464,G,True,fixture,True,5,
0000000437,2025-26,Regular Season,1610612738,203935,C,True,fixture,True,5,
0000000437,2025-26,Regular Season,1610612738,1629057,C-F,False,fixture,True,5,
0000000437,2025-26,Regular Season,1610612744,201939,G,True,fixture,True,5,
0000000437,2025-26,Regular Season,1610612744,202691,G-F,True,fixture,True,5,
0000000437,2025-26,Regular Season,1610612744,203110,F-C,True,fixture,True,5,
0000000437,2025-26,Regular Season,1610612744,1630228,F,True,fixture,True,5,
0000000437,2025-26,Regular Season,1610612744,1626172,C,False,fixture,True,5,
0000000437,2025-26,Regular Season,1610612744,1630541,G,True,fixture,True,5,
0000000438,2025-26,Regular Season,1610612738,1628369,F,True,fixture,True,5,
0000000438,2025-26,Regular Season,1610612738,1627759,G-F,True,fixture,True,5,
0000000438,2025-26,Regular Season,1610612738,201950,G,True,fixture,True,5,
0000000438,2025-26,Regular Season,1610612738,1628464,G,True,fixture,True,5,
0000000438,2025-26,Regular Season,1610612738,203935,C,True,fixture,True,5,
0000000438,2025-26,Regular Season,1610612738,1629057,C-F,False,fixture,True,5,
0000000438,2025-26,Regular Season,1610612743,203999,C,True,fixture,True,5,
0000000438,2025-26,Regular Season,1610612743,1627750,G,True,fixture,True,5,
0000000438,2025-26,Regular Season,1610612743,1628420,F,True,fixture,True,5,
0000000438,2025-26,Regular Season,1610612743,1630166,G-F,True,fixture,True,5,
0000000438,2025-26,Regular Season,1610612743,203914,G,True,fixture,True,5,
0000000438,2025-26,Regular Season,1610612743,1631128,F,False,fixture,True,5,
0000000439,2025-26,Regular Season,1610612738,1628369,F,True,fixture,True,5,
0000000439,2025-26,Regular Season,1610612738,1627759,G-F,True,fixture,True,5,
0000000439,2025-26,Regular Season,1610612738,201950,G,True,fixture,True,5,
0000000439,2025-26,Regular Season,1610612738,1628464,G,True,fixture,True,5,
0000000439,2025-26,Regular Season,1610612738,203935,C,True,fixture,True,5,
0000000439,2025-26,Regular Season,1610612738,1629057,C-F,False,fixture,True,5,
0000000439,2025-26,Regular Season,1610612752,1628973,G,True,fixture,True,5,
0000000439,2025-26,Regular Season,1610612752,1626157,C,True,fixture,True,5,
0000000439,2025-26,Regular Season,1610612752,1629628,G-F,True,fixture,True,5,
0000000439,2025-26,Regular Season,1610612752,1630193,G,True,fixture,True,5,
0000000439,2025-26,Regular Season,1610612752,203944,F-C,True,fixture,True,5,
0000000439,2025-26,Regular Season,1610612752,1631216,G,False,fixture,True,5,
0000000440,2025-26,Regular Season,1610612738,1628369,F,True,fixture,True,5,
0000000440,2025-26,Regular Season,1610612738,1627759,G-F,True,fixture,True,5,
0000000440,2025-26,Regular Season,1610612738,201950,G,True,fixture,True,5,
0000000440,2025-26,Regular Season,1610612738,1628464,G,True,fixture,True,5,
0000000440,2025-26,Regular Season,1610612738,203935,C,True,fixture,True,5,
0000000440,2025-26,Regular Season,1610612738,1629057,C-F,False,fixture,True,5,
0000000440,2025-26,Regular Season,1610612748,202710,F-G,True,fixture,True,5,
0000000440,2025-26,Regular Season,1610612748,1629639,G,True,fixture,True,5,
0000000440,2025-26,Regular Season,1610612748,202355,C,True,fixture,True,5,
0000000440,2025-26,Regular Season,1610612748,1631170,G-F,True,fixture,True,5,
0000000440,2025-26,Regular Season,1610612748,203482,C-F,True,fixture,True,5,
0000000440,2025-26,Regular Season,1610612748,1631107,F,False,fixture,True,5,
0000000441,2025-26,Regular Season,1610612752,1628973,G,True,fixture,True,5,
0000000441,2025-26,Regular Season,1610612752,1626157,C,True,fixture,True,5,
0000000441,2025-26,Regular Season,1610612752,1629628,G-F,True,fixture,True,5,
0000000441,2025-26,Regular Season,1610612752,1630193,G,True,fixture,True,5,
0000000441,2025-26,Regular Season,1610612752,203944,F-C,True,fixture,True,5,
0000000441,2025-26,Regular Season,1610612752,1631216,G,False,fixture,True,5,
0000000441,2025-26,Regular Season,1610612747,2544,F,True,fixture,True,5,
0000000441,2025-26,Regular Season,1610612747,1629029,G,True,fixture,True,5,
0000000441,2025-26,Regular Season,1610612747,203076,C-F,True,fixture,True,5,
0000000441,2025-26,Regular Season,1610612747,1630559,G,True,fixture,True,5,
0000000441,2025-26,Regular Season,1610612747,1626156,G-F,False,fixture,True,5,
0000000441,2025-26,Regular Season,1610612747,1629020,F,True,fixture,True,5,
0000000442,2025-26,Regular Season,1610612752,1628973,G,True,fixture,True,5,
0000000442,2025-26,Regular Season,1610612752,1626157,C,True,fixture,True,5,
0000000442,2025-26,Regular Season,1610612752,1629628,G-F,True,fixture,True,5,
0000000442,2025-26,Regular Season,1610612752,1630193,G,True,fixture,True,5,
0000000442,2025-26,Regular Season,1610612752,203944,F-C,True,fixture,True,5,
0000000442,2025-26,Regular Season,1610612752,1631216,G,False,fixture,True,5,
0000000442,2025-26,Regular Season,1610612744,201939,G,True,fixture,True,5,
0000000442,2025-26,Regular Season,1610612744,202691,G-F,True,fixture,True,5,
0000000442,2025-26,Regular Season,1610612744,203110,F-C,True,fixture,True,5,
0000000442,2025-26,Regular Season,1610612744,1630228,F,True,fixture,True,5,
0000000442,2025-26,Regular Season,1610612744,1626172,C,False,fixture,True,5,
0000000442,2025-26,Regular Season,1610612744,1630541,G,True,fixture,True,5,
0000000443,2025-26,Regular Season,1610612752,1628973,G,True,fixture,True,5,
0000000443,2025-26,Regular Season,1610612752,1626157,C,True,fixture,True,5,
0000000443,2025-26,Regular Season,1610612752,1629628,G-F,True,fixture,True,5,
0000000443,2025-26,Regular Season,1610612752,1630193,G,True,fixture,True,5,
0000000443,2025-26,Regular Season,1610612752,203944,F-C,True,fixture,True,5,
0000000443,2025-26,Regular Season,1610612752,1631216,G,False,fixture,True,5,
0000000443,2025-26,Regular Season,1610612743,203999,C,True,fixture,True,5,
0000000443,2025-26,Regular Season,1610612743,1627750,G,True,fixture,True,5,
0000000443,2025-26,Regular Season,1610612743,1628420,F,True,fixture,True,5,
0000000443,2025-26,Regular Season,1610612743,1630166,G-F,True,fixture,True,5,
0000000443,2025-26,Regular Season,1610612743,203914,G,True,fixture,True,5,
0000000443,2025-26,Regular Season,1610612743,1631128,F,False,fixture,True,5,
0000000444,2025-26,Regular Season,1610612752,1628973,G,True,fixture,True,5,
0000000444,2025-26,Regular Season,1610612752,1626157,C,True,fixture,True,5,
0000000444,2025-26,Regular Season,1610612752,1629628,G-F,True,fixture,True,5,
0000000444,2025-26,Regular Season,1610612752,1630193,G,True,fixture,True,5,
0000000444,2025-26,Regular Season,1610612752,203944,F-C,True,fixture,True,5,
0000000444,2025-26,Regular Season,1610612752,1631216,G,False,fixture,True,5,
0000000444,2025-26,Regular Season,1610612738,1628369,F,True,fixture,True,5,
0000000444,2025-26,Regular Season,1610612738,1627759,G-F,True,fixture,True,5,
0000000444,2025-26,Regular Season,1610612738,201950,G,True,fixture,True,5,
0000000444,2025-26,Regular Season,1610612738,1628464,G,True,fixture,True,5,
0000000444,2025-26,Regular Season,1610612738,203935,C,True,fixture,True,5,
0000000444,2025-26,Regular Season,1610612738,1629057,C-F,False,fixture,True,5,
0000000445,2025-26,Regular Season,1610612752,1628973,G,True,fixture,True,5,
0000000445,2025-26,Regular Season,1610612752,1626157,C,True,fixture,True,5,
0000000445,2025-26,Regular Season,1610612752,1629628,G-F,True,fixture,True,5,
0000000445,2025-26,Regular Season,1610612752,1630193,G,True,fixture,True,5,
0000000445,2025-26,Regular Season,1610612752,203944,F-C,True,fixture,True,5,
0000000445,2025-26,Regular Season,1610612752,1631216,G,False,fixture,True,5,
0000000445,2025-26,Regular Season,1610612748,202710,F-G,True,fixture,True,5,
0000000445,2025-26,Regular Season,1610612748,1629639,G,True,fixture,True,5,
0000000445,2025-26,Regular Season,1610612748,202355,C,True,fixture,True,5,
0000000445,2025-26,Regular Season,1610612748,1631170,G-F,True,fixture,True,5,
0000000445,2025-26,Regular Season,1610612748,203482,C-F,True,fixture,True,5,
0000000445,2025-26,Regular Season,1610612748,1631107,F,False,fixture,True,5,
0000000446,2025-26,Regular Season,1610612748,202710,F-G,True,fixture,True,5,
0000000446,2025-26,Regular Season,1610612748,1629639,G,True,fixture,True,5,
0000000446,2025-26,Regular Season,1610612748,202355,C,True,fixture,True,5,
0000000446,2025-26,Regular Season,1610612748,1631170,G-F,True,fixture,True,5,
0000000446,2025-26,Regular Season,1610612748,203482,C-F,True,fixture,True,5,
0000000446,2025-26,Regular Season,1610612748,1631107,F,False,fixture,True,5,
0000000446,2025-26,Regular Season,1610612747,2544,F,True,fixture,True,5,
0000000446,2025-26,Regular Season,1610612747,1629029,G,True,fixture,True,5,
0000000446,2025-26,Regular Season,1610612747,203076,C-F,True,fixture,True,5,
0000000446,2025-26,Regular Season,1610612747,1630559,G,True,fixture,True,5,
0000000446,2025-26,Regular Season,1610612747,1626156,G-F,False,fixture,True,5,
0000000446,2025-26,Regular Season,1610612747,1629020,F,True,fixture,True,5,
0000000447,2025-26,Regular Season,1610612748,202710,F-G,True,fixture,True,5,
0000000447,2025-26,Regular Season,1610612748,1629639,G,True,fixture,True,5,
0000000447,2025-26,Regular Season,1610612748,202355,C,True,fixture,True,5,
0000000447,2025-26,Regular Season,1610612748,1631170,G-F,True,fixture,True,5,
0000000447,2025-26,Regular Season,1610612748,203482,C-F,True,fixture,True,5,
0000000447,2025-26,Regular Season,1610612748,1631107,F,False,fixture,True,5,
0000000447,2025-26,Regular Season,1610612744,201939,G,True,fixture,True,5,
0000000447,2025-26,Regular Season,1610612744,202691,G-F,True,fixture,True,5,
0000000447,2025-26,Regular Season,1610612744,203110,F-C,True,fixture,True,5,
0000000447,2025-26,Regular Season,1610612744,1630228,F,True,fixture,True,5,
0000000447,2025-26,Regular Season,1610612744,1626172,C,False,fixture,True,5,
0000000447,2025-26,Regular Season,1610612744,1630541,G,True,fixture,True,5,
0000000448,2025-26,Regular Season,1610612748,202710,F-G,True,fixture,True,5,
0000000448,2025-26,Regular Season,1610612748,1629639,G,True,fixture,True,5,
0000000448,2025-26,Regular Season,1610612748,202355,C,True,fixture,True,5,
0000000448,2025-26,Regular Season,1610612748,1631170,G-F,True,fixture,True,5,
0000000448,2025-26,Regular Season,1610612748,203482,C-F,True,fixture,True,5,
0000000448,2025-26,Regular Season,1610612748,1631107,F,False,fixture,True,5,
0000000448,2025-26,Regular Season,1610612743,203999,C,True,fixture,True,5,
0000000448,2025-26,Regular Season,1610612743,1627750,G,True,fixture,True,5,
0000000448,2025-26,Regular Season,1610612743,1628420,F,True,fixture,True,5,
0000000448,2025-26,Regular Season,1610612743,1630166,G-F,True,fixture,True,5,
0000000448,2025-26,Regular Season,1610612743,203914,G,True,fixture,True,5,
0000000448,2025-26,Regular Season,1610612743,1631128,F,False,fixture,True,5,
0000000449,2025-26,Regular Season,1610612748,202710,F-G,True,fixture,True,5,
0000000449,2025-26,Regular Season,1610612748,1629639,G,True,fixture,True,5,
0000000449,2025-26,Regular Season,1610612748,202355,C,True,fixture,True,5,
0000000449,2025-26,Regular Season,1610612748,1631170,G-F,True,fixture,True,5,
0000000449,2025-26,Regular Season,1610612748,203482,C-F,True,fixture,True,5,
0000000449,2025-26,Regular Season,1610612748,1631107,F,False,fixture,True,5,
0000000449,2025-26,Regular Season,1610612738,1628369,F,True,fixture,True,5,
0000000449,2025-26,Regular Season,1610612738,1627759,G-F,True,fixture,True,5,
0000000449,2025-26,Regular Season,1610612738,201950,G,True,fixture,True,5,
0000000449,2025-26,Regular Season,1610612738,1628464,G,True,fixture,True,5,
0000000449,2025-26,Regular Season,1610612738,203935,C,True,fixture,True,5,
0000000449,2025-26,Regular Season,1610612738,1629057,C-F,False,fixture,True,5,
0000000450,2025-26,Regular Season,1610612748,202710,F-G,True,fixture,True,5,
0000000450,2025-26,Regular Season,1610612748,1629639,G,True,fixture,True,5,
0000000450,2025-26,Regular Season,1610612748,202355,C,True,fixture,True,5,
0000000450,2025-26,Regular Season,1610612748,1631170,G-F,True,fixture,True,5,
0000000450,2025-26,Regular Season,1610612748,203482,C-F,True,fixture,True,5,
0000000450,2025-26,Regular Season,1610612748,1631107,F,False,fixture,True,5,
0000000450,2025-26,Regular Season,1610612752,1628973,G,True,fixture,True,5,
0000000450,2025-26,Regular Season,1610612752,1626157,C,True,fixture,True,5,
0000000450,2025-26,Regular Season,1610612752,1629628,G-F,True,fixture,True,5,
0000000450,2025-26,Regular Season,1610612752,1630193,G,True,fixture,True,5,
0000000450,2025-26,Regular Season,1610612752,203944,F-C,True,fixture,True,5,
0000000450,2025-26,Regular Season,1610612752,1631216,G,False,fixture,True,5,
0000000451,2025-26,Regular Season,1610612747,2544,F,True,fixture,True,5,
0000000451,2025-26,Regular Season,1610612747,1629029,G,True,fixture,True,5,
0000000451,2025-26,Regular Season,1610612747,203076,C-F,True,fixture,True,5,
0000000451,2025-26,Regular Season,1610612747,1630559,G,True,fixture,True,5,
0000000451,2025-26,Regular Season,1610612747,1626156,G-F,False,fixture,True,5,
0000000451,2025-26,Regular Season,1610612747,1629020,F,True,fixture,True,5,
0000000451,2025-26,Regular Season,1610612744,201939,G,True,fixture,True,5,
0000000451,2025-26,Regular Season,1610612744,202691,G-F,True,fixture,True,5,
0000000451,2025-26,Regular Season,1610612744,203110,F-C,True,fixture,True,5,
0000000451,2025-26,Regular Season,1610612744,1630228,F,True,fixture,True,5,
0000000451,2025-26,Regular Season,1610612744,1626172,C,False,fixture,True,5,
0000000451,2025-26,Regular Season,1610612744,1630541,G,True,fixture,True,5,
0000000452,2025-26,Regular Season,1610612747,2544,F,True,fixture,True,5,
0000000452,2025-26,Regular Season,1610612747,1629029,G,True,fixture,True,5,
0000000452,2025-26,Regular Season,1610612747,203076,C-F,True,fixture,True,5,
0000000452,2025-26,Regular Season,1610612747,1630559,G,True,fixture,True,5,
0000000452,2025-26,Regular Season,1610612747,1626156,G-F,False,fixture,True,5,
0000000452,2025-26,Regular Season,1610612747,1629020,F,True,fixture,True,5,
0000000452,2025-26,Regular Season,1610612743,203999,C,True,fixture,True,5,
0000000452,2025-26,Regular Season,1610612743,1627750,G,True,fixture,True,5,
0000000452,2025-26,Regular Season,1610612743,1628420,F,True,fixture,True,5,
0000000452,2025-26,Regular Season,1610612743,1630166,G-F,True,fixture,True,5,
0000000452,2025-26,Regular Season,1610612743,203914,G,True,fixture,True,5,
0000000452,2025-26,Regular Season,1610612743,1631128,F,False,fixture,True,5,
0000000453,2025-26,Regular Season,1610612747,2544,F,True,fixture,True,5,
0000000453,2025-26,Regular Season,1610612747,1629029,G,True,fixture,True,5,
0000000453,2025-26,Regular Season,1610612747,203076,C-F,True,fixture,True,5,
0000000453,2025-26,Regular Season,1610612747,1630559,G,True,fixture,True,5,
0000000453,2025-26,Regular Season,1610612747,1626156,G-F,False,fixture,True,5,
0000000453,2025-26,Regular Season,1610612747,1629020,F,True,fixture,True,5,
0000000453,2025-26,Regular Season,1610612738,1628369,F,True,fixture,True,5,
0000000453,2025-26,Regular Season,1610612738,1627759,G-F,True,fixture,True,5,
0000000453,2025-26,Regular Season,1610612738,201950,G,True,fixture,True,5,
0000000453,2025-26,Regular Season,1610612738,1628464,G,True,fixture,True,5,
0000000453,2025-26,Regular Season,1610612738,203935,C,True,fixture,True,5,
0000000453,2025-26,Regular Season,1610612738,1629057,C-F,False,fixture,True,5,
0000000454,2025-26,Regular Season,1610612747,2544,F,True,fixture,True,5,
0000000454,2025-26,Regular Season,1610612747,1629029,G,True,fixture,True,5,
0000000454,2025-26,Regular Season,1610612747,203076,C-F,True,fixture,True,5,
0000000454,2025-26,Regular Season,1610612747,1630559,G,True,fixture,True,5,
0000000454,2025-26,Regular Season,1610612747,1626156,G-F,False,fixture,True,5,
0000000454,2025-26,Regular Season,1610612747,1629020,F,True,fixture,True,5,
0000000454,2025-26,Regular Season,1610612752,1628973,G,True,fixture,True,5,
0000000454,2025-26,Regular Season,1610612752,1626157,C,True,fixture,True,5,
0000000454,2025-26,Regular Season,1610612752,1629628,G-F,True,fixture,True,5,
0000000454,2025-26,Regular Season,1610612752,1630193,G,True,fixture,True,5,
0000000454,2025-26,Regular Season,1610612752,203944,F-C,True,fixture,True,5,
0000000454,2025-26,Regular Season,1610612752,1631216,G,False,fixture,True,5,
0000000455,2025-26,Regular Season,1610612747,2544,F,True,fixture,True,5,
0000000455,2025-26,Regular Season,1610612747,1629029,G,True,fixture,True,5,
0000000455,2025-26,Regular Season,1610612747,203076,C-F,True,fixture,True,5,
0000000455,2025-26,Regular Season,1610612747,1630559,G,True,fixture,True,5,
0000000455,2025-26,Regular Season,1610612747,1626156,G-F,False,fixture,True,5,
0000000455,2025-26,Regular Season,1610612747,1629020,F,True,fixture,True,5,
0000000455,2025-26,Regular Season,1610612748,202710,F-G,True,fixture,True,5,
0000000455,2025-26,Regular Season,1610612748,1629639,G,True,fixture,True,5,
0000000455,2025-26,Regular Season,1610612748,202355,C,True,fixture,True,5,
0000000455,2025-26,Regular Season,1610612748,1631170,G-F,True,fixture,True,5,
0000000455,2025-26,Regular Season,1610612748,203482,C-F,True,fixture,True,5,
0000000455,2025-26,Regular Season,1610612748,1631107,F,False,fixture,True,5,
0000000456,2025-26,Regular Season,1610612744,201939,G,True,fixture,True,5,
0000000456,2025-26,Regular Season,1610612744,202691,G-F,True,fixture,True,5,
0000000456,2025-26,Regular Season,1610612744,203110,F-C,True,fixture,True,5,
0000000456,2025-26,Regular Season,1610612744,1630228,F,True,fixture,True,5,
0000000456,2025-26,Regular Season,1610612744,1626172,C,False,fixture,True,5,
0000000456,2025-26,Regular Season,1610612744,1630541,G,True,fixture,True,5,
0000000456,2025-26,Regular Season,1610612747,2544,F,True,fixture,True,5,
0000000456,2025-26,Regular Season,1610612747,1629029,G,True,fixture,True,5,
0000000456,2025-26,Regular Season,1610612747,203076,C-F,True,fixture,True,5,
0000000456,2025-26,Regular Season,1610612747,1630559,G,True,fixture,True,5,
0000000456,2025-26,Regular Season,1610612747,1626156,G-F,False,fixture,True,5,
0000000456,2025-26,Regular Season,1610612747,1629020,F,True,fixture,True,5,
0000000457,2025-26,Regular Season,1610612744,201939,G,True,fixture,True,5,
0000000457,2025-26,Regular Season,1610612744,202691,G-F,True,fixture,True,5,
0000000457,2025-26,Regular Season,1610612744,203110,F-C,True,fixture,True,5,
0000000457,2025-26,Regular Season,1610612744,1630228,F,True,fixture,True,5,
0000000457,2025-26,Regular Season,1610612744,1626172,C,False,fixture,True,5,
0000000457,2025-26,Regular Season,1610612744,1630541,G,True,fixture,True,5,
0000000457,2025-26,Regular Season,1610612743,203999,C,True,fixture,True,5,
0000000457,2025-26,Regular Season,1610612743,1627750,G,True,fixture,True,5,
0000000457,2025-26,Regular Season,1610612743,1628420,F,True,fixture,True,5,
0000000457,2025-26,Regular Season,1610612743,1630166,G-F,True,fixture,True,5,
0000000457,2025-26,Regular Season,1610612743,203914,G,True,fixture,True,5,
0000000457,2025-26,Regular Season,1610612743,1631128,F,False,fixture,True,5,
0000000458,2025-26,Regular Season,1610612744,201939,G,True,fixture,True,5,
0000000458,2025-26,Regular Season,1610612744,202691,G-F,True,fixture,True,5,
0000000458,2025-26,Regular Season,1610612744,203110,F-C,True,fixture,True,5,
0000000458,2025-26,Regular Season,1610612744,1630228,F,True,fixture,True,5,
0000000458,2025-26,Regular Season,1610612744,1626172,C,False,fixture,True,5,
0000000458,2025-26,Regular Season,1610612744,1630541,G,True,fixture,True,5,
0000000458,2025-26,Regular Season,1610612738,1628369,F,True,fixture,True,5,
0000000458,2025-26,Regular Season,1610612738,1627759,G-F,True,fixture,True,5,
0000000458,2025-26,Regular Season,1610612738,201950,G,True,fixture,True,5,
0000000458,2025-26,Regular Season,1610612738,1628464,G,True,fixture,True,5,
0000000458,2025-26,Regular Season,1610612738,203935,C,True,fixture,True,5,
0000000458,2025-26,Regular Season,1610612738,1629057,C-F,False,fixture,True,5,
0000000459,2025-26,Regular Season,1610612744,201939,G,True,fixture,True,5,
0000000459,2025-26,Regular Season,1610612744,202691,G-F,True,fixture,True,5,
0000000459,2025-26,Regular Season,1610612744,203110,F-C,True,fixture,True,5,
0000000459,2025-26,Regular Season,1610612744,1630228,F,True,fixture,True,5,
0000000459,2025-26,Regular Season,1610612744,1626172,C,False,fixture,True,5,
0000000459,2025-26,Regular Season,1610612744,1630541,G,True,fixture,True,5,
0000000459,2025-26,Regular Season,1610612752,1628973,G,True,fixture,True,5,
0000000459,2025-26,Regular Season,1610612752,1626157,C,True,fixture,True,5,
0000000459,2025-26,Regular Season,1610612752,1629628,G-F,True,fixture,True,5,
0000000459,2025-26,Regular Season,1610612752,1630193,G,True,fixture,True,5,
0000000459,2025-26,Regular Season,1610612752,203944,F-C,True,fixture,True,5,
0000000459,2025-26,Regular Season,1610612752,1631216,G,False,fixture,True,5,
0000000460,2025-26,Regular Season,1610612744,201939,G,True,fixture,True,5,
0000000460,2025-26,Regular Season,1610612744,202691,G-F,True,fixture,True,5,
0000000460,2025-26,Regular Season,1610612744,203110,F-C,True,fixture,True,5,
0000000460,2025-26,Regular Season,1610612744,1630228,F,True,fixture,True,5,
0000000460,2025-26,Regular Season,1610612744,1626172,C,False,fixture,True,5,
0000000460,2025-26,Regular Season,1610612744,1630541,G,True,fixture,True,5,
0000000460,2025-26,Regular Season,1610612748,202710,F-G,True,fixture,True,5,
0000000460,2025-26,Regular Season,1610612748,1629639,G,True,fixture,True,5,
0000000460,2025-26,Regular Season,1610612748,202355,C,True,fixture,True,5,
0000000460,2025-26,Regular Season,1610612748,1631170,G-F,True,fixture,True,5,
0000000460,2025-26,Regular Season,1610612748,203482,C-F,True,fixture,True,5,
0000000460,2025-26,Regular Season,1610612748,1631107,F,False,fixture,True,5,
0000000461,2025-26,Regular Season,1610612743,203999,C,True,fixture,True,5,
0000000461,2025-26,Regular Season,1610612743,1627750,G,True,fixture,True,5,
0000000461,2025-26,Regular Season,1610612743,1628420,F,True,fixture,True,5,
0000000461,2025-26,Regular Season,1610612743,1630166,G-F,True,fixture,True,5,
0000000461,2025-26,Regular Season,1610612743,203914,G,True,fixture,True,5,
0000000461,2025-26,Regular Season,1610612743,1631128,F,False,fixture,True,5,
0000000461,2025-26,Regular Season,1610612747,2544,F,True,fixture,True,5,
0000000461,2025-26,Regular Season,1610612747,1629029,G,True,fixture,True,5,
0000000461,2025-26,Regular Season,1610612747,203076,C-F,True,fixture,True,5,
0000000461,2025-26,Regular Season,1610612747,1630559,G,True,fixture,True,5,
0000000461,2025-26,Regular Season,1610612747,1626156,G-F,False,fixture,True,5,
0000000461,2025-26,Regular Season,1610612747,1629020,F,True,fixture,True,5,
0000000462,2025-26,Regular Season,1610612743,203999,C,True,fixture,True,5,
0000000462,2025-26,Regular Season,1610612743,1627750,G,True,fixture,True,5,
0000000462,2025-26,Regular Season,1610612743,1628420,F,True,fixture,True,5,
0000000462,2025-26,Regular Season,1610612743,1630166,G-F,True,fixture,True,5,
0000000462,2025-26,Regular Season,1610612743,203914,G,True,fixture,True,5,
0000000462,2025-26,Regular Season,1610612743,1631128,F,False,fixture,True,5,
0000000462,2025-26,Regular Season,1610612744,201939,G,True,fixture,True,5,
0000000462,2025-26,Regular Season,1610612744,202691,G-F,True,fixture,True,5,
0000000462,2025-26,Regular Season,1610612744,203110,F-C,True,fixture,True,5,
0000000462,2025-26,Regular Season,1610612744,1630228,F,True,fixture,True,5,
0000000462,2025-26,Regular Season,1610612744,1626172,C,False,fixture,True,5,
0000000462,2025-26,Regular Season,1610612744,1630541,G,True,fixture,True,5,
0000000463,2025-26,Regular Season,1610612743,203999,C,True,fixture,True,5,
0000000463,2025-26,Regular Season,1610612743,1627750,G,True,fixture,True,5,
0000000463,2025-26,Regular Season,1610612743,1628420,F,True,fixture,True,5,
0000000463,2025-26,Regular Season,1610612743,1630166,G-F,True,fixture,True,5,
0000000463,2025-26,Regular Season,1610612743,203914,G,True,fixture,True,5,
0000000463,2025-26,Regular Season,1610612743,1631128,F,False,fixture,True,5,
0000000463,2025-26,Regular Season,1610612738,1628369,F,True,fixture,True,5,
0000000463,2025-26,Regular Season,1610612738,1627759,G-F,True,fixture,True,5,
0000000463,2025-26,Regular Season,1610612738,201950,G,True,fixture,True,5,
0000000463,2025-26,Regular Season,1610612738,1628464,G,True,fixture,True,5,
0000000463,2025-26,Regular Season,1610612738,203935,C,True,fixture,True,5,
0000000463,2025-26,Regular Season,1610612738,1629057,C-F,False,fixture,True,5,
0000000464,2025-26,Regular Season,1610612743,203999,C,True,fixture,True,5,
0000000464,2025-26,Regular Season,1610612743,1627750,G,True,fixture,True,5,
0000000464,2025-26,Regular Season,1610612743,1628420,F,True,fixture,True,5,
0000000464,2025-26,Regular Season,1610612743,1630166,G-F,True,fixture,True,5,
0000000464,2025-26,Regular Season,1610612743,203914,G,True,fixture,True,5,
0000000464,2025-26,Regular Season,1610612743,1631128,F,False,fixture,True,5,
0000000464,2025-26,Regular Season,1610612752,1628973,G,True,fixture,True,5,
0000000464,2025-26,Regular Season,1610612752,1626157,C,True,fixture,True,5,
0000000464,2025-26,Regular Season,1610612752,1629628,G-F,True,fixture,True,5,
0000000464,2025-26,Regular Season,1610612752,1630193,G,True,fixture,True,5,
0000000464,2025-26,Regular Season,1610612752,203944,F-C,True,fixture,True,5,
0000000464,2025-26,Regular Season,1610612752,1631216,G,False,fixture,True,5,
0000000465,2025-26,Regular Season,1610612743,203999,C,True,fixture,True,5,
0000000465,2025-26,Regular Season,1610612743,1627750,G,True,fixture,True,5,
0000000465,2025-26,Regular Season,1610612743,1628420,F,True,fixture,True,5,
0000000465,2025-26,Regular Season,1610612743,1630166,G-F,True,fixture,True,5,
0000000465,2025-26,Regular Season,1610612743,203914,G,True,fixture,True,5,
0000000465,2025-26,Regular Season,1610612743,1631128,F,False,fixture,True,5,
0000000465,2025-26,Regular Season,1610612748,202710,F-G,True,fixture,True,5,
0000000465,2025-26,Regular Season,1610612748,1629639,G,True,fixture,True,5,
0000000465,2025-26,Regular Season,1610612748,202355,C,True,fixture,True,5,
0000000465,2025-26,Regular Season,1610612748,1631170,G-F,True,fixture,True,5,
0000000465,2025-26,Regular Season,1610612748,203482,C-F,True,fixture,True,5,
0000000465,2025-26,Regular Season,1610612748,1631107,F,False,fixture,True,5,
0000000466,2025-26,Regular Season,1610612738,1628369,F,True,fixture,True,5,
0000000466,2025-26,Regular Season,1610612738,1627759,G-F,True,fixture,True,5,
0000000466,2025-26,Regular Season,1610612738,201950,G,True,fixture,True,5,
0000000466,2025-26,Regular Season,1610612738,1628464,G,True,fixture,True,5,
0000000466,2025-26,Regular Season,1610612738,203935,C,True,fixture,True,5,
0000000466,2025-26,Regular Season,1610612738,1629057,C-F,False,fixture,True,5,
0000000466,2025-26,Regular Season,1610612747,2544,F,True,fixture,True,5,
0000000466,2025-26,Regular Season,1610612747,1629029,G,True,fixture,True,5,
0000000466,2025-26,Regular Season,1610612747,203076,C-F,True,fixture,True,5,
0000000466,2025-26,Regular Season,1610612747,1630559,G,True,fixture,True,5,
0000000466,2025-26,Regular Season,1610612747,1626156,G-F,False,fixture,True,5,
0000000466,2025-26,Regular Season,1610612747,1629020,F,True,fixture,True,5,
0000000467,2025-26,Regular Season,1610612738,1628369,F,True,fixture,True,5,
0000000467,2025-26,Regular Season,1610612738,1627759,G-F,True,fixture,True,5,
0000000467,2025-26,Regular Season,1610612738,201950,G,True,fixture,True,5,
0000000467,2025-26,Regular Season,1610612738,1628464,G,True,fixture,True,5,
0000000467,2025-26,Regular Season,1610612738,203935,C,True,fixture,True,5,
0000000467,2025-26,Regular Season,1610612738,1629057,C-F,False,fixture,True,5,
0000000467,2025-26,Regular Season,1610612744,201939,G,True,fixture,True,5,
0000000467,2025-26,Regular Season,1610612744,202691,G-F,True,fixture,True,5,
0000000467,2025-26,Regular Season,1610612744,203110,F-C,True,fixture,True,5,
0000000467,2025-26,Regular Season,1610612744,1630228,F,True,fixture,True,5,
0000000467,2025-26,Regular Season,1610612744,1626172,C,False,fixture,True,5,
0000000467,2025-26,Regular Season,1610612744,1630541,G,True,fixture,True,5,
0000000468,2025-26,Regular Season,1610612738,1628369,F,True,fixture,True,5,
0000000468,2025-26,Regular Season,1610612738,1627759,G-F,True,fixture,True,5,
0000000468,2025-26,Regular Season,1610612738,201950,G,True,fixture,True,5,
0000000468,2025-26,Regular Season,1610612738,1628464,G,True,fixture,True,5,
0000000468,2025-26,Regular Season,1610612738,203935,C,True,fixture,True,5,
0000000468,2025-26,Regular Season,1610612738,1629057,C-F,False,fixture,True,5,
0000000468,2025-26,Regular Season,1610612743,203999,C,True,fixture,True,5,
0000000468,2025-26,Regular Season,1610612743,1627750,G,True,fixture,True,5,
0000000468,2025-26,Regular Season,1610612743,1628420,F,True,fixture,True,5,
0000000468,2025-26,Regular Season,1610612743,1630166,G-F,True,fixture,True,5,
0000000468,2025-26,Regular Season,1610612743,203914,G,True,fixture,True,5,
0000000468,2025-26,Regular Season,1610612743,1631128,F,False,fixture,True,5,
0000000469,2025-26,Regular Season,1610612738,1628369,F,True,fixture,True,5,
0000000469,2025-26,Regular Season,1610612738,1627759,G-F,True,fixture,True,5,
0000000469,2025-26,Regular Season,1610612738,201950,G,True,fixture,True,5,
0000000469,2025-26,Regular Season,1610612738,1628464,G,True,fixture,True,5,
0000000469,2025-26,Regular Season,1610612738,203935,C,True,fixture,True,5,
0000000469,2025-26,Regular Season,1610612738,1629057,C-F,False,fixture,True,5,
0000000469,2025-26,Regular Season,1610612752,1628973,G,True,fixture,True,5,
0000000469,2025-26,Regular Season,1610612752,1626157,C,True,fixture,True,5,
0000000469,2025-26,Regular Season,1610612752,1629628,G-F,True,fixture,True,5,
0000000469,2025-26,Regular Season,1610612752,1630193,G,True,fixture,True,5,
0000000469,2025-26,Regular Season,1610612752,203944,F-C,True,fixture,True,5,
0000000469,2025-26,Regular Season,1610612752,1631216,G,False,fixture,True,5,
0000000470,2025-26,Regular Season,1610612738,1628369,F,True,fixture,True,5,
0000000470,2025-26,Regular Season,1610612738,1627759,G-F,True,fixture,True,5,
0000000470,2025-26,Regular Season,1610612738,201950,G,True,fixture,True,5,
0000000470,2025-26,Regular Season,1610612738,1628464,G,True,fixture,True,5,
0000000470,2025-26,Regular Season,1610612738,203935,C,True,fixture,True,5,
0000000470,2025-26,Regular Season,1610612738,1629057,C-F,False,fixture,True,5,
0000000470,2025-26,Regular Season,1610612748,202710,F-G,True,fixture,True,5,
0000000470,2025-26,Regular Season,1610612748,1629639,G,True,fixture,True,5,
0000000470,2025-26,Regular Season,1610612748,202355,C,True,fixture,True,5,
0000000470,2025-26,Regular Season,1610612748,1631170,G-F,True,fixture,True,5,
0000000470,2025-26,Regular Season,1610612748,203482,C-F,True,fixture,True,5,
0000000470,2025-26,Regular Season,1610612748,1631107,F,False,fixture,True,5,
0000000471,2025-26,Regular Season,1610612752,1628973,G,True,fixture,True,5,
0000000471,2025-26,Regular Season,1610612752,1626157,C,True,fixture,True,5,
0000000471,2025-26,Regular Season,1610612752,1629628,G-F,True,fixture,True,5,
0000000471,2025-26,Regular Season,1610612752,1630193,G,True,fixture,True,5,
0000000471,2025-26,Regular Season,1610612752,203944,F-C,True,fixture,True,5,
0000000471,2025-26,Regular Season,1610612752,1631216,G,False,fixture,True,5,
0000000471,2025-26,Regular Season,1610612747,2544,F,True,fixture,True,5,
0000000471,2025-26,Regular Season,1610612747,1629029,G,True,fixture,True,5,
0000000471,2025-26,Regular Season,1610612747,203076,C-F,True,fixture,True,5,
0000000471,2025-26,Regular Season,1610612747,1630559,G,True,fixture,True,5,
0000000471,2025-26,Regular Season,1610612747,1626156,G-F,False,fixture,True,5,
0000000471,2025-26,Regular Season,1610612747,1629020,F,True,fixture,True,5,
0000000472,2025-26,Regular Season,1610612752,1628973,G,True,fixture,True,5,
0000000472,2025-26,Regular Season,1610612752,1626157,C,True,fixture,True,5,
0000000472,2025-26,Regular Season,1610612752,1629628,G-F,True,fixture,True,5,
0000000472,2025-26,Regular Season,1610612752,1630193,G,True,fixture,True,5,
0000000472,2025-26,Regular Season,1610612752,203944,F-C,True,fixture,True,5,
0000000472,2025-26,Regular Season,1610612752,1631216,G,False,fixture,True,5,
0000000472,2025-26,Regular Season,1610612744,201939,G,True,fixture,True,5,
0000000472,2025-26,Regular Season,1610612744,202691,G-F,True,fixture,True,5,
0000000472,2025-26,Regular Season,1610612744,203110,F-C,True,fixture,True,5,
0000000472,2025-26,Regular Season,1610612744,1630228,F,True,fixture,True,5,
0000000472,2025-26,Regular Season,1610612744,1626172,C,False,fixture,True,5,
0000000472,2025-26,Regular Season,1610612744,1630541,G,True,fixture,True,5,
0000000473,2025-26,Regular Season,1610612752,1628973,G,True,fixture,True,5,
0000000473,2025-26,Regular Season,1610612752,1626157,C,True,fixture,True,5,
0000000473,2025-26,Regular Season,1610612752,1629628,G-F,True,fixture,True,5,
0000000473,2025-26,Regular Season,1610612752,1630193,G,True,fixture,True,5,
0000000473,2025-26,Regular Season,1610612752,203944,F-C,True,fixture,True,5,
0000000473,2025-26,Regular Season,1610612752,1631216,G,False,fixture,True,5,
0000000473,2025-26,Regular Season,1610612743,203999,C,True,fixture,True,5,
0000000473,2025-26,Regular Season,1610612743,1627750,G,True,fixture,True,5,
0000000473,2025-26,Regular Season,1610612743,1628420,F,True,fixture,True,5,
0000000473,2025-26,Regular Season,1610612743,1630166,G-F,True,fixture,True,5,
0000000473,2025-26,Regular Season,1610612743,203914,G,True,fixture,True,5,
0000000473,2025-26,Regular Season,1610612743,1631128,F,False,fixture,True,5,
0000000474,2025-26,Regular Season,1610612752,1628973,G,True,fixture,True,5,
0000000474,2025-26,Regular Season,1610612752,1626157,C,True,fixture,True,5,
0000000474,2025-26,Regular Season,1610612752,1629628,G-F,True,fixture,True,5,
0000000474,2025-26,Regular Season,1610612752,1630193,G,True,fixture,True,5,
0000000474,2025-26,Regular Season,1610612752,203944,F-C,True,fixture,True,5,
0000000474,2025-26,Regular Season,1610612752,1631216,G,False,fixture,True,5,
0000000474,2025-26,Regular Season,1610612738,1628369,F,True,fixture,True,5,
0000000474,2025-26,Regular Season,1610612738,1627759,G-F,True,fixture,True,5,
0000000474,2025-26,Regular Season,1610612738,201950,G,True,fixture,True,5,
0000000474,2025-26,Regular Season,1610612738,1628464,G,True,fixture,True,5,
0000000474,2025-26,Regular Season,1610612738,203935,C,True,fixture,True,5,
0000000474,2025-26,Regular Season,1610612738,1629057,C-F,False,fixture,True,5,
0000000475,2025-26,Regular Season,1610612752,1628973,G,True,fixture,True,5,
0000000475,2025-26,Regular Season,1610612752,1626157,C,True,fixture,True,5,
0000000475,2025-26,Regular Season,1610612752,1629628,G-F,True,fixture,True,5,
0000000475,2025-26,Regular Season,1610612752,1630193,G,True,fixture,True,5,
0000000475,2025-26,Regular Season,1610612752,203944,F-C,True,fixture,True,5,
0000000475,2025-26,Regular Season,1610612752,1631216,G,False,fixture,True,5,
0000000475,2025-26,Regular Season,1610612748,202710,F-G,True,fixture,True,5,
0000000475,2025-26,Regular Season,1610612748,1629639,G,True,fixture,True,5,
0000000475,2025-26,Regular Season,1610612748,202355,C,True,fixture,True,5,
0000000475,2025-26,Regular Season,1610612748,1631170,G-F,True,fixture,True,5,
0000000475,2025-26,Regular Season,1610612748,203482,C-F,True,fixture,True,5,
0000000475,2025-26,Regular Season,1610612748,1631107,F,False,fixture,True,5,
0000000476,2025-26,Regular Season,1610612748,202710,F-G,True,fixture,True,5,
0000000476,2025-26,Regular Season,1610612748,1629639,G,True,fixture,True,5,
0000000476,2025-26,Regular Season,1610612748,202355,C,True,fixture,True,5,
0000000476,2025-26,Regular Season,1610612748,1631170,G-F,True,fixture,True,5,
0000000476,2025-26,Regular Season,1610612748,203482,C-F,True,fixture,True,5,
0000000476,2025-26,Regular Season,1610612748,1631107,F,False,fixture,True,5,
0000000476,2025-26,Regular Season,1610612747,2544,F,True,fixture,True,5,
0000000476,2025-26,Regular Season,1610612747,1629029,G,True,fixture,True,5,
0000000476,2025-26,Regular Season,1610612747,203076,C-F,True,fixture,True,5,
0000000476,2025-26,Regular Season,1610612747,1630559,G,True,fixture,True,5,
0000000476,2025-26,Regular Season,1610612747,1626156,G-F,False,fixture,True,5,
0000000476,2025-26,Regular Season,1610612747,1629020,F,True,fixture,True,5,
0000000477,2025-26,Regular Season,1610612748,202710,F-G,True,fixture,True,5,
0000000477,2025-26,Regular Season,1610612748,1629639,G,True,fixture,True,5,
0000000477,2025-26,Regular Season,1610612748,202355,C,True,fixture,True,5,
0000000477,2025-26,Regular Season,1610612748,1631170,G-F,True,fixture,True,5,
0000000477,2025-26,Regular Season,1610612748,203482,C-F,True,fixture,True,5,
0000000477,2025-26,Regular Season,1610612748,1631107,F,False,fixture,True,5,
0000000477,2025-26,Regular Season,1610612744,201939,G,True,fixture,True,5,
0000000477,2025-26,Regular Season,1610612744,202691,G-F,True,fixture,True,5,
0000000477,2025-26,Regular Season,1610612744,203110,F-C,True,fixture,True,5,
0000000477,2025-26,Regular Season,1610612744,1630228,F,True,fixture,True,5,
0000000477,2025-26,Regular Season,1610612744,1626172,C,False,fixture,True,5,
0000000477,2025-26,Regular Season,1610612744,1630541,G,True,fixture,True,5,
0000000478,2025-26,Regular Season,1610612748,202710,F-G,True,fixture,True,5,
0000000478,2025-26,Regular Season,1610612748,1629639,G,True,fixture,True,5,
0000000478,2025-26,Regular Season,1610612748,202355,C,True,fixture,True,5,
0000000478,2025-26,Regular Season,1610612748,1631170,G-F,True,fixture,True,5,
0000000478,2025-26,Regular Season,1610612748,203482,C-F,True,fixture,True,5,
0000000478,2025-26,Regular Season,1610612748,1631107,F,False,fixture,True,5,
0000000478,2025-26,Regular Season,1610612743,203999,C,True,fixture,True,5,
0000000478,2025-26,Regular Season,1610612743,1627750,G,True,fixture,True,5,
0000000478,2025-26,Regular Season,1610612743,1628420,F,True,fixture,True,5,
0000000478,2025-26,Regular Season,1610612743,1630166,G-F,True,fixture,True,5,
0000000478,2025-26,Regular Season,1610612743,203914,G,True,fixture,True,5,
0000000478,2025-26,Regular Season,1610612743,1631128,F,False,fixture,True,5,
0000000479,2025-26,Regular Season,1610612748,202710,F-G,True,fixture,True,5,
0000000479,2025-26,Regular Season,1610612748,1629639,G,True,fixture,True,5,
0000000479,2025-26,Regular Season,1610612748,202355,C,True,fixture,True,5,
0000000479,2025-26,Regular Season,1610612748,1631170,G-F,True,fixture,True,5,
0000000479,2025-26,Regular Season,1610612748,203482,C-F,True,fixture,True,5,
0000000479,2025-26,Regular Season,1610612748,1631107,F,False,fixture,True,5,
0000000479,2025-26,Regular Season,1610612738,1628369,F,True,fixture,True,5,
0000000479,2025-26,Regular Season,1610612738,1627759,G-F,True,fixture,True,5,
0000000479,2025-26,Regular Season,1610612738,201950,G,True,fixture,True,5,
0000000479,2025-26,Regular Season,1610612738,1628464,G,True,fixture,True,5,
0000000479,2025-26,Regular Season,1610612738,203935,C,True,fixture,True,5,
0000000479,2025-26,Regular Season,1610612738,1629057,C-F,False,fixture,True,5,
0000000480,2025-26,Regular Season,1610612748,202710,F-G,True,fixture,True,5,
0000000480,2025-26,Regular Season,1610612748,1629639,G,True,fixture,True,5,
0000000480,2025-26,Regular Season,1610612748,202355,C,True,fixture,True,5,
0000000480,2025-26,Regular Season,1610612748,1631170,G-F,True,fixture,True,5,
0000000480,2025-26,Regular Season,1610612748,203482,C-F,True,fixture,True,5,
0000000480,2025-26,Regular Season,1610612748,1631107,F,False,fixture,True,5,
0000000480,2025-26,Regular Season,1610612752,1628973,G,True,fixture,True,5,
0000000480,2025-26,Regular Season,1610612752,1626157,C,True,fixture,True,5,
0000000480,2025-26,Regular Season,1610612752,1629628,G-F,True,fixture,True,5,
0000000480,2025-26,Regular Season,1610612752,1630193,G,True,fixture,True,5,
0000000480,2025-26,Regular Season,1610612752,203944,F-C,True,fixture,True,5,
0000000480,2025-26,Regular Season,1610612752,1631216,G,False,fixture,True,5,
0000000481,2025-26,Regular Season,1610612747,2544,F,True,fixture,True,5,
0000000481,2025-26,Regular Season,1610612747,1629029,G,True,fixture,True,5,
0000000481,2025-26,Regular Season,1610612747,203076,C-F,True,fixture,True,5,
0000000481,2025-26,Regular Season,1610612747,1630559,G,True,fixture,True,5,
0000000481,2025-26,Regular Season,1610612747,1626156,G-F,False,fixture,True,5,
0000000481,2025-26,Regular Season,1610612747,1629020,F,True,fixture,True,5,
0000000481,2025-26,Regular Season,1610612744,201939,G,True,fixture,True,5,
0000000481,2025-26,Regular Season,1610612744,202691,G-F,True,fixture,True,5,
0000000481,2025-26,Regular Season,1610612744,203110,F-C,True,fixture,True,5,
0000000481,2025-26,Regular Season,1610612744,1630228,F,True,fixture,True,5,
0000000481,2025-26,Regular Season,1610612744,1626172,C,False,fixture,True,5,
0000000481,2025-26,Regular Season,1610612744,1630541,G,True,fixture,True,5,
0000000482,2025-26,Regular Season,1610612747,2544,F,True,fixture,True,5,
0000000482,2025-26,Regular Season,1610612747,1629029,G,True,fixture,True,5,
0000000482,2025-26,Regular Season,1610612747,203076,C-F,True,fixture,True,5,
0000000482,2025-26,Regular Season,1610612747,1630559,G,True,fixture,True,5,
0000000482,2025-26,Regular Season,1610612747,1626156,G-F,False,fixture,True,5,
0000000482,2025-26,Regular Season,1610612747,1629020,F,True,fixture,True,5,
0000000482,2025-26,Regular Season,1610612743,203999,C,True,fixture,True,5,
0000000482,2025-26,Regular Season,1610612743,1627750,G,True,fixture,True,5,
0000000482,2025-26,Regular Season,1610612743,1628420,F,True,fixture,True,5,
0000000482,2025-26,Regular Season,1610612743,1630166,G-F,True,fixture,True,5,
0000000482,2025-26,Regular Season,1610612743,203914,G,True,fixture,True,5,
0000000482,2025-26,Regular Season,1610612743,1631128,F,False,fixture,True,5,
0000000483,2025-26,Regular Season,1610612747,2544,F,True,fixture,True,5,
0000000483,2025-26,Regular Season,1610612747,1629029,G,True,fixture,True,5,
0000000483,2025-26,Regular Season,1610612747,203076,C-F,True,fixture,True,5,
0000000483,2025-26,Regular Season,1610612747,1630559,G,True,fixture,True,5,
0000000483,2025-26,Regular Season,1610612747,1626156,G-F,False,fixture,True,5,
0000000483,2025-26,Regular Season,1610612747,1629020,F,True,fixture,True,5,
0000000483,2025-26,Regular Season,1610612738,1628369,F,True,fixture,True,5,
0000000483,2025-26,Regular Season,1610612738,1627759,G-F,True,fixture,True,5,
0000000483,2025-26,Regular Season,1610612738,201950,G,True,fixture,True,5,
0000000483,2025-26,Regular Season,1610612738,1628464,G,True,fixture,True,5,
0000000483,2025-26,Regular Season,1610612738,203935,C,True,fixture,True,5,
0000000483,2025-26,Regular Season,1610612738,1629057,C-F,False,fixture,True,5,
0000000484,2025-26,Regular Season,1610612747,2544,F,True,fixture,True,5,
0000000484,2025-26,Regular Season,1610612747,1629029,G,True,fixture,True,5,
0000000484,2025-26,Regular Season,1610612747,203076,C-F,True,fixture,True,5,
0000000484,2025-26,Regular Season,1610612747,1630559,G,True,fixture,True,5,
0000000484,2025-26,Regular Season,1610612747,1626156,G-F,False,fixture,True,5,
0000000484,2025-26,Regular Season,1610612747,1629020,F,True,fixture,True,5,
0000000484,2025-26,Regular Season,1610612752,1628973,G,True,fixture,True,5,
0000000484,2025-26,Regular Season,1610612752,1626157,C,True,fixture,True,5,
0000000484,2025-26,Regular Season,1610612752,1629628,G-F,True,fixture,True,5,
0000000484,2025-26,Regular Season,1610612752,1630193,G,True,fixture,True,5,
0000000484,2025-26,Regular Season,1610612752,203944,F-C,True,fixture,True,5,
0000000484,2025-26,Regular Season,1610612752,1631216,G,False,fixture,True,5,
0000000485,2025-26,Regular Season,1610612747,2544,F,True,fixture,True,5,
0000000485,2025-26,Regular Season,1610612747,1629029,G,True,fixture,True,5,
0000000485,2025-26,Regular Season,1610612747,203076,C-F,True,fixture,True,5,
0000000485,2025-26,Regular Season,1610612747,1630559,G,True,fixture,True,5,
0000000485,2025-26,Regular Season,1610612747,1626156,G-F,False,fixture,True,5,
0000000485,2025-26,Regular Season,1610612747,1629020,F,True,fixture,True,5,
0000000485,2025-26,Regular Season,1610612748,202710,F-G,True,fixture,True,5,
0000000485,2025-26,Regular Season,1610612748,1629639,G,True,fixture,True,5,
0000000485,2025-26,Regular Season,1610612748,202355,C,True,fixture,True,5,
0000000485,2025-26,Regular Season,1610612748,1631170,G-F,True,fixture,True,5,
0000000485,2025-26,Regular Season,1610612748,203482,C-F,True,fixture,True,5,
0000000485,2025-26,Regular Season,1610612748,1631107,F,False,fixture,True,5,
0000000486,2025-26,Regular Season,1610612744,201939,G,True,fixture,True,5,
0000000486,2025-26,Regular Season,1610612744,202691,G-F,True,fixture,True,5,
0000000486,2025-26,Regular Season,1610612744,203110,F-C,True,fixture,True,5,
0000000486,2025-26,Regular Season,1610612744,1630228,F,True,fixture,True,5,
0000000486,2025-26,Regular Season,1610612744,1626172,C,False,fixture,True,5,
0000000486,2025-26,Regular Season,1610612744,1630541,G,True,fixture,True,5,
0000000486,2025-26,Regular Season,1610612747,2544,F,True,fixture,True,5,
0000000486,2025-26,Regular Season,1610612747,1629029,G,True,fixture,True,5,
0000000486,2025-26,Regular Season,1610612747,203076,C-F,True,fixture,True,5,
0000000486,2025-26,Regular Season,1610612747,1630559,G,True,fixture,True,5,
0000000486,2025-26,Regular Season,1610612747,1626156,G-F,False,fixture,True,5,
0000000486,2025-26,Regular Season,1610612747,1629020,F,True,fixture,True,5,
0000000487,2025-26,Regular Season,1610612744,201939,G,True,fixture,True,5,
0000000487,2025-26,Regular Season,1610612744,202691,G-F,True,fixture,True,5,
0000000487,2025-26,Regular Season,1610612744,203110,F-C,True,fixture,True,5,
0000000487,2025-26,Regular Season,1610612744,1630228,F,True,fixture,True,5,
0000000487,2025-26,Regular Season,1610612744,1626172,C,False,fixture,True,5,
0000000487,2025-26,Regular Season,1610612744,1630541,G,True,fixture,True,5,
0000000487,2025-26,Regular Season,1610612743,203999,C,True,fixture,True,5,
0000000487,2025-26,Regular Season,1610612743,1627750,G,True,fixture,True,5,
0000000487,2025-26,Regular Season,1610612743,1628420,F,True,fixture,True,5,
0000000487,2025-26,Regular Season,1610612743,1630166,G-F,True,fixture,True,5,
0000000487,2025-26,Regular Season,1610612743,203914,G,True,fixture,True,5,
0000000487,2025-26,Regular Season,1610612743,1631128,F,False,fixture,True,5,
0000000488,2025-26,Regular Season,1610612744,201939,G,True,fixture,True,5,
0000000488,2025-26,Regular Season,1610612744,202691,G-F,True,fixture,True,5,
0000000488,2025-26,Regular Season,1610612744,203110,F-C,True,fixture,True,5,
0000000488,2025-26,Regular Season,1610612744,1630228,F,True,fixture,True,5,
0000000488,2025-26,Regular Season,1610612744,1626172,C,False,fixture,True,5,
0000000488,2025-26,Regular Season,1610612744,1630541,G,True,fixture,True,5,
0000000488,2025-26,Regular Season,1610612738,1628369,F,True,fixture,True,5,
0000000488,2025-26,Regular Season,1610612738,1627759,G-F,True,fixture,True,5,
0000000488,2025-26,Regular Season,1610612738,201950,G,True,fixture,True,5,
0000000488,2025-26,Regular Season,1610612738,1628464,G,True,fixture,True,5,
0000000488,2025-26,Regular Season,1610612738,203935,C,True,fixture,True,5,
0000000488,2025-26,Regular Season,1610612738,1629057,C-F,False,fixture,True,5,
0000000489,2025-26,Regular Season,1610612744,201939,G,True,fixture,True,5,
0000000489,2025-26,Regular Season,1610612744,202691,G-F,True,fixture,True,5,
0000000489,2025-26,Regular Season,1610612744,203110,F-C,True,fixture,True,5,
0000000489,2025-26,Regular Season,1610612744,1630228,F,True,fixture,True,5,
0000000489,2025-26,Regular Season,1610612744,1626172,C,False,fixture,True,5,
0000000489,2025-26,Regular Season,1610612744,1630541,G,True,fixture,True,5,
0000000489,2025-26,Regular Season,1610612752,1628973,G,True,fixture,True,5,
0000000489,2025-26,Regular Season,1610612752,1626157,C,True,fixture,True,5,
0000000489,2025-26,Regular Season,1610612752,1629628,G-F,True,fixture,True,5,
0000000489,2025-26,Regular Season,1610612752,1630193,G,True,fixture,True,5,
0000000489,2025-26,Regular Season,1610612752,203944,F-C,True,fixture,True,5,
0000000489,2025-26,Regular Season,1610612752,1631216,G,False,fixture,True,5,
0000000490,2025-26,Regular Season,1610612744,201939,G,True,fixture,True,5,
0000000490,2025-26,Regular Season,1610612744,202691,G-F,True,fixture,True,5,
0000000490,2025-26,Regular Season,1610612744,203110,F-C,True,fixture,True,5,
0000000490,2025-26,Regular Season,1610612744,1630228,F,True,fixture,True,5,
0000000490,2025-26,Regular Season,1610612744,1626172,C,False,fixture,True,5,
0000000490,2025-26,Regular Season,1610612744,1630541,G,True,fixture,True,5,
0000000490,2025-26,Regular Season,1610612748,202710,F-G,True,fixture,True,5,
0000000490,2025-26,Regular Season,1610612748,1629639,G,True,fixture,True,5,
0000000490,2025-26,Regular Season,1610612748,202355,C,True,fixture,True,5,
0000000490,2025-26,Regular Season,1610612748,1631170,G-F,True,fixture,True,5,
0000000490,2025-26,Regular Season,1610612748,203482,C-F,True,fixture,True,5,
0000000490,2025-26,Regular Season,1610612748,1631107,F,False,fixture,True,5,
0000000491,2025-26,Regular Season,1610612743,203999,C,True,fixture,True,5,
0000000491,2025-26,Regular Season,1610612743,1627750,G,True,fixture,True,5,
0000000491,2025-26,Regular Season,1610612743,1628420,F,True,fixture,True,5,
0000000491,2025-26,Regular Season,1610612743,1630166,G-F,True,fixture,True,5,
0000000491,2025-26,Regular Season,1610612743,203914,G,True,fixture,True,5,
0000000491,2025-26,Regular Season,1610612743,1631128,F,False,fixture,True,5,
0000000491,2025-26,Regular Season,1610612747,2544,F,True,fixture,True,5,
0000000491,2025-26,Regular Season,1610612747,1629029,G,True,fixture,True,5,
0000000491,2025-26,Regular Season,1610612747,203076,C-F,True,fixture,True,5,
0000000491,2025-26,Regular Season,1610612747,1630559,G,True,fixture,True,5,
0000000491,2025-26,Regular Season,1610612747,1626156,G-F,False,fixture,True,5,
0000000491,2025-26,Regular Season,1610612747,1629020,F,True,fixture,True,5,
0000000492,2025-26,Regular Season,1610612743,203999,C,True,fixture,True,5,
0000000492,2025-26,Regular Season,1610612743,1627750,G,True,fixture,True,5,
0000000492,2025-26,Regular Season,1610612743,1628420,F,True,fixture,True,5,
0000000492,2025-26,Regular Season,1610612743,1630166,G-F,True,fixture,True,5,
0000000492,2025-26,Regular Season,1610612743,203914,G,True,fixture,True,5,
0000000492,2025-26,Regular Season,1610612743,1631128,F,False,fixture,True,5,
0000000492,2025-26,Regular Season,1610612744,201939,G,True,fixture,True,5,
0000000492,2025-26,Regular Season,1610612744,202691,G-F,True,fixture,True,5,
0000000492,2025-26,Regular Season,1610612744,203110,F-C,True,fixture,True,5,
0000000492,2025-26,Regular Season,1610612744,1630228,F,True,fixture,True,5,
0000000492,2025-26,Regular Season,1610612744,1626172,C,False,fixture,True,5,
0000000492,2025-26,Regular Season,1610612744,1630541,G,True,fixture,True,5,
0000000493,2025-26,Regular Season,1610612743,203999,C,True,fixture,True,5,
0000000493,2025-26,Regular Season,1610612743,1627750,G,True,fixture,True,5,
0000000493,2025-26,Regular Season,1610612743,1628420,F,True,fixture,True,5,
0000000493,2025-26,Regular Season,1610612743,1630166,G-F,True,fixture,True,5,
0000000493,2025-26,Regular Season,1610612743,203914,G,True,fixture,True,5,
0000000493,2025-26,Regular Season,1610612743,1631128,F,False,fixture,True,5,
0000000493,2025-26,Regular Season,1610612738,1628369,F,True,fixture,True,5,
0000000493,2025-26,Regular Season,1610612738,1627759,G-F,True,fixture,True,5,
0000000493,2025-26,Regular Season,1610612738,201950,G,True,fixture,True,5,
0000000493,2025-26,Regular Season,1610612738,1628464,G,True,fixture,True,5,
0000000493,2025-26,Regular Season,1610612738,203935,C,True,fixture,True,5,
0000000493,2025-26,Regular Season,1610612738,1629057,C-F,False,fixture,True,5,
0000000494,2025-26,Regular Season,1610612743,203999,C,True,fixture,True,5,
0000000494,2025-26,Regular Season,1610612743,1627750,G,True,fixture,True,5,
0000000494,2025-26,Regular Season,1610612743,1628420,F,True,fixture,True,5,
0000000494,2025-26,Regular Season,1610612743,1630166,G-F,True,fixture,True,5,
0000000494,2025-26,Regular Season,1610612743,203914,G,True,fixture,True,5,
0000000494,2025-26,Regular Season,1610612743,1631128,F,False,fixture,True,5,
0000000494,2025-26,Regular Season,1610612752,1628973,G,True,fixture,True,5,
0000000494,2025-26,Regular Season,1610612752,1626157,C,True,fixture,True,5,
0000000494,2025-26,Regular Season,1610612752,1629628,G-F,True,fixture,True,5,
0000000494,2025-26,Regular Season,1610612752,1630193,G,True,fixture,True,5,
0000000494,2025-26,Regular Season,1610612752,203944,F-C,True,fixture,True,5,
0000000494,2025-26,Regular Season,1610612752,1631216,G,False,fixture,True,5,
0000000495,2025-26,Regular Season,1610612743,203999,C,True,fixture,True,5,
0000000495,2025-26,Regular Season,1610612743,1627750,G,True,fixture,True,5,
0000000495,2025-26,Regular Season,1610612743,1628420,F,True,fixture,True,5,
0000000495,2025-26,Regular Season,1610612743,1630166,G-F,True,fixture,True,5,
0000000495,2025-26,Regular Season,1610612743,203914,G,True,fixture,True,5,
0000000495,2025-26,Regular Season,1610612743,1631128,F,False,fixture,True,5,
0000000495,2025-26,Regular Season,1610612748,202710,F-G,True,fixture,True,5,
0000000495,2025-26,Regular Season,1610612748,1629639,G,True,fixture,True,5,
0000000495,2025-26,Regular Season,1610612748,202355,C,True,fixture,True,5,
0000000495,2025-26,Regular Season,1610612748,1631170,G-F,True,fixture,True,5,
0000000495,2025-26,Regular Season,1610612748,203482,C-F,True,fixture,True,5,
0000000495,2025-26,Regular Season,1610612748,1631107,F,False,fixture,True,5,
0000000496,2025-26,Regular Season,1610612738,1628369,F,True,fixture,True,5,
0000000496,2025-26,Regular Season,1610612738,1627759,G-F,True,fixture,True,5,
0000000496,2025-26,Regular Season,1610612738,201950,G,True,fixture,True,5,
0000000496,2025-26,Regular Season,1610612738,1628464,G,True,fixture,True,5,
0000000496,2025-26,Regular Season,1610612738,203935,C,True,fixture,True,5,
0000000496,2025-26,Regular Season,1610612738,1629057,C-F,False,fixture,True,5,
0000000496,2025-26,Regular Season,1610612747,2544,F,True,fixture,True,5,
0000000496,2025-26,Regular Season,1610612747,1629029,G,True,fixture,True,5,
0000000496,2025-26,Regular Season,1610612747,203076,C-F,True,fixture,True,5,
0000000496,2025-26,Regular Season,1610612747,1630559,G,True,fixture,True,5,
0000000496,2025-26,Regular Season,1610612747,1626156,G-F,False,fixture,True,5,
0000000496,2025-26,Regular Season,1610612747,1629020,F,True,fixture,True,5,
0000000497,2025-26,Regular Season,1610612738,1628369,F,True,fixture,True,5,
0000000497,2025-26,Regular Season,1610612738,1627759,G-F,True,fixture,True,5,
0000000497,2025-26,Regular Season,1610612738,201950,G,True,fixture,True,5,
0000000497,2025-26,Regular Season,1610612738,1628464,G,True,fixture,True,5,
0000000497,2025-26,Regular Season,1610612738,203935,C,True,fixture,True,5,
0000000497,2025-26,Regular Season,1610612738,1629057,C-F,False,fixture,True,5,
0000000497,2025-26,Regular Season,1610612744,201939,G,True,fixture,True,5,
0000000497,2025-26,Regular Season,1610612744,202691,G-F,True,fixture,True,5,
0000000497,2025-26,Regular Season,1610612744,203110,F-C,True,fixture,True,5,
0000000497,2025-26,Regular Season,1610612744,1630228,F,True,fixture,True,5,
0000000497,2025-26,Regular Season,1610612744,1626172,C,False,fixture,True,5,
0000000497,2025-26,Regular Season,1610612744,1630541,G,True,fixture,True,5,
0000000498,2025-26,Regular Season,1610612738,1628369,F,True,fixture,True,5,
0000000498,2025-26,Regular Season,1610612738,1627759,G-F,True,fixture,True,5,
0000000498,2025-26,Regular Season,1610612738,201950,G,True,fixture,True,5,
0000000498,2025-26,Regular Season,1610612738,1628464,G,True,fixture,True,5,
0000000498,2025-26,Regular Season,1610612738,203935,C,True,fixture,True,5,
0000000498,2025-26,Regular Season,1610612738,1629057,C-F,False,fixture,True,5,
0000000498,2025-26,Regular Season,1610612743,203999,C,True,fixture,True,5,
0000000498,2025-26,Regular Season,1610612743,1627750,G,True,fixture,True,5,
0000000498,2025-26,Regular Season,1610612743,1628420,F,True,fixture,True,5,
0000000498,2025-26,Regular Season,1610612743,1630166,G-F,True,fixture,True,5,
0000000498,2025-26,Regular Season,1610612743,203914,G,True,fixture,True,5,
0000000498,2025-26,Regular Season,1610612743,1631128,F,False,fixture,True,5,
0000000499,2025-26,Regular Season,1610612738,1628369,F,True,fixture,True,5,
0000000499,2025-26,Regular Season,1610612738,1627759,G-F,True,fixture,True,5,
0000000499,2025-26,Regular Season,1610612738,201950,G,True,fixture,True,5,
0000000499,2025-26,Regular Season,1610612738,1628464,G,True,fixture,True,5,
0000000499,2025-26,Regular Season,1610612738,203935,C,True,fixture,True,5,
0000000499,2025-26,Regular Season,1610612738,1629057,C-F,False,fixture,True,5,
0000000499,2025-26,Regular Season,1610612752,1628973,G,True,fixture,True,5,
0000000499,2025-26,Regular Season,1610612752,1626157,C,True,fixture,True,5,
0000000499,2025-26,Regular Season,1610612752,1629628,G-F,True,fixture,True,5,
0000000499,2025-26,Regular Season,1610612752,1630193,G,True,fixture,True,5,
0000000499,2025-26,Regular Season,1610612752,203944,F-C,True,fixture,True,5,
0000000499,2025-26,Regular Season,1610612752,1631216,G,False,fixture,True,5,
0000000500,2025-26,Regular Season,1610612738,1628369,F,True,fixture,True,5,
0000000500,2025-26,Regular Season,1610612738,1627759,G-F,True,fixture,True,5,
0000000500,2025-26,Regular Season,1610612738,201950,G,True,fixture,True,5,
0000000500,2025-26,Regular Season,1610612738,1628464,G,True,fixture,True,5,
0000000500,2025-26,Regular Season,1610612738,203935,C,True,fixture,True,5,
0000000500,2025-26,Regular Season,1610612738,1629057,C-F,False,fixture,True,5,
0000000500,2025-26,Regular Season,1610612748,202710,F-G,True,fixture,True,5,
0000000500,2025-26,Regular Season,1610612748,1629639,G,True,fixture,True,5,
0000000500,2025-26,Regular Season,1610612748,202355,C,True,fixture,True,5,
0000000500,2025-26,Regular Season,1610612748,1631170,G-F,True,fixture,True,5,
0000000500,2025-26,Regular Season,1610612748,203482,C-F,True,fixture,True,5,
0000000500,2025-26,Regular Season,1610612748,1631107,F,False,fixture,True,5,
0000000501,2025-26,Regular Season,1610612752,1628973,G,True,fixture,True,5,
0000000501,2025-26,Regular Season,1610612752,1626157,C,True,fixture,True,5,
0000000501,2025-26,Regular Season,1610612752,1629628,G-F,True,fixture,True,5,
0000000501,2025-26,Regular Season,1610612752,1630193,G,True,fixture,True,5,
0000000501,2025-26,Regular Season,1610612752,203944,F-C,True,fixture,True,5,
0000000501,2025-26,Regular Season,1610612752,1631216,G,False,fixture,True,5,
0000000501,2025-26,Regular Season,1610612747,2544,F,True,fixture,True,5,
0000000501,2025-26,Regular Season,1610612747,1629029,G,True,fixture,True,5,
0000000501,2025-26,Regular Season,1610612747,203076,C-F,True,fixture,True,5,
0000000501,2025-26,Regular Season,1610612747,1630559,G,True,fixture,True,5,
0000000501,2025-26,Regular Season,1610612747,1626156,G-F,False,fixture,True,5,
0000000501,2025-26,Regular Season,1610612747,1629020,F,True,fixture,True,5,
0000000502,2025-26,Regular Season,1610612752,1628973,G,True,fixture,True,5,
0000000502,2025-26,Regular Season,1610612752,1626157,C,True,fixture,True,5,
0000000502,2025-26,Regular Season,1610612752,1629628,G-F,True,fixture,True,5,
0000000502,2025-26,Regular Season,1610612752,1630193,G,True,fixture,True,5,
0000000502,2025-26,Regular Season,1610612752,203944,F-C,True,fixture,True,5,
0000000502,2025-26,Regular Season,1610612752,1631216,G,False,fixture,True,5,
0000000502,2025-26,Regular Season,1610612744,201939,G,True,fixture,True,5,
0000000502,2025-26,Regular Season,1610612744,202691,G-F,True,fixture,True,5,
0000000502,2025-26,Regular Season,1610612744,203110,F-C,True,fixture,True,5,
0000000502,2025-26,Regular Season,1610612744,1630228,F,True,fixture,True,5,
0000000502,2025-26,Regular Season,1610612744,1626172,C,False,fixture,True,5,
0000000502,2025-26,Regular Season,1610612744,1630541,G,True,fixture,True,5,
0000000503,2025-26,Regular Season,1610612752,1628973,G,True,fixture,True,5,
0000000503,2025-26,Regular Season,1610612752,1626157,C,True,fixture,True,5,
0000000503,2025-26,Regular Season,1610612752,1629628,G-F,True,fixture,True,5,
0000000503,2025-26,Regular Season,1610612752,1630193,G,True,fixture,True,5,
0000000503,2025-26,Regular Season,1610612752,203944,F-C,True,fixture,True,5,
0000000503,2025-26,Regular Season,1610612752,1631216,G,False,fixture,True,5,
0000000503,2025-26,Regular Season,1610612743,203999,C,True,fixture,True,5,
0000000503,2025-26,Regular Season,1610612743,1627750,G,True,fixture,True,5,
0000000503,2025-26,Regular Season,1610612743,1628420,F,True,fixture,True,5,
0000000503,2025-26,Regular Season,1610612743,1630166,G-F,True,fixture,True,5,
0000000503,2025-26,Regular Season,1610612743,203914,G,True,fixture,True,5,
0000000503,2025-26,Regular Season,1610612743,1631128,F,False,fixture,True,5,
0000000504,2025-26,Regular Season,1610612752,1628973,G,True,fixture,True,5,
0000000504,2025-26,Regular Season,1610612752,1626157,C,True,fixture,True,5,
0000000504,2025-26,Regular Season,1610612752,1629628,G-F,True,fixture,True,5,
0000000504,2025-26,Regular Season,1610612752,1630193,G,True,fixture,True,5,
0000000504,2025-26,Regular Season,1610612752,203944,F-C,True,fixture,True,5,
0000000504,2025-26,Regular Season,1610612752,1631216,G,False,fixture,True,5,
0000000504,2025-26,Regular Season,1610612738,1628369,F,True,fixture,True,5,
0000000504,2025-26,Regular Season,1610612738,1627759,G-F,True,fixture,True,5,
0000000504,2025-26,Regular Season,1610612738,201950,G,True,fixture,True,5,
0000000504,2025-26,Regular Season,1610612738,1628464,G,True,fixture,True,5,
0000000504,2025-26,Regular Season,1610612738,203935,C,True,fixture,True,5,
0000000504,2025-26,Regular Season,1610612738,1629057,C-F,False,fixture,True,5,
0000000505,2025-26,Regular Season,1610612752,1628973,G,True,fixture,True,5,
0000000505,2025-26,Regular Season,1610612752,1626157,C,True,fixture,True,5,
0000000505,2025-26,Regular Season,1610612752,1629628,G-F,True,fixture,True,5,
0000000505,2025-26,Regular Season,1610612752,1630193,G,True,fixture,True,5,
0000000505,2025-26,Regular Season,1610612752,203944,F-C,True,fixture,True,5,
0000000505,2025-26,Regular Season,1610612752,1631216,G,False,fixture,True,5,
0000000505,2025-26,Regular Season,1610612748,202710,F-G,True,fixture,True,5,
0000000505,2025-26,Regular Season,1610612748,1629639,G,True,fixture,True,5,
0000000505,2025-26,Regular Season,1610612748,202355,C,True,fixture,True,5,
0000000505,2025-26,Regular Season,1610612748,1631170,G-F,True,fixture,True,5,
0000000505,2025-26,Regular Season,1610612748,203482,C-F,True,fixture,True,5,
0000000505,2025-26,Regular Season,1610612748,1631107,F,False,fixture,True,5,
0000000506,2025-26,Regular Season,1610612748,202710,F-G,True,fixture,True,5,
0000000506,2025-26,Regular Season,1610612748,1629639,G,True,fixture,True,5,
0000000506,2025-26,Regular Season,1610612748,202355,C,True,fixture,True,5,
0000000506,2025-26,Regular Season,1610612748,1631170,G-F,True,fixture,True,5,
0000000506,2025-26,Regular Season,1610612748,203482,C-F,True,fixture,True,5,
0000000506,2025-26,Regular Season,1610612748,1631107,F,False,fixture,True,5,
0000000506,2025-26,Regular Season,1610612747,2544,F,True,fixture,True,5,
0000000506,2025-26,Regular Season,1610612747,1629029,G,True,fixture,True,5,
0000000506,2025-26,Regular Season,1610612747,203076,C-F,True,fixture,True,5,
0000000506,2025-26,Regular Season,1610612747,1630559,G,True,fixture,True,5,
0000000506,2025-26,Regular Season,1610612747,1626156,G-F,False,fixture,True,5,
0000000506,2025-26,Regular Season,1610612747,1629020,F,True,fixture,True,5,
0000000507,2025-26,Regular Season,1610612748,202710,F-G,True,fixture,True,5,
0000000507,2025-26,Regular Season,1610612748,1629639,G,True,fixture,True,5,
0000000507,2025-26,Regular Season,1610612748,202355,C,True,fixture,True,5,
0000000507,2025-26,Regular Season,1610612748,1631170,G-F,True,fixture,True,5,
0000000507,2025-26,Regular Season,1610612748,203482,C-F,True,fixture,True,5,
0000000507,2025-26,Regular Season,1610612748,1631107,F,False,fixture,True,5,
0000000507,2025-26,Regular Season,1610612744,201939,G,True,fixture,True,5,
0000000507,2025-26,Regular Season,1610612744,202691,G-F,True,fixture,True,5,
0000000507,2025-26,Regular Season,1610612744,203110,F-C,True,fixture,True,5,
0000000507,2025-26,Regular Season,1610612744,1630228,F,True,fixture,True,5,
0000000507,2025-26,Regular Season,1610612744,1626172,C,False,fixture,True,5,
0000000507,2025-26,Regular Season,1610612744,1630541,G,True,fixture,True,5,
0000000508,2025-26,Regular Season,1610612748,202710,F-G,True,fixture,True,5,
0000000508,2025-26,Regular Season,1610612748,1629639,G,True,fixture,True,5,
0000000508,2025-26,Regular Season,1610612748,202355,C,True,fixture,True,5,
0000000508,2025-26,Regular Season,1610612748,1631170,G-F,True,fixture,True,5,
0000000508,2025-26,Regular Season,1610612748,203482,C-F,True,fixture,True,5,
0000000508,2025-26,Regular Season,1610612748,1631107,F,False,fixture,True,5,
0000000508,2025-26,Regular Season,1610612743,203999,C,True,fixture,True,5,
0000000508,2025-26,Regular Season,1610612743,1627750,G,True,fixture,True,5,
0000000508,2025-26,Regular Season,1610612743,1628420,F,True,fixture,True,5,
0000000508,2025-26,Regular Season,1610612743,1630166,G-F,True,fixture,True,5,
0000000508,2025-26,Regular Season,1610612743,203914,G,True,fixture,True,5,
0000000508,2025-26,Regular Season,1610612743,1631128,F,False,fixture,True,5,
0000000509,2025-26,Regular Season,1610612748,202710,F-G,True,fixture,True,5,
0000000509,2025-26,Regular Season,1610612748,1629639,G,True,fixture,True,5,
0000000509,2025-26,Regular Season,1610612748,202355,C,True,fixture,True,5,
0000000509,2025-26,Regular Season,1610612748,1631170,G-F,True,fixture,True,5,
0000000509,2025-26,Regular Season,1610612748,203482,C-F,True,fixture,True,5,
0000000509,2025-26,Regular Season,1610612748,1631107,F,False,fixture,True,5,
0000000509,2025-26,Regular Season,1610612738,1628369,F,True,fixture,True,5,
0000000509,2025-26,Regular Season,1610612738,1627759,G-F,True,fixture,True,5,
0000000509,2025-26,Regular Season,1610612738,201950,G,True,fixture,True,5,
0000000509,2025-26,Regular Season,1610612738,1628464,G,True,fixture,True,5,
0000000509,2025-26,Regular Season,1610612738,203935,C,True,fixture,True,5,
0000000509,2025-26,Regular Season,1610612738,1629057,C-F,False,fixture,True,5,
0000000510,2025-26,Regular Season,1610612748,202710,F-G,True,fixture,True,5,
0000000510,2025-26,Regular Season,1610612748,1629639,G,True,fixture,True,5,
0000000510,2025-26,Regular Season,1610612748,202355,C,True,fixture,True,5,
0000000510,2025-26,Regular Season,1610612748,1631170,G-F,True,fixture,True,5,
0000000510,2025-26,Regular Season,1610612748,203482,C-F,True,fixture,True,5,
0000000510,2025-26,Regular Season,1610612748,1631107,F,False,fixture,True,5,
0000000510,2025-26,Regular Season,1610612752,1628973,G,True,fixture,True,5,
0000000510,2025-26,Regular Season,1610612752,1626157,C,True,fixture,True,5,
0000000510,2025-26,Regular Season,1610612752,1629628,G-F,True,fixture,True,5,
0000000510,2025-26,Regular Season,1610612752,1630193,G,True,fixture,True,5,
0000000510,2025-26,Regular Season,1610612752,203944,F-C,True,fixture,True,5,
0000000510,2025-26,Regular Season,1610612752,1631216,G,False,fixture,True,5,
0000000511,2025-26,Regular Season,1610612747,2544,F,True,fixture,True,5,
0000000511,2025-26,Regular Season,1610612747,1629029,G,True,fixture,True,5,
0000000511,2025-26,Regular Season,1610612747,203076,C-F,True,fixture,True,5,
0000000511,2025-26,Regular Season,1610612747,1630559,G,True,fixture,True,5,
0000000511,2025-26,Regular Season,1610612747,1626156,G-F,False,fixture,True,5,
0000000511,2025-26,Regular Season,1610612747,1629020,F,True,fixture,True,5,
0000000511,2025-26,Regular Season,1610612744,201939,G,True,fixture,True,5,
0000000511,2025-26,Regular Season,1610612744,202691,G-F,True,fixture,True,5,
0000000511,2025-26,Regular Season,1610612744,203110,F-C,True,fixture,True,5,
0000000511,2025-26,Regular Season,1610612744,1630228,F,True,fixture,True,5,
0000000511,2025-26,Regular Season,1610612744,1626172,C,False,fixture,True,5,
0000000511,2025-26,Regular Season,1610612744,1630541,G,True,fixture,True,5,
0000000512,2025-26,Regular Season,1610612747,2544,F,True,fixture,True,5,
0000000512,2025-26,Regular Season,1610612747,1629029,G,True,fixture,True,5,
0000000512,2025-26,Regular Season,1610612747,203076,C-F,True,fixture,True,5,
0000000512,2025-26,Regular Season,1610612747,1630559,G,True,fixture,True,5,
0000000512,2025-26,Regular Season,1610612747,1626156,G-F,False,fixture,True,5,
0000000512,2025-26,Regular Season,1610612747,1629020,F,True,fixture,True,5,
0000000512,2025-26,Regular Season,1610612743,203999,C,True,fixture,True,5,
0000000512,2025-26,Regular Season,1610612743,1627750,G,True,fixture,True,5,
0000000512,2025-26,Regular Season,1610612743,1628420,F,True,fixture,True,5,
0000000512,2025-26,Regular Season,1610612743,1630166,G-F,True,fixture,True,5,
0000000512,2025-26,Regular Season,1610612743,203914,G,True,fixture,True,5,
0000000512,2025-26,Regular Season,1610612743,1631128,F,False,fixture,True,5,
0000000513,2025-26,Regular Season,1610612747,2544,F,True,fixture,True,5,
0000000513,2025-26,Regular Season,1610612747,1629029,G,True,fixture,True,5,
0000000513,2025-26,Regular Season,1610612747,203076,C-F,True,fixture,True,5,
0000000513,2025-26,Regular Season,1610612747,1630559,G,True,fixture,True,5,
0000000513,2025-26,Regular Season,1610612747,1626156,G-F,False,fixture,True,5,
0000000513,2025-26,Regular Season,1610612747,1629020,F,True,fixture,True,5,
0000000513,2025-26,Regular Season,1610612738,1628369,F,True,fixture,True,5,
0000000513,2025-26,Regular Season,1610612738,1627759,G-F,True,fixture,True,5,
0000000513,2025-26,Regular Season,1610612738,201950,G,True,fixture,True,5,
0000000513,2025-26,Regular Season,1610612738,1628464,G,True,fixture,True,5,
0000000513,2025-26,Regular Season,1610612738,203935,C,True,fixture,True,5,
0000000513,2025-26,Regular Season,1610612738,1629057,C-F,False,fixture,True,5,
0000000514,2025-26,Regular Season,1610612747,2544,F,True,fixture,True,5,
0000000514,2025-26,Regular Season,1610612747,1629029,G,True,fixture,True,5,
0000000514,2025-26,Regular Season,1610612747,203076,C-F,True,fixture,True,5,
0000000514,2025-26,Regular Season,1610612747,1630559,G,True,fixture,True,5,
0000000514,2025-26,Regular Season,1610612747,1626156,G-F,False,fixture,True,5,
0000000514,2025-26,Regular Season,1610612747,1629020,F,True,fixture,True,5,
0000000514,2025-26,Regular Season,1610612752,1628973,G,True,fixture,True,5,
0000000514,2025-26,Regular Season,1610612752,1626157,C,True,fixture,True,5,
0000000514,2025-26,Regular Season,1610612752,1629628,G-F,True,fixture,True,5,
0000000514,2025-26,Regular Season,1610612752,1630193,G,True,fixture,True,5,
0000000514,2025-26,Regular Season,1610612752,203944,F-C,True,fixture,True,5,
0000000514,2025-26,Regular Season,1610612752,1631216,G,False,fixture,True,5,
0000000515,2025-26,Regular Season,1610612747,2544,F,True,fixture,True,5,
0000000515,2025-26,Regular Season,1610612747,1629029,G,True,fixture,True,5,
0000000515,2025-26,Regular Season,1610612747,203076,C-F,True,fixture,True,5,
0000000515,2025-26,Regular Season,1610612747,1630559,G,True,fixture,True,5,
0000000515,2025-26,Regular Season,1610612747,1626156,G-F,False,fixture,True,5,
0000000515,2025-26,Regular Season,1610612747,1629020,F,True,fixture,True,5,
0000000515,2025-26,Regular Season,1610612748,202710,F-G,True,fixture,True,5,
0000000515,2025-26,Regular Season,1610612748,1629639,G,True,fixture,True,5,
0000000515,2025-26,Regular Season,1610612748,202355,C,True,fixture,True,5,
0000000515,2025-26,Regular Season,1610612748,1631170,G-F,True,fixture,True,5,
0000000515,2025-26,Regular Season,1610612748,203482,C-F,True,fixture,True,5,
0000000515,2025-26,Regular Season,1610612748,1631107,F,False,fixture,True,5,
0000000516,2025-26,Regular Season,1610612744,201939,G,True,fixture,True,5,
0000000516,2025-26,Regular Season,1610612744,202691,G-F,True,fixture,True,5,
0000000516,2025-26,Regular Season,1610612744,203110,F-C,True,fixture,True,5,
0000000516,2025-26,Regular Season,1610612744,1630228,F,True,fixture,True,5,
0000000516,2025-26,Regular Season,1610612744,1626172,C,False,fixture,True,5,
0000000516,2025-26,Regular Season,1610612744,1630541,G,True,fixture,True,5,
0000000516,2025-26,Regular Season,1610612747,2544,F,True,fixture,True,5,
0000000516,2025-26,Regular Season,1610612747,1629029,G,True,fixture,True,5,
0000000516,2025-26,Regular Season,1610612747,203076,C-F,True,fixture,True,5,
0000000516,2025-26,Regular Season,1610612747,1630559,G,True,fixture,True,5,
0000000516,2025-26,Regular Season,1610612747,1626156,G-F,False,fixture,True,5,
0000000516,2025-26,Regular Season,1610612747,1629020,F,True,fixture,True,5,
0000000517,2025-26,Regular Season,1610612744,201939,G,True,fixture,True,5,
0000000517,2025-26,Regular Season,1610612744,202691,G-F,True,fixture,True,5,
0000000517,2025-26,Regular Season,1610612744,203110,F-C,True,fixture,True,5,
0000000517,2025-26,Regular Season,1610612744,1630228,F,True,fixture,True,5,
0000000517,2025-26,Regular Season,1610612744,1626172,C,False,fixture,True,5,
0000000517,2025-26,Regular Season,1610612744,1630541,G,True,fixture,True,5,
0000000517,2025-26,Regular Season,1610612743,203999,C,True,fixture,True,5,
0000000517,2025-26,Regular Season,1610612743,1627750,G,True,fixture,True,5,
0000000517,2025-26,Regular Season,1610612743,1628420,F,True,fixture,True,5,
0000000517,2025-26,Regular Season,1610612743,1630166,G-F,True,fixture,True,5,
0000000517,2025-26,Regular Season,1610612743,203914,G,True,fixture,True,5,
0000000517,2025-26,Regular Season,1610612743,1631128,F,False,fixture,True,5,
0000000518,2025-26,Regular Season,1610612744,201939,G,True,fixture,True,5,
0000000518,2025-26,Regular Season,1610612744,202691,G-F,True,fixture,True,5,
0000000518,2025-26,Regular Season,1610612744,203110,F-C,True,fixture,True,5,
0000000518,2025-26,Regular Season,1610612744,1630228,F,True,fixture,True,5,
0000000518,2025-26,Regular Season,1610612744,1626172,C,False,fixture,True,5,
0000000518,2025-26,Regular Season,1610612744,1630541,G,True,fixture,True,5,
0000000518,2025-26,Regular Season,1610612738,1628369,F,True,fixture,True,5,
0000000518,2025-26,Regular Season,1610612738,1627759,G-F,True,fixture,True,5,
0000000518,2025-26,Regular Season,1610612738,201950,G,True,fixture,True,5,
0000000518,2025-26,Regular Season,1610612738,1628464,G,True,fixture,True,5,
0000000518,2025-26,Regular Season,1610612738,203935,C,True,fixture,True,5,
0000000518,2025-26,Regular Season,1610612738,1629057,C-F,False,fixture,True,5,
0000000519,2025-26,Regular Season,1610612744,201939,G,True,fixture,True,5,
0000000519,2025-26,Regular Season,1610612744,202691,G-F,True,fixture,True,5,
0000000519,2025-26,Regular Season,1610612744,203110,F-C,True,fixture,True,5,
0000000519,2025-26,Regular Season,1610612744,1630228,F,True,fixture,True,5,
0000000519,2025-26,Regular Season,1610612744,1626172,C,False,fixture,True,5,
0000000519,2025-26,Regular Season,1610612744,1630541,G,True,fixture,True,5,
0000000519,2025-26,Regular Season,1610612752,1628973,G,True,fixture,True,5,
0000000519,2025-26,Regular Season,1610612752,1626157,C,True,fixture,True,5,
0000000519,2025-26,Regular Season,1610612752,1629628,G-F,True,fixture,True,5,
0000000519,2025-26,Regular Season,1610612752,1630193,G,True,fixture,True,5,
0000000519,2025-26,Regular Season,1610612752,203944,F-C,True,fixture,True,5,
0000000519,2025-26,Regular Season,1610612752,1631216,G,False,fixture,True,5,
0000000520,2025-26,Regular Season,1610612744,201939,G,True,fixture,True,5,
0000000520,2025-26,Regular Season,1610612744,202691,G-F,True,fixture,True,5,
0000000520,2025-26,Regular Season,1610612744,203110,F-C,True,fixture,True,5,
0000000520,2025-26,Regular Season,1610612744,1630228,F,True,fixture,True,5,
0000000520,2025-26,Regular Season,1610612744,1626172,C,False,fixture,True,5,
0000000520,2025-26,Regular Season,1610612744,1630541,G,True,fixture,True,5,
0000000520,2025-26,Regular Season,1610612748,202710,F-G,True,fixture,True,5,
0000000520,2025-26,Regular Season,1610612748,1629639,G,True,fixture,True,5,
0000000520,2025-26,Regular Season,1610612748,202355,C,True,fixture,True,5,
0000000520,2025-26,Regular Season,1610612748,1631170,G-F,True,fixture,True,5,
0000000520,2025-26,Regular Season,1610612748,203482,C-F,True,fixture,True,5,
0000000520,2025-26,Regular Season,1610612748,1631107,F,False,fixture,True,5,
0000000521,2025-26,Regular Season,1610612743,203999,C,True,fixture,True,5,
0000000521,2025-26,Regular Season,1610612743,1627750,G,True,fixture,True,5,
0000000521,2025-26,Regular Season,1610612743,1628420,F,True,fixture,True,5,
0000000521,2025-26,Regular Season,1610612743,1630166,G-F,True,fixture,True,5,
0000000521,2025-26,Regular Season,1610612743,203914,G,True,fixture,True,5,
0000000521,2025-26,Regular Season,1610612743,1631128,F,False,fixture,True,5,
0000000521,2025-26,Regular Season,1610612747,2544,F,True,fixture,True,5,
0000000521,2025-26,Regular Season,1610612747,1629029,G,True,fixture,True,5,
0000000521,2025-26,Regular Season,1610612747,203076,C-F,True,fixture,True,5,
0000000521,2025-26,Regular Season,1610612747,1630559,G,True,fixture,True,5,
0000000521,2025-26,Regular Season,1610612747,1626156,G-F,False,fixture,True,5,
0000000521,2025-26,Regular Season,1610612747,1629020,F,True,fixture,True,5,
0000000522,2025-26,Regular Season,1610612743,203999,C,True,fixture,True,5,
0000000522,2025-26,Regular Season,1610612743,1627750,G,True,fixture,True,5,
0000000522,2025-26,Regular Season,1610612743,1628420,F,True,fixture,True,5,
0000000522,2025-26,Regular Season,1610612743,1630166,G-F,True,fixture,True,5,
0000000522,2025-26,Regular Season,1610612743,203914,G,True,fixture,True,5,
0000000522,2025-26,Regular Season,1610612743,1631128,F,False,fixture,True,5,
0000000522,2025-26,Regular Season,1610612744,201939,G,True,fixture,True,5,
0000000522,2025-26,Regular Season,1610612744,202691,G-F,True,fixture,True,5,
0000000522,2025-26,Regular Season,1610612744,203110,F-C,True,fixture,True,5,
0000000522,2025-26,Regular Season,1610612744,1630228,F,True,fixture,True,5,
0000000522,2025-26,Regular Season,1610612744,1626172,C,False,fixture,True,5,
0000000522,2025-26,Regular Season,1610612744,1630541,G,True,fixture,True,5,
0000000523,2025-26,Regular Season,1610612743,203999,C,True,fixture,True,5,
0000000523,2025-26,Regular Season,1610612743,1627750,G,True,fixture,True,5,
0000000523,2025-26,Regular Season,1610612743,1628420,F,True,fixture,True,5,
0000000523,2025-26,Regular Season,1610612743,1630166,G-F,True,fixture,True,5,
0000000523,2025-26,Regular Season,1610612743,203914,G,True,fixture,True,5,
0000000523,2025-26,Regular Season,1610612743,1631128,F,False,fixture,True,5,
0000000523,2025-26,Regular Season,1610612738,1628369,F,True,fixture,True,5,
0000000523,2025-26,Regular Season,1610612738,1627759,G-F,True,fixture,True,5,
0000000523,2025-26,Regular Season,1610612738,201950,G,True,fixture,True,5,
0000000523,2025-26,Regular Season,1610612738,1628464,G,True,fixture,True,5,
0000000523,2025-26,Regular Season,1610612738,203935,C,True,fixture,True,5,
0000000523,2025-26,Regular Season,1610612738,1629057,C-F,False,fixture,True,5,
0000000524,2025-26,Regular Season,1610612743,203999,C,True,fixture,True,5,
0000000524,2025-26,Regular Season,1610612743,1627750,G,True,fixture,True,5,
0000000524,2025-26,Regular Season,1610612743,1628420,F,True,fixture,True,5,
0000000524,2025-26,Regular Season,1610612743,1630166,G-F,True,fixture,True,5,
0000000524,2025-26,Regular Season,1610612743,203914,G,True,fixture,True,5,
0000000524,2025-26,Regular Season,1610612743,1631128,F,False,fixture,True,5,
0000000524,2025-26,Regular Season,1610612752,1628973,G,True,fixture,True,5,
0000000524,2025-26,Regular Season,1610612752,1626157,C,True,fixture,True,5,
0000000524,2025-26,Regular Season,1610612752,1629628,G-F,True,fixture,True,5,
0000000524,2025-26,Regular Season,1610612752,1630193,G,True,fixture,True,5,
0000000524,2025-26,Regular Season,1610612752,203944,F-C,True,fixture,True,5,
0000000524,2025-26,Regular Season,1610612752,1631216,G,False,fixture,True,5,
0000000525,2025-26,Regular Season,1610612743,203999,C,True,fixture,True,5,
0000000525,2025-26,Regular Season,1610612743,1627750,G,True,fixture,True,5,
0000000525,2025-26,Regular Season,1610612743,1628420,F,True,fixture,True,5,
0000000525,2025-26,Regular Season,1610612743,1630166,G-F,True,fixture,True,5,
0000000525,2025-26,Regular Season,1610612743,203914,G,True,fixture,True,5,
0000000525,2025-26,Regular Season,1610612743,1631128,F,False,fixture,True,5,
0000000525,2025-26,Regular Season,1610612748,202710,F-G,True,fixture,True,5,
0000000525,2025-26,Regular Season,1610612748,1629639,G,True,fixture,True,5,
0000000525,2025-26,Regular Season,1610612748,202355,C,True,fixture,True,5,
0000000525,2025-26,Regular Season,1610612748,1631170,G-F,True,fixture,True,5,
0000000525,2025-26,Regular Season,1610612748,203482,C-F,True,fixture,True,5,
0000000525,2025-26,Regular Season,1610612748,1631107,F,False,fixture,True,5,
0000000526,2025-26,Regular Season,1610612738,1628369,F,True,fixture,True,5,
0000000526,2025-26,Regular Season,1610612738,1627759,G-F,True,fixture,True,5,
0000000526,2025-26,Regular Season,1610612738,201950,G,True,fixture,True,5,
0000000526,2025-26,Regular Season,1610612738,1628464,G,True,fixture,True,5,
0000000526,2025-26,Regular Season,1610612738,203935,C,True,fixture,True,5,
0000000526,2025-26,Regular Season,1610612738,1629057,C-F,False,fixture,True,5,
0000000526,2025-26,Regular Season,1610612747,2544,F,True,fixture,True,5,
0000000526,2025-26,Regular Season,1610612747,1629029,G,True,fixture,True,5,
0000000526,2025-26,Regular Season,1610612747,203076,C-F,True,fixture,True,5,
0000000526,2025-26,Regular Season,1610612747,1630559,G,True,fixture,True,5,
0000000526,2025-26,Regular Season,1610612747,1626156,G-F,False,fixture,True,5,
0000000526,2025-26,Regular Season,1610612747,1629020,F,True,fixture,True,5,
0000000527,2025-26,Regular Season,1610612738,1628369,F,True,fixture,True,5,
0000000527,2025-26,Regular Season,1610612738,1627759,G-F,True,fixture,True,5,
0000000527,2025-26,Regular Season,1610612738,201950,G,True,fixture,True,5,
0000000527,2025-26,Regular Season,1610612738,1628464,G,True,fixture,True,5,
0000000527,2025-26,Regular Season,1610612738,203935,C,True,fixture,True,5,
0000000527,2025-26,Regular Season,1610612738,1629057,C-F,False,fixture,True,5,
0000000527,2025-26,Regular Season,1610612744,201939,G,True,fixture,True,5,
0000000527,2025-26,Regular Season,1610612744,202691,G-F,True,fixture,True,5,
0000000527,2025-26,Regular Season,1610612744,203110,F-C,True,fixture,True,5,
0000000527,2025-26,Regular Season,1610612744,1630228,F,True,fixture,True,5,
0000000527,2025-26,Regular Season,1610612744,1626172,C,False,fixture,True,5,
0000000527,2025-26,Regular Season,1610612744,1630541,G,True,fixture,True,5,
0000000528,2025-26,Regular Season,1610612738,1628369,F,True,fixture,True,5,
0000000528,2025-26,Regular Season,1610612738,1627759,G-F,True,fixture,True,5,
0000000528,2025-26,Regular Season,1610612738,201950,G,True,fixture,True,5,
0000000528,2025-26,Regular Season,1610612738,1628464,G,True,fixture,True,5,
0000000528,2025-26,Regular Season,1610612738,203935,C,True,fixture,True,5,
0000000528,2025-26,Regular Season,1610612738,1629057,C-F,False,fixture,True,5,
0000000528,2025-26,Regular Season,1610612743,203999,C,True,fixture,True,5,
0000000528,2025-26,Regular Season,1610612743,1627750,G,True,fixture,True,5,
0000000528,2025-26,Regular Season,1610612743,1628420,F,True,fixture,True,5,
0000000528,2025-26,Regular Season,1610612743,1630166,G-F,True,fixture,True,5,
0000000528,2025-26,Regular Season,1610612743,203914,G,True,fixture,True,5,
0000000528,2025-26,Regular Season,1610612743,1631128,F,False,fixture,True,5,
0000000529,2025-26,Regular Season,1610612738,1628369,F,True,fixture,True,5,
0000000529,2025-26,Regular Season,1610612738,1627759,G-F,True,fixture,True,5,
0000000529,2025-26,Regular Season,1610612738,201950,G,True,fixture,True,5,
0000000529,2025-26,Regular Season,1610612738,1628464,G,True,fixture,True,5,
0000000529,2025-26,Regular Season,1610612738,203935,C,True,fixture,True,5,
0000000529,2025-26,Regular Season,1610612738,1629057,C-F,False,fixture,True,5,
0000000529,2025-26,Regular Season,1610612752,1628973,G,True,fixture,True,5,
0000000529,2025-26,Regular Season,1610612752,1626157,C,True,fixture,True,5,
0000000529,2025-26,Regular Season,1610612752,1629628,G-F,True,fixture,True,5,
0000000529,2025-26,Regular Season,1610612752,1630193,G,True,fixture,True,5,
0000000529,2025-26,Regular Season,1610612752,203944,F-C,True,fixture,True,5,
0000000529,2025-26,Regular Season,1610612752,1631216,G,False,fixture,True,5,
0000000530,2025-26,Regular Season,1610612738,1628369,F,True,fixture,True,5,
0000000530,2025-26,Regular Season,1610612738,1627759,G-F,True,fixture,True,5,
0000000530,2025-26,Regular Season,1610612738,201950,G,True,fixture,True,5,
0000000530,2025-26,Regular Season,1610612738,1628464,G,True,fixture,True,5,
0000000530,2025-26,Regular Season,1610612738,203935,C,True,fixture,True,5,
0000000530,2025-26,Regular Season,1610612738,1629057,C-F,False,fixture,True,5,
0000000530,2025-26,Regular Season,1610612748,202710,F-G,True,fixture,True,5,
0000000530,2025-26,Regular Season,1610612748,1629639,G,True,fixture,True,5,
0000000530,2025-26,Regular Season,1610612748,202355,C,True,fixture,True,5,
0000000530,2025-26,Regular Season,1610612748,1631170,G-F,True,fixture,True,5,
0000000530,2025-26,Regular Season,1610612748,203482,C-F,True,fixture,True,5,
0000000530,2025-26,Regular Season,1610612748,1631107,F,False,fixture,True,5,
0000000531,2025-26,Regular Season,1610612752,1628973,G,True,fixture,True,5,
0000000531,2025-26,Regular Season,1610612752,1626157,C,True,fixture,True,5,
0000000531,2025-26,Regular Season,1610612752,1629628,G-F,True,fixture,True,5,
0000000531,2025-26,Regular Season,1610612752,1630193,G,True,fixture,True,5,
0000000531,2025-26,Regular Season,1610612752,203944,F-C,True,fixture,True,5,
0000000531,2025-26,Regular Season,1610612752,1631216,G,False,fixture,True,5,
0000000531,2025-26,Regular Season,1610612747,2544,F,True,fixture,True,5,
0000000531,2025-26,Regular Season,1610612747,1629029,G,True,fixture,True,5,
0000000531,2025-26,Regular Season,1610612747,203076,C-F,True,fixture,True,5,
0000000531,2025-26,Regular Season,1610612747,1630559,G,True,fixture,True,5,
0000000531,2025-26,Regular Season,1610612747,1626156,G-F,False,fixture,True,5,
0000000531,2025-26,Regular Season,1610612747,1629020,F,True,fixture,True,5,
0000000532,2025-26,Regular Season,1610612752,1628973,G,True,fixture,True,5,
0000000532,2025-26,Regular Season,1610612752,1626157,C,True,fixture,True,5,
0000000532,2025-26,Regular Season,1610612752,1629628,G-F,True,fixture,True,5,
0000000532,2025-26,Regular Season,1610612752,1630193,G,True,fixture,True,5,
0000000532,2025-26,Regular Season,1610612752,203944,F-C,True,fixture,True,5,
0000000532,2025-26,Regular Season,1610612752,1631216,G,False,fixture,True,5,
0000000532,2025-26,Regular Season,1610612744,201939,G,True,fixture,True,5,
0000000532,2025-26,Regular Season,1610612744,202691,G-F,True,fixture,True,5,
0000000532,2025-26,Regular Season,1610612744,203110,F-C,True,fixture,True,5,
0000000532,2025-26,Regular Season,1610612744,1630228,F,True,fixture,True,5,
0000000532,2025-26,Regular Season,1610612744,1626172,C,False,fixture,True,5,
0000000532,2025-26,Regular Season,1610612744,1630541,G,True,fixture,True,5,
0000000533,2025-26,Regular Season,1610612752,1628973,G,True,fixture,True,5,
0000000533,2025-26,Regular Season,1610612752,1626157,C,True,fixture,True,5,
0000000533,2025-26,Regular Season,1610612752,1629628,G-F,True,fixture,True,5,
0000000533,2025-26,Regular Season,1610612752,1630193,G,True,fixture,True,5,
0000000533,2025-26,Regular Season,1610612752,203944,F-C,True,fixture,True,5,
0000000533,2025-26,Regular Season,1610612752,1631216,G,False,fixture,True,5,
0000000533,2025-26,Regular Season,1610612743,203999,C,True,fixture,True,5,
0000000533,2025-26,Regular Season,1610612743,1627750,G,True,fixture,True,5,
0000000533,2025-26,Regular Season,1610612743,1628420,F,True,fixture,True,5,
0000000533,2025-26,Regular Season,1610612743,1630166,G-F,True,fixture,True,5,
0000000533,2025-26,Regular Season,1610612743,203914,G,True,fixture,True,5,
0000000533,2025-26,Regular Season,1610612743,1631128,F,False,fixture,True,5,
0000000534,2025-26,Regular Season,1610612752,1628973,G,True,fixture,True,5,
0000000534,2025-26,Regular Season,1610612752,1626157,C,True,fixture,True,5,
0000000534,2025-26,Regular Season,1610612752,1629628,G-F,True,fixture,True,5,
0000000534,2025-26,Regular Season,1610612752,1630193,G,True,fixture,True,5,
0000000534,2025-26,Regular Season,1610612752,203944,F-C,True,fixture,True,5,
0000000534,2025-26,Regular Season,1610612752,1631216,G,False,fixture,True,5,
0000000534,2025-26,Regular Season,1610612738,1628369,F,True,fixture,True,5,
0000000534,2025-26,Regular Season,1610612738,1627759,G-F,True,fixture,True,5,
0000000534,2025-26,Regular Season,1610612738,201950,G,True,fixture,True,5,
0000000534,2025-26,Regular Season,1610612738,1628464,G,True,fixture,True,5,
0000000534,2025-26,Regular Season,1610612738,203935,C,True,fixture,True,5,
0000000534,2025-26,Regular Season,1610612738,1629057,C-F,False,fixture,True,5,
0000000535,2025-26,Regular Season,1610612752,1628973,G,True,fixture,True,5,
0000000535,2025-26,Regular Season,1610612752,1626157,C,True,fixture,True,5,
0000000535,2025-26,Regular Season,1610612752,1629628,G-F,True,fixture,True,5,
0000000535,2025-26,Regular Season,1610612752,1630193,G,True,fixture,True,5,
0000000535,2025-26,Regular Season,1610612752,203944,F-C,True,fixture,True,5,
0000000535,2025-26,Regular Season,1610612752,1631216,G,False,fixture,True,5,
0000000535,2025-26,Regular Season,1610612748,202710,F-G,True,fixture,True,5,
0000000535,2025-26,Regular Season,1610612748,1629639,G,True,fixture,True,5,
0000000535,2025-26,Regular Season,1610612748,202355,C,True,fixture,True,5,
0000000535,2025-26,Regular Season,1610612748,1631170,G-F,True,fixture,True,5,
0000000535,2025-26,Regular Season,1610612748,203482,C-F,True,fixture,True,5,
0000000535,2025-26,Regular Season,1610612748,1631107,F,False,fixture,True,5,
0000000536,2025-26,Regular Season,1610612748,202710,F-G,True,fixture,True,5,
0000000536,2025-26,Regular Season,1610612748,1629639,G,True,fixture,True,5,
0000000536,2025-26,Regular Season,1610612748,202355,C,True,fixture,True,5,
0000000536,2025-26,Regular Season,1610612748,1631170,G-F,True,fixture,True,5,
0000000536,2025-26,Regular Season,1610612748,203482,C-F,True,fixture,True,5,
0000000536,2025-26,Regular Season,1610612748,1631107,F,False,fixture,True,5,
0000000536,2025-26,Regular Season,1610612747,2544,F,True,fixture,True,5,
0000000536,2025-26,Regular Season,1610612747,1629029,G,True,fixture,True,5,
0000000536,2025-26,Regular Season,1610612747,203076,C-F,True,fixture,True,5,
0000000536,2025-26,Regular Season,1610612747,1630559,G,True,fixture,True,5,
0000000536,2025-26,Regular Season,1610612747,1626156,G-F,False,fixture,True,5,
0000000536,2025-26,Regular Season,1610612747,1629020,F,True,fixture,True,5,
0000000537,2025-26,Regular Season,1610612748,202710,F-G,True,fixture,True,5,
0000000537,2025-26,Regular Season,1610612748,1629639,G,True,fixture,True,5,
0000000537,2025-26,Regular Season,1610612748,202355,C,True,fixture,True,5,
0000000537,2025-26,Regular Season,1610612748,1631170,G-F,True,fixture,True,5,
0000000537,2025-26,Regular Season,1610612748,203482,C-F,True,fixture,True,5,
0000000537,2025-26,Regular Season,1610612748,1631107,F,False,fixture,True,5,
0000000537,2025-26,Regular Season,1610612744,201939,G,True,fixture,True,5,
0000000537,2025-26,Regular Season,1610612744,202691,G-F,True,fixture,True,5,
0000000537,2025-26,Regular Season,1610612744,203110,F-C,True,fixture,True,5,
0000000537,2025-26,Regular Season,1610612744,1630228,F,True,fixture,True,5,
0000000537,2025-26,Regular Season,1610612744,1626172,C,False,fixture,True,5,
0000000537,2025-26,Regular Season,1610612744,1630541,G,True,fixture,True,5,
0000000538,2025-26,Regular Season,1610612748,202710,F-G,True,fixture,True,5,
0000000538,2025-26,Regular Season,1610612748,1629639,G,True,fixture,True,5,
0000000538,2025-26,Regular Season,1610612748,202355,C,True,fixture,True,5,
0000000538,2025-26,Regular Season,1610612748,1631170,G-F,True,fixture,True,5,
0000000538,2025-26,Regular Season,1610612748,203482,C-F,True,fixture,True,5,
0000000538,2025-26,Regular Season,1610612748,1631107,F,False,fixture,True,5,
0000000538,2025-26,Regular Season,1610612743,203999,C,True,fixture,True,5,
0000000538,2025-26,Regular Season,1610612743,1627750,G,True,fixture,True,5,
0000000538,2025-26,Regular Season,1610612743,1628420,F,True,fixture,True,5,
0000000538,2025-26,Regular Season,1610612743,1630166,G-F,True,fixture,True,5,
0000000538,2025-26,Regular Season,1610612743,203914,G,True,fixture,True,5,
0000000538,2025-26,Regular Season,1610612743,1631128,F,False,fixture,True,5,
0000000539,2025-26,Regular Season,1610612748,202710,F-G,True,fixture,True,5,
0000000539,2025-26,Regular Season,1610612748,1629639,G,True,fixture,True,5,
0000000539,2025-26,Regular Season,1610612748,202355,C,True,fixture,True,5,
0000000539,2025-26,Regular Season,1610612748,1631170,G-F,True,fixture,True,5,
0000000539,2025-26,Regular Season,1610612748,203482,C-F,True,fixture,True,5,
0000000539,2025-26,Regular Season,1610612748,1631107,F,False,fixture,True,5,
0000000539,2025-26,Regular Season,1610612738,1628369,F,True,fixture,True,5,
0000000539,2025-26,Regular Season,1610612738,1627759,G-F,True,fixture,True,5,
0000000539,2025-26,Regular Season,1610612738,201950,G,True,fixture,True,5,
0000000539,2025-26,Regular Season,1610612738,1628464,G,True,fixture,True,5,
0000000539,2025-26,Regular Season,1610612738,203935,C,True,fixture,True,5,
0000000539,2025-26,Regular Season,1610612738,1629057,C-F,False,fixture,True,5,
0000000540,2025-26,Regular Season,1610612748,202710,F-G,True,fixture,True,5,
0000000540,2025-26,Regular Season,1610612748,1629639,G,True,fixture,True,5,
0000000540,2025-26,Regular Season,1610612748,202355,C,True,fixture,True,5,
0000000540,2025-26,Regular Season,1610612748,1631170,G-F,True,fixture,True,5,
0000000540,2025-26,Regular Season,1610612748,203482,C-F,True,fixture,True,5,
0000000540,2025-26,Regular Season,1610612748,1631107,F,False,fixture,True,5,
0000000540,2025-26,Regular Season,1610612752,1628973,G,True,fixture,True,5,
0000000540,2025-26,Regular Season,1610612752,1626157,C,True,fixture,True,5,
0000000540,2025-26,Regular Season,1610612752,1629628,G-F,True,fixture,True,5,
0000000540,2025-26,Regular Season,1610612752,1630193,G,True,fixture,True,5,
0000000540,2025-26,Regular Season,1610612752,203944,F-C,True,fixture,True,5,
0000000540,2025-26,Regular Season,1610612752,1631216,G,False,fixture,True,5,
